"cell_id","x","y","area"
"94867",2814.27425537109,2592.38129882812,142.28734375
"94863",2818.17790527344,2582.46850585938,394.0334375
"94869",2802.59401855469,2589.53413085937,201.17109375
"94866",2818.70251464844,2605.32781982422,270.215
"94868",2805.81845703125,2610.69240722656,201.5775
"94874",2792.93854980469,2597.49790039063,362.153125
"94861",2834.40219726563,2573.57193603516,330.13734375
"94027",2840.20236816406,2604.25681152344,288.096875
"94870",2797.23482666016,2566.28468017578,462.8515625
"94862",2827.88234863281,2563.02060546875,276.58203125
"94025",2844.69060058594,2596.94506835938,185.140625
"7405",2807.21091308594,2558.96588134766,147.931875
"94024",2846.45140380859,2585.56096191406,433.2290625
"94877",2783.93012695312,2602.53232421875,98.801875
"94865",2818.38542480469,2623.305859375,418.73390625
"94879",2779.02727050781,2579.03094482422,412.59265625
"7389",2816.84791259766,2551.24636230469,366.9396875
"94028",2840.95006103516,2618.82841796875,475.35984375
"94880",2776.51005859375,2597.67470703125,125.35375
"94876",2790.36240234375,2624.77987060547,309.8621875
"94882",2771.15709228516,2591.51158447266,141.1584375
"94871",2805.10147705078,2633.34440917969,193.49453125
"94881",2777.80435791016,2615.79738769531,433.54515625
"94021",2859.06693115234,2568.42026367188,158.1371875
"94864",2821.84270019531,2638.63034667969,272.24703125
"94873",2793.70595703125,2634.65157470703,75.0496875
"94883",2773.68779296875,2561.09544677734,549.1903125
"7403",2851.91020507812,2555.16682128906,486.423125
"7374",2792.69948730469,2543.75739746094,422.0303125
"94019",2865.52846679687,2601.01224365234,401.529375
"94875",2799.02613525391,2643.18747558594,76.44953125
"7364",2815.04041748047,2532.66029052734,451.78828125
"7369",2839.34572753906,2536.94598388672,771.49453125
"94026",2846.66597900391,2638.55211181641,430.790625
"94020",2871.87275390625,2575.84842529297,537.85609375
"94872",2804.21993408203,2647.34263916016,100.8790625
"94878",2786.44982910156,2641.69146728516,204.82875
"94022",2863.54997558594,2624.97680664062,469.57984375
"94856",2754.35382080078,2591.62156982422,542.10078125
"93922",2815.45441894531,2651.53515625,137.094375
"94857",2755.60142822266,2610.56997070312,413.22484375
"7404",2867.23614501953,2554.09166259766,191.7334375
"93939",2837.565625,2649.44750976562,212.27953125
"93925",2822.59350585938,2654.05672607422,98.5309375
"93916",2798.27885742187,2653.37440185547,64.61859375
"94859",2757.87542724609,2626.21403808594,333.5240625
"7379",2764.13981933594,2543.94084472656,253.82328125
"94018",2881.15614013672,2607.16395263672,296.72171875
"93902",2782.35526123047,2650.29543457031,92.88640625
"93919",2808.54754638672,2658.39990234375,110.58765625
"94015",2884.91079101562,2590.80913085937,374.9775
"93928",2826.49528808594,2659.82971191406,95.73125
"95706",2771.05229492187,2646.13757324219,291.9803125
"90827",2795.14136962891,2520.94975585937,402.38734375
"93911",2793.87882080078,2658.20773925781,18.10765625
"90833",2814.01921386719,2517.63421630859,279.92359375
"94848",2743.60596923828,2579.544140625,326.20875
"93913",2799.72921142578,2660.64360351562,71.84359375
"93905",2786.54445800781,2658.12659912109,92.79609375
"93934",2835.46490478516,2661.1607421875,129.146875
"7392",2880.30780029297,2554.09851074219,228.62609375
"94023",2865.70174560547,2644.14185791016,214.8534375
"7353",2773.08806152344,2526.93461914062,699.4703125
"93950",2853.41243896484,2655.59465332031,128.46953125
"7398",2744.05587158203,2560.18547363281,425.6428125
"93941",2844.66403808594,2661.68721923828,69.6309375
"93909",2792.31536865234,2664.27478027344,59.19984375
"7646",2874.78383789062,2539.46361083984,118.12875
"94858",2755.68505859375,2641.25443115234,293.335
"94016",2883.91801757812,2628.84289550781,539.30109375
"7381",2881.31094970703,2545.16811523437,113.83890625
"7359",2868.82055664062,2530.17856445313,295.18640625
"93923",2817.95419921875,2670.19572753906,152.40234375
"7378",2746.27321777344,2547.39106445312,374.255
"90878",2853.35869140625,2518.63031005859,448.89828125
"93918",2808.22319335937,2670.58420410156,111.445625
"95707",2773.41884765625,2659.80397949219,110.94890625
"93914",2798.95267333984,2670.40635986328,86.9709375
"94012",2894.10950927734,2565.80966796875,477.16609375
"93929",2828.78796386719,2671.503515625,125.6246875
"93903",2782.97802734375,2666.65212402344,80.51359375
"94850",2733.33665771484,2610.94578857422,502.72453125
"94860",2744.19636230469,2636.02867431641,168.47796875
"93964",2872.33531494141,2652.02241210937,201.21625
"93951",2853.94846191406,2664.94154052734,79.655625
"90836",2822.44741210937,2504.16682128906,408.3028125
"7367",2748.83587646484,2534.81475830078,260.05484375
"93945",2849.65446777344,2668.91927490234,32.9640625
"90847",2838.14709472656,2504.44468994141,376.603125
"7375",2886.3642578125,2536.75776367187,68.50203125
"93947",2844.77174072266,2674.03940429688,108.60078125
"93915",2800.26004638672,2678.06964111328,65.025
"95705",2773.99056396484,2669.43786621094,105.0334375
"93908",2791.25183105469,2676.25944824219,59.29015625
"93906",2785.33316650391,2674.56567382812,103.5884375
"95691",2754.50219726562,2656.29731445312,304.4434375
"94851",2725.87155761719,2576.92337646484,535.68859375
"90832",2801.40991210938,2500.6966796875,450.1175
"93938",2839.10541992187,2676.81995849609,75.27546875
"93963",2861.56878662109,2667.59011230469,61.77375
"93948",2851.33018798828,2673.10100097656,75.18515625
"94849",2733.26049804688,2631.34039306641,317.40328125
"93926",2820.36578369141,2681.84753417969,94.69265625
"93962",2872.55715332031,2662.23029785156,205.05453125
"93932",2830.15572509766,2681.17143554687,60.870625
"93921",2810.56961669922,2682.97353515625,112.03265625
"90886",2882.2205078125,2524.36282958984,143.7775
"95696",2760.91102294922,2666.96796875,103.00140625
"90851",2872.67419433594,2515.01511230469,171.81953125
"91545",2752.32822265625,2518.71103515625,223.56859375
"93961",2868.88717041016,2668.46708984375,57.12265625
"7377",2899.077734375,2544.41502685547,322.91234375
"94008",2909.63010253906,2575.34685058594,394.43984375
"93936",2837.13564453125,2683.11776123047,34.00265625
"94011",2905.32822265625,2622.61544189453,641.89609375
"94852",2719.33157958984,2599.89910888672,418.869375
"93917",2799.95520019531,2685.52125244141,120.838125
"94009",2907.93778076172,2561.01907958984,151.183125
"7388",2724.75053710937,2553.10158691406,355.10875
"93927",2826.31640625,2686.59060058594,25.829375
"94885",2889.82153320312,2652.28596191406,280.91703125
"93940",2844.82631835937,2682.90069580078,54.91
"95700",2767.97540283203,2675.57463378906,89.27390625
"95694",2762.99431152344,2673.39796142578,18.19796875
"93960",2862.72135009766,2675.89774169922,72.8821875
"90877",2852.10236816406,2498.21474609375,231.87734375
"90820",2773.78366699219,2499.94587402344,723.764375
"91539",2739.78428955078,2524.96256103516,152.76359375
"93933",2832.97176513672,2687.55701904297,41.85984375
"93907",2786.32469482422,2685.99294433594,109.05234375
"95704",2773.61723632812,2681.33143310547,108.375
"93956",2858.41864013672,2680.74311523437,42.446875
"93924",2819.22069091797,2690.6119140625,74.46265625
"90864",2873.90810546875,2506.00440673828,182.29578125
"93972",2871.69490966797,2675.43787841797,68.095625
"94014",2902.68504638672,2643.57055664062,278.11734375
"95688",2749.91373291016,2669.82198486328,102.00796875
"95703",2775.83271484375,2685.48182373047,16.75296875
"93942",2847.35017089844,2688.0818359375,29.5321875
"93937",2841.1548828125,2690.10909423828,57.619375
"93976",2884.55074462891,2667.01818847656,104.4915625
"93954",2856.07221679687,2685.35751953125,59.83203125
"95692",2757.79615478516,2676.84963378906,87.91921875
"93912",2794.91455078125,2692.02761230469,107.3815625
"90840",2830.47655029297,2486.02318115234,297.17328125
"90882",2863.94467773438,2496.86171875,144.36453125
"7365",2901.43889160156,2530.02333984375,170.91640625
"93920",2809.24232177734,2694.82331542969,100.608125
"93931",2828.43787841797,2694.72080078125,73.4240625
"95680",2739.05257568359,2664.16832275391,132.08203125
"93935",2836.00694580078,2694.17564697266,60.9609375
"93946",2849.74473876953,2690.51168212891,24.06828125
"93959",2867.02655029297,2683.05218505859,49.5815625
"95708",2777.61385498047,2689.89285888672,59.3353125
"90828",2806.03572998047,2483.10379638672,138.67484375
"94002",2922.46290283203,2590.15544433594,310.08796875
"90824",2789.82554931641,2485.00654296875,357.68265625
"95674",2731.10997314453,2657.23405761719,256.71328125
"93949",2854.96551513672,2689.98997802734,18.1528125
"7384",2713.40129394531,2552.79093017578,234.8125
"95699",2769.20412597656,2688.41614990234,39.37625
"90879",2898.48547363281,2519.88974609375,344.451875
"94853",2719.60592041016,2643.50850830078,510.7171875
"94854",2709.03715820312,2618.91785888672,589.018125
"91540",2740.61665039062,2508.60773925781,206.40921875
"93971",2876.45893554687,2681.31358642578,63.17359375
"91529",2725.14793701172,2525.53988037109,410.38
"93953",2859.50064697266,2690.77377929688,19.0559375
"90884",2891.83218994141,2509.79641113281,197.5134375
"93975",2884.733984375,2676.125390625,105.80109375
"95697",2762.58653564453,2687.91934814453,79.06859375
"95682",2742.07592773438,2674.11141357422,86.2484375
"94895",2905.82294921875,2654.64110107422,66.289375
"94884",2893.39771728516,2669.21810302734,136.23640625
"93952",2855.77276611328,2693.73342285156,42.40171875
"95702",2772.97475585937,2693.52299804687,28.13234375
"93943",2845.29759521484,2697.77486572266,49.80734375
"93910",2791.74012451172,2699.59128417969,119.52859375
"90848",2845.72135009766,2481.56545410156,111.67140625
"93930",2823.92827148437,2701.90222167969,240.99890625
"7401",2923.05495605469,2557.79630126953,285.97453125
"93958",2865.79616699219,2690.27033691406,69.9921875
"95681",2738.11687011719,2672.22817382812,22.3975
"95686",2749.45635986328,2681.63295898437,108.1040625
"93904",2781.95869140625,2698.13885498047,96.49890625
"94890",2899.70153808594,2665.55932617188,78.6621875
"94855",2700.92086181641,2585.95545654297,551.8996875
"91548",2752.15805664063,2494.18471679687,590.7340625
"90844",2837.48199462891,2476.67691650391,104.17546875
"95698",2766.7134765625,2694.49128417969,26.14546875
"90880",2857.62736816406,2482.27932128906,276.40140625
"7380",2708.67856445313,2543.56232910156,45.9690625
"93957",2801.42485351562,2704.99447021484,211.28609375
"90869",2872.97385253906,2488.87802734375,208.5315625
"94897",2907.25006103516,2661.61915283203,99.93078125
"95701",2771.14318847656,2698.32935791016,47.9559375
"93969",2877.81984863281,2688.59046630859,80.55875
"90830",2809.80594482422,2472.60144042969,370.32640625
"95679",2734.61165771484,2675.25754394531,25.468125
"7400",2700.30971679687,2564.19558105469,513.9684375
"93970",2872.22346191406,2692.28555908203,41.85984375
"93974",2885.69812011719,2683.62950439453,82.365
"93955",2858.50953369141,2699.79340820312,159.26609375
"95689",2753.45671386719,2690.88583984375,122.9153125
"94003",2932.46866455078,2573.98656005859,406.90296875
"7373",2710.04923095703,2534.42150878906,236.799375
"90825",2794.12182617188,2472.67905273438,192.23015625
"91533",2727.92309570312,2508.22486572266,195.30078125
"95693",2761.53461914062,2696.57540283203,20.8621875
"95673",2724.65424804687,2668.18922119141,44.84015625
"94007",2928.24066162109,2629.40880126953,653.63671875
"7368",2923.59118652344,2538.37579345703,344.0003125
"95675",2726.85250244141,2672.0314453125,53.465
"90883",2887.03288574219,2492.79578857422,403.335625
"95685",2745.26508789062,2688.30927734375,46.91734375
"94906",2918.31541748047,2652.32559814453,258.15828125
"90837",2822.83858642578,2468.65815429687,216.88546875
"93944",2846.51697998047,2707.11614990234,292.11578125
"95678",2730.30458984375,2677.19183349609,58.7934375
"7354",2917.55216064453,2523.58774414063,466.915625
"95669",2715.38206787109,2660.33211669922,151.544375
"90846",2845.63315429688,2471.09775390625,75.9528125
"93997",2937.50122070312,2594.82276611328,422.481875
"94770",2818.02766113281,2712.38424072266,115.28390625
"95690",2756.317578125,2697.64599609375,31.02234375
"93966",2878.79664306641,2695.00281982422,36.8475
"95683",2738.47214355469,2686.17722167969,109.9103125
"7382",2699.79610595703,2545.06995849609,163.9171875
"94892",2901.71945800781,2677.70710449219,90.17703125
"94751",2789.44267578125,2711.12106933594,140.165
"93967",2874.33455810547,2698.93303222656,75.99796875
"90842",2839.05623779297,2467.22543945313,47.82046875
"94765",2808.951171875,2714.42810058594,136.1009375
"90839",2832.62147216797,2465.59869384766,83.629375
"94847",2692.41110839844,2616.34772949219,388.163125
"94638",2771.38079833984,2707.89974365234,209.0734375
"94891",2898.28044433594,2684.93604736328,102.8659375
"95695",2759.62564697266,2703.72922363281,118.0384375
"7394",2935.88754882813,2549.72420654297,382.78953125
"94900",2913.28763427734,2670.84567871094,149.60265625
"94777",2829.87827148438,2716.33167724609,273.5565625
"90850",2906.05786132812,2500.41279296875,319.57078125
"93977",2891.05482177734,2692.44680175781,120.29625
"91528",2729.51394042969,2494.36276855469,187.669375
"95687",2748.53518066406,2700.31075439453,75.36578125
"91509",2707.69512939453,2517.51115722656,279.96875
"93973",2886.03201904297,2698.45552978516,60.91578125
"95676",2731.44449462891,2689.54879150391,53.14890625
"95672",2723.91672363281,2682.79423828125,142.28734375
"94846",2684.59841308594,2595.73958740234,350.6834375
"90876",2867.99608154297,2470.35026855469,383.6475
"95667",2712.03851318359,2670.56075439453,175.4771875
"91520",2716.78489990234,2503.07775878906,176.7415625
"90841",2838.97177734375,2460.94921875,36.666875
"94753",2794.41546630859,2719.03192138672,53.1940625
"91535",2741.68911132812,2479.8650390625,116.27734375
"94757",2801.83076171875,2721.49268798828,109.1878125
"94899",2908.67136230469,2683.7421875,56.94203125
"95684",2738.66098632813,2698.97121582031,126.84390625
"94915",2924.35651855469,2667.22176513672,163.465625
"94919",2934.92341308594,2650.22965087891,322.415625
"94647",2778.7728515625,2719.12904052734,201.98390625
"91526",2728.64775390625,2486.58742675781,48.09140625
"93968",2869.88596191406,2712.46579589844,299.06984375
"91546",2756.61682128906,2467.97396240234,386.89875
"95663",2697.58000488281,2656.53056640625,539.6171875
"7402",2683.70504150391,2557.32211914063,318.6225
"90881",2903.94635009766,2486.8078125,119.2125
"93965",2881.63779296875,2708.35711669922,180.39921875
"94744",2789.73444824219,2723.43942871094,58.5225
"94902",2917.39299316406,2679.84144287109,147.75125
"95677",2729.94869384766,2696.70447998047,63.80578125
"91531",2731.13695068359,2481.66900634766,111.94234375
"94893",2902.38559570313,2694.90445556641,138.9909375
"90849",2846.36071777344,2456.52905273438,322.5059375
"94626",2746.03041992187,2708.05413818359,77.71390625
"90838",2831.10678710938,2452.83541259766,194.3525
"94630",2755.11500244141,2714.68853759766,178.59296875
"94759",2801.43875732422,2727.72470703125,65.79265625
"91498",2692.61821289062,2523.76641845703,221.13015625
"94844",2677.45559082031,2612.81429443359,174.70953125
"91541",2742.47353515625,2470.45257568359,151.40890625
"94843",2675.70225830078,2580.81478271484,265.9703125
"94740",2784.76082763672,2726.06496582031,34.2284375
"94845",2681.21667480469,2631.18911132812,382.69921875
"94780",2820.82149658203,2729.741796875,248.0884375
"95671",2722.96358642578,2695.61417236328,67.8246875
"91534",2733.86354980469,2475.06967773438,57.258125
"94797",2855.92093505859,2724.10162353516,496.899375
"91512",2707.02670898438,2499.70930175781,138.6296875
"7399",2950.90988769531,2553.59838867188,504.846875
"94907",2915.00568847656,2688.60665283203,88.325625
"94619",2736.18258056641,2706.29458007812,32.7834375
"95666",2709.1890625,2683.1345703125,181.889375
"95670",2715.89733886719,2690.86280517578,98.57609375
"94764",2809.68516845703,2731.42893066406,60.9609375
"90834",2816.88028564453,2447.69204101562,604.68734375
"91522",2717.99266357422,2485.66334228516,146.08046875
"90874",2919.73879394531,2493.46877441406,298.34734375
"93987",2957.22221679687,2586.54460449219,676.03421875
"7366",2684.04475097656,2533.58479003906,454.3621875
"94786",2838.130078125,2730.41748046875,258.113125
"90863",2885.06580810547,2465.43745117187,419.45640625
"90885",2935.15438232422,2512.19180908203,566.981875
"93994",2954.08203125,2622.85471191406,548.24203125
"94889",2898.47987060547,2705.87186279297,153.39578125
"94921",2936.98345947266,2664.72572021484,176.9221875
"90821",2778.04757080078,2451.31138916016,744.94265625
"94842",2671.59710693359,2593.71378173828,95.37
"94752",2791.23564453125,2731.62960205078,60.01265625
"90862",2862.18843994141,2453.47166748047,258.9259375
"90871",2903.44622802734,2475.66339111328,312.61671875
"94612",2727.10277099609,2704.52464599609,68.95359375
"94888",2894.96822509766,2710.90732421875,54.68421875
"94901",2910.52534179687,2699.27917480469,106.61390625
"91501",2692.61385498047,2510.95603027344,233.9996875
"93998",2952.10229492188,2639.30852050781,221.03984375
"95665",2698.07369384766,2676.96003417969,194.894375
"91513",2708.76281738281,2489.00316162109,91.17046875
"94621",2734.36512451172,2712.19477539062,74.8690625
"94625",2741.56522216797,2716.91169433594,101.691875
"94920",2933.57578125,2677.08018798828,177.8253125
"7593",2670.11749267578,2560.62001953125,417.83078125
"94640",2765.38618164062,2729.22673339844,373.21640625
"94913",2925.21979980469,2689.19808349609,97.89875
"94839",2667.17528076172,2605.57601318359,73.28859375
"94841",2665.97125244141,2597.54147949219,116.72890625
"95668",2713.83646240234,2699.56243896484,99.2534375
"94750",2792.43282470703,2737.51278076172,59.19984375
"94763",2803.39400634766,2738.80043945312,184.82453125
"91524",2723.64757080078,2470.96473388672,204.10625
"94646",2778.96065673828,2735.10119628906,145.71921875
"91536",2739.20780029297,2460.10482177734,119.1221875
"94910",2919.16624755859,2698.198828125,64.79921875
"94773",2818.33354492187,2740.32633056641,116.68375
"94610",2719.10704345703,2706.08394775391,51.478125
"94933",2950.23856201172,2656.58908691406,183.46984375
"94886",2889.42268066406,2721.40096435547,270.62140625
"90891",2917.45296630859,2478.12747802734,94.78296875
"94840",2665.71268310547,2620.96254882812,226.72953125
"91514",2707.83395996094,2480.72956542969,99.2534375
"94838",2662.36829833984,2575.15780029297,233.8190625
"90860",2875.18393554688,2448.59807128906,144.680625
"91504",2694.57034912109,2494.39140625,308.19140625
"93985",2966.84904785156,2566.41168212891,316.09375
"94615",2724.18587646484,2713.88211669922,110.4521875
"90875",2850.86741943359,2439.93371582031,298.3925
"94784",2836.2109375,2742.27805175781,139.39734375
"90889",2923.26372070312,2479.47635498047,60.82546875
"94000",2957.68104248047,2649.60397949219,137.0040625
"95464",2674.8337890625,2655.42012939453,541.4234375
"95664",2700.06339111328,2693.70167236328,176.0190625
"94778",2827.36209716797,2744.19947509766,37.1184375
"94794",2855.29381103516,2739.55871582031,165.67828125
"94903",2912.57708740234,2710.42857666016,121.69609375
"95465",2681.80457763672,2670.24407958984,171.5034375
"94618",2734.01379394531,2722.62408447266,95.37
"94837",2660.78948974609,2611.17385253906,95.73125
"94649",2782.74104003906,2742.12760009766,67.86984375
"90826",2803.79534912109,2433.61059570312,298.43765625
"90861",2888.19976806641,2451.13645019531,110.49734375
"94896",2903.94946289062,2718.73060302734,108.73625
"94602",2708.80784912109,2705.28977050781,64.3025
"94627",2745.60894775391,2730.98961181641,384.8215625
"94911",2920.33686523437,2706.67288818359,78.7525
"95662",2690.96926269531,2686.92408447266,78.79765625
"92228",2954.50080566406,2516.37581787109,702.1796875
"94917",2931.41986083984,2695.95886230469,124.22484375
"91543",2743.97805175781,2448.81596679687,286.3809375
"93995",2965.34307861328,2638.00260009766,121.87671875
"94755",2796.99161376953,2746.72747802734,83.9003125
"90887",2896.80041503906,2454.34304199219,111.62625
"90818",2758.42120361328,2441.94478759766,447.408125
"94604",2711.59068603516,2710.99780273438,17.83671875
"94769",2811.85935058594,2749.64001464844,140.165
"91527",2726.00250244141,2456.73138427734,239.55390625
"94608",2714.87322998047,2714.56278076172,84.9840625
"94937",2952.85393066406,2671.59544677734,274.8209375
"94834",2654.75814208984,2596.94278564453,153.84734375
"90857",2863.01499023438,2436.47830810547,103.99484375
"90888",2916.26408691406,2465.07740478516,148.5640625
"94772",2820.03250732422,2750.301171875,61.5028125
"90858",2874.79379882813,2440.37760009766,99.47921875
"91511",2704.88240966797,2472.15133056641,103.18203125
"94746",2788.40279541016,2748.66218261719,134.33984375
"94613",2725.53288574219,2724.10971679688,93.2928125
"95470",2681.38227539062,2680.64288330078,152.1765625
"94595",2700.11423339844,2703.42998046875,75.8625
"90823",2788.02365722656,2430.05246582031,364.54640625
"7360",2664.53833007812,2529.56015625,611.6865625
"91478",2676.80335693359,2504.65345458984,294.960625
"90870",2909.05963134766,2457.06196289062,233.59328125
"93984",2976.96479492187,2574.12476806641,147.61578125
"94762",2805.92117919922,2752.22778320312,26.2809375
"94835",2652.24383544922,2583.35440673828,184.55359375
"94785",2834.52608642578,2751.39666748047,88.28046875
"7383",2971.06563720703,2541.92977294922,565.76265625
"94779",2826.27926025391,2752.64157714844,63.26390625
"94600",2704.76931152344,2710.36383056641,38.2925
"94799",2877.39215087891,2740.82354736328,686.05890625
"91517",2711.692578125,2462.79302978516,188.43703125
"94916",2928.95203857422,2707.389453125,156.37609375
"90890",2930.91143798828,2473.81584472656,381.48
"90859",2886.16524658203,2441.91282958984,53.23921875
"94792",2849.08690185547,2750.32918701172,199.1390625
"94642",2775.03065185547,2748.99213867187,142.01640625
"90845",2837.31390380859,2426.78403320313,400.1746875
"94601",2707.25352783203,2714.07760009766,15.12734375
"91505",2694.68884277344,2477.11042480469,206.27375
"94833",2651.40836181641,2613.68857421875,174.25796875
"94925",2945.1869140625,2691.71674804687,249.804375
"94898",2903.74235839844,2729.35269775391,155.38265625
"94904",2911.86259765625,2723.85799560547,66.5603125
"94931",2950.54486083984,2685.06636962891,199.81640625
"94761",2804.53557128906,2756.025390625,44.614375
"94633",2754.87822265625,2745.24246826172,338.62671875
"90855",2870.22733154297,2432.15692138672,46.55609375
"94960",2965.71101074219,2661.61292724609,160.53046875
"94908",2919.62424316406,2719.93670654297,146.71265625
"90867",2904.83328857422,2448.80310058594,80.6490625
"94836",2654.21257324219,2635.46069335938,655.66875
"94832",2649.20782470703,2565.51872558594,313.24890625
"95480",2685.91844482422,2696.52227783203,111.94234375
"93993",2976.28350830078,2636.31422119141,328.918125
"95474",2680.66882324219,2690.44465332031,73.37890625
"94924",2938.69653320312,2703.27641601562,61.593125
"94589",2691.85910644531,2704.68485107422,70.48890625
"94593",2697.35858154297,2711.09243164062,50.93625
"90831",2808.03206787109,2420.48726806641,384.37
"90865",2893.85239257813,2439.82165527344,107.24609375
"94754",2794.41318359375,2757.96134033203,98.93734375
"91486",2678.08126220703,2489.08845214844,295.27671875
"94788",2839.08197021484,2758.01363525391,80.87484375
"94605",2710.86436767578,2724.15454101562,36.3959375
"93996",2973.15701904297,2652.52813720703,180.12828125
"90853",2864.59711914062,2426.84566650391,72.20484375
"94599",2706.19829101562,2720.83028564453,66.7409375
"94644",2781.43076171875,2756.76665039062,62.5865625
"93986",2983.42052001953,2559.10408935547,184.59875
"90872",2854.55483398437,2423.08333740234,196.4296875
"94597",2700.60626220703,2717.21384277344,54.50359375
"91518",2715.07784423828,2450.52281494141,91.17046875
"94774",2819.7255859375,2761.1486328125,69.36
"95475",2674.63187255859,2688.61931152344,41.13734375
"94928",2945.87380371094,2701.79825439453,112.48421875
"95469",2668.07799072266,2679.99106445313,144.680625
"94781",2828.64332275391,2761.60974121094,112.93578125
"94798",2861.74891357422,2755.85397949219,247.95296875
"94614",2724.49466552734,2736.85556640625,292.65765625
"7406",2983.53693847656,2551.57299804688,159.89828125
"90856",2885.7798828125,2432.01518554687,209.16375
"94831",2642.63505859375,2603.97977294922,390.7821875
"94607",2712.53905029297,2729.32696533203,198.32625
"94758",2801.2845703125,2762.58238525391,86.6096875
"94768",2811.42978515625,2763.47222900391,117.63203125
"94964",2964.78298339844,2678.17111816406,124.49578125
"91506",2699.88824462891,2459.12698974609,199.5003125
"91525",2722.93017578125,2441.79765625,261.545
"90819",2770.01594238281,2420.98240966797,265.0671875
"91474",2659.23350830078,2510.34343261719,299.34078125
"94923",2936.13387451172,2716.28560791016,172.72265625
"7376",2645.45939941406,2543.63247070312,822.52109375
"94929",2943.76457519531,2709.28929443359,24.79078125
"95467",2660.66186523438,2673.86176757812,180.48953125
"92226",2956.72271728516,2484.98039550781,513.155625
"94830",2639.14727783203,2578.08278808594,162.69796875
"93982",2990.20557861328,2569.92332763672,290.76109375
"90854",2877.56771240234,2424.78541259766,154.11828125
"91530",2733.47652587891,2433.24349365234,219.86578125
"94639",2767.50869140625,2759.63291015625,187.308125
"93978",2991.3326171875,2596.13221435547,638.55453125
"90817",2757.03289794922,2422.93371582031,236.48328125
"94743",2786.9275390625,2764.0771484375,80.92
"93792",2971.8423828125,2671.12541503906,121.74125
"95487",2682.82619628906,2707.11241455078,117.948125
"94590",2690.44091796875,2716.00089111328,100.3371875
"94894",2901.10416259766,2744.80169677734,478.3853125
"90835",2823.44267578125,2412.08812255859,312.7521875
"91510",2706.05572509766,2449.05544433594,62.54140625
"94632",2758.75198974609,2758.57082519531,124.5409375
"93980",2992.79708251953,2578.7173828125,293.56078125
"90866",2908.99281005859,2438.00855712891,346.75484375
"94645",2780.46807861328,2764.89498291016,55.22609375
"94793",2850.61528320312,2764.95412597656,192.185
"95483",2674.67130126953,2700.74820556641,96.5440625
"92227",2968.66422119141,2497.67125244141,445.1503125
"90822",2780.85385742188,2413.66029052734,254.90703125
"94912",2927.46868896484,2730.03481445312,199.951875
"91485",2659.66037597656,2498.89686279297,142.46796875
"95472",2663.79831542969,2687.28807373047,71.2565625
"94748",2792.94705810547,2768.47926025391,36.17015625
"94905",2913.39886474609,2740.73431396484,109.639375
"90829",2806.22208251953,2409.52816162109,158.58875
"94775",2821.37329101562,2770.07404785156,80.24265625
"94909",2919.40115966797,2736.92342529297,98.440625
"95466",2651.33220214844,2666.85155029297,387.9825
"91494",2683.80133056641,2464.57666015625,199.590625
"94591",2693.32357177734,2724.21928710937,46.9625
"91538",2741.94249267578,2423.60815429688,196.9715625
"95479",2667.30518798828,2695.5625,97.89875
"94930",2948.23101806641,2713.31185302734,46.781875
"94827",2632.86420898437,2589.4951171875,94.466875
"90843",2840.23432617187,2408.80329589844,293.10921875
"94829",2633.87192382813,2564.79655761719,192.9978125
"90852",2872.47622070312,2416.09055175781,160.03375
"93989",2992.67236328125,2633.52225341797,397.194375
"94641",2774.46246337891,2768.42572021484,113.83890625
"94742",2787.66527099609,2771.18323974609,22.80390625
"91477",2669.81140136719,2477.37667236328,344.22609375
"94594",2696.71444091797,2730.31911621094,161.52390625
"90868",2931.40035400391,2447.51087646484,679.8725
"94760",2801.23621826172,2772.96687011719,137.3653125
"91493",2688.54750976562,2456.18934326172,123.4571875
"94628",2746.57142333984,2760.47191162109,114.696875
"91476",2661.13251953125,2488.75372314453,132.35296875
"94826",2631.13370361328,2599.37491455078,146.2159375
"91507",2705.54356689453,2441.19273681641,107.24609375
"94766",2811.30465087891,2774.18916015625,79.7459375
"94622",2737.61840820312,2757.24871826172,253.95875
"94828",2630.6537109375,2580.60124511719,79.0234375
"94936",2954.04654541016,2711.25616455078,62.81234375
"93785",2972.22152099609,2687.15111083984,270.6665625
"94926",2940.91304931641,2725.36271972656,158.54359375
"91542",2747.08648681641,2417.38817138672,64.25734375
"94609",2717.98104248047,2747.47579345703,133.52703125
"94941",2961.47512207031,2703.65721435547,214.1309375
"95490",2676.81954345703,2713.68933105469,115.3290625
"94787",2833.22514648437,2774.80736083984,237.4315625
"90815",2758.37928466797,2412.05450439453,42.58234375
"94745",2790.72244873047,2774.97275390625,20.99765625
"94631",2753.08276367188,2766.01268310547,84.75828125
"94800",2877.1603515625,2766.07431640625,403.0646875
"94791",2845.700390625,2774.39024658203,149.5575
"94771",2819.48195800781,2776.99399414063,46.46578125
"94741",2784.39455566406,2774.59942626953,46.46578125
"91521",2718.89537353516,2428.61767578125,105.16890625
"93801",2982.47838134766,2674.30419921875,256.84875
"91500",2695.43051757813,2444.74671630859,113.65828125
"90873",2862.59393310547,2407.69534912109,386.6278125
"92225",2954.52114257812,2462.81896972656,828.888125
"91532",2729.67559814453,2421.32979736328,151.04765625
"94616",2724.01301269531,2755.82928466797,330.6340625
"94636",2766.31752929687,2772.95213623047,73.37890625
"95477",2654.80026855469,2691.22720947266,175.16109375
"94918",2930.85270996094,2740.04036865234,100.608125
"94825",2627.82646484375,2621.85633544922,546.4809375
"91181",2900.63599853516,2420.13344726562,602.79078125
"94033",2993.53605957031,2655.38609619141,346.43875
"94934",2955.09244384766,2718.62165527344,89.63515625
"90900",2795.42027587891,2400.06879882812,296.63140625
"90816",2760.47564697266,2406.9841796875,74.1465625
"94598",2701.91384277344,2743.76928710938,215.2146875
"91516",2711.84572753906,2428.71271972656,96.67953125
"91544",2745.80131835937,2411.20014648437,50.34921875
"94795",2857.76018066406,2776.43638916016,178.50265625
"94756",2797.41536865234,2780.60234375,89.90609375
"95496",2680.67878417969,2726.85914306641,229.34859375
"91479",2668.5251953125,2465.09981689453,190.198125
"93979",3006.69300537109,2606.05891113281,495.13828125
"94822",2622.621875,2583.16079101562,79.33953125
"95488",2662.87360839844,2708.54284667969,185.863125
"94824",2622.75157470703,2571.00989990234,152.40234375
"95463",2633.353125,2655.67869873047,741.78171875
"90912",2820.11593017578,2396.49261474609,211.19578125
"91547",2750.60103759766,2407.46396484375,64.97984375
"94648",2779.93931884766,2779.79633789062,104.08515625
"91088",2779.82746582031,2399.40515136719,164.95578125
"94823",2621.38713378906,2598.29705810547,203.15796875
"94629",2749.87077636719,2772.28537597656,81.50703125
"91451",2635.17556152344,2516.94732666016,415.84390625
"95491",2669.84086914062,2718.43094482422,113.02609375
"91508",2704.04195556641,2430.47456054687,136.23640625
"94887",2895.33138427734,2766.99051513672,401.30359375
"95485",2655.09245605469,2701.18461914062,70.75984375
"95504",2688.71082763672,2738.30986328125,126.03109375
"94783",2826.74617919922,2784.43128662109,138.178125
"94932",2949.70793457031,2731.21663818359,161.47875
"91487",2678.42553710938,2449.40366210938,289.22578125
"94635",2764.33737792969,2778.86166992188,101.15
"90925",2837.06965332031,2395.04620361328,216.38875
"91465",2646.5646484375,2489.44766845703,259.51296875
"94789",2846.52445068359,2783.20775146484,51.97484375
"91083",2766.15753173828,2399.284375,181.6184375
"91497",2690.2865234375,2437.62568359375,51.7490625
"91537",2737.92864990234,2408.6078125,93.24765625
"7358",2626.48298339844,2532.96555175781,349.55453125
"93796",2978.21157226562,2700.17379150391,357.0053125
"94747",2790.08100585937,2785.32486572266,123.0959375
"94624",2740.34189453125,2772.32335205078,97.4471875
"94939",2960.01335449219,2723.71646728516,60.0578125
"94603",2706.45997314453,2755.07785644531,174.7546875
"94767",2808.08747558594,2787.42641601562,243.43734375
"91499",2695.28649902344,2432.10504150391,51.52328125
"94914",2924.09670410156,2754.79210205078,318.84828125
"93818",2996.29544677734,2669.88112792969,396.06546875
"93991",3006.89388427734,2643.02249755859,410.8315625
"93787",2969.51442871094,2715.44183349609,149.78328125
"91523",2724.56314697266,2411.76708984375,125.2634375
"95471",2635.70535888672,2678.22860107422,280.37515625
"91071",2753.46376953125,2399.43233642578,86.20328125
"91471",2656.78768310547,2467.21319580078,165.994375
"94821",2620.63238525391,2638.31823730469,348.60625
"94801",2871.39525146484,2781.93607177734,294.6896875
"91068",2743.87491455078,2402.01180419922,35.944375
"7592",2617.06304931641,2555.33117675781,442.711875
"94922",2936.01579589844,2750.19222412109,156.963125
"91090",2783.49993896484,2391.15085449219,77.2171875
"91463",2649.45560302734,2475.43989257812,87.28703125
"94818",2613.64416503906,2583.1765625,110.67796875
"91176",2891.40366210938,2403.24530029297,285.97453125
"90909",2811.00852050781,2388.23022460938,349.870625
"94940",2959.54664306641,2730.58702392578,64.52828125
"91495",2688.12209472656,2432.55639648438,28.04203125
"95486",2647.98594970703,2703.45924072266,52.15546875
"91519",2713.78665771484,2414.67672119141,171.45828125
"94643",2776.80660400391,2788.26043701172,136.95890625
"91454",2632.55168457031,2501.44229736328,500.28609375
"94927",2943.77951660156,2746.51477050781,207.4478125
"95478",2642.14697265625,2696.06801757812,209.0734375
"95505",2677.05424804687,2738.58731689453,65.1153125
"90932",2851.82906494141,2390.05162353516,366.80421875
"95500",2665.74464111328,2727.82991943359,71.39203125
"95495",2659.49104003906,2720.82738037109,92.34453125
"94790",2842.22775878906,2791.29852294922,249.7140625
"91489",2677.76375732422,2439.28895263672,41.9953125
"94820",2612.23884277344,2612.47396240234,190.78515625
"94817",2611.17883300781,2599.16199951172,144.0484375
"91180",2917.10080566406,2413.04395751953,134.15921875
"91179",2906.79704589844,2407.43864746094,129.82421875
"94776",2818.93161621094,2793.84976806641,191.05609375
"94634",2753.2296875,2784.51657714844,276.94328125
"94749",2792.87982177734,2793.13299560547,81.6425
"91502",2697.24672851562,2422.20822753906,105.98171875
"91488",2682.43792724609,2433.61018066406,76.53984375
"94637",2766.47005615234,2788.80725097656,99.65984375
"95509",2684.17548828125,2747.88688964844,174.9353125
"91087",2774.03061523438,2388.35930175781,44.38859375
"95489",2648.95693359375,2710.85212402344,141.20359375
"91069",2747.07237548828,2395.45211181641,71.5275
"94819",2609.66995849609,2570.26303710938,174.5740625
"90924",2833.03153076172,2383.90240478516,156.963125
"95502",2667.31929931641,2734.25617675781,81.59734375
"91060",2736.25645751953,2398.56511230469,105.3946875
"7386",3017.3041015625,2545.092578125,576.50984375
"91458",2640.45755615234,2477.76846923828,89.22875
"91496",2689.32135009766,2424.55174560547,84.713125
"94944",2916.84783935547,2770.60675048828,495.40921875
"94623",2740.81628417969,2783.63607177734,103.7690625
"91081",2766.39949951172,2387.72719726562,125.715
"91483",2670.05689697266,2440.53199462891,155.65359375
"94782",2829.85067138672,2797.16966552734,84.21640625
"93790",2971.69296875,2726.81224365234,112.71
"94962",2966.83140869141,2732.35778808594,67.32796875
"91159",2873.13156738281,2389.55129394531,443.7053125
"94611",2721.86414794922,2776.16204833984,303.76609375
"94942",2960.69007568359,2738.87431640625,82.86171875
"94617",2731.39406738281,2780.86817626953,132.3078125
"91050",2726.61613769531,2400.59091796875,116.5934375
"91178",2925.22104492188,2412.39691162109,164.2784375
"94592",2695.14227294922,2760.70848388672,258.06796875
"95473",2630.6703125,2687.96687011719,174.34828125
"94521",2785.52449951172,2796.67576904297,56.67109375
"94803",2865.84078369141,2792.75883789062,76.26890625
"94796",2856.17203369141,2794.95003662109,159.7628125
"94529",2803.74658203125,2799.2658203125,29.441875
"91089",2778.28269042969,2382.97520751953,90.7640625
"91435",2614.59128417969,2526.69036865234,264.20921875
"92198",2959.91789550781,2437.59538574219,519.9290625
"91459",2645.15579833984,2465.93238525391,99.6146875
"95499",2658.08800048828,2729.64052734375,43.21453125
"90895",2792.38737792969,2380.53975830078,314.829375
"91503",2699.09116210938,2413.76114501953,157.505
"90306",3009.06827392578,2506.84008789062,322.8671875
"91067",2741.56563720703,2391.76656494141,18.42375
"91472",2661.49049072266,2444.67242431641,70.805
"94948",2893.64279785156,2785.77974853516,304.84984375
"93983",3024.76857910156,2615.57720947266,654.3140625
"91464",2651.73873291016,2455.39205322266,230.658125
"90282",2982.47713623047,2460.61614990234,346.0775
"94816",2608.94156494141,2637.24100341797,91.53171875
"94938",2956.33693847656,2747.13836669922,192.59140625
"91047",2718.83041992188,2401.06302490234,79.06859375
"93800",2980.65760498047,2721.78010253906,182.74734375
"93981",3027.16605224609,2590.13967285156,612.499375
"91490",2679.28674316406,2426.43934326172,78.39125
"95510",2672.38754882813,2747.020703125,72.7015625
"94531",2796.21798095703,2801.48420410156,123.366875
"91515",2707.90140380859,2405.96193847656,115.23875
"94463",2763.38859863281,2796.00112304687,69.85671875
"90304",3003.12242431641,2490.08558349609,430.068125
"91078",2756.89655761719,2384.74368896484,151.9959375
"94465",2773.43586425781,2798.65260009766,94.7378125
"95506",2665.6763671875,2741.940625,77.0365625
"93826",3007.53677978516,2681.56115722656,470.6184375
"91456",2636.67613525391,2472.44538574219,27.50015625
"91172",2916.21552734375,2400.95594482422,72.29515625
"90914",2820.31162109375,2375.46901855469,60.4190625
"95497",2651.32161865234,2728.05383300781,100.74359375
"91447",2626.84095458984,2486.60506591797,247.9078125
"94804",2820.42762451172,2804.28903808594,80.55875
"94807",2811.62506103516,2804.42330322266,94.87328125
"91053",2729.26346435547,2392.78548583984,65.52171875
"93810",2991.81613769531,2711.65086669922,302.8178125
"94806",2830.56453857422,2804.20935058594,62.08984375
"94815",2608.44144287109,2649.90322265625,275.0015625
"91455",2638.17110595703,2466.9955078125,42.49203125
"91177",2938.57741699219,2413.448828125,289.22578125
"94805",2846.55495605469,2802.66872558594,125.12796875
"94517",2780.54008789062,2802.27526855469,69.13421875
"94620",2735.26949462891,2790.02829589844,54.86484375
"91156",2887.27319335938,2386.38890380859,178.5478125
"95481",2630.90045166016,2702.4123046875,183.87625
"95961",2599.21470947266,2582.21574707031,421.398125
"91163",2897.02640380859,2389.96695556641,161.07234375
"95958",2601.85311279297,2624.51320800781,289.8128125
"93789",2970.18699951172,2739.90112304688,86.83546875
"91065",2745.73345947266,2384.95515136719,152.58296875
"90927",2838.88856201172,2374.64475097656,120.6575
"95514",2676.10961914062,2755.72760009766,117.18046875
"94532",2787.34527587891,2804.47310791016,43.75640625
"95503",2656.53015136719,2737.67589111328,90.2221875
"90911",2809.95598144531,2372.861328125,206.3640625
"91063",2737.551171875,2387.04757080078,37.4796875
"90941",2858.48297119141,2376.965234375,184.056875
"95494",2641.70931396484,2720.57877197266,254.861875
"91491",2677.47883300781,2421.35573730469,14.45
"91167",2911.39816894531,2394.30784912109,119.25765625
"94606",2708.87384033203,2779.99182128906,344.31640625
"91468",2650.67000732422,2446.53428955078,153.39578125
"90292",2995.46350097656,2466.8859375,185.18578125
"93827",3003.09710693359,2700.64361572266,324.76375
"7370",2602.59333496094,2538.6279296875,314.78421875
"91473",2659.12310791016,2436.55529785156,92.52515625
"95957",2596.66553955078,2600.31892089844,342.23921875
"90917",2826.30457763672,2371.16672363281,159.130625
"94538",2806.11251220703,2808.42095947266,85.5259375
"94467",2765.12512207031,2803.01092529297,33.18984375
"95468",2612.90871582031,2674.37060546875,435.89328125
"94949",2912.61070556641,2786.06239013672,291.348125
"92183",2950.23565673828,2416.86750488281,221.40109375
"91174",2931.42421875,2403.39305419922,69.49546875
"91448",2629.08382568359,2472.50079345703,79.655625
"91080",2765.25668945313,2375.63358154297,171.051875
"91481",2669.21789550781,2425.21186523437,100.11140625
"91173",2925.73797607422,2399.76166992187,64.0315625
"91585",2609.20428466797,2512.27419433594,300.6503125
"91055",2732.02430419922,2386.06932373047,57.619375
"91444",2626.27463378906,2476.84666748047,38.111875
"91170",2918.87136230469,2395.82813720703,33.00921875
"91492",2681.27332763672,2414.9296875,147.2996875
"91453",2633.5291015625,2464.3857421875,73.7853125
"7395",2597.73800048828,2551.64459228516,236.3478125
"94802",2880.21815185547,2800.38372802734,437.654375
"94812",2841.76436767578,2808.72020263672,68.50203125
"95513",2663.91016845703,2750.59979248047,81.100625
"94935",2951.83251953125,2763.06341552734,197.784375
"94468",2755.29097900391,2802.37612304687,152.628125
"91475",2663.89501953125,2428.51287841797,79.70078125
"91038",2714.22576904297,2392.79669189453,78.7525
"94470",2769.00345458984,2806.0857421875,24.745625
"90894",2784.6431640625,2370.41716308594,124.76671875
"93798",2979.17155761719,2738.39390869141,103.859375
"94462",2732.96934814453,2795.48190917969,54.86484375
"7391",3033.40657958984,2552.40618896484,478.475625
"92196",2959.25092773437,2421.22873535156,154.5246875
"94466",2743.81120605469,2799.75598144531,208.621875
"90333",3023.80880126953,2514.52370605469,292.7028125
"91638",2707.19853515625,2395.6353515625,82.4553125
"94596",2698.94652099609,2778.96003417969,216.70484375
"94518",2782.26519775391,2809.35541992187,32.5125
"94808",2865.3001953125,2806.3447265625,191.4625
"91162",2905.51706542969,2386.50428466797,93.51859375
"94813",2829.6599609375,2811.94526367187,133.5721875
"94530",2792.73621826172,2811.43995361328,77.98484375
"91450",2635.796875,2457.17941894531,49.44609375
"95528",2683.80133056641,2769.86673583984,250.75265625
"94473",2773.82454833984,2808.78349609375,62.45109375
"90933",2848.63450927734,2369.27601318359,127.0696875
"91484",2672.06485595703,2418.17944335938,69.9921875
"94946",2947.29967041016,2770.02341308594,76.17859375
"94811",2849.43221435547,2810.69993896484,53.1940625
"94945",2937.92891845703,2776.56546630859,448.7628125
"95519",2671.05465087891,2761.00959472656,88.0546875
"94814",2819.00341796875,2813.62222900391,72.1596875
"93797",2971.79859619141,2749.80603027344,123.95390625
"90309",3019.61669921875,2498.01677246094,128.3340625
"91632",2698.87554931641,2397.70535888672,160.80140625
"95482",2620.20302734375,2701.11676025391,166.175
"91617",2687.42254638672,2404.79692382812,197.28765625
"91051",2724.86529541016,2383.80134277344,92.88640625
"94951",2898.28334960937,2798.60881347656,127.8825
"91148",2884.80640869141,2375.67384033203,64.88953125
"90303",3007.64801025391,2473.10093994141,397.1040625
"95507",2648.08493652344,2740.88289794922,130.54671875
"94527",2799.78150634766,2814.50377197266,96.815
"94464",2720.8267578125,2794.58791503906,239.64421875
"91171",2935.10499267578,2398.78736572266,31.11265625
"94943",2962.91302490234,2760.17225341797,189.3853125
"90277",2984.95782470703,2441.04207763672,284.16828125
"91045",2717.60169677734,2385.95207519531,64.16703125
"90899",2794.96871337891,2364.56656494141,197.82953125
"94475",2762.80754394531,2809.60091552734,48.72359375
"90920",2833.11495361328,2364.38685302734,93.69921875
"91470",2654.27960205078,2430.68249511719,87.19671875
"95476",2612.53601074219,2690.38343505859,212.234375
"91141",2876.30661621094,2371.79197998047,82.6359375
"95956",2590.50594482422,2620.4736328125,168.7940625
"91151",2895.59140625,2377.61975097656,51.52328125
"95492",2626.09222412109,2715.52982177734,190.2884375
"91161",2914.45472412109,2385.60966796875,72.25
"91462",2646.51048583984,2437.43455810547,86.47421875
"95512",2655.41888427734,2751.34976806641,96.0925
"93812",2991.73707275391,2732.56904296875,153.17
"91073",2750.4837890625,2371.62907714844,102.36921875
"91446",2628.65965576172,2459.27993164062,43.30484375
"95959",2601.41088867188,2668.38325195312,127.47609375
"94810",2839.42977294922,2816.12429199219,100.56296875
"94519",2783.98719482422,2815.35875244141,91.26078125
"91136",2867.33845214844,2367.97735595703,156.01484375
"91039",2709.594140625,2387.63671875,42.22109375
"91452",2635.01577148437,2449.74544677734,71.9790625
"91079",2759.09460449219,2368.53247070312,90.80921875
"7397",2588.2732421875,2563.79569091797,385.76984375
"95954",2597.17769775391,2657.74289550781,174.07734375
"91582",2599.70528564453,2513.59650878906,42.58234375
"91441",2624.07388916016,2464.34838867188,48.72359375
"94469",2733.12706298828,2803.26555175781,91.53171875
"91175",2947.71574707031,2403.04193115234,72.29515625
"90295",3004.09299316406,2459.95291748047,50.21375
"91086",2777.80954589844,2363.38038330078,184.779375
"93817",2999.64128417969,2725.78958740234,215.98234375
"94956",2894.13731689453,2805.06018066406,64.9346875
"92221",2978.94515380859,2429.12879638672,191.4625
"90286",2995.79906005859,2448.12824707031,243.2115625
"94477",2766.059375,2814.05843505859,37.07328125
"94809",2859.40892333984,2815.03107910156,169.01984375
"90930",2843.27967529297,2361.70570068359,75.09484375
"91058",2733.91833496094,2374.68833007813,215.80171875
"91164",2926.42839355469,2388.73719482422,95.77640625
"94537",2807.88265380859,2819.39230957031,77.98484375
"94476",2757.61748046875,2812.34743652344,44.11765625
"95952",2592.2875,2647.07867431641,184.46328125
"92213",2972.88994140625,2422.40972900391,132.17234375
"91581",2595.18177490234,2520.85180664062,72.430625
"91046",2716.65167236328,2381.33331298828,17.20453125
"93990",3044.58793945312,2569.82413330078,202.88703125
"93802",2981.62257080078,2749.03509521484,98.12453125
"90915",2819.12585449219,2359.0787109375,188.391875
"92206",2967.60483398438,2416.73614501953,49.98796875
"95501",2635.06080322266,2734.41741943359,188.4821875
"91168",2939.62061767578,2395.23629150391,69.540625
"90943",2858.63695068359,2362.86781005859,91.938125
"95527",2669.35402832031,2768.99079589844,95.911875
"95520",2659.69669189453,2760.75227050781,88.145
"94543",2814.61915283203,2821.13796386719,95.37
"7357",2591.43480224609,2529.25178222656,194.39765625
"91466",2652.65908203125,2424.24565429687,62.49625
"91139",2884.47479248047,2368.56256103516,70.12765625
"91480",2662.93275146484,2414.73233642578,106.97515625
"90936",2849.69908447266,2360.25721435547,36.48625
"95511",2645.19066162109,2747.88688964844,101.6015625
"94588",2689.86650390625,2785.29124755859,187.1275
"91146",2904.77041015625,2375.53563232422,109.05234375
"94289",2823.84526367187,2822.1029296875,69.67609375
"95951",2586.10943603516,2631.11046142578,240.050625
"93988",3047.56314697266,2583.9302734375,460.45828125
"95524",2662.82214355469,2765.87509765625,36.35078125
"91457",2637.07478027344,2439.01689453125,155.518125
"91165",2933.88498535156,2389.13874511719,87.78375
"91443",2626.81895751953,2451.984375,68.23109375
"93840",3023.28439941406,2694.62119140625,462.1290625
"90901",2799.15064697266,2356.94686279297,68.5471875
"91149",2913.29718017578,2378.0609375,57.3484375
"91157",2922.11655273438,2382.344140625,73.0628125
"90928",2839.52315673828,2357.42021484375,44.02734375
"90329",3024.9939453125,2487.26726074219,237.9734375
"91082",2766.23348388672,2361.14705810547,150.50578125
"91482",2669.70037841797,2406.51684570312,145.62890625
"91142",2894.64636230469,2369.82677001953,95.50546875
"91169",2946.93796386719,2396.36665039062,41.76953125
"94479",2751.02998046875,2815.03045654297,117.99328125
"92189",2955.48673095703,2402.159765625,61.09640625
"91467",2654.67845458984,2418.67084960937,54.2778125
"91621",2692.24903564453,2389.87440185547,89.3190625
"91439",2620.52260742187,2458.58660888672,59.56109375
"93815",2992.89399414062,2742.54429931641,188.70796875
"93835",3013.37824707031,2714.95374755859,329.3696875
"94284",2851.13283691406,2821.54221191406,103.0465625
"95949",2580.93950195312,2606.73583984375,451.15609375
"91135",2874.98305664062,2362.62542724609,56.21953125
"95537",2671.47529296875,2775.65445556641,44.74984375
"94480",2773.93038330078,2820.9806640625,187.08234375
"94287",2832.62126464844,2823.95856933594,97.58265625
"92200",2964.97348632813,2408.77569580078,106.34296875
"91438",2610.33132324219,2474.077734375,601.07484375
"94524",2800.40593261719,2824.55394287109,88.19015625
"94954",2900.11906738281,2809.23464355469,41.40828125
"91070",2746.01630859375,2364.50472412109,104.35609375
"91614",2684.23193359375,2393.56181640625,74.6884375
"91044",2717.82042236328,2374.90913085937,140.84234375
"95484",2609.42778320312,2705.11732177734,144.9515625
"95498",2624.4181640625,2728.68531494141,211.873125
"91578",2594.05100097656,2506.86893310547,399.18125
"94474",2727.17021484375,2808.77623291016,114.155
"91635",2705.26341552734,2380.68522949219,138.0878125
"90908",2810.97573242187,2353.48336181641,213.2278125
"95540",2677.18955078125,2781.59200439453,99.29859375
"90330",3034.05051269531,2501.10590820312,171.63890625
"94947",2953.82429199219,2780.98314208984,158.2275
"94961",2963.32432861328,2773.71497802734,116.27734375
"7387",2583.29671630859,2542.36431884766,206.77046875
"94478",2737.72403564453,2813.21881103516,76.53984375
"90332",3043.22432861328,2527.67650146484,647.8115625
"90331",3038.57506103516,2512.06916503906,129.55328125
"91064",2736.40960693359,2366.04866943359,96.634375
"93799",2977.42756347656,2762.54814453125,208.66703125
"92182",2950.98853759766,2395.05657958984,14.13390625
"91084",2772.2119140625,2356.12529296875,47.73015625
"91460",2641.65162353516,2427.21505126953,140.7971875
"94952",2924.26770019531,2800.72239990234,413.49578125
"91610",2678.32094726562,2395.21636962891,48.45265625
"95955",2591.50867919922,2670.80604248047,81.5521875
"94290",2841.22045898438,2826.06343994141,89.4996875
"94029",3052.35622558594,2605.98939208984,458.92296875
"95515",2645.43989257812,2757.03704833984,62.5865625
"91166",2944.94722900391,2389.92877197266,47.685
"94291",2864.84572753906,2822.8400390625,56.40015625
"91445",2628.09665527344,2441.46292724609,108.4653125
"95521",2650.77708740234,2762.76728515625,90.7640625
"94528",2786.00822753906,2826.50504150391,216.16296875
"90944",2857.69169921875,2354.92686767578,83.990625
"95947",2580.84487304687,2635.94068603516,150.14453125
"95530",2659.48128662109,2770.85037841797,38.42796875
"94472",2717.77290039062,2807.77225341797,77.62359375
"94285",2884.17554931641,2818.58941650391,147.2996875
"94958",2895.64619140625,2814.88291015625,99.47921875
"91126",2881.45953369141,2359.52425537109,92.16390625
"90923",2834.61469726562,2350.92174072266,143.055
"91138",2899.6322265625,2365.24722900391,57.39359375
"95493",2613.52940673828,2719.91076660156,205.731875
"90898",2790.88514404297,2350.98482666016,161.88515625
"95960",2599.92878417969,2696.30085449219,164.549375
"91077",2757.36202392578,2356.43076171875,123.5475
"94286",2875.07166748047,2822.41607666016,156.3309375
"90302",3011.32504882813,2450.99035644531,374.074375
"95953",2593.82065429688,2683.91961669922,222.39453125
"95516",2638.5693359375,2753.42060546875,83.3584375
"91143",2915.65833740234,2371.05217285156,72.8821875
"94536",2807.65334472656,2830.57387695312,52.96828125
"91623",2691.67379150391,2382.6130859375,84.39703125
"92192",2959.79711914062,2396.93878173828,76.3140625
"91158",2939.59945068359,2383.25411376953,48.1365625
"94485",2757.67247314453,2823.91727294922,144.5
"95950",2585.40926513672,2663.46234130859,133.25609375
"91122",2868.68089599609,2354.49543457031,100.47265625
"92218",2977.59772949219,2411.43402099609,108.96203125
"90906",2803.69304199219,2348.61080322266,64.66375
"92205",2965.90753173828,2401.17114257812,43.9821875
"90278",2993.25881347656,2426.60017089844,276.49171875
"90328",3029.96071777344,2479.10115966797,138.67484375
"91129",2890.21665039063,2359.85109863281,76.8559375
"94481",2743.70246582031,2820.79078369141,136.91375
"93992",3055.20816650391,2561.67525634766,375.11296875
"95946",2582.00739746094,2655.58801269531,61.05125
"92187",2953.56032714844,2390.85057373047,50.6653125
"91147",2930.99340820312,2376.68819580078,87.28703125
"93809",2989.54296875,2758.269921875,143.5065625
"91144",2923.43596191406,2372.44421386719,94.24109375
"94471",2704.25300292969,2805.86929931641,345.355
"91613",2683.49337158203,2385.30772705078,31.74484375
"90937",2853.27817382813,2349.68305664062,71.30171875
"94542",2813.83286132813,2832.87900390625,86.38390625
"94295",2861.21517333984,2828.52690429687,66.47
"94959",2906.68021240234,2815.16513671875,68.50203125
"91573",2580.53359375,2524.20656738281,112.48421875
"94486",2764.66525878906,2828.01827392578,108.42015625
"91160",2946.82963867187,2384.71318359375,43.71125
"94296",2821.78168945312,2833.34716796875,119.43828125
"91134",2910.53011474609,2365.37506103516,74.10140625
"91631",2698.98428955078,2375.14715576172,92.9315625
"94955",2915.70419921875,2811.93551025391,391.09828125
"95541",2669.1095703125,2785.37446289062,86.9709375
"94293",2869.98017578125,2827.63394775391,54.8196875
"93819",2996.07879638672,2753.58516845703,80.1071875
"91606",2666.62141113281,2395.5390625,232.41921875
"91040",2717.88433837891,2365.41345214844,127.4309375
"93788",2969.388671875,2779.14576416016,52.2909375
"94298",2850.86783447266,2831.89079589844,135.42359375
"92214",2974.57624511719,2403.67299804687,65.25078125
"95939",2569.85982666016,2587.28607177734,591.4565625
"95523",2642.88740234375,2764.36912841797,27.635625
"91461",2643.93516845703,2413.52062988281,205.19
"91075",2751.43443603516,2352.48125,62.0446875
"94950",2953.37086181641,2792.761328125,189.79171875
"94535",2805.03154296875,2835.33250732422,34.63484375
"94525",2792.30831298828,2834.57215576172,182.973125
"93824",3003.46607666016,2747.75573730469,80.8296875
"91577",2591.49851074219,2486.42203369141,327.24734375
"90929",2844.37185058594,2345.25583496094,189.7465625
"91133",2903.51657714844,2359.95921630859,90.26734375
"91437",2611.06677246094,2451.59008789062,347.6128125
"93794",2976.90108642578,2775.31038818359,150.41546875
"95508",2624.76741943359,2746.22175292969,345.174375
"94482",2730.29255371094,2821.07487792969,164.6396875
"95535",2655.00986328125,2777.25775146484,88.91265625
"91061",2740.21427001953,2354.66228027344,177.41890625
"95538",2661.76711425781,2783.00064697266,137.816875
"90921",2827.54927978516,2343.31179199219,258.88078125
"94301",2843.30872802734,2834.77614746094,43.12421875
"91576",2585.04050292969,2500.25009765625,117.1353125
"94300",2832.08067626953,2836.02790527344,184.056875
"91150",2940.76135253906,2376.93970947266,62.45109375
"95552",2684.39193115234,2799.54036865234,437.06734375
"7393",2570.96030273438,2549.72047119141,464.16109375
"90325",3031.86823730469,2470.70222167969,220.9946875
"95517",2634.24276123047,2759.01968994141,100.56296875
"92210",2971.39061279297,2397.59744873047,41.001875
"91622",2690.95784912109,2375.24448242188,40.68578125
"91469",2652.71801757812,2402.46564941406,276.67234375
"94030",3061.33123779297,2616.34710693359,138.67484375
"92191",2955.642578125,2385.57127685547,15.353125
"94297",2880.86851806641,2828.96165771484,18.37859375
"91440",2622.08087158203,2433.47487792969,130.90796875
"91085",2774.92772216797,2344.46373291016,263.7125
"95945",2582.90346679687,2678.46392822266,120.476875
"95529",2647.80250244141,2773.72867431641,134.97203125
"90322",3027.23743896484,2460.05335693359,121.51546875
"92194",2960.67347412109,2388.02561035156,47.504375
"92204",2966.01440429688,2391.95706787109,50.033125
"91637",2707.49425048828,2365.20032958984,108.1040625
"92179",2951.44134521484,2381.32438964844,47.2334375
"91145",2937.14553222656,2372.61209716797,29.26125
"91608",2670.83634033203,2386.41837158203,116.503125
"93448",3041.54487304687,2693.61119384766,525.1671875
"93839",3024.95223388672,2724.10432128906,375.83546875
"90905",2809.63432617187,2340.40174560547,187.308125
"95795",2606.36915283203,2726.92554931641,52.42640625
"94292",2887.03122558594,2828.91351318359,138.85546875
"90893",2786.27032470703,2341.50471191406,108.51046875
"93830",3014.14565429687,2740.66749267578,346.258125
"95526",2640.07945556641,2768.25721435547,36.80234375
"91630",2699.99615478516,2367.75157470703,53.14890625
"91152",2947.34013671875,2377.26634521484,28.13234375
"91117",2876.24311523437,2347.01643066406,111.76171875
"95948",2583.95330810547,2686.13260498047,34.138125
"94491",2770.14584960938,2836.15034179687,175.07078125
"95791",2599.34025878906,2717.33793945312,165.13640625
"91116",2868.7931640625,2344.71213378906,57.7096875
"91128",2922.81319580078,2363.15563964844,80.8296875
"94483",2719.22346191406,2821.70677490234,152.1765625
"90276",2989.25845947266,2408.89543457031,197.1521875
"94540",2817.05709228516,2841.13226318359,46.64640625
"91119",2886.53463134766,2348.60291748047,161.97546875
"93786",2973.67353515625,2784.93452148437,81.6425
"93822",3002.81239013672,2757.16176757812,77.98484375
"93783",2966.96691894531,2790.28728027344,130.54671875
"95941",2569.75606689453,2646.28615722656,568.56234375
"91072",2756.901953125,2344.78372802734,204.96421875
"90904",2800.17454833984,2338.26885986328,58.47734375
"94957",2941.52523193359,2807.48587646484,550.04828125
"91121",2898.01004638672,2351.67524414062,143.37109375
"91624",2693.47132568359,2368.76883544922,20.90734375
"91054",2729.35477294922,2352.50220947266,87.8740625
"90940",2856.41856689453,2340.86181640625,170.19390625
"91611",2674.75700683594,2379.66215820312,149.5575
"91042",2716.31237792969,2357.09959716797,92.5703125
"91137",2936.12681884766,2367.84786376953,63.3090625
"91442",2624.94962158203,2422.91483154297,227.8584375
"95553",2669.06495361328,2796.26674804687,126.39234375
"90298",3004.20339355469,2421.53607177734,313.51984375
"94489",2743.46547851562,2832.61773681641,148.88015625
"95793",2600.83004150391,2724.92672119141,38.87953125
"90326",3045.84239501953,2485.40290527344,347.341875
"95942",2574.07288818359,2668.19440917969,194.39765625
"93999",3067.95795898437,2604.20928955078,246.2821875
"95789",2591.12954101562,2708.41231689453,275.7240625
"94523",2795.48937988281,2842.57576904297,139.03609375
"91127",2912.56359863281,2355.48571777344,132.57875
"92193",2957.30314941406,2379.63289794922,59.29015625
"90896",2791.77145996094,2336.91541748047,53.32953125
"94302",2871.9275390625,2837.18544921875,121.33484375
"91049",2722.53132324219,2352.88487548828,157.9565625
"95935",2561.64060058594,2612.2890625,453.14296875
"94534",2807.54896240234,2844.16827392578,123.50234375
"93811",2992.4416015625,2772.28745117188,243.12125
"94492",2758.57642822266,2838.17946777344,61.54796875
"90327",3057.09597167969,2510.08465576172,376.55796875
"95938",2560.41125488281,2576.39544677734,193.85578125
"92219",2979.67209472656,2395.09040527344,94.15078125
"94299",2894.81341552734,2831.89577636719,70.21796875
"94294",2901.72775878906,2829.56014404297,165.76859375
"91572",2570.21219482422,2517.26026611328,479.4690625
"91571",2579.5740234375,2490.90528564453,36.07984375
"91057",2736.08857421875,2346.81492919922,72.7015625
"91620",2689.71376953125,2367.04683837891,27.31953125
"94484",2707.87193603516,2821.66340332031,240.63765625
"94001",3070.29877929687,2578.01513671875,387.7115625
"92211",2971.54915771484,2387.62966308594,106.70421875
"95522",2626.26384277344,2762.13206787109,101.91765625
"94487",2728.99410400391,2830.57470703125,77.80421875
"91115",2864.6626953125,2338.37490234375,82.72625
"90318",3038.30466308594,2463.88977050781,59.92234375
"94493",2751.13768310547,2837.92816162109,94.1959375
"91140",2946.07094726562,2369.42418212891,62.9478125
"92181",2950.78745117188,2372.29853515625,28.53875
"95525",2630.53459472656,2767.94178466797,53.51015625
"91125",2923.04375,2356.93731689453,34.860625
"90319",3029.77083740234,2449.21129150391,253.28140625
"94288",2913.16976318359,2826.92941894531,259.558125
"90274",2986.77424316406,2398.85958251953,71.93390625
"95802",2606.42663574219,2740.11030273437,281.3234375
"94303",2860.96116943359,2842.80030517578,291.30296875
"92197",2963.45963134766,2379.60093994141,67.55375
"95533",2636.10711669922,2774.83745117187,95.68609375
"94953",2956.40687255859,2804.86614990234,132.26265625
"91132",2934.40067138672,2361.54591064453,65.38625
"94309",2830.42944335938,2846.84714355469,109.1878125
"90903",2803.30352783203,2332.29852294922,86.7
"91436",2607.42044677734,2436.93485107422,342.0134375
"95937",2558.3505859375,2562.97412109375,523.45125
"94963",2965.15506591797,2799.56651611328,84.39703125
"90324",3055.55057373047,2495.36903076172,311.71359375
"93828",3004.90833740234,2764.93399658203,120.07046875
"91628",2695.20701904297,2360.48465576172,119.935
"95799",2599.20433349609,2732.30881347656,53.96171875
"91636",2705.27462158203,2355.41951904297,56.58078125
"91130",2930.21251220703,2357.84666748047,68.1859375
"90305",3014.5880859375,2424.72211914062,201.1259375
"94490",2733.26942138672,2835.41572265625,78.97828125
"94310",2821.58952636719,2848.84036865234,75.14
"91569",2571.31910400391,2500.92930908203,156.6921875
"95556",2660.1845703125,2797.94246826172,79.11375
"91615",2678.39233398438,2368.82797851563,317.53875
"91570",2576.92690429687,2485.80798339844,75.681875
"94004",3073.37774658203,2563.07663574219,193.26875
"95943",2575.48630371094,2690.61232910156,118.53515625
"95944",2580.17416992188,2701.80074462891,288.59359375
"90321",3025.46273193359,2436.56940917969,263.35125
"92188",2956.03977050781,2370.85565185547,62.4059375
"91449",2629.46400146484,2406.95782470703,479.559375
"92220",2978.26490478516,2386.74853515625,30.9771875
"90931",2841.71331787109,2330.54747314453,202.7515625
"94500",2772.63463134766,2846.92994384766,229.4840625
"95543",2639.4359375,2783.01849365234,88.19015625
"91111",2869.57115478516,2334.17844238281,140.345625
"93449",3043.56362304687,2716.45847167969,343.77453125
"93795",2975.89835205078,2795.74525146484,107.96859375
"95547",2651.73188476562,2793.92572021484,224.56203125
"91131",2943.16588134766,2361.61501464844,77.7590625
"94496",2762.01461181641,2846.04383544922,39.15046875
"91123",2920.3310546875,2349.80051269531,111.49078125
"90919",2826.0806640625,2327.90118408203,153.21515625
"91056",2731.20916748047,2341.31151123047,93.744375
"91639",2711.58778076172,2348.45080566406,66.24421875
"95934",2555.98258056641,2632.83391113281,376.6934375
"91155",2903.67595214844,2342.4638671875,179.6315625
"91113",2888.92359619141,2337.59442138672,118.53515625
"91076",2761.77264404297,2331.99035644531,332.0790625
"95800",2594.35854492187,2733.25323486328,56.30984375
"91062",2742.20853271484,2336.66286621094,108.555625
"91112",2878.50279541016,2334.11618652344,30.48046875
"92203",2966.58570556641,2374.12449951172,54.41328125
"95518",2613.80893554688,2760.14610595703,205.23515625
"94488",2720.09193115234,2835.84342041016,105.25921875
"94304",2889.89125976562,2842.77312011719,275.22734375
"93836",3019.33239746094,2756.78553466797,205.05453125
"94315",2835.37608642578,2852.92995605469,19.01078125
"93813",2990.38861083984,2787.41168212891,91.17046875
"94522",2793.45983886719,2853.12647705078,211.01515625
"93804",2986.45487060547,2791.00010986328,95.23453125
"91629",2699.03450927734,2351.83503417969,47.09796875
"90892",2779.80754394531,2327.41060791016,220.0915625
"91634",2704.25819091797,2349.30246582031,30.70625
"94306",2848.31762695312,2852.68134765625,480.95921875
"95940",2564.19039306641,2675.68212890625,369.78453125
"94005",3080.11320800781,2591.05939941406,276.6271875
"94498",2756.44499511719,2848.30040283203,79.0234375
"90279",2990.24106445313,2390.61171875,123.90875
"94040",3077.61695556641,2628.22863769531,605.13890625
"95534",2625.97829589844,2776.15333251953,82.77140625
"90297",3004.96789550781,2404.04010009766,156.55671875
"92185",2952.99774169922,2362.62521972656,65.6571875
"94548",2666.53031005859,2810.32017822266,323.00265625
"91567",2567.20502929687,2492.69991455078,142.46796875
"93803",2982.76890869141,2796.28687744141,72.47578125
"93816",2998.18387451172,2782.94710693359,163.42046875
"90291",2998.10439453125,2396.22719726562,64.52828125
"94316",2830.67016601562,2855.68374023437,60.69
"92223",2982.88636474609,2382.6927734375,90.26734375
"95531",2619.97537841797,2771.41752929687,62.4059375
"90910",2814.96114501953,2322.92071533203,263.0803125
"91568",2577.35729980469,2467.79736328125,484.66203125
"93834",3017.48671875,2763.87917480469,88.9578125
"90315",3050.28165283203,2463.16801757812,379.89953125
"94539",2814.80695800781,2856.97866210937,49.17515625
"92215",2974.18527832031,2374.93714599609,120.2059375
"91124",2943.50849609375,2355.22839355469,66.51515625
"95933",2547.51682128906,2593.61832275391,377.686875
"94499",2749.24780273438,2849.0439453125,101.51125
"94533",2805.77093505859,2857.21274414063,208.08
"94006",3082.345703125,2603.59254150391,241.0440625
"94317",2820.30498046875,2857.38415527344,73.92078125
"91107",2872.4720703125,2328.17905273438,50.34921875
"90935",2849.6515625,2324.01932373047,153.8021875
"91625",2693.02391357422,2351.04189453125,37.93125
"90922",2833.29030761719,2322.27595214844,69.85671875
"90897",2789.76495361328,2322.79018554687,206.68015625
"92195",2960.44499511719,2363.87614746094,56.30984375
"91109",2884.69393310547,2330.27271728516,56.174375
"94965",2964.16291503906,2813.15157470703,156.1503125
"95549",2640.65552978516,2794.36088867187,182.1603125
"93793",2974.77961425781,2805.97409667969,62.27046875
"93450",3042.16950683594,2734.0548828125,358.94703125
"94497",2730.79371337891,2845.3650390625,234.3609375
"91618",2680.87696533203,2356.27947998047,178.86390625
"91048",2720.86494140625,2337.26446533203,111.084375
"91059",2735.45107421875,2332.28814697266,51.839375
"95801",2590.97265625,2739.45205078125,81.32640625
"95542",2628.84019775391,2784.71496582031,93.2928125
"92202",2967.01921386719,2367.04206542969,69.13421875
"93833",3012.33048095703,2773.50164794922,208.75734375
"91604",2648.70064697266,2377.16818847656,896.7128125
"94505",2771.87801513672,2856.13177490234,37.07328125
"90314",3044.24200439453,2447.16950683594,233.32234375
"93452",3059.95517578125,2703.50966796875,498.11859375
"95810",2604.00571289063,2758.72978515625,156.91796875
"94307",2903.31403808594,2845.39222412109,67.915
"90907",2804.66755371094,2319.35054931641,120.115625
"91154",2903.88326416016,2334.17449951172,80.78453125
"91118",2928.76693115234,2343.88890380859,239.91515625
"94520",2785.3669921875,2858.94283447266,116.36765625
"91584",2602.55432128906,2421.54769287109,472.65046875
"94509",2778.39558105469,2858.20655517578,116.7740625
"95931",2544.9298828125,2614.14470214844,128.5146875
"91564",2566.12156982422,2481.8572265625,172.36140625
"91633",2704.04423828125,2342.14553222656,104.17546875
"94495",2698.33745117187,2834.76494140625,369.33296875
"95539",2620.37008056641,2779.08911132812,19.14625
"94312",2880.73321533203,2853.18479003906,260.46125
"95798",2581.25202636719,2728.14659423828,433.09359375
"94501",2742.65054931641,2851.5640625,136.6428125
"94494",2710.40533447266,2840.69066162109,183.65046875
"7385",3083.36005859375,2545.12702636719,841.21578125
"91560",2554.86695556641,2509.88211669922,158.63390625
"91041",2711.43795166016,2337.96754150391,83.67453125
"90902",2797.37884521484,2317.98424072266,170.37453125
"91108",2892.19306640625,2328.52291259766,78.88796875
"95532",2612.66114501953,2773.08889160156,95.00875
"94305",2915.14493408203,2843.80718994141,308.14625
"94319",2870.02749023437,2857.24864501953,142.0615625
"94322",2837.66502685547,2862.04608154297,48.09140625
"95930",2542.00551757812,2605.71359863281,83.67453125
"94559",2674.36811523437,2824.28686523438,241.36015625
"94034",3087.37576904297,2563.67221679688,141.8809375
"92184",2954.83740234375,2354.43006591797,98.079375
"90289",2996.39816894531,2384.61834716797,96.3634375
"91120",2941.85228271484,2346.93114013672,117.81265625
"91626",2692.81846923828,2344.33092041016,55.813125
"93805",2986.87966308594,2803.25144042969,102.414375
"95544",2621.62349853516,2784.15321044922,19.64296875
"92201",2963.32723388672,2358.982421875,35.26703125
"90300",3008.16079101562,2394.94970703125,97.5375
"94508",2763.8912109375,2859.26490478516,115.82578125
"93444",3032.35611572266,2757.17110595703,332.35
"93446",3038.68463134766,2748.69559326172,211.01515625
"94541",2809.66898193359,2864.21466064453,75.18515625
"90320",3034.01336669922,2424.06531982422,389.20171875
"91619",2684.50191650391,2347.83841552734,101.15
"95805",2595.82570800781,2755.56158447266,192.6365625
"90918",2827.7375,2315.11092529297,53.10375
"95548",2631.08140869141,2794.06143798828,119.4834375
"91565",2565.31722412109,2474.55336914062,126.3471875
"95536",2615.99287109375,2779.84987792969,30.4353125
"91106",2914.25654296875,2332.79636230469,200.26796875
"94311",2898.06918945313,2852.38438720703,57.8903125
"90311",3022.79963378906,2408.75307617187,358.49546875
"93791",2976.47587890625,2813.33211669922,81.32640625
"92180",2949.49149169922,2348.80732421875,26.1003125
"94356",2959.12517089844,2825.05219726562,294.82515625
"91101",2869.76290283203,2319.17913818359,204.5578125
"95932",2543.00638427734,2636.64645996094,230.07109375
"94545",2643.15178222656,2805.73607177734,102.36921875
"90293",3003.05747070313,2387.15714111328,64.52828125
"92222",2979.88874511719,2367.80345458984,128.424375
"94323",2831.31472167969,2865.95408935547,115.5096875
"94036",3091.66166992187,2581.44377441406,162.06578125
"91104",2900.43055419922,2326.21903076172,56.8065625
"94324",2822.52398681641,2866.63205566406,116.4128125
"91066",2741.08502197266,2322.55278320312,174.07734375
"91074",2753.08753662109,2319.49643554688,370.100625
"94047",3083.86474609375,2657.62170410156,950.40359375
"90926",2837.84058837891,2312.6142578125,142.4228125
"94039",3092.10202636719,2613.20671386719,348.10953125
"91103",2881.54586181641,2319.63505859375,214.5825
"90273",2987.22144775391,2371.25886230469,110.90375
"91558",2546.67221679688,2515.68934326172,220.904375
"91052",2728.74508056641,2324.89588623047,254.32
"90916",2823.0890625,2311.19523925781,102.595
"90939",2850.26312255859,2313.24158935547,203.2934375
"93806",2985.76486816406,2809.99624023437,55.99375
"94502",2717.72102050781,2850.95125732422,66.3796875
"95546",2620.92685546875,2789.88427734375,74.3271875
"91561",2552.32276611328,2495.83781738281,311.71359375
"94511",2754.21187744141,2861.99606933594,84.12609375
"93820",3002.94624023437,2795.99572753906,236.8896875
"93784",2973.06944580078,2820.09517822266,101.330625
"95936",2556.59248046875,2696.27927246094,631.7359375
"94503",2721.75893554687,2853.26676025391,37.34421875
"94513",2770.22615966797,2865.76981201172,71.6178125
"94326",2845.12307128906,2867.77569580078,93.56375
"91601",2625.57799072266,2383.81462402344,356.1925
"95804",2582.59903564453,2745.78015136719,217.15640625
"92208",2969.083203125,2355.93292236328,151.77015625
"7356",2540.67843017578,2532.35108642578,838.1903125
"94526",2786.64552001953,2868.51737060547,121.96703125
"95790",2565.10181884766,2717.40932617187,415.07625
"91594",2610.72478027344,2397.15148925781,149.33171875
"94313",2908.50161132812,2854.37242431641,106.6590625
"91102",2905.21450195312,2323.53310546875,62.676875
"94318",2892.64047851563,2859.85467529297,88.00953125
"95815",2605.23194580078,2776.96846923828,124.1796875
"95545",2612.83151855469,2785.26593017578,58.02578125
"91583",2604.08187255859,2403.40467529297,163.96234375
"94035",3095.92183837891,2568.73444824219,273.3759375
"94565",2689.67869873047,2842.35081787109,310.72015625
"94506",2729.01568603516,2858.38979492187,158.27265625
"91627",2696.28466796875,2333.52205810547,211.82796875
"90310",3016.33062744141,2391.51567382812,97.67296875
"94549",2640.292578125,2811.76285400391,40.279375
"92186",2955.46597900391,2344.40251464844,141.8809375
"93842",3027.7796875,2775.87131347656,206.68015625
"91598",2614.21505126953,2390.59573974609,132.8496875
"94454",2811.90874023437,2872.49489746094,157.18890625
"93483",3058.48240966797,2733.55579833984,275.995
"94553",2648.73260498047,2818.80523681641,274.369375
"95929",2534.44703369141,2627.58885498047,270.756875
"90284",2995.31989746094,2371.47406005859,135.87515625
"94567",2683.85134277344,2841.05423583984,56.4453125
"94557",2657.78937988281,2825.82562255859,192.23015625
"94564",2677.58612060547,2837.91923828125,206.635
"94516",2759.72525634766,2868.05750732422,77.126875
"94504",2710.66452636719,2853.63178710937,105.12375
"94325",2865.57142333984,2869.07269287109,315.68734375
"94560",2665.88782958984,2831.40478515625,29.803125
"93838",3017.11671142578,2789.26171875,292.11578125
"94352",2948.07579345703,2840.82866210937,175.2965625
"93808",2986.91888427734,2816.13321533203,74.73359375
"91579",2593.91030273437,2410.88367919922,182.250625
"91100",2893.43092041016,2316.34110107422,180.67015625
"94514",2742.53724365234,2864.77309570312,217.11125
"90942",2861.32557373047,2309.0083984375,308.86875
"91043",2712.21075439453,2324.04194335937,358.22453125
"95926",2530.21986083984,2599.83664550781,523.04484375
"95814",2597.94053955078,2774.77000732422,116.00640625
"95550",2614.01520996094,2792.27635498047,42.808125
"95927",2535.75004882812,2650.06052246094,514.82640625
"91110",2933.50584716797,2329.56839599609,114.6065625
"94308",2939.79161376953,2846.948828125,470.6184375
"93455",3081.56044921875,2693.15693359375,798.904375
"91609",2672.46474609375,2341.75477294922,351.135
"93814",2994.04821777344,2813.03868408203,77.44296875
"93453",3068.97459716797,2721.84339599609,295.2315625
"94331",2851.98304443359,2873.64019775391,85.8871875
"95806",2582.70694580078,2757.14786376953,95.23453125
"95554",2619.97143554688,2799.3853515625,86.2484375
"90281",2989.02375488281,2362.21495361328,29.803125
"94330",2837.95845947266,2875.23602294922,116.63859375
"94320",2901.37622070312,2863.00108642578,70.85015625
"94365",2770.82215576172,2873.00581054687,122.68953125
"94357",2956.77086181641,2838.92778320312,241.856875
"94446",2795.57716064453,2875.8421875,240.411875
"94010",3101.83406982422,2592.83472900391,335.28515625
"91105",2924.21851806641,2324.41278076172,241.2246875
"91153",2940.95040283203,2331.56763916016,125.03765625
"95928",2539.73712158203,2671.94200439453,820.39875
"94552",2636.76578369141,2815.08939208984,45.336875
"94314",2931.25405273437,2852.54064941406,274.59515625
"94547",2629.13944091797,2810.15146484375,180.625
"93823",3006.72268066406,2805.13509521484,103.498125
"93821",2999.42110595703,2811.76617431641,79.294375
"94321",2911.03210449219,2862.08447265625,129.46296875
"92217",2977.05880126953,2350.40750732422,167.8909375
"95925",2526.93856201172,2614.54521484375,75.99796875
"90913",2819.63344726562,2300.5515625,596.785
"91114",2949.40059814453,2333.59510498047,174.5740625
"91557",2544.52584228516,2487.02467041016,205.68671875
"93451",3054.22971191406,2752.5490234375,293.69625
"90307",3014.53018798828,2380.04025878906,197.37796875
"94510",2721.65496826172,2863.80750732422,93.60890625
"91098",2903.75895996094,2313.83488769531,89.63515625
"94571",2681.81267089844,2847.41616210937,36.9378125
"90301",3007.88873291016,2372.86215820313,183.6053125
"94329",2881.15655517578,2872.33054199219,198.0553125
"95811",2585.28703613281,2767.28083496094,196.65546875
"91562",2560.40461425781,2450.09283447266,582.74140625
"93807",2985.14874267578,2825.44897460938,172.63234375
"95551",2606.08070068359,2792.22613525391,120.07046875
"94416",2780.04515380859,2878.60447998047,100.8790625
"94327",2894.53284912109,2869.66453857422,131.675625
"95555",2612.83463134766,2799.09918212891,35.944375
"91575",2579.93137207031,2417.32197265625,391.36921875
"94336",2844.41895751953,2879.84793701172,63.8509375
"91616",2687.55826416016,2327.3,238.01859375
"94507",2701.15556640625,2858.56245117187,151.86046875
"94334",2827.22471923828,2881.43421630859,254.00390625
"90275",2986.51276855469,2353.16959228516,104.17546875
"94554",2636.81372070312,2821.37827148438,58.47734375
"94546",2619.04901123047,2806.62550048828,75.9528125
"94362",2970.68048095703,2837.14560546875,201.17109375
"94367",2754.25068359375,2875.70563964844,115.64515625
"90290",2997.44718017578,2361.03043212891,60.28359375
"90323",3029.60606689453,2390.5884765625,451.96890625
"91556",2547.00819091797,2471.54599609375,292.431875
"93442",3031.37890625,2787.09479980469,150.7315625
"91600",2617.57458496094,2373.29110107422,208.75734375
"90283",2992.35921630859,2356.41229248047,46.73671875
"93825",3006.98125,2811.208984375,44.20796875
"90334",3066.24322509766,2438.63132324219,730.8990625
"91580",2594.96533203125,2395.93231201172,91.8478125
"94563",2665.82038574219,2842.3435546875,170.28421875
"94562",2656.69554443359,2836.91027832031,126.93421875
"94512",2715.67280273437,2866.2830078125,58.38703125
"94369",2770.38325195312,2880.17415771484,45.87875
"92199",2962.24543457031,2335.30257568359,213.27296875
"91097",2914.78717041016,2313.14779052734,232.69015625
"95796",2556.05666503906,2729.36452636719,232.32890625
"95924",2521.43348388672,2611.17260742188,199.951875
"91591",2600.96866455078,2386.40343017578,111.58109375
"7396",2521.78336181641,2552.41884765625,773.30078125
"94370",2763.47264404297,2880.82473144531,36.305625
"95807",2568.60350341797,2753.15269775391,341.96828125
"94456",2810.58020019531,2885.48562011719,217.78859375
"92209",2970.1822265625,2336.80356445313,99.9759375
"94450",2788.35361328125,2885.26295166016,70.21796875
"94515",2707.59614257812,2866.58951416016,77.9396875
"93843",2997.48059082031,2824.51866455078,79.7459375
"91554",2529.14532470703,2507.20594482422,474.501875
"94372",2737.72362060547,2877.35438232422,333.43375
"94558",2637.9716796875,2829.30095214844,79.7459375
"95817",2586.4171875,2781.48243408203,179.94765625
"94332",2911.70280761719,2871.98419189453,150.50578125
"94364",2721.81060791016,2873.24259033203,60.2384375
"94368",2756.15114746094,2882.56104736328,45.29171875
"94544",2606.69163818359,2803.99934082031,99.163125
"95820",2592.51784667969,2789.36962890625,182.47640625
"95921",2516.16331787109,2576.79948730469,544.08765625
"94328",2925.43250732422,2867.83670654297,313.023125
"93831",3012.77747802734,2814.51684570312,74.73359375
"94335",2890.77612304688,2879.74936523438,110.31671875
"93490",3051.93890380859,2773.46180419922,475.405
"90294",3004.73588867187,2357.31500244141,61.5028125
"94338",2867.39780273438,2885.12308349609,141.20359375
"90299",3012.23004150391,2363.05955810547,188.21125
"91588",2591.02349853516,2389.27736816406,53.32953125
"94339",2860.15308837891,2886.84466552734,141.24875
"90335",3058.57683105469,2413.35565185547,858.10421875
"91574",2580.39725341797,2401.44299316406,186.946875
"91094",2875.96960449219,2295.08072509766,488.36484375
"93484",3074.97481689453,2741.10660400391,372.990625
"94192",2978.24020996094,2842.54484863281,169.29078125
"92224",2983.40018310547,2340.14213867187,128.74046875
"94013",3115.72293701172,2575.39976806641,583.19296875
"94555",2627.93146972656,2825.765234375,103.63359375
"93829",3005.82474365234,2822.88175048828,110.8134375
"93841",3021.49226074219,2809.13752441406,254.63609375
"94417",2778.85627441406,2888.91799316406,111.1746875
"95822",2597.29349365234,2798.23403320312,115.19359375
"90934",2841.65521240234,2289.27163085937,484.978125
"93445",3035.51228027344,2795.76434326172,170.9615625
"94551",2616.87503662109,2817.40323486328,126.256875
"91553",2534.49953613281,2477.86579589844,141.56484375
"94366",2711.20511474609,2873.54328613281,92.0284375
"94379",2768.84283447266,2888.57205810547,109.45875
"94037",3117.07139892578,2606.02902832031,551.31265625
"91099",2943.67181396484,2315.75008544922,415.66328125
"95797",2543.97404785156,2724.58659667969,484.8878125
"94573",2677.64215087891,2859.54381103516,310.17828125
"93457",3085.5498046875,2725.80100097656,315.32609375
"94343",2840.58607177734,2891.85314941406,168.56828125
"91605",2667.83166503906,2324.53459472656,537.8109375
"91593",2601.55573730469,2373.87028808594,226.323125
"93462",3106.82844238281,2673.1703125,174.43859375
"94355",2957.28530273437,2858.13309326172,208.08
"93464",3109.88271484375,2663.03236083984,298.573125
"94363",2696.21224365234,2869.58941650391,182.11515625
"90288",2999.86187744141,2347.97288818359,232.96109375
"94550",2610.00178222656,2814.65152587891,99.20828125
"94337",2902.42066650391,2881.32547607422,178.95421875
"90938",2854.46414794922,2287.54880371094,219.820625
"94187",2996.63951416016,2835.11108398438,119.754375
"94340",2851.90626220703,2892.86314697266,286.7421875
"94380",2759.85495605469,2890.30795898438,103.67875
"92216",2976.27105712891,2329.56237792969,175.34171875
"94455",2821.63746337891,2895.71342773437,286.9228125
"94447",2794.07139892578,2895.08879394531,397.78140625
"94371",2715.90439453125,2879.43082275391,60.148125
"91093",2895.25086669922,2294.18175048828,544.8553125
"95920",2509.44674072266,2611.48990478516,448.853125
"91586",2583.85120849609,2388.6427734375,92.61546875
"93459",3095.77989501953,2713.20083007812,492.06765625
"94561",2632.44750976562,2836.34541015625,151.0928125
"91595",2612.00559082031,2359.47943115234,416.83734375
"91552",2524.48153076172,2490.24122314453,330.363125
"94344",2877.19562988281,2890.42583007812,297.80546875
"94556",2619.09259033203,2826.230078125,133.2109375
"93832",3013.61149902344,2824.11649169922,69.04390625
"94190",2989.91505126953,2842.52700195312,225.8715625
"95828",2601.45073242187,2811.13739013672,87.5128125
"93495",3049.32664794922,2789.58109130859,327.24734375
"94575",2660.99949951172,2856.69187011719,267.18953125
"94373",2731.69953613281,2886.65789794922,88.8675
"91590",2588.44652099609,2380.35942382812,142.55828125
"91555",2534.85875244141,2460.06414794922,305.84328125
"95923",2519.41058349609,2678.70050048828,390.10484375
"91559",2543.39693603516,2442.47769775391,451.6528125
"94570",2644.95367431641,2847.8453125,369.51359375
"93463",3108.562890625,2686.51340332031,514.239375
"95818",2570.35953369141,2778.74815673828,239.0571875
"94378",2743.92139892578,2890.72092285156,170.10359375
"94359",2968.70115966797,2858.16007080078,186.405
"94376",2722.82932128906,2885.07016601563,130.41125
"95813",2560.64429931641,2766.00355224609,248.22390625
"91095",2911.65217285156,2295.6109375,355.47
"93488",3069.98272705078,2765.97989501953,399.000625
"91096",2932.94118652344,2302.58297119141,331.94359375
"90166",3106.05667724609,2480.61148681641,1080.36328125
"94342",2909.22253417969,2886.28477783203,45.20140625
"94384",2773.02601318359,2898.08247070312,115.058125
"94374",2709.85437011719,2882.65526123047,58.74828125
"94188",3003.08673095703,2837.81278076172,104.220625
"94196",2980.67399902344,2853.77808837891,133.07546875
"90280",2992.89420166016,2333.39194335938,258.7453125
"91563",2555.02757568359,2416.94075927734,852.55
"95819",2576.28878173828,2791.48363037109,257.79703125
"94383",2752.73475341797,2896.13178710937,84.84859375
"93443",3032.53292236328,2814.86215820313,183.74078125
"94341",2919.08116455078,2885.13677978516,223.433125
"94582",2687.32916259766,2875.80006103516,223.5234375
"94572",2635.33431396484,2846.40325927734,84.03578125
"92207",2966.97065429687,2315.56248779297,401.71
"94046",3123.44287109375,2646.28262939453,832.9521875
"93447",3038.50305175781,2809.69222412109,85.8871875
"95826",2588.11656494141,2806.37108154297,226.81984375
"94452",2807.28250732422,2903.6,109.1878125
"95831",2597.26112060547,2816.60075683594,34.45421875
"94333",2938.10780029297,2879.31502685547,333.74984375
"94358",2953.60971679688,2872.23985595703,204.15140625
"95794",2528.34180908203,2719.64700927734,616.42796875
"90316",3038.71721191406,2368.16661376953,776.6875
"90945",2861.37807617187,2278.13841552734,347.4321875
"95919",2500.04506835937,2595.3521484375,532.84375
"93837",3022.51242675781,2826.68060302734,168.74890625
"94347",2885.91497802734,2896.69852294922,182.47640625
"91551",2521.10249023437,2475.98442382812,235.30921875
"90312",3020.89315185547,2350.8244140625,358.76640625
"93485",3082.25418701172,2757.80051269531,352.26390625
"94375",2699.49125976562,2883.67438964844,135.15265625
"7371",3126.75093994141,2538.60966796875,583.37359375
"94345",2896.10252685547,2895.41875,165.09125
"94189",3011.97416992187,2837.21782226562,135.1978125
"94389",2762.81978759766,2901.93859863281,95.41515625
"95918",2499.65659179688,2558.64360351562,495.95109375
"95803",2538.54243164062,2744.95297851563,423.15921875
"94387",2771.54411621094,2903.78780517578,29.03546875
"94568",2625.42110595703,2843.90119628906,125.0828125
"94377",2708.52956542969,2888.53366699219,75.27546875
"95836",2600.13132324219,2823.36859130859,134.02375
"93502",3044.02556152344,2809.63660888672,151.31859375
"91566",2567.63729248047,2389.91715087891,612.4090625
"95809",2544.53538818359,2756.95051269531,260.8225
"95922",2513.91588134766,2692.44680175781,616.834375
"90958",2822.47252197266,2271.53493652344,236.39296875
"94460",2825.86318359375,2907.98883056641,382.4734375
"94017",3133.68520507812,2593.85427246094,536.8175
"94382",2723.24145507812,2895.28074951172,147.39
"94388",2745.43089599609,2901.48226318359,120.6575
"94578",2654.31778564453,2865.82355957031,125.173125
"90955",2804.22906494141,2270.00095214844,675.17625
"92383",2756.05797119141,2274.96876220703,328.7375
"95816",2557.21254882812,2779.75296630859,262.62875
"94199",2980.92758789063,2863.95816650391,147.1190625
"91587",2584.25753173828,2366.56892089844,409.29625
"94449",2797.82355957031,2910.58531494141,211.82796875
"93501",3054.52314453125,2804.04458007812,203.203125
"91607",2669.22930908203,2303.04864501953,786.260625
"94346",2910.74759521484,2897.08264160156,173.219375
"94193",3006.89761962891,2848.20847167969,130.27578125
"94581",2664.54268798828,2874.50140380859,172.99359375
"93454",3069.49007568359,2787.19171142578,343.368125
"91596",2607.81618652344,2342.47320556641,721.8678125
"94583",2672.34521484375,2879.15025634766,163.05921875
"90986",2878.87301025391,2273.19301757812,373.21640625
"95839",2606.04500732422,2836.45124511719,141.56484375
"94381",2705.54522705078,2894.12673339844,51.5684375
"94391",2756.08287353516,2907.81596679687,113.47765625
"90225",3097.69903564453,2432.20382080078,438.1059375
"90966",2835.38148193359,2266.65407714844,281.6846875
"90285",2992.75910644531,2318.67279052734,301.64375
"90296",3006.34769287109,2327.78953857422,235.30921875
"94361",2966.98621826172,2876.42677001953,272.60828125
"94584",2678.16821289062,2883.98193359375,121.69609375
"94350",2898.27899169922,2903.49935302734,113.29703125
"94200",2993.39100341797,2861.26705322266,207.3575
"94348",2926.23062744141,2894.99582519531,144.5
"94385",2712.77873535156,2898.37030029297,110.4521875
"93467",3128.71282958984,2675.28742675781,457.11671875
"94191",3024.55649414063,2839.0033203125,171.59375
"94569",2616.95306396484,2848.40229492187,244.56625
"94396",2772.93615722656,2912.87487792969,144.7709375
"95833",2587.64694824219,2823.22810058594,178.86390625
"93460",3104.20207519531,2740.69156494141,740.15609375
"95838",2596.7466796875,2832.79350585937,205.2803125
"94451",2782.43619384766,2914.83759765625,275.94984375
"94353",2948.79464111328,2887.84573974609,190.51421875
"93466",3120.65339355469,2706.22775878906,547.97109375
"94586",2682.90629882812,2889.33531494141,53.41984375
"94186",3037.90643310547,2829.63941650391,257.1196875
"95825",2571.27137451172,2808.50687255859,142.37765625
"92190",2958.32352294922,2295.12762451172,403.65171875
"94395",2744.09343261719,2909.60727539063,64.97984375
"94566",2608.10775146484,2843.90285644531,131.85625
"94201",3003.01202392578,2858.31903076172,80.69421875
"91602",2637.5400390625,2313.88739013672,824.914375
"94394",2728.82186279297,2906.33116455078,158.8596875
"92389",2771.30318603516,2264.44669189453,633.22609375
"94650",2690.63411865234,2893.65504150391,107.33640625
"91550",2509.74847412109,2468.19642333984,621.530625
"91091",2926.18850097656,2280.55166015625,582.65109375
"94459",2834.18533935547,2917.66961669922,237.47671875
"95823",2560.94333496094,2798.50837402344,297.71515625
"94386",2699.91418457031,2897.83739013672,70.03734375
"91092",2944.52347412109,2286.90611572266,391.1434375
"90313",3025.29588623047,2335.93385009766,274.55
"95832",2578.70223388672,2819.60875244141,195.75234375
"94580",2652.55905761719,2877.08211669922,126.30203125
"94397",2736.94915771484,2910.57265625,160.71109375
"94654",2695.23026123047,2898.22420654297,27.68078125
"93465",3117.85706787109,2723.33483886719,276.40140625
"93504",3056.89924316406,2816.34467773437,230.34203125
"94392",2720.42852783203,2907.58063964844,67.86984375
"95792",2509.30853271484,2718.95845947266,733.56328125
"90308",3017.44085693359,2326.4765625,256.08109375
"91599",2620.20510253906,2320.68759765625,328.60203125
"94390",2707.59904785156,2904.01690673828,53.465
"94195",3017.81563720703,2852.75148925781,79.70078125
"91612",2682.79008789062,2284.89379882812,677.0728125
"94579",2640.71923828125,2872.58143310547,342.51015625
"93496",3078.51593017578,2792.22883300781,295.9540625
"6329",2482.78795166016,2575.17357177734,799.67203125
"94197",3012.76378173828,2857.2251953125,72.65640625
"93526",2895.15167236328,2912.90123291016,263.03515625
"90962",2818.46573486328,2256.65682373047,174.48375
"95812",2536.85592041016,2773.09304199219,560.5696875
"94574",2627.84866943359,2865.32509765625,381.52515625
"93524",2917.98546142578,2906.63455810547,141.74546875
"92376",2740.00509033203,2264.79283447266,797.77546875
"7352",3141.21110839844,2519.34666748047,691.38734375
"93525",2908.46820068359,2910.35870361328,47.73015625
"94213",2985.52995605469,2876.93021240234,172.54203125
"92212",2977.31508789062,2297.64193115234,479.8303125
"94651",2681.06912841797,2896.25816650391,91.035
"93491",3096.61474609375,2770.83647460937,316.9065625
"94204",3002.31973876953,2867.34405517578,72.9725
"94194",3026.69954833984,2849.61358642578,181.39265625
"94351",2932.15863037109,2903.85545654297,202.841875
"94205",3009.06516113281,2863.18349609375,32.19640625
"94448",2797.76317138672,2924.92346191406,462.4903125
"94587",2660.52075195312,2888.373046875,70.624375
"94393",2710.99884033203,2909.54854736328,84.8034375
"94220",2975.45031738281,2885.47233886719,126.75359375
"94659",2690.88023681641,2902.76286621094,42.446875
"95834",2569.97894287109,2821.19523925781,90.5834375
"94349",2941.77176513672,2902.04132080078,182.11515625
"92357",2705.33542480469,2270.81090087891,736.4984375
"94398",2749.99010009766,2920.71787109375,209.9765625
"94399",2764.93669433594,2923.34921875,385.31828125
"94576",2609.55727539062,2857.66243896484,86.4290625
"94723",2697.66301269531,2906.43035888672,50.62015625
"92332",2578.21020507812,2348.35223388672,630.24578125
"90981",2860.65528564453,2254.52435302734,763.0503125
"90223",3113.22647705078,2429.98336181641,752.16765625
"91597",2606.36666259766,2322.99147949219,266.8734375
"93693",3045.66807861328,2837.85158691406,186.35984375
"94458",2826.34359130859,2929.06534423828,404.058125
"90177",3142.35391845703,2498.69660644531,523.85765625
"90991",2890.69104003906,2258.44896240234,719.61
"94656",2670.75437011719,2897.35303955078,103.54328125
"95558",2592.19909667969,2846.35802001953,209.29921875
"94401",2721.13430175781,2916.36141357422,92.70578125
"93497",3088.18343505859,2791.94328613281,214.8534375
"94354",2954.84674072266,2899.57661132812,295.63796875
"94669",2701.12360839844,2910.19517822266,34.36390625
"94360",2967.43134765625,2893.79594726562,159.26609375
"7372",3152.25550537109,2545.25444335937,781.60953125
"94206",3012.25390625,2867.05103759766,39.96328125
"94202",3018.98023681641,2863.02951660156,57.93546875
"90287",3000.18975830078,2303.09056396484,573.665
"90968",2839.38453369141,2249.28572998047,314.78421875
"94041",3154.73951416016,2622.73310546875,623.7884375
"93486",3111.27869873047,2759.24837646484,438.24140625
"94211",3002.70012207031,2874.90731201172,72.5209375
"90960",2819.31905517578,2248.26431884766,203.33859375
"94662",2689.54401855469,2907.52170410156,40.1890625
"94660",2679.36975097656,2903.37567138672,59.3353125
"94585",2648.25406494141,2888.31473388672,215.3953125
"6039",2487.11307373047,2491.64592285156,837.8290625
"6332",2489.73072509766,2698.16479492188,598.18484375
"94209",3009.68647460937,2872.12696533203,29.6225
"93527",2915.28957519531,2917.75947265625,200.90015625
"95808",2516.53228759766,2758.84993896484,669.1253125
"90155",3137.03519287109,2470.87778320313,666.37078125
"94218",2981.80560302734,2889.72026367187,150.95734375
"93530",2889.61588134766,2925.06893310547,288.50328125
"95561",2601.49244384766,2858.95549316406,127.52125
"94402",2708.70657958984,2916.72166748047,80.2878125
"93709",3065.47581787109,2825.66915283203,175.386875
"95837",2569.59938964844,2831.24125976562,119.43828125
"95827",2547.07874755859,2806.06457519531,450.79484375
"93699",3054.89626464844,2836.83411865234,203.24828125
"94653",2657.97427978516,2896.43891601562,159.6725
"93468",3134.63087158203,2718.95534667969,378.8609375
"90317",3048.2826171875,2335.28244628906,1196.1890625
"6037",2494.02679443359,2462.30162353516,306.0690625
"94216",2994.90299072266,2884.63416748047,216.569375
"94403",2721.77034912109,2922.78912353516,38.65375
"93471",3148.59465332031,2682.43460693359,955.91265625
"94405",2729.31617431641,2925.48480224609,139.984375
"94198",3038.38227539062,2855.09251708984,253.91359375
"94219",3000.75587158203,2882.70485839844,35.35734375
"94665",2684.71026611328,2911.26141357422,59.92234375
"94400",2700.07418212891,2917.29753417969,70.7146875
"94657",2661.44296875,2901.30255126953,35.53796875
"94203",3027.04776611328,2864.90777587891,111.9875
"94577",2613.13117675781,2872.48555908203,309.27515625
"93532",2881.92147216797,2931.24201660156,168.65859375
"94208",3019.67750244141,2871.20080566406,66.15390625
"90170",3146.30114746094,2482.78421630859,36.9378125
"91603",2647.34990234375,2283.92738037109,853.31765625
"94667",2691.41729736328,2916.01942138672,99.885625
"94664",2677.57242431641,2910.65981445312,69.76640625
"94404",2714.43889160156,2924.09836425781,103.498125
"94210",3015.03653564453,2875.97437744141,48.90421875
"94214",3009.46484375,2879.84814453125,60.148125
"95835",2557.13389892578,2825.56746826172,410.87671875
"94453",2806.16625976562,2939.13315429688,409.70265625
"93529",2907.07740478516,2927.13541259766,186.54046875
"93456",3087.52331542969,2809.05493164062,198.46171875
"90172",3150.56982421875,2487.63374023437,108.555625
"90336",3072.70123291016,2351.13984375,714.2815625
"94658",2664.21273193359,2906.88316650391,97.89875
"94044",3162.40715332031,2642.21254882812,246.86921875
"94407",2741.19542236328,2933.25910644531,389.969375
"95560",2586.89406738281,2857.26420898437,144.72578125
"93506",3079.26403808594,2821.66215820312,530.2246875
"90227",3133.93215332031,2441.55423583984,786.8025
"93536",2872.69079589844,2936.61199951172,314.15203125
"94663",2670.53854980469,2910.58220214844,73.83046875
"90961",2819.48756103516,2237.49986572266,254.9521875
"93458",3097.04451904297,2800.88696289062,206.68015625
"93572",2964.58687744141,2908.76267089844,77.3978125
"92385",2765.01368408203,2240.74069824219,459.10359375
"93494",3110.58143310547,2782.29923095703,521.50953125
"95557",2569.52385253906,2843.46851806641,401.75515625
"94406",2717.34105224609,2929.69205322266,35.71859375
"94221",3006.48984375,2887.16134033203,83.31328125
"92372",2737.524609375,2244.30297851562,231.60640625
"93528",2934.55278320312,2922.88146972656,445.7825
"6327",2472.87204589844,2680.73751220703,661.31328125
"91003",2929.956640625,2254.80886230469,1161.41875
"90967",2832.72689208984,2235.78658447266,98.26
"92379",2749.75456542969,2241.20367431641,119.754375
"91592",2607.4546875,2301.97805175781,421.89484375
"90169",3152.68963623047,2480.0044921875,36.8475
"95559",2577.32886962891,2853.53072509766,186.585625
"94672",2679.94873046875,2918.56921386719,68.05046875
"93473",3162.87344970703,2663.05767822266,710.08203125
"95567",2598.96029052734,2872.16473388672,41.0921875
"93574",2954.95755615234,2917.38884277344,263.7125
"91006",2974.36270751953,2270.85032958984,381.61546875
"92351",2693.11086425781,2254.65716552734,304.12734375
"94674",2697.90228271484,2926.43856201172,154.795625
"91036",2989.74675292969,2278.61072998047,561.78890625
"93594",2988.9154296875,2901.27827148437,151.31859375
"94207",3038.04443359375,2868.28017578125,77.35265625
"93531",2915.73491210937,2932.15614013672,90.08671875
"94042",3170.65626220703,2621.81192626953,329.05359375
"94408",2723.24020996094,2935.04398193359,61.90921875
"93710",3069.15825195312,2840.88801269531,288.59359375
"94457",2817.47814941406,2947.13282470703,217.15640625
"93587",2978.80673828125,2907.40756835938,232.9159375
"94217",3019.18754882812,2883.33405761719,93.69921875
"94409",2709.22828369141,2931.39412841797,83.5390625
"6036",2483.85812988281,2454.00042724609,274.05328125
"94215",3027.73050537109,2877.59365234375,110.40703125
"92348",2676.42027587891,2259.26575927734,473.1471875
"92364",2725.28448486328,2242.67457275391,232.28375
"93533",2901.18675537109,2937.78946533203,137.95234375
"93469",3142.0482421875,2737.10189208984,537.85609375
"90175",3161.050390625,2495.11212158203,200.9453125
"6333",2484.49604492187,2729.27840576172,898.42875
"90972",2839.69996337891,2231.52849121094,146.5771875
"91004",2962.45046386719,2262.31920166016,572.039375
"94652",2622.89912109375,2893.07294921875,488.3196875
"92330",2570.47491455078,2326.55936279297,394.34953125
"90978",2856.79936523437,2232.84084472656,418.19203125
"95569",2603.7890625,2880.63568115234,162.381875
"7362",3169.39080810547,2528.02513427734,615.25390625
"95829",2533.81285400391,2814.16198730469,544.71984375
"94410",2715.40385742187,2935.47749023437,39.918125
"91549",2502.66437988281,2410.80378417969,501.09890625
"93571",2968.54282226563,2915.69631347656,157.685625
"93688",3046.37634277344,2866.02713623047,108.73625
"90951",2794.03155517578,2229.82973632812,528.328125
"6038",2473.90383300781,2471.94215087891,508.41421875
"93703",3059.61214599609,2855.38096923828,408.52859375
"94679",2685.57541503906,2926.87041015625,116.63859375
"92334",2516.28969726562,2386.40592041016,640.81234375
"93470",3153.51888427734,2716.13515625,539.2559375
"94722",2671.61412353516,2921.44066162109,80.69421875
"90160",3155.91137695312,2469.39360351562,214.401875
"94737",2664.83031005859,2918.80599365234,65.7475
"94666",2650.85885009766,2912.19421386719,269.0409375
"94661",2634.85743408203,2903.62884521484,391.053125
"90204",3100.60347900391,2366.83620605469,758.805625
"93538",2891.6369140625,2944.04866943359,50.25890625
"92333",2532.54490966797,2362.29484863281,1056.65625
"94224",3014.20687255859,2892.67596435547,79.655625
"94461",2831.85863037109,2952.06348876953,718.75203125
"91589",2587.78619384766,2306.88485107422,718.75203125
"90963",2827.44053955078,2226.75346679687,78.1203125
"94228",3007.459375,2897.85523681641,125.6246875
"93535",2904.33876953125,2941.91370849609,30.4353125
"92377",2748.07884521484,2232.11037597656,92.9315625
"93593",2999.08741455078,2903.49229736328,154.7053125
"95563",2583.20229492187,2870.39645996094,188.07578125
"94222",3026.83090820313,2885.86496582031,38.834375
"94212",3038.44370117188,2877.48989257812,147.1190625
"93545",2867.54016113281,2950.36763916016,380.4865625
"90956",2812.45306396484,2225.21595458984,235.8059375
"6035",2480.73371582031,2443.49890136719,321.6028125
"93540",2884.37891845703,2948.11605224609,72.430625
"6328",2469.02670898438,2706.5361328125,437.78984375
"77384",2449.94010009766,2576.35352783203,428.93921875
"94412",2717.90031738281,2942.01020507812,83.13265625
"92331",2553.60129394531,2334.12573242188,701.50234375
"93534",2919.22331542969,2940.14315185547,231.60640625
"94225",3019.91096191406,2892.56514892578,38.834375
"93461",3104.71153564453,2812.92019042969,335.60125
"92354",2698.59871826172,2242.95098876953,331.58234375
"94411",2702.80534667969,2938.36201171875,85.1646875
"93539",2899.80197753906,2946.18072509766,49.671875
"93508",3119.18477783203,2795.16647949219,305.6175
"94045",3177.50565185547,2647.65433349609,290.3546875
"90174",3169.13410644531,2492.51812744141,145.35796875
"95565",2589.74289550781,2879.77156982422,399.0909375
"90959",2823.20548095703,2222.43311767578,59.1546875
"94687",2695.15493164062,2936.99300537109,99.38890625
"92369",2737.47957763672,2230.419921875,81.86828125
"77415",2453.18404541016,2656.7845703125,668.0415625
"90973",2846.85108642578,2223.05505371094,87.46765625
"94413",2709.25028076172,2942.21253662109,56.174375
"92382",2755.50078125,2226.462109375,78.3009375
"93541",2892.33231201172,2949.6162109375,41.40828125
"94415",2731.90062255859,2948.61970214844,382.2025
"77405",2448.86099853516,2633.77314453125,417.5146875
"90161",3165.00675048828,2472.15714111328,197.1521875
"95821",2502.80341796875,2787.7078125,474.7728125
"94226",3025.50029296875,2893.58801269531,49.62671875
"93695",3051.88785400391,2874.01228027344,181.57328125
"95564",2572.13714599609,2869.07746582031,164.6396875
"95824",2510.67131347656,2800.58419189453,661.9003125
"92387",2764.78312988281,2222.76245117188,158.769375
"90947",2778.70748291016,2220.86260986328,368.42984375
"94673",2658.20358886719,2925.69958496094,169.56171875
"95562",2561.74622802734,2860.55671386719,202.52578125
"94724",2683.59049072266,2937.45681152344,148.293125
"94223",3032.85187988281,2891.05938720703,139.80375
"93590",2996.66420898437,2914.35822753906,80.15234375
"94682",2675.33889160156,2934.56710205078,144.63546875
"6034",2480.89329833984,2425.91452636719,472.65046875
"94655",2605.29544677734,2897.15257568359,334.0659375
"6031",2496.75733642578,2396.23985595703,243.5728125
"93577",2983.61247558594,2921.75277099609,234.45125
"94680",2667.18627929688,2931.58110351562,86.519375
"94234",3006.16964111328,2909.51513671875,51.3878125
"93737",3087.46687011719,2844.08630371094,183.0634375
"90997",2903.37235107422,2227.50572509766,575.06484375
"93542",2936.57423095703,2942.30882568359,289.76765625
"94229",3020.66986083984,2901.12408447266,95.50546875
"90969",2837.60546875,2217.05192871094,154.8859375
"92362",2718.76608886719,2228.90710449219,296.9475
"93544",2896.79937744141,2954.08140869141,54.05203125
"93543",2906.24774169922,2951.95059814453,141.1584375
"90338",3087.58121337891,2334.00786132812,727.33171875
"77388",2441.1435546875,2585.97330322266,194.84921875
"93553",2858.38149414062,2961.04327392578,418.869375
"6330",2480.9640625,2757.79656982422,948.23609375
"92374",2744.01665039062,2222.46922607422,106.2978125
"90179",3183.92547607422,2526.84102783203,337.63328125
"94668",2631.24161376953,2916.12069091797,168.02640625
"92365",2730.19605712891,2224.80963134766,104.80765625
"90163",3172.16741943359,2476.68916015625,124.94734375
"93585",2967.31492919922,2931.99987792969,287.23890625
"94414",2708.76115722656,2949.02581787109,106.1171875
"93537",2951.10682373047,2938.875,326.2990625
"93546",2891.04631347656,2957.06595458984,65.566875
"92358",2706.26179199219,2230.61519775391,271.34390625
"90212",3141.18433837891,2404.34598388672,399.361875
"90984",2873.0033203125,2218.99597167969,378.4996875
"93547",2882.34045410156,2958.86162109375,98.5309375
"93354",3097.33463134766,2837.18897705078,335.55609375
"90954",2806.68900146484,2214.15661621094,170.91640625
"93474",3173.05290527344,2704.62052001953,774.56515625
"90965",2827.45153808594,2213.84014892578,129.55328125
"93707",3064.96594238281,2870.79946289062,230.97421875
"90976",2853.07459716797,2215.41854248047,172.496875
"77375",2440.02419433594,2557.59957275391,540.56546875
"93475",3181.30035400391,2679.22946777344,371.72625
"90205",3122.02447509766,2370.49020996094,660.9971875
"94043",3190.96640625,2623.36707763672,612.7703125
"92381",2752.65485839844,2217.33830566406,91.3059375
"94690",2697.42976074219,2948.60061035156,65.025
"92345",2660.44957275391,2244.69768066406,558.89890625
"94236",3009.39615478516,2914.22603759766,47.45921875
"77403",2438.02308349609,2623.84956054687,701.9990625
"94233",3017.07603759766,2909.75751953125,91.80265625
"93505",3115.11345214844,2820.76463623047,293.0640625
"77434",2450.37547607422,2692.45281982422,561.51796875
"94227",3042.35523681641,2892.78719482422,180.21859375
"93736",3087.30832519531,2853.24497070313,181.9796875
"90171",3180.441015625,2489.19781494141,251.38484375
"91009",2998.73546142578,2258.04720458984,329.1890625
"94676",2644.11799316406,2928.19936523437,257.751875
"92336",2604.27673339844,2273.80789794922,964.85359375
"94237",3004.61428222656,2918.78482666016,61.6834375
"73507",2461.17998046875,2450.81168212891,371.9971875
"94726",2688.02144775391,2948.37711181641,148.0221875
"94232",3024.71877441406,2907.22598876953,54.59390625
"90949",2789.77076416016,2209.90599365234,128.96625
"91010",3013.50234375,2264.64445800781,324.1315625
"93591",2996.18234863281,2924.73503417969,141.11328125
"93476",3189.78914794922,2658.46527099609,343.91
"94677",2630.84462890625,2923.3126953125,27.9065625
"95830",2512.6498046875,2821.65572509766,573.98109375
"94032",3192.75211181641,2640.13590087891,305.25625
"92355",2693.29617919922,2228.51053466797,112.4390625
"93550",2923.97966308594,2955.09182128906,269.17640625
"77392",2433.60665283203,2598.59609375,606.67421875
"91002",2933.76483154297,2227.05229492187,792.62765625
"94419",2715.09382324219,2958.04918212891,75.45609375
"92347",2677.00942382812,2233.58625488281,243.5728125
"94231",3030.2998046875,2905.40334472656,42.85328125
"93551",2882.61188964844,2965.84693603516,56.94203125
"93500",3136.38295898437,2796.66082763672,471.92796875
"93472",3156.59536132812,2761.57384033203,721.64203125
"93548",2912.20521240234,2959.59125976562,154.47953125
"95570",2565.42513427734,2879.54475097656,162.42703125
"94725",2665.09219970703,2941.65887451172,157.9565625
"91005",2966.48319091797,2238.23323974609,856.6140625
"92386",2763.12670898438,2210.45280761719,159.26609375
"94423",2744.51801757812,2966.15240478516,488.36484375
"93552",2895.04293212891,2964.23969726562,130.72734375
"94418",2707.43967285156,2957.40815429687,96.04734375
"94420",2725.36417236328,2962.26597900391,175.92875
"6032",2479.76667480469,2403.60327148438,352.26390625
"90180",3193.96838378906,2531.23546142578,173.580625
"77416",2436.84395751953,2653.8029296875,278.885
"90159",3180.96936035156,2474.78848876953,76.72046875
"94675",2623.09522705078,2921.92750244141,78.16546875
"93701",3055.34409179688,2888.87275390625,128.37921875
"92375",2746.97982177734,2211.91187744141,63.89609375
"95576",2594.71319580078,2904.17503662109,254.68125
"92367",2731.34799804688,2214.84537353516,180.12828125
"93582",2975.07678222656,2939.29584960937,116.18703125
"92371",2740.29831542969,2212.48214111328,46.24
"93734",3084.46634521484,2864.18955078125,347.7934375
"93711",3062.815625,2884.56278076172,92.52515625
"94239",3015.03861083984,2919.19426269531,88.37078125
"73503",2463.08708496094,2432.14571533203,170.6003125
"90178",3192.13992919922,2507.83659667969,535.6434375
"90975",2849.57042236328,2205.09486083984,122.9153125
"94678",2632.9646484375,2930.31896972656,109.7296875
"94738",2697.59432373047,2957.71071777344,102.595
"6029",2492.37639160156,2376.81893310547,593.94015625
"90979",2858.96773681641,2205.68836669922,77.7590625
"90152",3180.53792724609,2463.66087646484,294.3284375
"90995",2897.26940917969,2211.86954345703,388.02765625
"77437",2444.79320068359,2701.61397705078,72.3403125
"94230",3038.44100341797,2905.42326660156,131.2240625
"90214",3157.96934814453,2410.85877685547,416.52125
"90337",3061.73216552734,2291.79755859375,657.3846875
"77381",2428.30888671875,2571.7447265625,140.706875
"90970",2837.97547607422,2203.21452636719,99.11796875
"94694",2673.64075927734,2950.18668212891,81.1909375
"93503",3131.20244140625,2813.20615234375,287.60015625
"90953",2802.26240234375,2202.47866210937,99.524375
"6033",2469.59842529297,2414.10396728516,123.9990625
"93580",2980.23052978516,2940.23653564453,69.76640625
"94238",3022.96440429687,2916.98376464844,48.4978125
"77449",2453.21019287109,2729.3201171875,673.68609375
"95572",2567.25130615234,2888.51789550781,202.07421875
"94688",2649.91380615234,2941.11123046875,197.82953125
"93562",2842.17857666016,2977.03431396484,638.10296875
"90340",3078.2384765625,2304.1142578125,387.9825
"93558",2862.25028076172,2975.31958007812,182.3409375
"90982",2866.52456054687,2204.57045898437,111.21984375
"93575",2989.30909423828,2936.98096923828,199.3196875
"93554",2895.68894042969,2970.07680664062,48.27203125
"90950",2794.60659179687,2201.32277832031,88.00953125
"95566",2547.58302001953,2872.15145263672,720.19703125
"93569",2961.38796386719,2950.43259277344,268.8603125
"93697",3050.76683349609,2899.81069335937,149.15109375
"90948",2779.46160888672,2201.63239746094,269.08609375
"93361",3111.69104003906,2842.36368408203,404.01296875
"90989",2883.1634765625,2205.80935058594,125.2634375
"94242",3005.77680664062,2929.95020751953,155.56328125
"94670",2607.87097167969,2920.27232666016,354.6571875
"93549",2941.21644287109,2959.02161865234,266.3315625
"91007",2994.39664306641,2242.85241699219,422.16578125
"94422",2716.25074462891,2967.58138427734,87.73859375
"90957",2814.59051513672,2199.07803955078,308.64296875
"90964",2826.57601318359,2199.15378417969,271.52453125
"92356",2698.79503173828,2216.55927734375,190.198125
"94235",3032.97161865234,2914.10401611328,102.82078125
"93713",3071.4185546875,2884.96827392578,190.0175
"94681",2620.93287353516,2929.65635986328,131.99171875
"73514",2451.55107421875,2442.87945556641,170.9615625
"90211",3154.87979736328,2394.41140136719,242.26328125
"93560",2875.53568115234,2977.02518310547,192.13984375
"74031",2428.55064697266,2523.15631103516,546.57125
"90156",3190.14421386719,2475.12197265625,92.79609375
"77440",2442.19526367187,2711.81791992187,294.73484375
"92368",2735.92940673828,2205.41838378906,103.5884375
"93557",2888.20308837891,2975.12824707031,122.05734375
"90971",2839.62587890625,2198.01346435547,43.48546875
"92380",2750.72305908203,2202.48094482422,179.04453125
"92349",2682.19844970703,2220.16430664062,284.845625
"90985",2875.37443847656,2201.599609375,91.80265625
"92361",2720.03693847656,2208.44464111328,116.9546875
"93478",3200.70010986328,2665.44913330078,299.656875
"94721",2663.08444824219,2952.30504150391,136.50734375
"94421",2705.40577392578,2967.38756103516,112.21328125
"74032",2439.05549316406,2474.17257080078,933.1990625
"94727",2676.64066162109,2957.84830322266,147.70609375
"90992",2891.05565185547,2203.7943359375,50.07828125
"73510",2459.56838378906,2420.169140625,157.27921875
"94684",2629.69434814453,2937.53670654297,26.6421875
"95573",2568.746484375,2897.61285400391,186.224375
"90221",3173.08403320312,2423.98874511719,689.94234375
"94702",2686.13862304687,2962.72231445312,178.14140625
"92344",2660.74196777344,2226.42392578125,281.594375
"92360",2710.64896240234,2208.99166259766,202.97734375
"93477",3195.66485595703,2694.42321777344,500.55703125
"93492",3158.80129394531,2783.95399169922,744.31046875
"73497",2465.16871337891,2406.36141357422,69.9921875
"94424",2723.10947265625,2974.42205810547,86.65484375
"93561",2903.12976074219,2975.32580566406,170.28421875
"90226",3181.09490966797,2439.39354248047,315.4615625
"6326",2420.27331542969,2560.35003662109,189.114375
"94243",3015.14237060547,2931.45098876953,83.3584375
"93727",3082.43514404297,2881.92520751953,317.40328125
"90199",3116.52250976562,2332.53156738281,894.9065625
"94241",3024.2203125,2926.54875488281,109.0071875
"93555",2928.83624267578,2969.59224853516,205.23515625
"93381",3128.57545166016,2832.78603515625,305.93359375
"7361",3207.13114013672,2528.88841552734,551.99
"93579",2980.64868164062,2950.37199707031,106.16234375
"6277",2421.02495117187,2540.65103759766,472.334375
"93704",3060.01929931641,2902.14342041016,138.76515625
"95580",2590.84503173828,2917.55485839844,182.47640625
"94240",3031.51026611328,2922.65838623047,85.48078125
"90168",3197.72095947266,2483.44578857422,396.60734375
"90980",2861.35068359375,2195.01024169922,117.948125
"92366",2728.87291259766,2201.63115234375,55.6325
"94692",2652.87282714844,2952.67276611328,100.969375
"94426",2733.53919677734,2978.97047119141,173.76125
"94038",3212.38511962891,2605.38862304687,872.8703125
"93356",3101.40305175781,2865.92607421875,207.3575
"94689",2634.04769287109,2944.15886230469,155.83421875
"92384",2758.15267333984,2195.51057128906,157.00828125
"90974",2840.68464355469,2192.12779541016,186.946875
"94683",2617.02133789063,2935.43640136719,69.58578125
"93559",2913.23326416016,2975.84896240234,211.2409375
"6027",2497.34606933594,2348.98413085938,784.99625
"77402",2417.6888671875,2622.14229736328,426.5459375
"90977",2852.97664794922,2192.27202148437,28.13234375
"77383",2415.72386474609,2578.48205566406,434.1321875
"92370",2736.65863037109,2197.74099121094,71.84359375
"95577",2579.34741210938,2912.57999267578,417.063125
"77421",2421.90794677734,2663.98695068359,304.8046875
"91001",2930.53271484375,2206.66868896484,701.9990625
"90339",3096.43773193359,2305.34775390625,714.59765625
"90946",2773.14014892578,2191.71483154297,101.51125
"91011",3020.37041015625,2245.84547119141,521.69015625
"94428",2747.54033203125,2984.76711425781,293.83171875
"90994",2898.38358154297,2197.64241943359,171.413125
"94707",2691.56588134766,2971.11212158203,94.3765625
"94425",2710.16917724609,2976.72531738281,109.05234375
"94247",3011.73240966797,2939.11883544922,59.9675
"93581",2976.01145019531,2956.95534667969,79.2040625
"94730",2698.25174560547,2973.47120361328,85.074375
"93592",2993.41279296875,2948.97248535156,157.09859375
"95575",2571.86384277344,2908.78695068359,140.57140625
"94686",2622.97279052734,2941.95458984375,71.21140625
"93568",2881.08890380859,2985.49862060547,93.56375
"92388",2765.11765136719,2191.29294433594,124.04421875
"94250",3005.84051513672,2943.10113525391,134.33984375
"6030",2469.35438232422,2385.06617431641,564.5434375
"93564",2894.93543701172,2983.42529296875,107.471875
"93716",3070.96076660156,2899.43757324219,137.22984375
"90987",2880.35968017578,2193.19880371094,50.4846875
"93689",3049.98759765625,2915.73989257812,221.67203125
"73506",2438.02474365234,2449.99260253906,293.9671875
"93304",2859.90240478516,2989.38068847656,203.69984375
"94693",2643.65169677734,2953.83840332031,129.7790625
"77417",2416.58278808594,2648.16151123047,382.2025
"73509",2453.65303955078,2411.68740234375,121.4703125
"92329",2523.63858642578,2311.45484619141,1131.29953125
"74027",2423.28815917969,2495.17603759766,788.29265625
"7390",3216.78826904297,2558.46596679687,1166.9278125
"73511",2446.79970703125,2425.31334228516,275.04671875
"94696",2661.17547607422,2962.42120361328,112.8003125
"77400",2412.21553955078,2608.78924560547,240.6828125
"92353",2689.98665771484,2206.06708984375,265.699375
"92378",2747.75386962891,2191.79576416016,46.059375
"94283",3041.52889404297,2923.67709960938,127.74703125
"90952",2802.19641113281,2186.3095703125,381.61546875
"91802",2788.14796142578,2186.69078369141,116.0515625
"93353",3094.34302978516,2881.64132080078,114.65171875
"92326",2579.29698486328,2261.13841552734,787.93140625
"92373",2738.30965576172,2192.54698486328,85.1646875
"90990",2887.47012939453,2191.59862060547,90.9446875
"92363",2723.69862060547,2195.32484130859,135.649375
"93570",2961.05614013672,2967.30621337891,286.3809375
"92343",2656.25726318359,2217.08471679688,321.693125
"94245",3020.4318359375,2938.92231445312,114.51625
"94427",2715.89526367188,2982.59604492188,115.058125
"77442",2429.34938964844,2714.70347900391,646.14078125
"93365",3113.71850585938,2864.40059814453,272.563125
"94729",2682.52508544922,2973.35955810547,71.16625
"93308",2845.04027099609,2994.54564208984,141.20359375
"94728",2668.8107421875,2968.61898193359,97.22140625
"90146",3198.41988525391,2455.74379882812,700.50890625
"93305",2871.35706787109,2992.02552490234,84.12609375
"93567",2887.14432373047,2989.5197265625,84.21640625
"90173",3208.70787353516,2487.62004394531,132.6690625
"94254",3003.86326904297,2950.04473876953,71.4371875
"91803",2783.81806640625,2183.80833740234,76.53984375
"94246",3027.547265625,2937.01583251953,52.24578125
"93383",3144.59616699219,2828.83631591797,453.910625
"93479",3212.33303222656,2678.88228759766,608.84171875
"93715",3065.81864013672,2910.96486816406,120.70265625
"73492",2454.05313720703,2400.31533203125,286.24546875
"94433",2759.66092529297,2993.52277832031,283.53609375
"93556",2947.53790283203,2975.17244873047,357.32140625
"73513",2438.11273193359,2433.92913818359,177.14796875
"77425",2417.88352050781,2682.50225830078,464.61265625
"95574",2551.39162597656,2900.85866699219,373.48734375
"91037",3079.98226318359,2279.63649902344,402.02609375
"94244",3036.67937011719,2932.30140380859,102.00796875
"93563",2921.03413085937,2983.78305664063,165.81375
"94731",2697.40382080078,2981.00021972656,97.04078125
"91008",2998.05832519531,2224.23563232422,717.3521875
"92339",2630.81142578125,2224.66561279297,496.94453125
"94685",2607.61177978516,2942.57424316406,320.1578125
"91816",2848.35954589844,2181.73334960937,357.456875
"91795",2757.06340332031,2184.39790039062,61.00609375
"91817",2862.66096191406,2183.05234375,141.790625
"94697",2652.21270751953,2965.404296875,98.03421875
"91786",2738.8826171875,2187.25191650391,33.82203125
"95568",2517.56697998047,2871.4029296875,762.64390625
"93566",2905.69470214844,2989.34271240234,90.62859375
"93586",2972.27526855469,2968.29898681641,146.2159375
"93307",2857.66368408203,2997.52126464844,25.9196875
"90983",2872.53743896484,2183.69088134766,266.37671875
"91789",2747.73353271484,2184.95010986328,52.561875
"94695",2633.98315429688,2957.95102539063,130.1403125
"92359",2705.86875,2194.12932128906,264.7059375
"95582",2591.09986572266,2933.64633789063,335.46578125
"93583",2978.30288085937,2966.45932617188,47.865625
"93306",2876.512890625,2995.86380615234,54.68421875
"94704",2674.39343261719,2975.74416503906,122.46375
"94429",2723.29312744141,2990.39711914062,177.87046875
"93576",2988.90816650391,2962.20476074219,188.1209375
"95578",2561.76137695312,2914.16357421875,169.92296875
"91805",2773.23208007812,2179.70546875,98.03421875
"77393",2402.81614990234,2587.27403564453,509.00125
"90176",3217.32947998047,2500.08221435547,589.018125
"6276",2404.04508056641,2552.87580566406,543.00390625
"94248",3033.71785888672,2939.70881347656,41.54375
"94430",2733.55144042969,2994.32276611328,111.31015625
"94442",2783.39534912109,3001.44836425781,778.80984375
"91804",2780.48343505859,2178.10694580078,121.2896875
"90996",2903.00068359375,2186.11512451172,116.864375
"94739",2701.68017578125,2986.95623779297,55.31640625
"94703",2658.41131591797,2972.08165283203,65.025
"91780",2718.08604736328,2187.93673095703,99.47921875
"77422",2408.07490234375,2663.64682617188,139.48765625
"6028",2473.88536376953,2355.72125244141,580.21265625
"93377",3125.91048583984,2862.76492919922,259.8290625
"94434",2746.00987548828,2997.72048339844,129.869375
"94251",3029.3501953125,2943.76499023438,42.94359375
"93730",3087.90224609375,2901.11889648438,330.8146875
"93718",3076.04395751953,2911.24854736328,116.63859375
"94258",3003.12844238281,2958.75495605469,169.92296875
"93348",2881.5896484375,2998.56072998047,60.148125
"93247",2899.42014160156,2995.30827636719,97.89875
"93565",2935.86555175781,2985.99915771484,258.79046875
"90998",2912.21413574219,2186.90535888672,299.16015625
"94698",2642.77866210938,2966.71851806641,132.08203125
"94691",2618.95355224609,2954.90111083984,308.0559375
"93700",3057.3703125,2926.05070800781,148.3834375
"93507",3194.27115478516,2757.220703125,757.0896875
"93359",3103.95678710938,2887.22318115234,387.26
"94253",3024.64780273438,2947.59455566406,47.09796875
"93309",2853.89139404297,3002.69140625,46.3303125
"93248",2890.30961914062,2997.67316894531,74.55296875
"92337",2613.00998535156,2226.92944335938,303.40484375
"93382",3136.34373779297,2852.91397705078,504.98234375
"93310",2837.09061279297,3004.51239013672,357.0053125
"94257",3015.75932617187,2953.36401367188,102.6853125
"94431",2713.74909667969,2992.67651367188,67.77953125
"92352",2693.60828857422,2192.24649658203,144.99671875
"73512",2425.33699951172,2444.92891845703,239.5990625
"90988",2882.64841308594,2179.40207519531,184.96
"92342",2658.28099365234,2204.26125488281,283.8521875
"91781",2727.82307128906,2182.76741943359,139.39734375
"93313",2862.57774658203,3003.12138671875,133.43671875
"76999",2455.89736328125,2800.17102050781,804.00703125
"91788",2741.70218505859,2179.44503173828,95.86671875
"93714",3066.76160888672,2922.0775390625,140.165
"94031",3229.5982421875,2634.29920654297,1040.89671875
"77404",2400.15512695313,2632.30307617188,591.05015625
"74028",2402.50424804688,2526.86343994141,417.24375
"90993",2895.00806884766,2179.68305664062,228.490625
"94432",2706.80134277344,2993.7265625,85.20984375
"94249",3041.35270996094,2941.52149658203,101.9628125
"90219",3199.14246826172,2423.90802001953,592.81125
"91794",2751.65378417969,2175.75948486328,150.68640625
"93578",2986.71676025391,2971.99698486328,121.42515625
"94256",3025.77836914062,2952.21290283203,32.37703125
"90201",3162.75972900391,2355.31306152344,973.2075
"90164",3219.48872070312,2478.66059570312,276.31109375
"91030",3055.58149414062,2245.83758544922,483.66859375
"7355",3229.87258300781,2526.49405517578,797.86578125
"93249",2897.47672119141,3001.41682128906,37.028125
"92335",2599.14145507813,2229.47176513672,632.6390625
"92321",2582.558984375,2239.91435546875,529.8634375
"91035",3086.62537841797,2269.32713623047,308.91390625
"94701",2633.44298095703,2968.49343261719,54.368125
"93312",2870.59837646484,3006.07272949219,97.04078125
"91018",3069.66397705078,2255.57751464844,132.3078125
"91000",2934.96346435547,2187.0068359375,373.2615625
"94733",2688.50559082031,2990.44007568359,122.50890625
"93696",3052.71585693359,2936.5873046875,200.44859375
"77396",2394.65751953125,2603.14720458984,438.6478125
"92350",2683.07086181641,2190.32673339844,300.6503125
"94252",3033.30219726562,2949.26612548828,50.71046875
"91778",2712.14517822266,2181.67296142578,111.445625
"90193",3123.77407226562,2303.71000976562,826.67546875
"92328",2533.60159912109,2276.11240234375,734.42125
"93724",3077.46214599609,2919.57194824219,33.1446875
"93251",2910.92357177734,3000.32132568359,211.91828125
"94732",2678.04266357422,2988.633203125,301.7340625
"90198",3147.33044433594,2329.89835205078,632.77453125
"93589",2974.06678466797,2980.51068115234,123.77328125
"94708",2663.29466552734,2983.57719726562,213.90515625
"94435",2713.29234619141,2999.37420654297,38.111875
"93246",2924.58997802734,2997.44033203125,201.396875
"77446",2415.00543212891,2725.44738769531,583.960625
"74023",2399.994921875,2510.75992431641,470.166875
"94734",2695.66003417969,2995.21800537109,138.9909375
"94261",3023.39583740234,2957.52581787109,70.624375
"94705",2639.5421875,2974.44384765625,36.71203125
"90999",2922.54072265625,2180.66337890625,276.9884375
"90149",3218.04168701172,2461.43502197266,257.52609375
"91796",2766.0958984375,2169.26287841797,392.136875
"91811",2826.56003417969,2166.58089599609,285.1165625
"93311",2878.63021240234,3008.22283935547,103.3175
"90210",3193.69715576172,2400.21198730469,481.726875
"95586",2587.59963378906,2947.11746826172,96.40859375
"93254",2888.74139404297,3006.92335205078,120.476875
"93573",2962.26701660156,2986.98612060547,236.5284375
"94269",3002.73436279297,2969.75411376953,104.04
"94438",2767.3775390625,3011.26134033203,302.7275
"77433",2404.69606933594,2697.93237304688,641.8509375
"91806",2792.41477050781,2165.93052978516,544.945625
"94265",3013.00139160156,2965.44497070312,86.92578125
"92322",2556.35383300781,2252.71000976562,281.09765625
"91814",2849.99749755859,2166.31527099609,292.1609375
"94699",2624.70661621094,2969.63645019531,171.8646875
"94255",3039.433984375,2950.70444335938,40.95671875
"93720",3074.70400390625,2926.47155761719,63.62515625
"77423",2397.17307128906,2669.86909179687,436.1190625
"91782",2729.56416015625,2172.88969726562,189.114375
"94436",2721.31733398437,3004.95004882813,184.46328125
"93314",2847.08537597656,3014.2361328125,203.203125
"92338",2615.83121337891,2213.34376220703,227.72296875
"73490",2436.54803466797,2394.34748535156,779.62265625
"73502",2423.01547851563,2422.85942382812,385.634375
"92346",2665.75460205078,2190.59422607422,507.42078125
"91031",3068.07915039062,2246.91647949219,139.08125
"73504",2417.83952636719,2434.78640136719,126.07625
"94709",2651.97094726562,2983.70129394531,239.73453125
"95579",2539.26563720703,2915.56619873047,715.5459375
"93253",2901.54327392578,3007.837890625,72.11453125
"94706",2633.27322998047,2976.19510498047,56.2646875
"91810",2816.08009033203,2162.59071044922,199.99703125
"93315",2861.86885986328,3014.46066894531,96.9053125
"94281",3046.45146484375,2948.94571533203,79.88140625
"91032",3084.29783935547,2257.62282714844,227.045625
"94441",2733.20986328125,3009.405078125,222.9815625
"95571",2517.35074462891,2896.7833984375,865.374375
"92341",2641.44742431641,2198.79249267578,478.295
"93729",3084.24471435547,2922.17009277344,123.18625
"77411",2390.50360107422,2643.35950927734,270.35046875
"94264",3019.60092773438,2965.68465576172,61.09640625
"93380",3127.75969238281,2882.10139160156,457.70375
"93250",2937.593359375,2999.99759521484,169.38109375
"94259",3036.44819335937,2956.28298339844,28.2678125
"91020",3080.00280761719,2252.89719238281,93.925
"74021",2398.12081298828,2486.70073242187,791.0471875
"95584",2575.47572021484,2946.14586181641,418.01140625
"93721",3072.80914306641,2933.19353027344,95.14421875
"94260",3032.82531738281,2959.85460205078,73.9659375
"6026",2469.33695068359,2334.69163818359,617.69234375
"94439",2748.69600830078,3014.09294433594,382.021875
"91772",2700.64735107422,2175.42849121094,240.1409375
"94268",3012.15969238281,2971.82412109375,40.32453125
"93588",2979.62685546875,2986.99794921875,100.6984375
"91815",2863.53524169922,2162.07564697266,245.830625
"93256",2893.01733398438,3012.95013427734,81.0103125
"76997",2415.04755859375,2749.42751464844,457.47796875
"91812",2837.97215576172,2159.57960205078,201.8484375
"94263",3026.49140625,2964.99403076172,67.32796875
"94712",2642.99614257812,2984.84700927734,131.314375
"94437",2706.61104736328,3006.89616699219,199.27453125
"93735",3092.45065917969,2919.60805664062,244.1146875
"93316",2872.1998046875,3017.11318359375,96.3634375
"93487",3212.58599853516,2757.38713378906,545.26171875
"77291",2453.26456298828,2825.05198974609,703.21828125
"95588",2590.72093505859,2958.70349121094,364.72703125
"93511",3232.32297363281,2701.30124511719,851.646875
"95581",2558.18021240234,2937.09136962891,680.23375
"94272",3008.05142822266,2976.18306884766,52.33609375
"6023",2496.79987792969,2297.38190917969,811.32234375
"93584",2989.64735107422,2985.00078125,228.62609375
"93692",3051.01689453125,2951.9802734375,56.2646875
"91790",2744.88864746094,2162.79926757812,174.52890625
"94700",2604.09930419922,2967.48924560547,334.6078125
"94276",3001.28214111328,2980.3357421875,123.90875
"91776",2714.65491943359,2168.63430175781,223.47828125
"91034",3108.523046875,2271.48658447266,354.07015625
"94735",2690.95639648438,3004.64250488281,154.20859375
"94262",3040.99660644531,2959.37855224609,57.258125
"93257",2919.33413085937,3010.23972167969,155.02140625
"93252",2950.46641845703,3001.30538330078,308.64296875
"93708",3065.26622314453,2943.52406005859,183.334375
"77390",2381.63587646484,2582.49112548828,273.42109375
"92317",2564.35661621094,2235.95197753906,315.37125
"91807",2801.49852294922,2156.28771972656,163.42046875
"91015",3049.79584960937,2224.82727050781,372.990625
"93726",3081.63059082031,2932.01212158203,47.4140625
"92324",2540.92371826172,2253.25018310547,458.38109375
"95237",2819.76646728516,3023.65461425781,354.52171875
"91792",2754.39677734375,2159.81575927734,89.59
"93292",2972.0017578125,2994.46304931641,49.53640625
"91012",3014.65490722656,2203.93690185547,981.10984375
"93373",3119.998046875,2899.39710693359,462.6709375
"90142",3227.64154052734,2452.31951904297,390.9628125
"92730",2897.74130859375,2162.60710449219,543.0490625
"94710",2621.90115966797,2979.60133056641,37.750625
"73505",2405.97376708984,2440.45313720703,454.7234375
"94271",3019.16057128906,2974.35751953125,27.40984375
"90208",3198.55415039062,2383.25826416016,329.640625
"93261",2885.17932128906,3019.64201660156,88.0546875
"93360",3103.57889404297,2916.12836914062,278.65921875
"93259",2896.29095458984,3017.82808837891,80.55875
"91783",2732.05750732422,2161.66641845703,258.97109375
"94711",2614.41821289062,2976.85626220703,144.18390625
"94443",2769.50378417969,3023.39002685547,305.3465625
"90162",3237.8525390625,2483.00688476562,272.24703125
"90153",3235.15893554688,2472.53275146484,148.15765625
"93317",2854.13439941406,3024.17196044922,200.855
"91809",2811.89608154297,2153.29881591797,105.53015625
"6024",2478.15798339844,2312.17514648438,420.675625
"95240",2834.74273681641,3025.84685058594,254.139375
"91019",3082.31353759766,2243.93089599609,142.9646875
"93690",3047.46021728516,2959.97247314453,43.84671875
"77413",2381.53190917969,2649.85694580078,198.46171875
"94277",3010.32563476562,2981.30817871094,11.92125
"90195",3148.45665283203,2305.97840576172,547.9259375
"93722",3075.54819335938,2941.63999023438,108.14921875
"90187",3248.40054931641,2523.78488769531,405.81921875
"92340",2621.15886230469,2196.40788574219,566.30453125
"91813",2847.82456054688,2152.46209716797,87.6934375
"94270",3026.29011230469,2974.09583740234,51.7490625
"94274",3015.31129150391,2980.21849365234,47.143125
"77397",2376.32897949219,2605.38924560547,467.68328125
"93498",3203.45783691406,2794.22641601563,480.05609375
"6275",2378.61459960938,2538.00723876953,494.32546875
"94267",3032.62340087891,2971.43834228516,87.6934375
"93318",2873.02573242188,3025.32825927734,163.87203125
"93698",3055.185546875,2957.76882324219,49.08484375
"93262",2910.63096923828,3019.01779785156,127.9728125
"94440",2701.55877685547,3014.78107910156,62.135
"92732",2875.04676513672,2153.80267333984,444.3375
"90181",3245.08023681641,2496.73347167969,363.46265625
"94714",2624.74812011719,2986.53352050781,164.14296875
"94713",2638.71356201172,2993.20402832031,223.56859375
"93255",2938.0416015625,3012.51413574219,173.26453125
"92318",2549.38387451172,2238.21207275391,96.49890625
"73480",2435.36641845703,2366.01712646484,773.1653125
"92721",2828.13116455078,2149.231640625,39.69234375
"94266",3041.68142089844,2967.73764648438,83.67453125
"91808",2807.93038330078,2148.83071289062,32.2415625
"93293",2964.69208984375,3004.52899169922,249.21734375
"73494",2414.49970703125,2404.97933349609,334.0659375
"92722",2821.79289550781,2148.71055908203,73.9659375
"93297",2976.00107421875,3000.49958496094,89.95125
"91029",3075.36080322266,2233.28369140625,114.92265625
"92719",2834.07742919922,2148.70557861328,44.975625
"90209",3213.98447265625,2400.67911376953,400.7165625
"94736",2695.43819580078,3014.74870605469,43.12421875
"91771",2702.14937744141,2162.71314697266,115.23875
"93298",2982.6466796875,2998.34636230469,63.760625
"94671",2686.05623779297,3012.3833984375,155.518125
"93705",3063.47512207031,2955.15552978516,209.0734375
"77410",2374.93922119141,2632.02935791016,384.32484375
"76947",2396.36893310547,2731.88754882813,359.624375
"93266",2904.38297119141,3022.81000976562,92.79609375
"92327",2509.59138183594,2269.33958740234,492.38375
"91791",2745.83099365234,2152.49094238281,86.2484375
"94445",2731.63395996094,3024.55275878906,311.71359375
"90147",3239.27135009766,2462.34312744141,67.2828125
"94273",3025.04416503906,2979.73165283203,59.5159375
"77382",2372.29978027344,2572.48557128906,309.18484375
"93694",3051.58321533203,2964.37230224609,54.77453125
"91033",3110.14916992188,2258.93912353516,378.72546875
"94444",2712.97152099609,3021.24219970703,262.809375
"95233",2801.12436523438,3033.00523681641,319.48046875
"94278",3016.90089111328,2984.71834716797,37.750625
"93144",3004.97993164062,2990.73267822266,163.1946875
"93732",3092.32075195312,2936.32852783203,184.1471875
"93267",2897.11003417969,3025.97509765625,73.153125
"93263",2917.73353271484,3021.90812988281,54.6390625
"77419",2376.9453125,2664.38206787109,444.20203125
"91760",2676.42857666016,2167.41055908203,594.84328125
"90197",3171.38839111328,2324.15670166016,627.2203125
"91016",3066.06953125,2222.83342285156,203.6546875
"92313",2553.12150878906,2230.32301025391,54.68421875
"93269",2889.1599609375,3028.19161376953,87.241875
"93264",2927.02210693359,3020.40548095703,178.86390625
"94049",3257.35480957031,2640.31229248047,942.54640625
"91761",2689.93041992188,2162.3435546875,194.12671875
"91800",2771.42043457031,2146.42037353516,420.85625
"90144",3238.43504638672,2451.44046630859,103.36265625
"77317",2463.02005615234,2862.83942871094,891.97140625
"90185",3247.71677246094,2483.50700683594,60.91578125
"74030",2374.48247070312,2521.29008789062,308.64296875
"95235",2775.90368652344,3033.94405517578,408.935
"95609",2602.48729248047,2981.84129638672,122.77984375
"92718",2840.93325195312,2144.36904296875,88.5965625
"93319",2870.35059814453,3032.33951416016,34.860625
"92716",2858.53215332031,2145.69986572266,143.596875
"95236",2816.28325195312,3036.00783691406,113.47765625
"92728",2788.44305419922,2143.98056640625,258.51953125
"95308",2681.70559082031,3015.95065917969,76.22375
"92717",2850.32330322266,2144.4603515625,49.44609375
"77438",2384.54073486328,2709.08239746094,809.60640625
"95583",2532.38408203125,2935.64973144531,334.83359375
"92726",2803.91259765625,2142.96040039062,119.07703125
"93321",2861.26497802734,3034.19162597656,161.84
"93405",3171.02211914062,2859.85218505859,653.320625
"76978",2409.97038574219,2778.72387695312,674.815
"93351",2885.28142089844,3031.17325439453,46.3303125
"93299",2987.70247802734,3002.30625,51.7490625
"94715",2612.87260742187,2988.77639160156,85.3453125
"94279",3025.12115478516,2984.62745361328,40.68578125
"93480",3205.28795166016,2808.46599121094,130.8628125
"6025",2460.09154052734,2316.99125976562,404.058125
"92725",2817.56468505859,2142.10977783203,57.5290625
"91793",2755.31899414062,2146.06053466797,281.18796875
"92724",2825.34666748047,2142.05893554688,32.5125
"93323",2838.40421142578,3036.83646240234,252.7846875
"95592",2571.61419677734,2965.60393066406,233.50296875
"93294",2996.50441894531,2999.78986816406,185.63734375
"6274",2368.24775390625,2550.05665283203,354.025
"92723",2831.68597412109,2141.43699951172,68.32140625
"93147",3014.66735839844,2991.71300048828,54.368125
"77391",2365.94760742188,2591.73612060547,259.558125
"93364",3115.37202148437,2923.57147216797,535.14671875
"95309",2677.08205566406,3017.19847412109,116.72890625
"93145",3020.76905517578,2989.08352050781,29.803125
"94275",3038.41817626953,2979.55297851562,71.9790625
"93391",3143.07442626953,2896.74064941406,431.2421875
"95310",2695.54652099609,3022.88948974609,73.9659375
"92325",2516.41918945312,2253.43508300781,259.558125
"76961",2396.73229980469,2755.12475585938,525.21234375
"94716",2629.99421386719,3000.20615234375,189.15953125
"93731",3090.36591796875,2946.22222900391,203.0225
"94282",3047.55048828125,2975.54536132812,144.90640625
"95600",2552.99927978516,2956.23649902344,205.41578125
"74025",2372.22528076172,2504.36687011719,429.345625
"92309",2557.39744873047,2219.56748046875,258.2034375
"90148",3246.07155761719,2457.15804443359,148.1125
"91787",2739.22274169922,2144.95300292969,206.04796875
"90188",3262.12983398437,2529.70604248047,505.25328125
"93702",3058.63680419922,2969.47541503906,162.8334375
"91777",2714.8501953125,2149.62302246094,365.44953125
"92312",2546.32607421875,2226.82630615234,147.79640625
"93295",2978.49649658203,3010.79027099609,144.5
"94280",3034.69361572266,2984.41765136719,53.10375
"95340",2742.22243652344,3035.95927734375,303.3596875
"91767",2696.52891845703,2153.29819335938,152.1765625
"92713",2811.20275878906,2137.46237792969,68.77296875
"93273",2906.97883300781,3032.48477783203,76.22375
"90186",3255.01170654297,2485.10137939453,41.54375
"6325",2363.58728027344,2561.11474609375,143.46140625
"93409",3185.93717041016,2848.64779052734,697.16734375
"92731",2915.84676513672,2148.64187011719,701.90875
"77295",2422.65584716797,2815.21058349609,723.62890625
"95598",2516.25338134766,2929.62523193359,314.15203125
"92715",2846.91396484375,2138.26319580078,70.30828125
"95234",2812.41778564453,3042.25313720703,99.7953125
"93320",2877.87629394531,3037.87385253906,97.94390625
"91759",2642.43127441406,2171.30196533203,738.575625
"95597",2585.50057373047,2979.87484130859,315.7325
"77379",2362.71694335937,2569.50642089844,43.57578125
"93350",2885.01019287109,3037.18862304687,69.85671875
"73500",2396.96223144531,2415.0625,602.1134375
"93509",3260.28540039062,2674.77319335938,676.03421875
"77304",2435.96241455078,2838.74475097656,487.868125
"93260",2956.53408203125,3020.59224853516,265.29296875
"93146",3026.36129150391,2991.06802978516,48.72359375
"91014",3063.06008300781,2209.80991210938,215.0340625
"95316",2672.46993408203,3020.45009765625,137.63625
"91022",3091.64693603516,2230.01090087891,465.60609375
"93322",2872.45131835937,3039.87247314453,24.8359375
"91017",3076.79372558594,2218.88930664062,247.41109375
"92714",2858.00007324219,2137.76265869141,44.29828125
"93122",3015.49702148437,2996.98441162109,46.60125
"93493",3228.40417480469,2777.31419677734,536.32078125
"93325",2856.95085449219,3041.7947265625,56.8065625
"95314",2697.01866455078,3028.25137939453,64.121875
"93725",3085.46721191406,2954.63009033203,264.29953125
"95317",2664.56177978516,3018.34688720703,191.23671875
"92710",2834.39597167969,2135.80678710937,48.09140625
"73488",2410.93597412109,2381.73569335938,305.30140625
"93277",2893.5826171875,3037.29964599609,58.6128125
"90220",3238.01419677734,2423.44047851562,467.86390625
"91026",3109.93334960938,2243.82298583984,504.07921875
"92319",2524.47489013672,2239.97370605469,386.04078125
"93510",3257.53244628906,2693.96459960938,321.6028125
"94717",2614.71600341797,2998.05085449219,156.28578125
"91013",3051.59525146484,2201.18394775391,617.37625
"93300",2990.68245849609,3009.39075927734,57.619375
"95330",2719.24919433594,3034.53382568359,162.381875
"93271",2919.28245849609,3032.76928710938,168.6134375
"92729",2794.67424316406,2134.88726806641,137.32015625
"77412",2362.97219238281,2644.31306152344,111.31015625
"95313",2686.89067382812,3026.68128662109,50.80078125
"95226",2794.96995849609,3044.79421386719,209.57015625
"91707",3006.46867675781,2176.02282714844,902.8540625
"95321",2702.16639404297,3031.68292236328,62.81234375
"91755",2594.30749511719,2190.36450195312,376.46765625
"93272",2934.24088134766,3030.19106445312,201.6678125
"73491",2402.55882568359,2394.28585205078,345.03890625
"90151",3254.13223876953,2464.84187011719,230.0259375
"7450",2491.25184326172,2267.75247802734,309.6815625
"92303",2574.2083984375,2201.71706542969,299.2053125
"6021",2481.35710449219,2277.89478759766,439.14453125
"93324",2869.46656494141,3043.17618408203,53.1940625
"90207",3224.38306884766,2386.83901367187,578.49671875
"93512",3254.57072753906,2714.92593994141,700.9153125
"93281",2902.72655029297,3038.34284667969,106.8396875
"90224",3245.95804443359,2436.96722412109,282.54265625
"93125",3013.38343505859,3001.64696044922,75.45609375
"93327",2831.19498291016,3046.65711669922,90.35765625
"93148",3032.37811279297,2992.06142578125,71.21140625
"95228",2766.56219482422,3044.60537109375,332.93703125
"90184",3264.10500488281,2502.43486328125,504.07921875
"93268",2946.78087158203,3027.89569091797,216.97578125
"91706",2979.00242919922,2162.43486328125,1041.98046875
"95227",2805.86328125,3047.26909179687,13.005
"94048",3272.23188476562,2569.62408447266,954.06125
"92711",2825.31097412109,2132.11688232422,109.14265625
"93258",2971.91875,3019.72377929687,124.27
"92306",2561.13529052734,2208.65236816406,446.685625
"92712",2818.07559814453,2131.80186767578,82.77140625
"92314",2533.28201904297,2228.33933105469,218.014375
"90165",3260.64544677734,2482.74125976562,144.09359375
"92296",2582.69906005859,2194.56365966797,114.20015625
"93518",3242.35861816406,2755.36568603516,521.23859375
"74029",2360.77041015625,2527.57357177734,82.59078125
"95608",2596.76473388672,2992.90665283203,256.668125
"92720",2891.540625,2137.64582519531,578.7225
"93328",2845.31232910156,3047.17218017578,219.0078125
"95599",2522.36379394531,2942.68734130859,95.50546875
"93384",3134.75787353516,2918.30836181641,288.819375
"93326",2863.54893798828,3045.65396728516,52.4715625
"92708",2842.69758300781,2131.93343505859,61.00609375
"93123",3025.05557861328,2997.38699951172,63.71546875
"95594",2570.04991455078,2977.60935058594,131.0434375
"93712",3066.75517578125,2973.46580810547,183.9665625
"95601",2554.83416748047,2967.9177734375,136.95890625
"90157",3259.05480957031,2471.96954345703,86.02265625
"77427",2364.65704345703,2681.61137695312,434.17734375
"93296",2984.8048828125,3016.86665039062,67.14734375
"95595",2560.95474853516,2972.81730957031,90.44796875
"93499",3219.93426513672,2807.30201416016,906.96328125
"76951",2380.10417480469,2738.92308349609,301.41796875
"90200",3196.57669677734,2333.15972900391,808.16140625
"91766",2689.37239990234,2147.25003662109,111.49078125
"77418",2359.46324462891,2653.55369873047,186.6759375
"95315",2681.50637207031,3030.09145507812,29.3515625
"95589",2542.49484863281,2960.55871582031,242.218125
"95318",2659.92081298828,3023.17980957031,86.65484375
"95231",2823.53004150391,3050.00544433594,75.09484375
"92709",2859.80487060547,2131.46215820312,75.50125
"93396",3155.87111816406,2899.20307617187,207.6284375
"95331",2708.56961669922,3037.95499267578,146.62234375
"90192",3170.89822998047,2296.92349853516,691.02609375
"92323",2499.51029052734,2253.60504150391,142.69375
"95229",2818.21173095703,3050.71723632812,49.80734375
"93141",3050.25903320312,2986.22431640625,176.42546875
"93149",3038.6703125,2992.88569335937,53.23921875
"93124",3022.06978759766,3002.27117919922,29.57734375
"93127",3012.89493408203,3006.87520751953,84.48734375
"93286",2889.85473632812,3045.33044433594,68.818125
"95343",2732.33682861328,3044.07495117188,69.179375
"77401",2353.77139892578,2613.72841796875,653.00453125
"95223",2807.17687988281,3051.48153076172,29.30640625
"94718",2608.70437011719,3002.93046875,97.94390625
"91785",2737.63127441406,2134.17443847656,261.18375
"93301",2994.29744873047,3015.52358398437,91.39625
"93728",3085.387109375,2964.36088867187,273.60171875
"93329",2854.37076416016,3050.07579345703,83.13265625
"93400",3165.19144287109,2891.19780273437,274.55
"77409",2355.2005859375,2636.94030761719,324.80890625
"91799",2765.79520263672,2130.11016845703,342.1940625
"95225",2812.483984375,3052.12857666016,49.4009375
"91779",2721.22872314453,2136.77445068359,251.74609375
"92727",2942.91851806641,2145.09058837891,915.949375
"77420",2358.47005615234,2664.96665039063,272.06640625
"93143",3044.54290771484,2991.45318603516,22.3071875
"93346",2880.26193847656,3047.85014648437,94.87328125
"95311",2637.70812988281,3017.41802978516,274.50484375
"95328",2688.80773925781,3035.19975585937,77.80421875
"73482",2411.79323730469,2361.98751220703,557.81515625
"94720",2623.28489990234,3011.20531005859,209.4346875
"93073",3004.23410644531,3012.36326904297,137.455625
"95345",2722.25718994141,3043.54805908203,98.75671875
"77322",2442.880078125,2865.67476806641,495.1834375
"77377",2352.09650878906,2566.66796875,262.3578125
"91921",3135.44849853516,2254.75635986328,699.2896875
"6273",2352.99818115234,2551.20236816406,147.07390625
"95333",2697.06328125,3038.15421142578,78.61703125
"6022",2466.52091064453,2283.70180664062,416.20515625
"91768",2700.91048583984,2140.14975585938,145.8546875
"92707",2871.94268798828,2129.31474609375,357.95359375
"92706",2835.24140625,2126.24615478516,143.6871875
"91757",2604.28129882812,2176.32497558594,357.77296875
"93367",3116.01201171875,2943.02954101562,394.5753125
"77389",2350.75531005859,2586.78304443359,356.1925
"95322",2655.35974121094,3025.65012207031,161.07234375
"73461",2455.0921875,2296.36651611328,477.07578125
"95232",2750.04862060547,3049.54226074219,309.09453125
"91758",2620.12624511719,2167.97272949219,593.6240625
"74026",2356.52393798828,2514.25579833984,236.8896875
"92320",2509.00161132812,2239.7134765625,129.508125
"93288",2913.69582519531,3044.10026855469,115.6
"77432",2362.82879638672,2698.97287597656,426.63625
"93523",3241.91141357422,2775.163671875,186.08890625
"95319",2670.09798583984,3032.08986816406,22.4878125
"93274",2970.79606933594,3028.46678466797,101.91765625
"92308",2535.79300537109,2217.06458740234,126.7084375
"92705",2847.86378173828,2125.01805419922,204.51265625
"93331",2867.10706787109,3052.65609130859,62.45109375
"95320",2674.99523925781,3034.11525878906,45.15625
"76986",2394.78410644531,2791.37572021484,587.25703125
"93291",2899.92379150391,3048.04438476562,139.8940625
"93332",2827.61485595703,3055.73837890625,55.0003125
"95218",2784.29639892578,3054.92677001953,214.5825
"93126",3030.57227783203,3003.17886962891,50.93625
"93138",3044.49808349609,2995.84429931641,35.4025
"93334",2834.17102050781,3056.27315673828,66.650625
"95324",2649.23044433594,3026.30256347656,128.28890625
"93717",3068.29497070312,2982.07579345703,144.86125
"93285",2926.21195068359,3043.48684082031,110.13609375
"93393",3148.04617919922,2917.53472900391,237.29609375
"90158",3267.50023193359,2472.50660400391,100.74359375
"93330",2861.40256347656,3054.90249023437,53.96171875
"93265",2987.88385009766,3024.33756103516,72.56609375
"77447",2366.78806152344,2723.80466308594,268.4990625
"74020",2357.83981933594,2489.87806396484,491.9321875
"93270",2981.30589599609,3027.21274414063,68.59234375
"90167",3270.61177978516,2482.43392333984,83.40359375
"95334",2683.26177978516,3039.37733154297,80.92
"93333",2873.44595947266,3054.73875732422,91.71234375
"77296",2413.72711181641,2832.09105224609,88.686875
"95351",2728.39520263672,3050.45036621094,90.35765625
"93128",3025.00515136719,3008.88212890625,69.2696875
"91763",2685.03005371094,2139.03890380859,230.11625
"95326",2668.07550048828,3035.15161132812,21.7653125
"93132",3038.20712890625,3002.24108886719,71.2565625
"77292",2406.62600097656,2820.5025390625,249.30765625
"73468",2435.22094726562,2314.31571044922,669.035
"93072",3015.22454833984,3014.01574707031,81.59734375
"93282",2945.48096923828,3040.44522705078,190.60453125
"73486",2396.43658447266,2377.50146484375,193.088125
"90140",3262.13896484375,2447.28447265625,422.52703125
"93276",2963.95767822266,3034.73221435547,146.17078125
"93335",2839.07429199219,3058.55379638672,43.48546875
"76949",2372.10989990234,2745.82227783203,297.850625
"91746",2574.16461181641,2186.30541992188,90.493125
"93152",2890.66115722656,3053.39154052734,68.0053125
"92703",2798.51625976562,2119.97138671875,326.16359375
"6271",2348.46885986328,2532.08193359375,277.12390625
"93131",3043.15667724609,3000.69340820312,11.78578125
"6272",2347.14073486328,2542.92316894531,138.178125
"92704",2812.43438720703,2119.47250976563,252.1525
"93336",2855.27990722656,3058.3166015625,56.896875
"90218",3252.68686523438,2417.27445068359,130.18546875
"94719",2604.30288085937,3010.41735839844,197.1521875
"95220",2770.19482421875,3058.11966552734,200.1325
"95215",2798.96740722656,3060.24134521484,244.2953125
"95607",2556.94007568359,2983.56184082031,207.85421875
"77386",2344.29543457031,2574.64813232422,68.818125
"93514",3275.50135498047,2688.60104980469,318.03546875
"95221",2813.74943847656,3060.77093505859,103.27234375
"93347",2881.68303222656,3056.19969482422,61.81890625
"93691",3052.03602294922,2997.19151611328,119.1221875
"93302",2996.79017333984,3024.82523193359,94.6475
"95590",2540.55889892578,2973.25434570312,181.48296875
"92702",2806.71348876953,2118.02858886719,93.69921875
"93289",2920.50018310547,3049.51300048828,70.75984375
"95603",2575.68220214844,2996.28569335937,161.70453125
"95604",2567.88880615234,2991.62708740234,135.87515625
"7449",2489.85606689453,2247.55356445313,270.44078125
"93129",3033.67863769531,3008.15747070312,32.5125
"93074",3006.13809814453,3021.43540039063,34.138125
"91784",2736.21267089844,2124.06616210938,214.62765625
"90182",3276.50595703125,2489.56802978516,119.34796875
"95358",2736.30522460937,3055.58419189453,96.273125
"95339",2677.19805908203,3041.67312011719,65.43140625
"93482",3253.8796875,2764.81322021484,169.1553125
"95347",2696.45690917969,3047.19168701172,166.0846875
"91922",3154.85634765625,2261.22889404297,712.61078125
"73508",2358.60369873047,2466.66430664062,769.32703125
"93275",2978.62827148438,3033.14780273438,31.0675
"95353",2714.87779541016,3051.79571533203,112.9809375
"93385",3137.31741943359,2935.63914794922,353.34765625
"95323",2642.31070556641,3029.98831787109,108.916875
"90145",3270.52130126953,2462.46826171875,72.8821875
"95605",2585.64957275391,3003.47645263672,280.33
"95591",2529.72513427734,2967.14600830078,137.816875
"92316",2496.87147216797,2239.01060791016,78.6621875
"93723",3079.12250976562,2982.64128417969,116.2321875
"91774",2709.22122802734,2127.88057861328,120.9284375
"93338",2829.02972412109,3063.300390625,52.561875
"77320",2427.57758789062,2862.56591796875,398.77484375
"95587",2519.07294921875,2959.866015625,554.2478125
"92315",2502.85861816406,2233.06724853516,48.04625
"90203",3232.69256591797,2365.57614746094,520.78703125
"93516",3275.49761962891,2702.8837890625,70.8953125
"91801",2781.36186523437,2116.59089355469,521.645
"91752",2583.51979980469,2175.57520751953,39.7375
"95312",2622.14271240234,3023.20242919922,124.7215625
"92311",2520.88002929687,2217.37358398437,222.93640625
"95585",2504.81947021484,2949.02561035156,456.62
"95335",2665.06148681641,3040.09659423828,110.90375
"90222",3262.53615722656,2431.24591064453,248.04328125
"95222",2821.60197753906,3064.74078369141,90.0415625
"91747",2577.39984130859,2178.26341552734,138.67484375
"91024",3101.02266845703,2210.3021484375,486.91984375
"91770",2702.21080322266,2128.04140625,85.20984375
"90194",3199.06651611328,2309.82540283203,525.799375
"93155",2908.78487548828,3055.64146728516,165.58796875
"93337",2856.44533691406,3063.39792480469,14.1790625
"77445",2356.51107177734,2716.64689941406,251.8815625
"92310",2510.56817626953,2223.95174560547,179.8121875
"91764",2691.03297119141,2130.14876708984,94.1959375
"92301",2558.34436035156,2188.79689941406,337.6784375
"93369",3115.2732421875,2959.34410400391,540.92671875
"95212",2807.36219482422,3065.93588867188,50.3040625
"93733",3091.73471679688,2977.40452880859,371.365
"77407",2340.23697509766,2629.22701416016,267.64109375
"93341",2843.35832519531,3065.26912841797,213.72453125
"91021",3081.64200439453,2194.82119140625,562.3759375
"93411",3186.55288085937,2888.06031494141,751.941875
"93719",3071.81450195312,2991.32058105469,145.71921875
"95659",2611.31807861328,3020.76137695312,119.754375
"93075",3016.53524169922,3021.80146484375,108.73625
"77309",2415.39307861328,2849.98400878906,344.5421875
"91027",3125.16922607422,2227.39636230469,560.3890625
"93079",3002.51044921875,3028.23228759766,56.40015625
"93402",3173.17886962891,2904.80983886719,235.94140625
"7363",3288.62136230469,2532.11990966797,1012.403125
"93339",2864.37860107422,3064.2666015625,111.3553125
"73485",2387.63090820312,2377.47490234375,69.76640625
"73474",2411.49212646484,2334.88380126953,660.95203125
"7448",2497.19063720703,2233.49183349609,12.64375
"95329",2647.70725097656,3036.83106689453,19.326875
"91754",2590.43870849609,2168.27404785156,229.89046875
"93156",2895.87529296875,3060.32642822266,78.07515625
"93158",2887.76459960937,3061.71473388672,74.64328125
"95593",2534.90191650391,2976.55245361328,82.2746875
"93279",2975.46027832031,3039.55247802734,40.86640625
"93076",3009.10334472656,3026.139453125,26.8228125
"90154",3278.67349853516,2474.75466308594,177.23828125
"92305",2532.65987548828,2204.26893310547,478.114375
"93290",2943.19825439453,3050.01457519531,208.621875
"93071",3026.63023681641,3018.20971679688,97.58265625
"77378",2337.54399414062,2567.84771728516,123.86359375
"93134",3038.99632568359,3011.93826904297,57.03234375
"7351",3286.292578125,2510.00247802734,287.14859375
"95360",2722.72888183594,3058.72437744141,116.68375
"95327",2633.08687744141,3031.78024902344,104.6721875
"93133",3046.67869873047,3008.18714599609,96.76984375
"95336",2653.83052978516,3040.10697021484,58.703125
"73481",2393.91459960937,2362.42205810547,189.7465625
"95352",2689.05281982422,3051.35307617187,40.640625
"93284",2967.34730224609,3043.31833496094,129.91453125
"95205",2789.15007324219,3067.52735595703,96.995625
"93515",3281.94027099609,2694.39291992188,35.221875
"93280",2987.83425292969,3035.94973144531,132.17234375
"93706",3062.06004638672,2999.58276367188,146.0353125
"92701",2857.51240234375,2112.90970458984,510.85265625
"95349",2678.31721191406,3048.46502685547,51.839375
"90215",3258.78026123047,2410.21505126953,223.47828125
"95378",2744.08616943359,3063.18978271484,125.8053125
"93278",2979.74182128906,3039.37276611328,32.91890625
"6323",2337.45496826172,2553.23585205078,233.2771875
"93070",3033.76372070312,3015.83237304688,56.6259375
"77385",2335.93405761719,2580.98308105469,176.831875
"74024",2342.04239501953,2512.61722412109,393.6721875
"76957",2361.59135742187,2745.03142089844,68.9084375
"93517",3280.41126708984,2704.80853271484,66.1990625
"92699",2827.29465332031,2110.20883789063,564.5434375
"91775",2713.66754150391,2120.73837890625,72.25
"95217",2756.6794921875,3065.91389160156,174.98046875
"95209",2770.11077880859,3067.61409912109,103.36265625
"93340",2877.95494384766,3065.68209228516,81.461875
"77429",2344.71026611328,2686.86224365234,406.40625
"77399",2335.09069824219,2607.08405761719,363.4175
"95366",2732.23057861328,3062.74154052734,54.05203125
"73487",2379.9236328125,2386.21707763672,349.73515625
"6336",2489.55329589844,2943.071875,730.628125
"95602",2553.91776123047,2993.02659912109,158.2275
"93519",3259.33952636719,2772.95960693359,342.3746875
"93157",2926.69692382812,3057.22816162109,112.0778125
"90141",3275.08403320312,2450.21423339844,161.0271875
"95367",2709.10916748047,3059.08753662109,239.01203125
"95325",2625.90856933594,3032.17598876953,66.06359375
"93344",2829.92019042969,3070.77918701172,85.02921875
"93342",2872.39632568359,3067.69150390625,64.07671875
"77341",2443.64976806641,2896.22828369141,800.8009375
"95202",2779.53465576172,3069.90532226562,68.05046875
"93153",2935.25876464844,3055.95482177734,134.02375
"76985",2375.28889160156,2786.40334472656,444.65359375
"77408",2335.75517578125,2638.80943603516,267.37015625
"73498",2366.08208007812,2414.78774414062,568.20109375
"77369",2463.54362792969,2919.71741943359,802.38140625
"77286",2386.09235839844,2810.36105957031,398.32328125
"93343",2856.85083007812,3070.2166015625,77.44296875
"77301",2398.48853759766,2833.12657470703,349.32875
"90143",3279.75363769531,2460.34326171875,106.97515625
"76950",2355.19249267578,2735.74969482422,139.261875
"76963",2363.12326660156,2759.24173583984,288.32265625
"95342",2660.38337402344,3046.89493408203,52.60703125
"95208",2814.27716064453,3072.35550537109,113.8840625
"95338",2644.45749511719,3041.32386474609,57.30328125
"95357",2682.55559082031,3054.00455322266,96.0925
"91798",2720.32622070312,2116.16049804688,192.9075
"6020",2491.40270996094,2230.97275390625,243.0309375
"91797",2757.73493652344,2109.95587158203,666.2353125
"93081",3006.34312744141,3033.37213134766,52.69734375
"92302",2539.94713134766,2192.25521240234,106.749375
"95658",2610.24271240234,3027.55162353516,27.3646875
"93403",3171.648828125,2916.01900634766,277.5303125
"95612",2569.8720703125,3006.47054443359,138.72
"91762",2686.20689697266,2123.63452148438,225.37484375
"93159",2917.89124755859,3062.17937011719,115.6
"74019",2342.92082519531,2484.74195556641,172.81296875
"93481",3286.49490966797,2697.52189941406,46.01421875
"93162",2901.20979003906,3065.65200195312,111.76171875
"91880",2736.09915771484,2112.40501708984,234.85765625
"91748",2577.71444091797,2167.76645507813,62.45109375
"93345",2848.67974853516,3072.75290527344,88.73203125
"95361",2694.40952148438,3058.78186035156,127.9728125
"95355",2669.84211425781,3051.82788085938,163.465625
"90216",3267.632421875,2416.90216064453,74.77875
"92700",2929.75970458984,2118.96387939453,663.435625
"93078",3016.14012451172,3030.57497558594,105.485
"91773",2707.73165283203,2117.06611328125,24.20375
"93398",3157.92556152344,2932.33585205078,339.16859375
"90183",3288.85959472656,2487.22139892578,177.4640625
"93738",3057.99038085937,3009.44969482422,125.173125
"93303",2998.62049560547,3038.70974121094,134.565625
"93283",2981.43206787109,3045.61889648438,52.60703125
"77424",2335.91040039062,2667.63472900391,433.319375
"77395",2329.54390869141,2593.17236328125,189.43046875
"73483",2381.78321533203,2370.29140625,72.430625
"95375",2729.85115966797,3067.87681884766,36.3959375
"95376",2737.10687255859,3069.18626708984,66.47
"92307",2503.22239990234,2217.13721923828,120.6575
"93489",3253.19923095703,2799.41419677734,760.65703125
"74022",2338.45272216797,2495.16005859375,173.8515625
"91769",2701.93563232422,2117.16593017578,52.4715625
"93513",3283.56867675781,2718.24998779297,502.54390625
"95188",2795.09675292969,3075.19665527344,95.911875
"93151",2965.49664306641,3051.77786865234,268.36359375
"95341",2638.32321777344,3042.87611083984,48.76875
"93388",3142.49959716797,2949.39893798828,245.108125
"77374",2329.36419677734,2559.70029296875,72.791875
"73462",2428.30141601562,2294.19565429688,406.36109375
"93595",2863.97767333984,3074.02956542969,37.61515625
"93740",3049.52586669922,3016.28331298828,103.90453125
"95348",2654.23975830078,3049.20753173828,107.110625
"95332",2628.13649902344,3039.25198974609,29.441875
"77325",2416.73822021484,2869.80793457031,113.3421875
"93370",3116.17553710938,2972.46162109375,204.4675
"7652",3292.96619873047,2684.36516113281,387.8921875
"90189",3190.18530273438,2278.75786132812,661.22296875
"93349",2887.35018310547,3071.59930419922,156.06
"95626",2598.04118652344,3026.06433105469,490.08078125
"93763",3077.54909667969,3000.23728027344,178.41234375
"6270",2331.277734375,2529.56181640625,206.0028125
"95196",2806.90855712891,3077.09587402344,106.61390625
"91741",2561.74954833984,2172.97664794922,298.4828125
"76958",2353.39827880859,2746.97982177734,98.079375
"91756",2602.43977050781,2150.74217529297,486.55859375
"95184",2786.22072753906,3076.61069335938,66.60546875
"90150",3286.63664550781,2464.51876220703,78.07515625
"77448",2346.74291992188,2727.36217041016,128.785625
"95193",2768.89450683594,3075.72458496094,67.05703125
"95610",2560.83355712891,3006.70338134766,83.49390625
"93135",3043.22661132812,3021.55285644531,59.83203125
"91749",2581.44232177734,2160.50762939453,87.55796875
"77414",2330.18182373047,2650.70673828125,423.8365625
"90190",3203.12061767578,2292.81357421875,444.0665625
"93077",3034.37465820312,3026.56383056641,123.32171875
"93401",3168.66511230469,2927.31782226562,194.8040625
"95201",2761.31942138672,3075.95119628906,75.2303125
"93164",2911.39588623047,3069.53614501953,72.47578125
"77380",2325.84383544922,2571.31765136719,76.765625
"95661",2614.31860351562,3036.21203613281,147.34484375
"93596",2869.29556884766,3076.20893554687,73.28859375
"77444",2341.77241210937,2715.18326416016,297.489375
"73478",2383.63117675781,2358.13055419922,181.4378125
"76975",2361.50316162109,2774.23896484375,273.1953125
"95611",2548.44858398438,3000.84759521484,163.14953125
"7348",3290.95989990234,2473.27836914062,158.54359375
"95204",2820.91363525391,3079.79653320312,115.5096875
"73471",2407.90266113281,2316.55401611328,356.8246875
"93287",2988.54085693359,3048.21745605469,142.9646875
"93600",2830.24309082031,3079.88597412109,92.07359375
"95346",2643.33377685547,3049.25194091797,61.18671875
"95596",2518.61163330078,2980.61734619141,265.51875
"95377",2739.70065917969,3074.46722412109,44.614375
"91028",3125.54276123047,2209.65966796875,654.63015625
"95359",2677.13352050781,3060.72196044922,45.6078125
"95213",2748.7373046875,3076.13464355469,134.24953125
"93762",3092.25372314453,2995.01795654297,229.52921875
"7653",3293.10648193359,2702.06782226562,148.51890625
"93368",3114.89597167969,2978.79428710938,88.00953125
"93083",3011.5201171875,3040.00009765625,123.8184375
"90217",3277.59439697266,2424.09105224609,312.2103125
"73994",2336.93907470703,2474.98459472656,178.999375
"92783",3205.87730712891,2887.86047363281,401.48421875
"91879",2725.21392822266,2106.14519042969,79.52015625
"95344",2630.02243652344,3045.40930175781,93.383125
"95179",2778.22562255859,3080.14661865234,128.74046875
"92300",2526.30313720703,2191.46767578125,233.86421875
"93597",2877.81611328125,3077.53394775391,64.34765625
"6269",2324.83072509766,2545.79150390625,272.924375
"77307",2397.56673583984,2850.50052490234,436.34484375
"93602",2843.55484619141,3081.19604492188,170.6003125
"93080",3032.20877685547,3031.53184814453,31.47390625
"77328",2419.00122070312,2882.33111572266,271.840625
"90202",3250.11300048828,2359.21567382813,711.120625
"73466",2415.11271972656,2302.29410400391,143.10015625
"95176",2799.75909423828,3082.00931396484,70.1728125
"93386",3135.1087890625,2964.18117675781,251.79125
"91765",2690.74140625,2112.82545166016,169.11015625
"95371",2707.21638183594,3070.69327392578,133.07546875
"7350",3299.85211181641,2500.86809082031,647.0890625
"73479",2375.69749755859,2365.93598632812,66.33453125
"95606",2531.05408935547,2992.74022216797,471.3409375
"93082",3027.08864746094,3034.85859375,142.9646875
"77430",2331.23747558594,2685.41126708984,97.17625
"92698",2912.12573242188,2106.10721435547,693.55484375
"93160",2960.65417480469,3061.00294189453,172.858125
"91739",3055.91082763672,2159.10728759766,475.405
"77376",2322.17136230469,2563.50329589844,104.98828125
"92796",3240.06677246094,2840.42607421875,973.61390625
"7346",3287.82843017578,2448.31376953125,258.29375
"93741",3054.43411865234,3021.30030517578,56.76140625
"74016",2327.04558105469,2514.96966552734,223.20734375
"93765",3070.60466308594,3012.00446777344,178.7284375
"93598",2859.81566162109,3081.34504394531,144.4096875
"91866",2708.77609863281,2107.49157714844,155.3375
"91023",3090.02143554687,2179.59610595703,409.88328125
"77435",2333.07174072266,2697.34965820312,143.10015625
"77398",2320.90341796875,2606.33677978516,190.69484375
"95624",2575.51203613281,3022.27315673828,233.23203125
"73501",2346.88258056641,2430.31352539062,577.9096875
"95354",2647.92099609375,3055.12100830078,88.686875
"95619",2565.37283935547,3016.62447509766,119.79953125
"93136",3042.99294433594,3028.76374511719,54.23265625
"95337",2619.32397460938,3044.13616943359,160.98203125
"77387",2320.29331054688,2578.98923339844,256.5778125
"77288",2375.00583496094,2816.13861083984,245.96609375
"95373",2722.78096923828,3076.07197265625,319.84171875
"93362",3107.07414550781,2989.55002441406,333.5240625
"93601",2833.26499023438,3084.54873046875,22.939375
"93167",2947.93903808594,3066.74417724609,248.31421875
"92304",2504.50922851562,2203.83687744141,289.58703125
"76967",2349.69177246094,2759.63623046875,109.86515625
"91703",2996.49777832031,2128.73161621094,636.83859375
"95617",2556.81265869141,3012.59320068359,33.18984375
"91878",2739.58341064453,2099.84655761719,174.34828125
"95364",2682.88388671875,3067.44829101562,142.6034375
"93173",2927.71439208984,3072.54351806641,244.79203125
"95175",2805.89129638672,3085.51079101562,37.25390625
"76984",2360.41824951172,2787.9236328125,117.09015625
"6268",2321.75590820312,2536.48778076172,79.655625
"92792",3226.76352539063,2866.50048828125,798.4528125
"76959",2344.39711914062,2747.1302734375,109.45875
"7658",3310.62196044922,2562.80395507812,300.740625
"77370",2462.17503662109,2938.91899414062,383.828125
"93172",2917.10205078125,3075.54342041016,59.60625
"74005",2327.85303955078,2493.63603515625,111.265
"95350",2634.51253662109,3052.3333984375,99.93078125
"73493",2356.69638671875,2398.37709960937,250.165625
"95197",2757.70422363281,3083.00042724609,71.6178125
"76948",2340.11599121094,2735.36121826172,155.02140625
"91868",2699.2380859375,2106.2103515625,83.629375
"92412",2542.28317871094,2173.80112304688,454.58796875
"93743",3049.03923339844,3028.51140136719,42.8984375
"93171",2902.49475097656,3079.27482910156,240.1409375
"74008",2325.59211425781,2501.09885253906,73.83046875
"73475",2384.24854736328,2341.00625,590.64375
"95183",2764.52601318359,3084.57633056641,29.98375
"7647",3311.88782958984,2616.51229248047,1049.74734375
"92784",3199.79387207031,2905.25123291016,163.826875
"93520",3279.01901855469,2769.72292480469,694.90953125
"77441",2331.43773193359,2708.27742919922,197.64890625
"95628",2583.26787109375,3030.71608886719,157.36953125
"95363",2660.93309326172,3063.49608154297,142.82921875
"93169",2937.87849121094,3072.64416503906,131.2240625
"95185",2816.70804443359,3088.16538085938,45.29171875
"95615",2548.97153320313,3011.31674804688,90.98984375
"93599",2889.30916748047,3082.69412841797,163.64625
"91750",2578.95478515625,2150.38980712891,202.480625
"77394",2316.28756103516,2595.07012939453,110.49734375
"93603",2873.60616455078,3084.96750488281,89.95125
"95177",2811.26335449219,3088.46690673828,64.61859375
"95169",2790.10756835937,3087.90618896484,145.945
"93239",3001.4927734375,3052.35747070312,114.74203125
"93764",3092.44630126953,3004.27478027344,84.21640625
"73484",2363.96040039062,2376.50889892578,390.15
"95194",2822.35817871094,3088.54555664062,36.9378125
"7655",3308.15310058594,2665.18745117187,849.5696875
"93742",3058.69283447266,3025.26413574219,96.815
"7347",3296.42990722656,2458.03917236328,80.33296875
"7349",3301.47014160156,2478.04281005859,222.93640625
"93161",2980.54844970703,3060.69436035156,165.3621875
"7411",3311.9751953125,2541.68095703125,571.316875
"77406",2317.34279785156,2631.44871826172,412.59265625
"93371",3118.31527099609,2986.63209228516,51.34265625
"6019",2477.47420654297,2221.28055419922,543.32
"95173",2769.98751220703,3087.34962158203,90.53828125
"93154",2992.40009765625,3056.82557373047,101.55640625
"93522",3266.12790527344,2804.7908203125,296.4959375
"73991",2328.51253662109,2475.03481445312,180.39921875
"93086",3010.53004150391,3049.71491699219,101.46609375
"76991",2360.55998535156,2797.99517822266,119.031875
"91919",3174.11042480469,2241.68387451172,644.5603125
"77431",2324.91373291016,2690.81507568359,53.1940625
"95618",2553.76938476563,3016.55308837891,17.4303125
"6267",2318.33951416016,2527.42913818359,115.73546875
"76981",2353.45223388672,2783.40261230469,18.46890625
"77345",2428.19267578125,2907.47127685547,494.95765625
"92298",2511.37625732422,2191.60380859375,121.06390625
"91742",2563.43792724609,2156.74820556641,414.6246875
"77333",2403.81556396484,2875.84924316406,393.220625
"93606",2839.69332275391,3090.13079833984,93.1121875
"90196",3230.66862792969,2309.92169189453,913.059375
"95365",2670.51094970703,3069.47762451172,229.4840625
"77284",2364.15588378906,2809.03002929688,178.81875
"77428",2322.55776367187,2684.08916015625,88.9578125
"76996",2345.99128417969,2767.04343261719,76.4946875
"91867",2664.87596435547,2111.20866699219,849.3890625
"95167",2779.24973144531,3089.96976318359,89.048125
"93739",3083.75704345703,3013.34919433594,146.53203125
"6335",2468.35434570313,2952.53040771484,352.94125
"93604",2856.28658447266,3089.80270996094,129.82421875
"93389",3142.9447265625,2969.51401367188,89.1384375
"95362",2652.61488037109,3064.55152587891,143.91296875
"76977",2349.65317382813,2778.08679199219,63.1284375
"7649",3303.79228515625,2704.45159912109,305.1659375
"90213",3281.87386474609,2404.79588623047,670.79609375
"93085",3021.89028320312,3047.34047851562,190.2884375
"77426",2319.99136962891,2675.34138183594,156.28578125
"95369",2694.59857177734,3077.53145751953,515.865
"91704",3020.64516601562,2131.22579345703,789.6925
"93766",3068.7755859375,3023.48942871094,114.20015625
"93395",3152.49124755859,2962.16885986328,488.72609375
"6266",2313.80251464844,2550.73544921875,64.25734375
"93607",2828.08488769531,3092.24583740234,73.92078125
"95374",2736.21578369141,3086.27176513672,282.4071875
"6018",2488.47875976562,2207.32818603516,329.32453125
"76966",2341.29594726562,2758.42991943359,67.734375
"95622",2557.23330078125,3021.49599609375,71.0759375
"91025",3109.90118408203,2182.2123046875,681.859375
"6265",2312.79313964844,2559.62952880859,149.015625
"93116",3039.21484375,3040.12440185547,102.053125
"76954",2336.16066894531,2744.40284423828,54.8196875
"92697",2855.84643554688,2088.00196533203,499.3378125
"93608",2834.3681640625,3092.72354736328,49.310625
"91705",3073.56430664063,2157.44754638672,251.11390625
"95631",2594.05452880859,3042.35129394531,275.13703125
"93165",2963.82113037109,3070.96284179687,158.1371875
"93605",2847.94512939453,3092.39545898437,50.25890625
"92404",2524.87270507812,2177.82513427734,208.08
"74010",2318.07139892578,2506.67967529297,140.93265625
"73465",2408.34384765625,2292.15822753906,268.72484375
"91753",2590.37230224609,2138.24265136719,364.36578125
"73814",2328.78189697266,2455.42608642578,356.05703125
"95166",2802.25244140625,3094.1494140625,144.319375
"93137",3046.23543701172,3038.21480712891,64.7540625
"73477",2368.79602050781,2353.75189208984,275.76921875
"74000",2320.39644775391,2487.88566894531,99.163125
"93084",3031.83814697266,3045.94594726562,66.51515625
"76971",2344.52847900391,2774.26801757812,70.0825
"93609",2870.15386962891,3092.05263671875,79.475
"73446",2426.46611328125,2266.32183837891,597.01078125
"105450",3320.412109375,2579.74522705078,635.8903125
"93176",2911.60983886719,3086.11923828125,176.06421875
"76962",2336.51199951172,2753.73416748047,64.79921875
"91862",2680.02655029297,2102.21041259766,176.15453125
"73499",2339.79765625,2416.23000488281,227.36171875
"95180",2759.38015136719,3092.54632568359,70.44375
"77522",2314.26839599609,2662.53286132812,191.0109375
"91915",3159.09327392578,2218.59027099609,714.4621875
"76988",2351.21413574219,2792.34732666016,60.01265625
"92297",2502.07626953125,2191.83726806641,26.86796875
"77298",2371.26778564453,2833.34467773437,393.08515625
"78046",2308.76456298828,2593.509375,194.57828125
"93379",3131.04119873047,2985.21348876953,303.13390625
"92695",2835.49416503906,2083.81588134766,543.139375
"93374",3118.178515625,2995.22091064453,62.9478125
"93610",2880.40180664062,3091.79240722656,107.9234375
"95171",2764.40316162109,3093.65655517578,37.2990625
"73467",2396.97530517578,2303.45040283203,164.05265625
"91877",2728.62658691406,2090.42475585937,432.5065625
"95356",2621.49525146484,3057.99307861328,231.69671875
"93746",3052.77811279297,3037.14981689453,96.13765625
"7408",3305.42442626953,2461.82930908203,176.0190625
"95625",2562.20235595703,3029.02293701172,114.335625
"93352",3094.20212402344,3012.73161621094,133.3915625
"77436",2319.67614746094,2697.84853515625,137.1846875
"76998",2327.11613769531,2728.7025390625,188.1209375
"73452",2413.13962402344,2279.93449707031,153.8925
"93745",3061.68277587891,3033.07185058594,74.598125
"95616",2532.98236083984,3011.61246337891,344.04546875
"78038",2307.88343505859,2612.99130859375,297.26359375
"76982",2346.85352783203,2786.23732910156,74.91421875
"76953",2329.78172607422,2739.27150878906,61.8640625
"95368",2641.51362304687,3066.88736572266,301.9146875
"91920",3194.4029296875,2252.06524658203,723.4934375
"93163",2990.29460449219,3066.42584228516,62.27046875
"92393",2507.75068359375,2185.18605957031,90.9446875
"77443",2323.09897460938,2716.45473632812,125.39890625
"73469",2390.01427001953,2311.44094238281,182.74734375
"95174",2815.47766113281,3097.66085205078,158.81453125
"92785",3215.30471191406,2902.62154541016,262.58359375
"92694",2789.33435058594,2082.2111328125,385.31828125
"93168",2976.08864746094,3071.61071777344,115.64515625
"93175",2945.55526123047,3080.79906005859,86.11296875
"92299",2496.63178710937,2193.45778808594,53.41984375
"73822",2320.5099609375,2471.90708007813,82.365
"93240",3001.46496582031,3062.56348876953,100.92421875
"93767",3077.22163085937,3025.30460205078,100.11140625
"6264",2310.03914794922,2528.97827148438,72.9725
"93180",2919.85189208984,3087.49197998047,114.92265625
"73816",2321.61520996094,2465.41337890625,20.09453125
"77514",2309.94514160156,2651.97987060547,170.64546875
"77340",2411.89844970703,2900.49073486328,344.58734375
"7409",3310.49682617188,2472.59562988281,103.67875
"92735",2949.81418457031,2098.69772949219,624.73671875
"93408",3179.19423828125,2945.72542724609,656.70734375
"91863",2710.28082275391,2090.95185546875,406.586875
"76956",2330.1189453125,2747.47994384766,49.89765625
"6337",2475.30126953125,2969.98798828125,387.62125
"74003",2314.70356445312,2491.0212890625,57.258125
"93166",2984.17174072266,3070.86613769531,42.76296875
"6263",2307.35301513672,2539.58853759766,207.22203125
"93088",3014.24464111328,3059.50465087891,123.8184375
"95629",2572.27639160156,3038.61345214844,130.8628125
"95199",2748.17305908203,3095.66555175781,334.9690625
"93412",3194.20786132813,2931.27604980469,704.8890625
"74006",2312.70764160156,2499.07761230469,66.83125
"73495",2342.00960693359,2397.54473876953,275.94984375
"95613",2511.4478515625,3000.40412597656,355.06359375
"91430",2756.65977783203,2082.16838378906,501.8665625
"74017",2309.17711181641,2517.68381347656,186.63078125
"76969",2335.82822265625,2767.29971923828,101.4209375
"93614",2834.96374511719,3100.33017578125,82.41015625
"95623",2547.3869140625,3025.33988037109,119.70921875
"73472",2379.13194580078,2322.42681884766,507.8271875
"7648",3316.98637695312,2686.89005126953,386.85359375
"77439",2317.13258056641,2706.32799072266,65.4765625
"91738",3066.43933105469,2144.43690185547,312.5715625
"8243",3322.15444335937,2522.57359619141,449.07890625
"95159",2793.86657714844,3100.85769042969,176.3803125
"93611",2892.63570556641,3095.44205322266,250.2559375
"78019",2303.39395751953,2577.94291992187,233.8190625
"73459",2398.31899414062,2292.50146484375,49.13
"76992",2348.46719970703,2800.15504150391,108.05890625
"91865",2685.55113525391,2094.48715820313,314.468125
"77287",2352.92119140625,2809.92838134766,109.95546875
"95160",2779.38295898437,3100.46817626953,171.8646875
"78061",2304.41329345703,2628.59719238281,128.46953125
"78044",2303.45247802734,2563.62780761719,162.33671875
"93744",3071.63914794922,3033.05421142578,56.2646875
"92693",2802.03931884766,2077.51019287109,266.37671875
"93184",2932.78284912109,3088.36459960938,129.10171875
"95630",2579.69459228516,3044.95628662109,139.12640625
"77289",2356.08586425781,2817.98138427734,74.55296875
"77321",2380.72548828125,2862.06870117188,335.24
"95164",2764.80969238281,3099.96514892578,129.01140625
"91699",2978.14039306641,2103.58564453125,455.8071875
"92405",2526.03336181641,2166.10256347656,116.141875
"76964",2330.38125,2757.41411132812,80.1071875
"7410",3306.57242431641,2443.64893798828,557.589375
"95639",2602.77491455078,3057.03579101562,269.9440625
"94052",2715.62113037109,3093.29318847656,492.51921875
"93355",3100.59787597656,3016.22894287109,179.13484375
"77538",2310.41413574219,2684.16199951172,155.4278125
"77332",2389.00406494141,2876.19331054687,312.07484375
"93613",2863.62073974609,3100.79252929687,156.963125
"93768",3085.50166015625,3026.15999755859,110.18125
"93087",3036.77192382812,3052.84161376953,203.06765625
"92397",2512.85358886719,2174.46435546875,179.9025
"93363",3113.64442138672,3007.49133300781,228.0390625
"93178",2959.90668945312,3082.53516845703,191.86890625
"93399",3164.5931640625,2966.10322265625,227.4971875
"93521",3288.78218994141,2788.45841064453,634.85171875
"93170",2994.03327636719,3071.49035644531,60.870625
"7650",3310.72717285156,2725.54533691406,479.559375
"93612",2872.40877685547,3100.52711181641,55.76796875
"95172",2818.28270263672,3103.741796875,83.990625
"93615",2849.13234863281,3102.72536621094,227.406875
"91745",2568.61138916016,2138.27834472656,218.8271875
"8313",3328.20944824219,2556.73649902344,370.14578125
"6016",2493.97408447266,2187.87198486328,108.42015625
"73496",2334.16765136719,2407.10080566406,220.58828125
"76955",2324.45428466797,2744.34847412109,39.195625
"92409",2533.46795654297,2159.14152832031,100.92421875
"77313",2372.19228515625,2851.55451660156,265.4284375
"73447",2411.83598632812,2269.96650390625,118.309375
"76980",2337.89034423828,2782.71530761719,96.9053125
"8238",3318.89783935547,2484.33604736328,336.27859375
"93183",2947.93509521484,3087.08876953125,66.33453125
"92696",2919.70766601562,2085.44698486328,442.30546875
"76974",2334.85205078125,2776.03048095703,44.84015625
"73989",2312.30692138672,2477.37604980469,153.8021875
"92690",2818.55932617188,2074.59682617187,413.49578125
"93093",3008.12426757812,3067.43895263672,52.87796875
"77527",2305.93959960937,2670.24968261719,105.62046875
"8237",3315.65638427734,2467.26258544922,43.530625
"95621",2537.5654296875,3024.11696777344,211.28609375
"93376",3128.59350585938,2998.97327880859,180.21859375
"73817",2314.72452392578,2464.37183837891,67.41828125
"77533",2306.49014892578,2676.11729736328,38.0215625
"91700",2996.00906982422,2106.69262695312,551.85453125
"74001",2308.94385986328,2489.39267578125,73.9659375
"76832",2443.93365478516,2948.15091552734,423.06890625
"73812",2317.60717773438,2452.47412109375,119.25765625
"93747",3059.59720458984,3043.99650878906,91.7575
"93090",3021.44951171875,3062.73531494141,65.1153125
"90206",3287.33536376953,2381.37232666016,873.90890625
"6338",2492.92175292969,2993.16646728516,667.770625
"93770",3068.333984375,3039.54293212891,94.28625
"92392",2502.68430175781,2178.12271728516,87.10640625
"77077",2310.32241210937,2700.55043945312,97.49234375
"92786",3211.90222167969,2920.57800292969,512.20734375
"91432",2779.41782226563,2074.12907714844,214.22125
"77518",2302.98825683594,2661.04370117188,36.2153125
"92410",2543.68642578125,2149.65415039063,380.576875
"77293",2355.24437255859,2826.12299804687,183.9665625
"74012",2304.50480957031,2507.81625976563,123.18625
"76952",2319.52631835937,2737.65347900391,75.81734375
"76972",2330.71826171875,2771.03029785156,32.46734375
"95627",2555.74248046875,3037.176171875,269.673125
"77508",2301.08509521484,2648.23725585937,127.74703125
"76989",2339.61586914062,2793.57023925781,107.5621875
"78040",2298.64259033203,2620.59440917969,75.18515625
"93179",2971.19678955078,3082.81801757812,127.92765625
"92691",2884.11578369141,2077.02563476562,458.065
"92810",3275.13487548828,2826.19832763672,344.27125
"93748",3051.56993408203,3049.80394287109,105.71078125
"77090",2313.06748046875,2716.27958984375,108.05890625
"78023",2297.35389404297,2587.80694580078,131.495
"93187",2920.89031982422,3096.4072265625,193.40421875
"95187",2830.68344726563,3107.2978515625,167.078125
"91751",2587.47387695312,2124.35336914063,370.77796875
"77338",2395.04724121094,2893.31719970703,207.899375
"73333",2459.62524414062,2212.44022216797,534.28875
"91861",2696.69721679687,2084.96221923828,147.61578125
"93241",2999.33083496094,3074.28273925781,75.7721875
"95657",2611.13753662109,3066.43870849609,171.59375
"73489",2338.92918701172,2383.88870849609,417.65015625
"91864",2687.62010498047,2086.87347412109,27.274375
"77499",2298.40705566406,2636.56511230469,46.64640625
"95633",2583.33988037109,3053.81612548828,93.42828125
"105452",3330.61708984375,2646.38742675781,375.74515625
"93177",2986.38161621094,3079.44541015625,89.54484375
"73451",2400.57763671875,2277.35648193359,114.29046875
"77283",2343.25991210937,2807.30242919922,63.35421875
"76960",2321.06341552734,2751.09285888672,69.94703125
"93621",2880.72283935547,3105.295703125,101.6015625
"91916",3184.06451416016,2223.69006347656,212.415
"76965",2323.20024414062,2758.50379638672,81.28125
"94051",2665.59979248047,3087.78375244141,668.854375
"6262",2298.77623291016,2526.76154785156,165.22671875
"6261",2296.4177734375,2549.57624511719,288.77421875
"73476",2350.77377929688,2354.94886474609,725.61578125
"91702",3037.86513671875,2119.55925292969,266.55734375
"95638",2589.65428466797,3058.66627197266,95.189375
"78030",2294.74267578125,2600.07570800781,193.3590625
"93089",3035.44276123047,3061.08034667969,54.4584375
"74002",2303.22794189453,2494.75643310547,93.42828125
"7657",3286.69080810547,2810.15167236328,392.45296875
"73328",2440.12359619141,2228.13637695312,322.09953125
"92689",2870.11879882812,2071.72122802734,313.6553125
"77502",2296.62384033203,2641.85042724609,108.1040625
"73460",2388.871875,2289.86949462891,286.42609375
"93397",3157.29366455078,2982.78177490234,322.18984375
"7654",3321.92388916016,2711.62160644531,433.72578125
"93174",2991.83315429687,3080.35081787109,32.9640625
"93096",3007.39379882812,3074.53529052734,73.55953125
"77303",2357.27744140625,2839.96081542969,170.329375
"6015",2484.98143310547,2185.60649414062,258.79046875
"95163",2810.14233398438,3111.39221191406,207.31234375
"93094",3015.28327636719,3071.45943603516,74.4175
"91427",2737.58997802734,2073.71715087891,178.3671875
"77348",2404.01499023438,2911.15184326172,202.7515625
"76976",2328.22014160156,2777.57650146484,53.645625
"77096",2311.34693603516,2726.18200683594,188.5725
"95155",2767.58360595703,3109.35416259766,268.72484375
"95370",2639.37492675781,3081.13129882812,417.063125
"73617",2425.24776611328,2242.59197998047,455.49109375
"92687",2837.33071289062,2068.27080078125,103.859375
"92692",2901.50197753906,2074.99235839844,443.3440625
"8236",3320.31187744141,2458.53701171875,164.2784375
"93185",2953.29885253906,3093.20955810547,145.35796875
"78017",2293.20723876953,2569.450390625,135.24296875
"93188",2941.91993408203,3096.32795410156,161.5690625
"92400",2516.86929931641,2160.81434326172,118.53515625
"77539",2301.14112548828,2683.3869140625,75.14
"93092",3027.98471679688,3066.6837890625,86.0678125
"91428",2768.54691162109,2069.34367675781,163.60109375
"93617",2876.10843505859,3108.63427734375,34.90578125
"76829",2460.76846923828,2973.89537353516,484.075
"93199",2890.15003662109,3106.95710449219,89.45453125
"77081",2305.42951660156,2707.57352294922,50.25890625
"95372",2625.26525878906,3077.10438232422,156.963125
"77528",2298.32799072266,2671.46636962891,32.6028125
"91912",3170.16340332031,2205.63441162109,232.41921875
"77073",2303.11837158203,2698.56447753906,107.51703125
"73808",2311.96866455078,2445.16611328125,167.25875
"76983",2329.77176513672,2785.87769775391,50.25890625
"95640",2597.46158447266,3065.74061279297,36.35078125
"78055",2293.15577392578,2631.98370361328,110.22640625
"78035",2291.97042236328,2613.39431152344,161.0271875
"93769",3089.22165527344,3035.71378173828,152.8990625
"92407",2526.29130859375,2152.61939697266,104.04
"95614",2512.25510253906,3017.1779296875,303.40484375
"6017",2472.90628662109,2192.9435546875,197.60375
"77106",2312.26168212891,2737.15045166016,71.16625
"73995",2302.03823242187,2483.10358886719,84.9840625
"77359",2412.39649658203,2924.97803955078,401.21328125
"77122",2314.98931884766,2746.34273681641,80.78453125
"92394",2504.58331298828,2167.47053222656,76.1334375
"73821",2305.08254394531,2468.45810546875,133.6625
"93771",3081.0806640625,3041.28111572266,136.733125
"77517",2295.71656494141,2661.55108642578,116.5934375
"93181",2977.81417236328,3088.00455322266,161.16265625
"91744",2569.94407958984,2126.23660888672,102.5046875
"76994",2334.850390625,2800.50201416016,78.43640625
"93190",2936.39597167969,3100.03051757812,58.20640625
"73811",2307.40178222656,2457.14165039062,81.23609375
"105453",3338.58874511719,2624.28721923828,728.14453125
"91688",3067.07247314453,2129.30229492187,613.3121875
"91860",2680.45798339844,2082.12065429687,147.43515625
"91429",2756.729296875,2067.71381835937,79.3846875
"93372",3122.42727050781,3015.5609375,255.1328125
"77088",2304.63928222656,2714.05311279297,65.1153125
"92686",2853.22131347656,2065.77122802734,271.5696875
"95636",2568.27562255859,3053.58972167969,121.74125
"105454",3335.84533691406,2658.87014160156,193.3590625
"77290",2342.27896728516,2819.15241699219,201.26140625
"74014",2294.98858642578,2513.92521972656,91.35109375
"93358",3102.45496826172,3029.59050292969,217.78859375
"95170",2821.06616210938,3115.21036376953,54.1875
"92734",2951.85389404297,2082.10177001953,435.35140625
"77326",2374.60262451172,2877.00076904297,108.8265625
"93772",3070.43802490234,3049.43580322266,106.56875
"74009",2296.27458496094,2502.61042480469,109.50390625
"76987",2329.03465576172,2791.27009277344,61.09640625
"93139",3045.36530761719,3062.75025634766,150.3703125
"76970",2320.56868896484,2769.82149658203,99.47921875
"91918",3206.95765380859,2238.54410400391,251.7009375
"77308",2357.53870849609,2850.03153076172,106.2075
"6260",2291.77908935547,2531.17860107422,126.30203125
"93200",2900.94458007812,3109.10949707031,271.79546875
"95151",2790.59565429687,3115.63266601563,241.0440625
"93773",3057.39583740234,3057.08746337891,136.91375
"6013",2495.04592285156,2171.43104248047,114.9678125
"93242",2999.26090087891,3083.01101074219,76.4946875
"102940",3326.78793945313,2465.34012451172,113.56796875
"93407",3181.04635009766,2968.57000732422,460.54859375
"77318",2366.62225341797,2866.36975097656,74.3271875
"91736",3052.05573730469,2119.12989501953,382.24765625
"105456",3341.76752929687,2601.61903076172,550.545
"93618",2850.30192871094,3115.46478271484,151.04765625
"77535",2295.22059326172,2676.74213867187,62.135
"91740",2556.88072509766,2129.91219482422,300.379375
"93198",2919.95191650391,3106.44743652344,149.5575
"91433",2776.63394775391,2063.73297119141,71.39203125
"73444",2404.43812255859,2258.68947753906,306.02390625
"91875",2731.80329589844,2068.92822265625,97.9890625
"91426",2750.33935546875,2066.28566894531,49.7621875
"94055",2708.31353759766,3106.24780273438,526.160625
"76968",2316.42639160156,2762.90424804687,122.644375
"93095",3027.02701416016,3073.05194091797,43.891875
"95634",2559.07648925781,3051.40184326172,142.82921875
"93619",2872.36831054687,3114.60399169922,122.0121875
"93097",3021.92846679688,3075.64676513672,70.21796875
"78016",2287.52410888672,2561.94150390625,101.37578125
"73997",2296.35614013672,2489.03013916016,53.51015625
"93195",2932.35971679688,3104.83314208984,94.1959375
"92685",2837.76380615234,2061.78830566406,94.33140625
"95660",2612.82882080078,3077.90229492187,194.6234375
"77337",2381.51925048828,2891.93864746094,198.2359375
"93182",2991.19586181641,3087.91511230469,66.69578125
"91425",2745.90134277344,2065.65750732422,91.215625
"76973",2320.00776367187,2775.13524169922,41.001875
"77373",2422.21507568359,2943.46221923828,492.203125
"92807",3272.23852539062,2854.92027587891,500.73765625
"73688",2427.60477294922,2229.99346923828,97.89875
"73463",2372.60607910156,2300.21081542969,436.39
"78022",2286.30762939453,2584.66094970703,169.6971875
"73332",2442.35463867187,2214.58016357422,202.16453125
"93620",2862.37126464844,3116.30461425781,203.69984375
"78037",2287.08416748047,2619.98201904297,36.666875
"93091",3036.97985839844,3069.70942382812,103.859375
"95644",2577.92341308594,3062.47321777344,163.9171875
"91698",3028.69381103516,2105.90363769531,348.6965625
"95203",2839.21208496094,3118.05504150391,131.99171875
"77070",2297.40203857422,2698.62652587891,37.43453125
"91858",2700.33544921875,2073.26019287109,254.0490625
"105458",3343.64641113281,2567.71760253906,358.67609375
"77067",2295.83360595703,2692.50179443359,93.2928125
"93774",3066.75808105469,3055.32666015625,51.61359375
"92446",2590.33411865234,2110.26569824219,356.05703125
"92399",2510.308984375,2156.60377197266,55.27125
"105451",3334.15052490234,2694.77869873047,496.8090625
"91914",3187.43712158203,2212.99201660156,183.01828125
"77520",2290.14632568359,2661.68348388672,44.29828125
"78056",2286.64090576172,2629.97449951172,85.30015625
"95178",2827.49532470703,3119.4634765625,169.11015625
"8148",3341.98334960937,2532.833984375,766.70796875
"92812",3285.15433349609,2834.68566894531,362.695
"93392",3140.48250732422,3008.53225097656,161.47875
"91848",2715.47856445312,2068.61922607422,192.2753125
"102941",3332.68668212891,2473.78284912109,251.38484375
"77285",2332.72041015625,2810.81801757812,108.2846875
"93100",3008.54615478516,3083.67299804687,89.3190625
"77113",2305.90660400391,2739.78989257813,59.47078125
"77510",2287.93499755859,2652.56611328125,104.6721875
"73801",2308.73883056641,2429.78372802734,451.51734375
"73988",2296.82679443359,2473.67286376953,57.619375
"95152",2777.80207519531,3119.38026123047,186.4953125
"105455",3339.53524169922,2673.05057373047,444.2471875
"77315",2357.08922119141,2858.86999511719,100.20171875
"73992",2295.28513183594,2479.26053466797,50.21375
"91859",2684.9275390625,2074.49161376953,85.3453125
"92797",3238.51909179687,2910.83994140625,691.251875
"93375",3116.29506835937,3027.64230957031,179.04453125
"92408",2532.36374511719,2139.45,160.07890625
"92683",2864.73989257812,2060.3169921875,66.9215625
"76979",2319.53275146484,2782.99462890625,145.2225
"91873",2724.99914550781,2065.38358154297,148.5640625
"92390",2503.43656005859,2158.47041015625,95.68609375
"77299",2342.54625244141,2834.4478515625,132.62390625
"93186",2983.53216552734,3094.47314453125,45.7884375
"91874",2729.81961669922,2064.34826660156,39.60203125
"73450",2390.64243164063,2268.42982177734,315.190625
"92402",2519.2373046875,2147.15001220703,135.69453125
"77082",2295.99318847656,2707.97424316406,60.0578125
"95156",2806.84547119141,3121.93565673828,76.043125
"92684",2802.30660400391,2057.53415527344,329.68578125
"77543",2291.39683837891,2685.74412841797,107.15578125
"95632",2536.28627929687,3043.45197753906,399.18125
"93625",2881.64484863281,3118.04300537109,117.09015625
"93099",3017.89553222656,3082.07094726562,77.488125
"77529",2289.02841796875,2673.31080322266,84.6228125
"95153",2798.15932617187,3122.07801513672,142.73890625
"93192",2966.90279541016,3100.31627197266,228.129375
"91903",3169.05275878906,2191.63120117188,325.89265625
"76995",2327.49569091797,2804.58828125,60.01265625
"95651",2596.25485839844,3075.50731201172,252.0621875
"76812",2430.99750976562,2959.04112548828,354.566875
"78028",2281.98665771484,2594.46354980469,130.7725
"91856",2661.2802734375,2079.01470947266,318.57734375
"77327",2366.94370117188,2879.16374511719,127.0696875
"93196",2953.23929443359,3104.90245361328,143.958125
"77349",2391.428515625,2913.98157958984,289.541875
"95162",2814.87689208984,3123.19135742187,69.4503125
"77120",2307.13262939453,2753.46190185547,150.23484375
"91898",3151.65888671875,2175.63538818359,809.6515625
"76993",2323.67878417969,2798.08773193359,100.11140625
"93749",3081.1470703125,3052.41640625,159.6725
"77104",2300.29838867187,2731.9365234375,111.21984375
"95635",2549.20540771484,3052.94454345703,186.8565625
"77507",2283.88649902344,2646.07967529297,83.31328125
"92688",2924.85249023437,2067.00783691406,579.986875
"73779",2329.97886962891,2365.94553222656,314.06171875
"93208",2918.83566894531,3113.86356201172,110.723125
"95620",2499.52855224609,3021.01247558594,317.31296875
"95161",2765.11599121094,3121.77192382812,170.91640625
"94054",2674.08319091797,3105.23406982422,523.1803125
"95168",2754.23262939453,3120.74324951172,255.81015625
"6324",2281.35102539062,2558.90756835938,34.68
"73815",2295.81472167969,2462.41119384766,148.654375
"92411",2542.28649902344,2129.89538574219,248.6303125
"7407",3313.36433105469,2395.77252197266,571.678125
"73794",2314.08909912109,2402.32142333984,306.70125
"74015",2285.2548828125,2515.16950683594,128.6953125
"77319",2357.92573242187,2867.68666992187,104.98828125
"93243",2998.84586181641,3092.08210449219,72.65640625
"95652",2587.49068603516,3073.93576660156,83.629375
"78032",2280.2146484375,2609.59130859375,151.40890625
"91424",2742.16080322266,2059.41739501953,56.355
"6008",2496.49399414063,2159.41690673828,54.006875
"95645",2570.56746826172,3065.96867675781,60.4190625
"93098",3029.53675537109,3080.17255859375,59.3353125
"6012",2481.56234130859,2170.79644775391,176.69640625
"93189",2989.54151611328,3095.87141113281,65.4765625
"6014",2471.36026611328,2178.82309570313,128.10828125
"73781",2321.98791503906,2380.2357421875,242.62453125
"73809",2298.49794921875,2447.55860595703,210.1571875
"77078",2291.29370117188,2702.45858154297,47.36890625
"105459",3350.70498046875,2589.63021240234,399.76828125
"73998",2289.06286621094,2487.5349609375,83.85515625
"94050",2620.01231689453,3088.79146728516,208.66703125
"77311",2346.38660888672,2849.92984619141,213.49875
"73470",2354.57221679687,2315.19704589844,352.58
"92682",2813.68635253906,2053.63590087891,257.70671875
"93191",2978.91755371094,3100.19653320312,74.19171875
"77094",2295.25047607422,2721.47982177734,167.12328125
"73798",2307.63690185547,2415.81662597656,208.03484375
"95643",2564.40787353516,3063.97960205078,60.73515625
"91917",3208.65806884766,2225.24459228516,420.2240625
"7656",3302.48283691406,2813.66684570313,392.4078125
"78041",2279.35717773438,2620.14450683594,87.37734375
"92805",3264.62878417969,2882.50895996094,793.305
"77521",2283.41397705078,2663.15749511719,85.435625
"102943",3341.16364746094,2484.10383300781,345.85171875
"78054",2280.08100585937,2633.87669677734,32.0609375
"74007",2286.32049560547,2496.54442138672,142.3325
"93203",2930.37769775391,3113.96337890625,66.3796875
"91854",2674.79622802734,2071.41326904297,188.52734375
"91743",2565.99622802734,2113.99191894531,285.88421875
"91431",2785.2375,2053.57758789062,393.71734375
"77294",2331.68218994141,2823.71224365234,150.41546875
"76787",2440.75756835938,2974.84975585937,212.27953125
"78045",2278.15065917969,2574.60455322266,197.5134375
"93104",3005.95817871094,3091.68262939453,45.7884375
"6010",2488.18304443359,2163.4126953125,86.4290625
"93387",3136.54295654297,3019.99085693359,187.5790625
"77346",2379.33676757813,2904.10738525391,160.214375
"77116",2300.78190917969,2745.44147949219,92.43484375
"93394",3154.01112060547,3006.54587402344,580.0771875
"6259",2278.81741943359,2554.57248535156,33.5059375
"73473",2344.76235351562,2329.55345458984,729.725
"77087",2292.03911132812,2713.61773681641,67.2828125
"73331",2437.53146972656,2207.06505126953,158.4984375
"92679",2831.99517822266,2052.48063964844,348.38046875
"73610",2407.76217041016,2238.85538330078,229.0325
"73327",2457.78184814453,2188.02098388672,410.96703125
"93751",3063.83330078125,3066.20379638672,141.20359375
"73635",2416.90755615234,2228.28807373047,59.29015625
"78058",2278.58728027344,2626.83638916016,70.85015625
"93357",3101.72263183594,3044.60972900391,187.98546875
"77072",2288.09250488281,2697.37850341797,33.235
"6256",2279.21129150391,2543.21805419922,275.22734375
"73993",2288.74432373047,2478.49250488281,58.16125
"105460",3352.91361083984,2577.56730957031,154.615
"77365",2408.98695068359,2942.78881835938,203.745
"73681",2425.27163085937,2218.55395507812,104.40125
"92398",2510.50675048828,2145.91942138672,86.20328125
"73784",2316.11614990234,2387.63671875,160.8465625
"92681",2872.12841796875,2054.46618652344,81.5521875
"74011",2283.31021728516,2505.67694091797,127.0696875
"91423",2761.39724121094,2053.96398925781,423.1140625
"91857",2643.50788574219,2079.16101074219,393.4915625
"73455",2375.09880371094,2278.78919677734,197.01671875
"93215",2894.85989990234,3122.52023925781,176.87703125
"76990",2316.23568115234,2793.50590820312,84.39703125
"77501",2278.59080810547,2640.51794433594,107.471875
"92678",2867.67525634766,2053.16420898437,26.32609375
"91871",2731.35463867187,2057.10915527344,19.14625
"91683",2960.04884033203,2070.4041015625,373.0809375
"78047",2275.84968261719,2598.21633300781,76.53984375
"91908",3186.20487060547,2198.31457519531,213.86
"91697",3045.30305175781,2101.76092529297,147.07390625
"6258",2278.83920898438,2528.63980712891,317.13234375
"93103",3018.99102783203,3089.52608642578,70.66953125
"93366",3113.99243164062,3039.19014892578,131.17890625
"105457",3351.93909912109,2648.72222900391,506.69828125
"77530",2281.31201171875,2673.45336914062,87.3321875
"77329",2358.35446777344,2878.40422363281,76.94625
"93750",3075.22508544922,3063.15782470703,133.481875
"93207",2946.42725830078,3113.79279785156,148.3834375
"7662",3289.00008544922,2849.31807861328,182.973125
"92677",2853.5130859375,2050.43989257812,214.71796875
"93622",2883.48720703125,3126.01196289062,86.2484375
"93101",3036.42412109375,3082.98278808594,82.04890625
"77130",2307.41278076172,2776.10041503906,130.591875
"91870",2739.90444335937,2054.20637207031,73.83046875
"77302",2334.81511230469,2838.43181152344,64.0315625
"77193",2322.08316650391,2812.16544189453,116.141875
"93206",2933.72249755859,3117.41546630859,63.58
"93752",3054.76573486328,3074.58883056641,229.07765625
"93214",2914.39122314453,3121.65799560547,109.23296875
"95157",2806.33352050781,3130.85837402344,115.780625
"93378",3128.07200927734,3031.29216308594,162.69796875
"91846",2707.14001464844,2059.16505126953,208.48640625
"6257",2274.93576660156,2551.0923828125,57.8
"73456",2366.61872558594,2286.07728271484,100.06625
"91691",3011.20863037109,2084.963671875,417.65015625
"93623",2847.00216064453,3130.30222167969,258.7453125
"95642",2556.7634765625,3065.75617675781,132.759375
"93193",2992.33929443359,3101.45181884766,35.80890625
"95181",2823.28765869141,3131.30869140625,201.21625
"73820",2286.5763671875,2469.41456298828,96.0021875
"95647",2569.61765136719,3073.02164306641,32.2415625
"77297",2329.24362792969,2830.28044433594,44.47890625
"94053",2633.30269775391,3100.52088623047,380.44140625
"91687",2991.6447265625,2077.06049804687,438.06078125
"91851",2689.79138183594,2061.97943115234,165.85890625
"93102",3029.51040039062,3087.83480224609,81.41671875
"73464",2355.74221191406,2301.14174804687,239.28296875
"92674",2862.93239746094,2049.35373535156,60.10296875
"76789",2450.10902099609,2991.10600585937,539.66234375
"77537",2280.27524414063,2681.12308349609,96.5440625
"77511",2276.30892333984,2654.41013183594,132.8496875
"77084",2285.69710693359,2709.10854492187,56.67109375
"95654",2585.09591064453,3081.17819824219,134.1140625
"93226",2906.00079345703,3124.61473388672,139.1715625
"92675",2877.55380859375,2050.49592285156,96.5440625
"93406",3178.69909667969,2992.69747314453,828.7978125
"91872",2720.52917480469,2055.06799316406,106.79453125
"92401",2515.09749755859,2137.02305908203,80.378125
"77068",2281.88850097656,2693.24533691406,102.3240625
"93194",2982.94696044922,3106.13179931641,91.39625
"92413",2544.26561279297,2118.88439941406,131.314375
"77316",2346.01950683594,2863.93139648438,85.48078125
"93105",3010.81849365234,3096.53962402344,89.8609375
"77079",2283.42061767578,2702.53474121094,50.6653125
"93211",2923.37017822266,3122.23759765625,61.1415625
"73813",2288.18464355469,2456.11961669922,109.77484375
"77108",2291.61037597656,2736.31580810547,95.41515625
"78024",2271.46749267578,2586.62449951172,111.7165625
"91852",2678.29853515625,2063.58397216797,13.9984375
"91911",3199.27797851562,2205.15981445312,46.46578125
"92406",2525.76690673828,2129.34089355469,203.33859375
"93414",3094.97160644531,3055.78548583984,254.9521875
"73689",2396.13049316406,2242.99581298828,284.0328125
"78043",2271.8740234375,2563.79942626953,212.36984375
"102942",3340.53776855469,2450.20323486328,745.5296875
"6005",2489.70686035156,2153.9166015625,122.32828125
"91695",3034.6693359375,2092.22249755859,213.86
"77137",2308.31071777344,2787.22615966797,132.57875
"93142",3047.07111816406,3081.60133056641,176.5609375
"91909",3195.25396728516,2200.70104980469,101.691875
"91913",3206.62769775391,2212.03286132812,233.9996875
"77351",2377.20699462891,2912.81262207031,103.3175
"91681",2974.95808105469,2069.57941894531,246.191875
"93204",2961.85529785156,3113.66185302734,88.7771875
"73330",2439.43919677734,2195.76312255859,287.69046875
"92445",2584.00249023437,2096.81407470703,207.22203125
"73622",2416.66081542969,2218.69382324219,103.81421875
"93238",2997.69910888672,3102.66518554687,42.40171875
"77344",2367.06987304687,2899.36888427734,299.656875
"78052",2270.78537597656,2610.54029541016,98.75671875
"77306",2334.61340332031,2846.29223632812,107.0203125
"6004",2497.93542480469,2146.76734619141,171.54859375
"7660",3318.46267089844,2797.72913818359,516.99390625
"92673",2885.916015625,2049.21635742187,246.3725
"77117",2292.94202880859,2746.96488037109,111.21984375
"91855",2651.91491699219,2069.30632324219,43.6209375
"94067",2734.27817382813,3129.0658203125,545.306875
"73996",2279.57341308594,2485.87106933594,143.596875
"77366",2396.32576904297,2939.44650878906,374.1646875
"92680",2902.35280761719,2051.19775390625,551.76421875
"78053",2271.22199707031,2633.69490966797,98.39546875
"95154",2788.33078613281,3134.74251708984,272.924375
"6011",2467.46221923828,2168.87543945312,169.29078125
"102944",3351.93059082031,2491.70714111328,283.400625
"93244",3003.76116943359,3101.91375732422,108.6459375
"93624",2860.39567871094,3133.73127441406,261.68046875
"91899",3170.29476318359,2175.12883300781,257.34546875
"73449",2377.70836181641,2262.70415039062,295.36703125
"77148",2312.11683349609,2802.84117431641,120.34140625
"78031",2268.87142333984,2603.72722167969,22.578125
"77092",2283.69246826172,2717.56704101562,51.5684375
"77336",2357.68459472656,2888.94206542969,141.97125
"93682",2871.06654052734,3133.39011230469,143.235625
"95653",2573.79128417969,3080.23522949219,184.418125
"6339",2483.38332519531,3024.31141357422,673.189375
"91693",3022.65167236328,2083.95346679688,206.77046875
"93201",2970.87471923828,3113.72037353516,116.00640625
"8204",3360.47250976563,2551.50078125,707.7790625
"76784",2431.97471923828,2980.01325683594,82.365
"92809",3284.07938232422,2870.79967041016,297.7603125
"93205",2954.06065673828,3118.64771728516,54.0971875
"91850",2681.31752929687,2059.26901855469,63.1284375
"93210",2944.30101318359,3121.3826171875,50.25890625
"93202",2958.41856689453,3117.79273681641,20.45578125
"7451",3296.77874755859,2330.05668945312,1002.9203125
"105480",3335.78453369141,2758.10245361328,766.16609375
"94062",2693.58504638672,3123.41153564453,363.959375
"77300",2326.45186767578,2836.715625,95.59578125
"91737",3097.01463623047,2120.47648925781,814.21234375
"77099",2285.11107177734,2727.36092529297,102.3240625
"77125",2296.15339355469,2764.45794677734,357.50203125
"92449",2603.04967041016,2084.80014648438,566.21421875
"76805",2464.36353759766,3010.30280761719,722.86125
"77323",2345.26206054688,2871.17341308594,94.42171875
"6255",2268.93824462891,2548.16220703125,71.708125
"95648",2563.41987304687,3076.14211425781,103.0465625
"95252",2602.15173339844,3094.32476806641,199.72609375
"92447",2589.72670898437,2090.43596191406,210.2475
"95186",2750.25427246094,3133.58870849609,409.34140625
"91733",3057.08082275391,2098.23848876953,221.1753125
"73680",2423.06673583984,2206.77493896484,122.1025
"93197",2992.36087646484,3108.14224853516,63.3090625
"6006",2480.35914306641,2155.73717041016,72.5209375
"73797",2295.36502685547,2414.84605712891,132.94
"77331",2349.41245117188,2879.29780273437,114.56140625
"73792",2301.48477783203,2397.46442871094,116.503125
"95641",2537.62270507812,3062.68468017578,175.386875
"91869",2731.69372558594,2047.70540771484,190.42390625
"105461",3355.91185302734,2679.90369873047,519.52265625
"93107",3016.15278320312,3099.86740722656,82.95203125
"73685",2405.88453369141,2224.34686279297,131.85625
"93106",3021.77635498047,3097.73348388672,42.5371875
"90191",3278.65710449219,2296.59769287109,928.05125
"77191",2318.72010498047,2823.48106689453,50.755625
"78029",2266.45340576172,2598.29768066406,109.95546875
"77524",2271.93233642578,2668.05599365234,141.47453125
"93217",2935.52708740234,3124.98432617187,115.6903125
"91853",2656.82358398438,2064.25571289063,112.2584375
"92391",2504.66715087891,2137.10419921875,115.419375
"73803",2289.19692382812,2432.54768066406,292.793125
"95637",2528.77261962891,3058.09497070312,109.7296875
"93777",3069.70589599609,3076.07508544922,138.6296875
"76785",2422.20532226562,2973.48946533203,317.22265625
"92672",2868.62258300781,2043.10635986328,105.304375
"7663",3298.46380615234,2850.23656005859,196.700625
"78057",2267.05894775391,2627.33132324219,99.20828125
"77192",2313.69896240234,2814.21220703125,125.534375
"94065",2719.14626464844,3130.59129638672,464.61265625
"78039",2266.46274414063,2619.99613037109,49.8525
"95206",2835.13806152344,3138.8673828125,250.6171875
"105487",3330.83311767578,2780.02564697266,689.58109375
"77541",2273.48354492187,2685.25770263672,132.8496875
"91849",2673.44921875,2058.33974609375,117.63203125
"77314",2336.13680419922,2860.02587890625,119.52859375
"78021",2265.070703125,2580.79984130859,106.97515625
"92434",2544.90249023437,2110.58258056641,184.01171875
"92798",3243.80399169922,2934.31123046875,722.27421875
"93140",3042.14024658203,3090.85172119141,115.780625
"93222",2893.41971435547,3134.35113525391,114.4259375
"77086",2278.14339599609,2711.11733398437,69.40515625
"73454",2359.96440429687,2279.92432861328,104.26578125
"93626",2882.92545166016,3136.08579101563,152.628125
"73787",2304.64924316406,2382.63861083984,238.56046875
"93227",2918.61881103516,3130.63176269531,47.32375
"77076",2275.78223876953,2702.77608642578,74.05625
"93228",2926.57469482422,3129.28973388672,71.48234375
"94057",2655.09681396484,3117.09754638672,431.69375
"77354",2374.32392578125,2921.02707519531,218.6465625
"73458",2351.24733886719,2291.47590332031,147.34484375
"77190",2318.94049072266,2830.70004882813,101.01453125
"93221",2904.05778808594,3134.12908935547,46.55609375
"93775",3081.62644042969,3072.85458984375,205.50609375
"77129",2294.82423095703,2774.03829345703,108.78140625
"95305",2610.52659912109,3102.30264892578,199.5003125
"73778",2314.85588378906,2356.31434326172,545.84875
"93108",3029.07336425781,3098.46561279297,170.91640625
"95158",2772.54456787109,3140.10502929687,394.53015625
"74013",2269.27587890625,2506.10069580078,182.43125
"92669",2815.20352783203,2037.60377197266,357.32140625
"95189",2821.41666259766,3141.81333007813,101.51125
"76780",2436.5615234375,2991.79289550781,119.3028125
"77310",2330.85480957031,2855.43409423828,85.48078125
"7659",3318.57763671875,2816.97117919922,302.185625
"77114",2283.45485839844,2740.5361328125,47.685
"94063",2707.88542480469,3131.751953125,302.9984375
"93229",2912.36666259766,3133.624609375,58.6128125
"77513",2266.45112304687,2656.7845703125,151.86046875
"73818",2276.62435302734,2464.86407470703,155.92453125
"77504",2265.06053466797,2644.68763427734,156.8728125
"93390",3145.98654785156,3032.32561035156,442.66671875
"92439",2564.76335449219,2096.79851074219,498.29921875
"103018",3330.56251220703,2390.34858398437,194.03640625
"92803",3266.06959228516,2909.34600830078,773.075
"6007",2472.51656494141,2155.67263183594,113.11640625
"91902",3188.56810302734,2182.06206054687,433.00328125
"95650",2546.48814697266,3073.15570068359,202.70640625
"95165",2801.66723632812,3142.68159179687,298.3021875
"77102",2280.24349365234,2731.86223144531,46.55609375
"103025",3338.00437011719,2408.40651855469,548.6484375
"95250",2587.92523193359,3094.54909667969,283.3103125
"91838",2700.27775878906,2048.12895507812,220.94953125
"91421",2750.01853027344,2039.89624023438,256.4875
"73990",2272.97242431641,2476.85725097656,205.370625
"91734",3079.33376464844,2103.20546875,541.0621875
"77145",2301.71408691406,2797.39233398438,142.9646875
"73329",2429.18835449219,2192.51751708984,124.76671875
"91842",2688.71622314453,2050.48679199219,113.29703125
"93213",2960.58548583984,3124.00836181641,60.82546875
"92676",2935.66342773438,2049.190625,871.38015625
"93225",2981.80415039062,3117.89815673828,208.66703125
"91422",2737.38287353516,2041.22561035156,116.27734375
"92431",2531.60173339844,2113.71488037109,97.8084375
"93413",3125.52034912109,3048.50030517578,380.62203125
"78033",2261.28492431641,2609.134765625,123.59265625
"6254",2262.02639160156,2555.01118164062,145.58375
"103008",3321.660546875,2365.24432373047,742.68484375
"93212",2967.19913330078,3122.69808349609,35.08640625
"92403",2521.24132080078,2119.55095214844,87.3321875
"91692",3032.10128173828,2079.52043457031,144.63546875
"92668",2835.83200683594,2035.59830322266,374.39046875
"77305",2322.8640625,2845.40716552734,70.5340625
"102945",3355.54267578125,2465.42479248047,287.78078125
"77368",2382.54398193359,2937.08950195312,297.26359375
"73607",2408.26083984375,2212.43814697266,152.3571875
"105463",3369.51973876953,2573.81888427734,504.66625
"94056",2620.63259277344,3109.3630859375,220.904375
"91722",3045.75668945313,2085.10540771484,177.05765625
"7683",3311.44436035156,2837.52038574219,557.45390625
"77343",2357.12553710937,2903.41530761719,133.9334375
"74018",2264.56684570312,2517.45948486328,318.12578125
"74004",2268.22645263672,2492.71195068359,257.52609375
"78025",2259.67312011719,2587.82022705078,64.43796875
"103010",3328.36903076172,2377.60771484375,257.43578125
"91677",2969.06203613281,2055.96447753906,93.2928125
"77135",2293.97194824219,2782.65948486328,180.1734375
"6253",2261.56403808594,2540.07268066406,145.3128125
"77324",2335.28597412109,2870.13955078125,82.72625
"77160",2311.18361816406,2824.10653076172,69.13421875
"78026",2259.31286621094,2595.87406005859,60.64484375
"73448",2362.55487060547,2266.77921142578,255.62953125
"91674",2960.32442626953,2053.00732421875,181.12171875
"93627",2873.54079589844,3142.63448486328,101.91765625
"93209",2997.25792236328,3115.00969238281,164.8203125
"91845",2664.40925292969,2054.34997558594,196.92640625
"91834",2712.86796875,2042.98516845703,177.1028125
"77107",2278.84024658203,2737.85269775391,57.75484375
"73795",2289.42893066406,2407.42121582031,181.21203125
"77074",2269.50975341797,2698.84379882812,89.18359375
"91847",2632.97357177734,2064.01395263672,355.06359375
"93415",3113.60727539063,3059.05433349609,287.374375
"77540",2266.15955810547,2681.11063232422,83.13265625
"93776",3090.50869140625,3073.20633544922,196.56515625
"92395",2504.77111816406,2127.65209960938,75.7721875
"77091",2273.99362792969,2720.32352294922,124.67640625
"91684",3005.18724365234,2066.57391357422,300.60515625
"6003",2482.47438964844,2143.19925537109,159.35640625
"105462",3360.25772705078,2702.01552734375,694.54828125
"95655",2555.41688232422,3082.24630126953,151.58953125
"73690",2378.66813964844,2243.78625488281,250.30109375
"91419",2764.75760498047,2035.05729980469,205.59640625
"94059",2642.95297851563,3119.50622558594,135.96546875
"73673",2415.82907714844,2200.92932128906,126.618125
"92790",3219.44866943359,2973.00220947266,628.8459375
"77119",2282.40875244141,2753.77733154297,280.510625
"91907",3209.60560302734,2196.15512695313,344.0003125
"78018",2257.87932128906,2572.39052734375,211.150625
"77335",2344.34399414062,2888.31037597656,124.9925
"73810",2274.63278808594,2452.69616699219,310.44921875
"93232",2921.28419189453,3136.92147216797,46.82703125
"73807",2277.80202636719,2440.29127197266,145.35796875
"91417",2789.60246582031,2032.30538330078,344.99375
"77089",2270.88809814453,2713.90017089844,29.21609375
"73793",2290.56551513672,2398.18016357422,113.79375
"93219",2943.15114746094,3133.13673095703,240.36671875
"95646",2516.44699707031,3061.5638671875,658.8296875
"91418",2775.51417236328,2032.69240722656,279.3365625
"78059",2257.92622070312,2628.37431640625,76.1334375
"92396",2510.04647216797,2121.90256347656,220.58828125
"93757",3048.49221191406,3097.09390869141,184.82453125
"92432",2542.82916259766,2101.91531982422,180.98625
"91696",3070.30687255859,2092.89091796875,237.6121875
"6009",2460.28660888672,2158.17573242187,253.64265625
"94061",2674.92281494141,3130.48981933594,658.69421875
"93224",2901.12761230469,3141.67781982422,86.33875
"77151",2301.75413818359,2811.21853027344,113.56796875
"73326",2445.60045166016,2170.10250244141,482.449375
"73682",2395.18503417969,2220.50567626953,148.51890625
"91675",2979.40543212891,2055.3232421875,207.04140625
"93753",3068.49190673828,3088.04833984375,243.52765625
"77146",2298.15844726562,2803.50959472656,30.93203125
"77101",2273.13034667969,2728.77911376953,52.06515625
"73457",2342.75252685547,2289.50737304687,131.26921875
"102946",3364.76671142578,2484.65541992187,274.0984375
"93112",3012.96092529297,3113.24224853516,158.00171875
"91843",2654.36198730469,2053.47777099609,99.02765625
"94058",2632.48631591797,3119.00133056641,197.82953125
"73686",2384.88957519531,2231.20579833984,319.0740625
"78034",2255.50799560547,2612.74871826172,94.3765625
"77339",2347.74171142578,2898.32630615234,110.0909375
"77156",2305.253125,2821.60695800781,54.6390625
"6000",2493.18385009766,2131.24716796875,259.2871875
"95195",2826.82856445312,3149.73061523437,77.62359375
"93234",2908.60142822266,3141.99241943359,60.64484375
"77312",2323.24921875,2858.05838623047,157.86625
"76773",2427.37608642578,2994.22253417969,108.42015625
"77069",2264.06776123047,2692.48187255859,105.12375
"95841",2889.30397949219,3145.23159179687,82.41015625
"95253",2571.13275146484,3094.43330078125,110.22640625
"73453",2349.67766113281,2277.09438476562,141.3390625
"78042",2255.25108642578,2620.49874267578,99.65984375
"93418",3104.15642089844,3070.00036621094,142.64859375
"93628",2869.85379638672,3147.84073486328,72.1596875
"91420",2754.31522216797,2032.11031494141,66.10875
"92667",2847.07666015625,2029.67901611328,164.8203125
"91732",3063.88040771484,2086.96042480469,90.98984375
"77500",2256.02969970703,2637.83243408203,100.02109375
"93231",2931.5802734375,3138.49841308594,97.31171875
"73788",2290.81889648437,2389.263671875,105.5753125
"73668",2427.05401611328,2184.04096679687,229.1228125
"77330",2332.68699951172,2876.81420898438,157.00828125
"95190",2814.02170410156,3150.98963623047,173.1290625
"93629",2848.65007324219,3150.01533203125,368.06859375
"92671",2860.83499755859,2030.21234130859,373.30671875
"91836",2682.21193847656,2044.1869140625,198.82296875
"92429",2525.21697998047,2108.75640869141,110.40703125
"93220",2957.52353515625,3132.79411621094,154.75046875
"76775",2436.52271728516,3004.6470703125,164.95578125
"77534",2259.93397216797,2675.6505859375,93.1121875
"77526",2258.73077392578,2667.63410644531,115.8709375
"93235",2915.64505615234,3142.3736328125,76.81078125
"77189",2313.29575195313,2842.48798828125,193.04296875
"91910",3229.85120849609,2210.5345703125,497.75734375
"74125",2330.11604003906,2305.46853027344,567.47859375
"6252",2256.01019287109,2530.89948730469,159.08546875
"91694",3053.03709716797,2080.47772216797,100.1565625
"92670",2877.36330566406,2030.94156494141,349.64484375
"91735",3113.56597900391,2113.305859375,304.4434375
"77083",2266.00910644531,2711.07043457031,110.4521875
"95251",2565.08438720703,3093.41354980469,74.6884375
"91844",2641.65037841797,2054.70483398438,147.931875
"103020",3341.58262939453,2391.52397460937,82.13921875
"93218",2970.21729736328,3130.54107666016,191.1915625
"94064",2648.34184570312,3127.14398193359,21.35890625
"77163",2306.50758056641,2831.40499267578,89.6803125
"77356",2358.59228515625,2919.57506103516,143.5065625
"92787",3206.72274169922,2994.26964111328,361.25
"102947",3365.77172851562,2472.20030517578,160.16921875
"93110",3024.19333496094,3112.97247314453,151.0025
"91825",2718.04910888672,2034.52584228516,125.94078125
"77103",2269.99514160156,2733.18931884766,34.2284375
"95255",2575.3439453125,3099.85848388672,72.65640625
"77140",2287.36265869141,2788.07408447266,167.21359375
"91896",3147.45142822266,2134.42221679688,848.4859375
"76772",2414.33078613281,2986.38908691406,310.81046875
"77112",2272.52044677734,2743.79958496094,108.23953125
"77155",2299.79079589844,2819.08621826172,54.8196875
"93245",3002.69389648437,3121.51231689453,99.47921875
"6251",2252.01627197266,2552.60478515625,224.92328125
"93404",3173.59058837891,3025.26372070312,869.84484375
"94066",2654.48898925781,3130.68094482422,48.18171875
"93111",3029.92626953125,3111.93778076172,34.68
"77098",2266.53682861328,2724.47391357422,43.8015625
"73805",2272.25419921875,2433.12333984375,119.4834375
"91720",3048.14461669922,2075.17663574219,37.25390625
"77364",2367.37368164062,2934.42100830078,248.90125
"95656",2538.50922851562,3082.41708984375,158.36296875
"73799",2276.89786376953,2417.28586425781,339.34921875
"92424",2513.57202148438,2111.75236816406,93.56375
"6002",2469.25373535156,2142.6009765625,250.2559375
"73667",2407.19584960937,2198.37164306641,97.9890625
"73677",2395.35935058594,2211.04527587891,78.52671875
"95258",2583.71154785156,3105.41793212891,108.555625
"73780",2291.5568359375,2376.36737060547,227.8584375
"77515",2253.68514404297,2656.53762207031,135.1978125
"95182",2801.71932373047,3154.80758056641,122.3734375
"93216",2991.51004638672,3126.73579101562,116.90953125
"76818",2384.23526611328,2955.868359375,271.70515625
"93236",2928.05306396484,3143.68432617188,76.765625
"77334",2334.23260498047,2887.44501953125,101.51125
"105464",3374.44127197266,2672.60025634766,551.67390625
"92443",2586.57614746094,2072.24521484375,258.24859375
"76792",2396.88752441406,2970.71326904297,528.7796875
"77147",2290.87471923828,2802.53674316406,125.9859375
"7667",3298.01328125,2884.15708007813,1007.66171875
"77347",2346.52398681641,2906.88648681641,61.5028125
"77352",2350.91489257813,2913.43518066406,85.39046875
"93759",3051.92956542969,3103.56063232422,22.53296875
"95649",2527.15355224609,3077.09566650391,179.6315625
"95248",2555.89147949219,3092.97174072266,144.86125
"73691",2367.65279541016,2242.71483154297,225.37484375
"78027",2248.88210449219,2596.38040771484,257.3003125
"91876",2726.78983154297,2030.32834472656,185.09546875
"77542",2257.11461181641,2687.42130126953,91.8478125
"73672",2399.26611328125,2204.70908203125,81.100625
"103015",3341.64696044922,2380.63770751953,104.04
"73790",2283.18757324219,2393.44187011719,26.59703125
"95848",2889.45131835937,3151.83735351562,83.44875
"77075",2258.97087402344,2701.20744628906,122.825
"95265",2601.41151123047,3115.09373779297,328.4665625
"78020",2247.87044677734,2581.16881103516,159.6725
"91673",2987.20692138672,2049.19041748047,270.4859375
"91729",3042.02196044922,2069.72198486328,141.74546875
"93422",3097.92855224609,3081.548828125,152.989375
"93630",2875.80607910156,3153.91254882812,175.2965625
"77505",2250.12576904297,2644.83372802734,162.381875
"103023",3348.84747314453,2396.27907714844,104.1303125
"105484",3340.60355224609,2804.58537597656,359.94046875
"95191",2778.2814453125,3156.39780273438,341.33609375
"92666",2820.07110595703,2021.75301513672,252.19765625
"94069",2649.33690185547,3133.05040283203,54.6390625
"77358",2357.78461914062,2927.18065185547,50.8459375
"91672",2960.50496826172,2040.23325195312,360.39203125
"94074",2697.42768554687,3145.82073974609,444.4278125
"95843",2898.9947265625,3151.87138671875,120.16078125
"76774",2438.98638916016,3016.01312255859,192.04953125
"93230",2983.98227539063,3132.56750488281,85.75171875
"93109",3036.48928222656,3113.38128662109,233.0965625
"77110",2266.24692382813,2739.18850097656,64.25734375
"93237",2954.57156982422,3141.03699951172,105.98171875
"105481",3361.95004882813,2746.06632080078,815.7025
"73776",2295.00892333984,2358.85936279297,500.01515625
"92789",3220.77596435547,2988.4837890625,128.6953125
"91839",2646.72838134766,2046.15855712891,77.2171875
"76769",2424.98151855469,3004.54621582031,108.555625
"95192",2795.15693359375,3158.74215087891,88.82234375
"77159",2296.06457519531,2824.18746337891,73.28859375
"91830",2687.92640380859,2034.56444091797,128.46953125
"77100",2262.98658447266,2729.80301513672,57.5290625
"93114",3009.82779541016,3124.83615722656,77.44296875
"7664",3313.41351318359,2865.22279052734,414.94078125
"93756",3061.75187988281,3102.9880859375,213.45359375
"105465",3384.55120849609,2587.93353271484,727.19625
"91228",2803.48572998047,2020.16611328125,459.329375
"91840",2640.29755859375,2047.49332275391,42.85328125
"105488",3333.93179931641,2824.888671875,437.47375
"5999",2483.14364013672,2126.49434814453,82.95203125
"78060",2246.47487792969,2629.72360839844,199.41
"77188",2310.98564453125,2855.85224609375,143.5065625
"73819",2259.04993896484,2463.71960449219,306.56578125
"73786",2281.70131835937,2388.34124755859,41.04703125
"93760",3047.04102783203,3110.36416015625,150.86703125
"77152",2290.70434570312,2814.18419189453,79.88140625
"75646",2248.65196533203,2521.41605224609,186.99203125
"77168",2302.33145751953,2839.88278808594,68.9084375
"94060",2616.72562255859,3124.58381347656,204.96421875
"94068",2631.91397705078,3129.97517089844,118.5803125
"92441",2566.581640625,2076.1482421875,446.55015625
"91820",2702.46293945312,2030.40574951172,252.1525
"92422",2514.64489746094,2104.63154296875,119.2125
"75638",2250.44119873047,2507.20324707031,147.07390625
"91837",2654.11918945312,2042.25262451172,95.911875
"73999",2253.71647949219,2486.44880371094,202.16453125
"73658",2412.01839599609,2185.58781738281,209.2540625
"91841",2629.48330078125,2049.89349365234,106.6590625
"95207",2818.19180908203,3160.47576904297,227.6778125
"94070",2641.46444091797,3133.48370361328,65.16046875
"95845",2921.43713378906,3150.56920166016,185.0503125
"77523",2249.15146484375,2665.61328125,96.13765625
"91831",2664.42979736328,2038.96759033203,158.769375
"77138",2280.49791259766,2790.42486572266,87.06125
"91229",2854.21553955078,2020.09846191406,120.7478125
"73823",2255.44470214844,2475.44487304687,131.17890625
"91226",2889.13277587891,2023.43433837891,325.71203125
"93113",3018.77873535156,3123.27083740234,93.2928125
"75631",2251.05960693359,2497.74429931641,166.76203125
"77536",2251.0822265625,2681.93822021484,123.95390625
"91676",3004.53563232422,2050.62292480469,294.3284375
"73678",2382.70854492187,2215.74849853516,127.340625
"77053",2315.31512451172,2867.27266845703,164.188125
"77095",2258.9447265625,2722.36613769531,75.681875
"91726",3053.24046630859,2069.98179931641,51.16203125
"77342",2335.37749023437,2900.923828125,157.2340625
"73443",2351.73500976562,2254.49011230469,400.62625
"76840",2370.58940429687,2949.64754638672,168.11671875
"95219",2740.42905273438,3156.75100097656,678.246875
"74126",2335.19549560547,2278.15501708984,374.30015625
"78036",2243.23612060547,2612.46752929688,218.87234375
"95256",2560.18630371094,3102.05756835937,74.5078125
"95249",2544.97615966797,3094.23989257812,123.9990625
"5996",2491.5591796875,2117.56561279297,120.115625
"92433",2542.64156494141,2086.29158935547,445.5115625
"6250",2244.71614990234,2539.52877197266,179.94765625
"91227",2906.27534179687,2024.45637207031,363.19171875
"76803",2458.11533203125,3037.48330078125,641.760625
"6001",2471.35715332031,2131.64871826172,124.49578125
"95260",2575.10135498047,3109.65257568359,62.63171875
"73445",2343.20803222656,2265.01571044922,93.33796875
"91678",3017.29870605469,2053.87039794922,199.72609375
"93755",3083.72238769531,3095.48604736328,233.05140625
"93233",2978.48944091797,3138.61918945312,127.7921875
"73791",2275.23251953125,2398.05274658203,178.276875
"73806",2261.3453125,2442.87904052734,220.6334375
"91416",2736.90910644531,2022.26060791016,278.38828125
"92430",2529.42464599609,2093.09428710937,169.56171875
"93631",2873.65098876953,3159.53114013672,26.2809375
"77085",2254.86759033203,2709.83341064453,121.560625
"91414",2757.13541259766,2019.7361328125,105.485
"73659",2424.98297119141,2170.05186767578,313.15859375
"91904",3226.02102050781,2190.56517333984,300.1084375
"102948",3369.61187744141,2445.72973632812,584.54765625
"77058",2320.7025390625,2879.72259521484,178.86390625
"93420",3119.74217529297,3075.13875732422,293.10921875
"77361",2355.76317138672,2932.75441894531,43.93703125
"105466",3385.47529296875,2646.37912597656,784.1834375
"77165",2295.28388671875,2832.25374755859,103.90453125
"94072",2655.313671875,3140.58004150391,198.55203125
"91415",2748.10914306641,2019.86790771484,223.1621875
"77512",2244.53291015625,2651.81489257812,55.76796875
"103021",3355.14942626953,2396.03586425781,85.3453125
"77350",2339.20020751953,2910.77332763672,87.964375
"93632",2843.17612304688,3163.12517089844,301.7340625
"95851",2908.55618896484,3156.15832519531,125.895625
"93633",2867.04169921875,3161.52270507812,146.35140625
"91826",2672.50977783203,2033.4091796875,180.94109375
"93754",3073.35284423828,3102.56038818359,191.82375
"73664",2398.22166748047,2194.57922363281,136.8234375
"77154",2289.10727539063,2820.96427001953,23.661875
"95842",2952.83753662109,3147.44810791016,105.62046875
"103014",3349.06350097656,2377.57056884766,184.19234375
"91679",3031.25086669922,2057.20523681641,489.71953125
"95263",2581.16569824219,3114.78806152344,122.283125
"73802",2262.89693603516,2429.65714111328,82.95203125
"77355",2344.42243652344,2919.82117919922,83.3584375
"77060",2326.39708251953,2892.5765625,128.063125
"91225",2835.80855712891,2015.21345214844,310.5846875
"102951",3385.67222900391,2520.11947021484,814.39296875
"91434",2775.06945800781,2016.05577392578,158.408125
"77115",2261.39366455078,2746.0677734375,120.7478125
"77123",2265.49611816406,2760.22454833984,406.948125
"95849",2946.38492431641,3149.90513916016,82.365
"6096",2498.01179199219,2109.41486816406,152.40234375
"77150",2281.76336669922,2806.18099365234,151.6346875
"95855",2887.09825439453,3160.87047119141,107.33640625
"93223",2992.51423339844,3137.35601806641,118.44484375
"6249",2240.24929199219,2555.70035400391,241.45046875
"91731",3101.01312255859,2089.91944580078,265.9703125
"77180",2300.42850341797,2848.30600585938,124.67640625
"77139",2273.65578613281,2786.32012939453,186.3146875
"93423",3110.64389648438,3083.98967285156,151.905625
"91891",3129.78653564453,2107.28468017578,543.5909375
"91690",3066.45095214844,2071.14204101562,323.36390625
"91835",2637.79445800781,2041.3015625,34.99609375
"95259",2567.66032714844,3110.38989257812,117.54171875
"91723",3092.75467529297,2084.48471679688,154.84078125
"95294",2588.4923828125,3120.01257324219,99.47921875
"76778",2437.97244873047,3026.11102294922,205.41578125
"77363",2350.69595947266,2932.0185546875,78.88796875
"91833",2622.79245605469,2045.797265625,204.06109375
"95198",2787.35087890625,3165.99765625,114.01953125
"76800",2381.69273681641,2970.74481201172,191.95921875
"93417",3142.34727783203,3064.90700683594,630.4715625
"92030",2716.30054931641,2020.99390869141,184.64390625
"73324",2441.52933349609,2149.58670654297,198.46171875
"95850",2938.91774902344,3153.44521484375,168.83921875
"76767",2409.03883056641,3000.17896728516,96.3634375
"73636",2364.73963623047,2228.3447265625,122.0121875
"78049",2237.83916015625,2573.73131103516,203.2934375
"93118",3004.81889648437,3135.00565185547,155.3375
"92442",2573.84772949219,2064.97186279297,76.3140625
"73783",2277.78480224609,2377.08663330078,251.43
"73674",2382.06876220703,2206.77286376953,75.45609375
"76770",2398.66783447266,2990.61625976562,276.35625
"94073",2636.64293212891,3139.63229980469,90.0415625
"78048",2236.84389648437,2587.07896728516,159.53703125
"95254",2546.25219726562,3101.66328125,58.6128125
"105292",3325.15330810547,2861.96535644531,333.20796875
"73796",2265.53845214844,2409.22476806641,160.53046875
"75685",2241.16590576172,2517.3513671875,70.805
"95211",2822.33410644531,3168.21500244141,258.79046875
"75652",2239.56032714844,2529.32960205078,44.56921875
"91827",2645.01281738281,2036.58547363281,75.99796875
"77134",2268.40637207031,2779.63820800781,206.27375
"77516",2240.27004394531,2658.102734375,93.2025
"95857",2898.80277099609,3162.39449462891,116.9546875
"73325",2432.22062988281,2155.35533447266,160.575625
"77503",2238.41647949219,2641.89857177734,70.94046875
"77093",2250.30610351562,2717.38297119141,90.9446875
"91824",2683.21737060547,2025.94719238281,173.44515625
"5997",2480.28734130859,2117.190625,81.32640625
"77105",2255.20999755859,2737.94483642578,134.02375
"92444",2586.26818847656,2057.59495849609,310.133125
"73320",2455.03325195312,2135.95723876953,75.9528125
"73676",2372.98251953125,2215.40712890625,151.725
"77531",2242.16407470703,2675.56695556641,93.1121875
"73319",2461.12872314453,2131.0728515625,119.61890625
"73670",2385.79519042969,2200.59251708984,146.26109375
"78050",2236.16634521484,2565.30581054687,157.45984375
"95200",2800.44868164062,3168.85955810547,144.72578125
"91701",3114.76834716797,2093.9318359375,303.67578125
"73322",2448.16746826172,2141.15954589844,223.29765625
"91236",2943.35347900391,2024.65787353516,351.5865625
"76765",2414.44969482422,3008.48514404297,162.87859375
"78062",2236.63990478516,2626.50871582031,64.97984375
"93427",3094.07200927734,3097.61976318359,182.74734375
"103019",3358.2703125,2387.26027832031,35.53796875
"95247",2527.21850585938,3093.11326904297,390.2403125
"91894",3146.99156494141,2113.90517578125,313.92625
"92733",2957.46916503906,2027.27490234375,168.92953125
"92426",2518.38937988281,2090.90225830078,248.49484375
"95856",2918.25025634766,3160.76795654297,120.115625
"92794",3236.52897949219,2988.65146484375,384.550625
"95846",2965.78011474609,3150.18736572266,153.8021875
"77362",2344.63140869141,2929.97344970703,85.255
"105291",3332.36668701172,2853.02645263672,138.8103125
"77371",2355.72042236328,2945.02318115234,164.95578125
"73641",2352.86640625,2237.7943359375,280.73640625
"95216",2762.18374023437,3168.21251220703,332.9821875
"95844",2974.34672851562,3148.353515625,136.2815625
"77525",2239.2984375,2668.07757568359,97.85359375
"92788",3213.25919189453,3012.712109375,430.47453125
"94071",2621.73659667969,3137.65650634766,186.26953125
"92418",2505.89276123047,2097.62672119141,162.8334375
"76768",2422.11774902344,3017.96754150391,228.80671875
"77353",2332.36845703125,2913.59600830078,84.9840625
"93634",2866.48824462891,3168.67154541016,65.928125
"95210",2773.75938720703,3169.49768066406,97.4471875
"76837",2365.66890869141,2958.47978515625,180.625
"93685",2879.7734375,3167.35628662109,67.011875
"91822",2656.59157714844,2030.35345458984,125.895625
"91413",2763.78890380859,2010.58659667969,281.3234375
"77158",2282.55795898438,2823.27977294922,175.34171875
"93115",3025.57624511719,3131.85799560547,142.28734375
"94076",2645.9802734375,3146.24200439453,88.37078125
"93761",3057.77891845703,3118.24554443359,267.37015625
"93684",2852.16026611328,3170.187890625,194.6234375
"8202",3395.69002685547,2555.69952392578,994.4309375
"7665",3297.89644775391,2914.13286132812,427.178125
"103013",3355.89794921875,2375.45552978516,111.49078125
"91669",2986.43391113281,2033.65446777344,261.68046875
"93425",3103.91694335937,3094.79770507813,186.72109375
"73789",2268.24948730469,2390.40751953125,144.13875
"6248",2235.24848632812,2538.95560302734,96.76984375
"5998",2470.40463867188,2120.67882080078,186.99203125
"77166",2288.32222900391,2837.35416259766,160.395
"95257",2549.86241455078,3107.90339355469,90.493125
"77544",2241.17503662109,2687.83903808594,212.415
"73800",2258.03184814453,2420.22807617187,219.459375
"77187",2295.79230957031,2853.05467529297,72.92734375
"105485",3359.52808837891,2795.66328125,347.38703125
"103022",3362.80170898437,2392.53002929688,96.58921875
"95268",2595.25482177734,3128.85747070312,161.16265625
"73804",2253.94371337891,2433.90216064453,79.15890625
"77128",2261.21042480469,2769.69719238281,100.92421875
"78051",2233.25339355469,2617.03814697266,104.7625
"91829",2636.76910400391,2035.23120117188,70.66953125
"94080",2684.11966552734,3157.21501464844,470.21203125
"92791",3226.73634033203,3001.60981445312,137.50078125
"75677",2245.14924316406,2467.61993408203,108.87171875
"91223",2847.47115478516,2007.82056884766,231.8321875
"93117",3016.58732910156,3136.49232177734,171.00671875
"102952",3385.49251708984,2470.55861816406,568.29140625
"77144",2270.43591308594,2797.51456298828,98.03421875
"91682",3048.91949462891,2055.80634765625,253.3265625
"91906",3242.77199707031,2193.60367431641,148.5640625
"91832",2606.08775634766,2045.16287841797,467.09625
"77004",2304.14725341797,2871.25455322266,72.069375
"91727",3081.35832519531,2070.72015380859,387.62125
"95269",2605.13731689453,3134.05085449219,142.64859375
"77506",2234.46655273438,2647.73215332031,89.409375
"77055",2322.30666503906,2902.34533691406,119.3028125
"77080",2243.21142578125,2706.44461669922,271.43421875
"73683",2364.51613769531,2218.61849365234,88.325625
"77097",2247.34625244141,2725.52686767578,189.43046875
"75639",2236.45666503906,2510.31624755859,102.595
"73655",2396.85992431641,2181.8869140625,193.40421875
"77003",2300.17408447266,2865.73868408203,120.6575
"91668",2973.3,2027.36973876953,243.5728125
"75649",2234.44870605469,2524.34124755859,77.98484375
"74113",2326.76854248047,2268.83759765625,69.22453125
"93119",3032.75310058594,3131.87708740234,74.01109375
"91410",2786.91239013672,2006.02780761719,506.96921875
"74121",2305.72689208984,2303.11795654297,686.32984375
"95295",2582.13460693359,3125.67681884766,76.1334375
"77051",2313.63297119141,2889.96534423828,146.0353125
"75684",2237.76673583984,2498.09064941406,150.1896875
"77357",2334.44282226562,2922.80385742187,90.17703125
"77923",2230.40498046875,2604.59755859375,150.32515625
"6331",2498.1400390625,3081.26390380859,679.7821875
"95840",2995.73057861328,3145.92823486328,107.15578125
"77921",2230.13997802734,2595.18239746094,135.06234375
"93683",2888.09932861328,3169.98846435547,37.97640625
"91977",3281.88071289063,2237.4091796875,1149.13625
"91893",3161.55590820312,2118.53037109375,145.08703125
"91685",3060.84273681641,2058.95773925781,205.009375
"93410",3188.26927490234,3040.02520751953,449.03375
"91222",2879.41567382812,2008.17833251953,312.3909375
"77928",2231.25186767578,2629.59536132812,68.86328125
"73662",2387.39495849609,2190.10240478516,117.40625
"105467",3395.13221435547,2667.73745117187,501.91171875
"91689",3095.19095458984,2075.71431884766,34.27359375
"91905",3235.04957275391,2181.85972900391,189.3853125
"105483",3357.81916503906,2809.26784667969,329.68578125
"77149",2270.69987792969,2805.84481201172,89.1384375
"95847",2986.39697265625,3149.7115234375,112.2584375
"91819",2646.7505859375,2028.54595947266,102.5046875
"92025",2714.51339111328,2012.40509033203,86.0678125
"95860",2931.24741210938,3164.03120117187,208.1703125
"77006",2305.37286376953,2879.00291748047,170.37453125
"105492",3345.22418212891,2839.32808837891,310.72015625
"75659",2244.58707275391,2455.10069580078,217.11125
"105468",3391.72225341797,2694.26010742188,689.76171875
"73651",2410.92518310547,2165.01204833984,166.12984375
"7477",3309.14130859375,2274.16358642578,967.92421875
"73653",2403.17661132813,2172.28228759766,153.711875
"94075",2631.65561523438,3146.67572021484,93.06703125
"93636",2872.33323974609,3173.28864746094,49.53640625
"93416",3167.0302734375,3058.92484130859,734.46640625
"77367",2343.78203125,2939.22861328125,98.9825
"95214",2785.64548339844,3175.65561523438,177.1028125
"91823",2631.16939697266,2032.34356689453,73.74015625
"91224",2902.21605224609,2009.23004150391,309.410625
"95264",2558.20532226562,3117.63979492187,285.2971875
"103024",3371.78917236328,2402.77962646484,623.74328125
"92024",2696.67210693359,2014.35369873047,377.82234375
"91975",3251.65943603516,2196.83350830078,295.9540625
"75664",2247.23460693359,2439.02166748047,202.88703125
"77929",2229.40245361328,2636.87058105469,127.74703125
"91218",2814.32655029297,2002.19741210937,256.44234375
"91828",2620.24888916016,2035.37584228516,70.39859375
"93686",2881.5033203125,3173.77507324219,59.60625
"93150",3045.62491455078,3130.48297119141,319.29984375
"6094",2481.82921142578,2105.16217041016,228.53578125
"95853",2956.34150390625,3160.50959472656,174.16765625
"74112",2328.49074707031,2259.293359375,244.61140625
"102949",3378.84857177734,2422.39603271484,466.2834375
"75686",2236.37552490234,2483.88635253906,255.71984375
"77509",2230.29686279297,2654.36945800781,106.52359375
"77153",2272.23842773437,2816.79582519531,148.88015625
"102950",3387.25539550781,2452.38052978516,331.8984375
"75629",2237.34381103516,2476.82861328125,67.011875
"77061",2324.11478271484,2914.5603515625,102.23375
"77131",2256.85334472656,2777.21292724609,140.84234375
"77001",2292.94140625,2862.09775390625,128.83078125
"91670",3001.12318115234,2030.94779052734,231.33546875
"74115",2314.90983886719,2278.6009765625,546.43578125
"77071",2236.06818847656,2698.07410888672,124.5409375
"73684",2355.04287109375,2221.78752441406,123.8184375
"95296",2571.14624023438,3125.96900634766,151.725
"75620",2238.19069824219,2469.56335449219,86.92578125
"95858",2945.03231201172,3164.39353027344,130.18546875
"77360",2334.73023681641,2931.17996826172,96.3634375
"73646",2417.02210693359,2155.08223876953,185.32125
"94078",2656.53741455078,3157.29034423828,467.3671875
"95867",2894.30520019531,3173.68334960938,80.2878125
"95224",2744.80916748047,3174.8861328125,337.36234375
"93758",3086.39855957031,3113.07000732422,206.31890625
"77519",2230.07523193359,2663.92448730469,60.10296875
"91728",3092.89060058594,2069.62818603516,164.6396875
"77109",2244.36710205078,2738.57009277344,207.71875
"73323",2432.892578125,2140.47161865234,85.796875
"91221",2860.46353759766,2001.67176513672,311.44265625
"77919",2225.13668212891,2586.03389892578,101.64671875
"95864",2910.56186523438,3171.86589355469,154.615
"103012",3364.14892578125,2373.94644775391,258.9259375
"95238",2802.74384765625,3179.67277832031,193.63
"75653",2228.68692626953,2522.14340820313,23.97796875
"93662",2829.71225585938,3179.73171386719,110.58765625
"6092",2491.10595703125,2096.0568359375,188.97890625
"73671",2367.22447509766,2204.73004150391,191.281875
"93429",3118.69938964844,3096.1416015625,209.2540625
"76790",2377.2541015625,2986.18841552734,152.8990625
"75644",2229.171484375,2514.59281005859,93.383125
"95261",2539.96892089844,3112.38685302734,271.9309375
"77924",2225.7083984375,2629.69953613281,35.6734375
"92036",2724.30125732422,2005.99356689453,302.4565625
"76816",2364.90212402344,2972.35080566406,209.75078125
"95243",2816.51588134766,3180.46072998047,146.7578125
"73785",2258.83951416016,2389.60234375,142.4228125
"77179",2280.95030517578,2843.33259277344,180.57984375
"91667",2991.85411376953,2025.50434570312,122.50890625
"91895",3185.27933349609,2128.73140869141,978.7165625
"76786",2439.36511230469,3046.3435546875,333.253125
"6247",2226.10517578125,2536.29769287109,210.65390625
"95852",2982.34868164062,3156.81823730469,50.575
"77184",2285.74483642578,2853.496484375,55.13578125
"105486",3374.65024414063,2780.688671875,921.41328125
"77052",2313.45242919922,2903.06003417969,140.66171875
"93664",2839.96040039062,3180.58752441406,173.71609375
"105493",3357.71851806641,2824.94864501953,356.6440625
"77532",2229.86086425781,2676.91936035156,182.92796875
"74111",2331.09158935547,2249.29382324219,165.49765625
"73663",2376.67470703125,2192.25521240234,96.13765625
"77918",2223.68155517578,2610.75424804688,104.8528125
"93637",2861.71612548828,3179.56320800781,216.38875
"95865",2900.99562988281,3175.18288574219,147.8415625
"76807",2369.85187988281,2979.70093994141,89.95125
"73665",2424.04207763672,2145.37696533203,94.7378125
"74192",2253.93250732422,2401.01072998047,186.08890625
"94079",2638.98084716797,3155.02298583984,147.70609375
"95891",3005.94925537109,3150.20189208984,245.7403125
"92023",2710.74379882812,2006.76865234375,41.49859375
"73782",2262.48376464844,2376.56866455078,213.27296875
"91217",2826.59095458984,1997.61807861328,246.2821875
"73318",2450.24411621094,2123.14270019531,241.54078125
"93120",3030.29669189453,3141.40347900391,82.545625
"6091",2497.90056152344,2089.46580810547,93.56375
"102957",3401.00626220703,2503.61834716797,548.33234375
"77176",2261.76284179687,2801.73592529297,73.153125
"93778",3074.65129394531,3122.29943847656,270.98265625
"92029",2664.22518310547,2016.64658203125,365.4946875
"76839",2353.48896484375,2961.36762695312,234.9028125
"6095",2470.19857177734,2107.62086181641,109.3684375
"6246",2223.36674804687,2553.17027587891,289.7225
"91818",2622.84827880859,2028.89106445312,79.5653125
"76766",2400.87978515625,3013.96365966797,367.6621875
"94087",2721.16356201172,3175.36488037109,542.37171875
"92793",3229.68145751953,3013.81756591797,234.04484375
"93424",3141.16711425781,3085.16651611328,488.72609375
"77240",2225.54694824219,2658.62236328125,53.60046875
"92438",2564.257421875,2051.77299804687,599.90078125
"77372",2340.66488037109,2946.44136962891,160.34984375
"95868",2923.21765136719,3173.27453613281,164.50421875
"91976",3265.26254882813,2202.77977294922,650.791875
"73687",2344.80447998047,2226.88793945312,104.44640625
"95306",2608.48170166016,3146.64666748047,224.65234375
"95271",2579.35633544922,3134.99340820312,161.0271875
"7666",3301.68450927734,2930.31502685547,622.1628125
"92428",2527.09752197266,2069.9591796875,425.4621875
"77007",2300.92509765625,2887.70172119141,96.0021875
"92033",2634.89603271484,2023.39407958984,105.7559375
"76811",2455.68610839844,3063.04866943359,612.27359375
"77922",2221.68999023437,2625.48917236328,102.3240625
"74102",2336.49290771484,2237.00679931641,130.41125
"77917",2220.75615234375,2571.53575439453,148.60921875
"95869",2889.40172119141,3179.70224609375,91.1253125
"73648",2395.33195800781,2168.28483886719,78.1203125
"95276",2593.26782226562,3141.59211425781,172.09046875
"91892",3160.74512939453,2105.66789550781,371.365
"76776",2418.47142333984,3033.09903564453,279.5171875
"76854",2428.93746337891,3042.27845458984,215.71140625
"91671",3020.33596191406,2031.37486572266,696.670625
"73774",2267.20981445313,2357.27951660156,401.4390625
"94077",2621.71169433594,3152.62219238281,228.9421875
"77920",2219.85946044922,2598.30577392578,67.41828125
"95859",2976.94134521484,3162.4283203125,119.98015625
"73321",2429.94227294922,2135.82297363281,56.21953125
"73656",2382.88555908203,2180.36226806641,123.005625
"77175",2262.51447753906,2811.22268066406,90.5834375
"77121",2242.39732666016,2752.52847900391,175.5675
"93638",2877.01156005859,3181.88887939453,164.23328125
"105294",3342.88232421875,2865.25661621094,605.7259375
"95245",2822.58043212891,3185.14652099609,62.54140625
"77062",2323.35961914062,2925.84173583984,110.2715625
"74202",2245.72552490234,2414.48455810547,229.3034375
"91721",3114.64155273437,2074.81389160156,439.95734375
"75648",2223.17562255859,2520.93626708984,53.51015625
"91901",3245.35893554687,2177.54664306641,210.56359375
"77002",2285.63173828125,2863.3146484375,86.38390625
"95854",2990.69241943359,3159.13519287109,86.2484375
"77124",2244.28326416016,2761.29846191406,164.549375
"77930",2219.53905029297,2614.95423583984,58.83859375
"76783",2378.94393310547,2996.11594238281,218.1046875
"92417",2508.96674804687,2078.04559326172,246.05640625
"77161",2268.33270263672,2827.65283203125,206.093125
"94088",2693.76828613281,3173.61383056641,182.83765625
"105469",3397.01317138672,2720.04191894531,513.83296875
"95863",2966.17979736328,3166.74182128906,176.5609375
"94081",2670.71182861328,3168.54246826172,306.38515625
"73316",2437.87678222656,2127.41365966797,84.39703125
"91219",2872.65904541016,1995.88114013672,167.98125
"77183",2279.90191650391,2854.01071777344,23.7521875
"77015",2310.49672851562,2908.59333496094,63.98640625
"77935",2220.31828613281,2640.86657714844,137.9975
"95241",2778.61036376953,3185.45738525391,304.39828125
"102958",3401.99260253906,2480.373046875,363.5078125
"92799",3247.2921875,3001.63284912109,396.3815625
"102954",3392.32489013672,2436.82341308594,158.09203125
"91213",2806.64189453125,1992.42697753906,201.6678125
"105472",3412.32956542969,2602.87971191406,938.84359375
"91235",2962.35272216797,2010.64366455078,406.63203125
"75667",2237.13898925781,2437.60804443359,93.4734375
"77143",2254.11159667969,2796.12542724609,206.093125
"75683",2224.95593261719,2494.47814941406,306.159375
"73666",2367.67811279297,2193.1162109375,92.3896875
"91230",2941.7337890625,2005.48140869141,461.00015625
"77127",2245.10856933594,2770.39964599609,121.78640625
"73313",2456.94180908203,2110.92208251953,218.9175
"92022",2677.81646728516,2007.72863769531,294.73484375
"77914",2217.08347167969,2580.52093505859,124.7215625
"75655",2228.80770263672,2470.23364257812,151.725
"73640",2415.67572021484,2144.18787841797,63.80578125
"77054",2316.04019775391,2919.82595214844,97.6278125
"92028",2646.88837890625,2015.43425292969,259.15171875
"91381",2749.69147949219,1994.76842041016,516.36171875
"102994",3341.66024169922,2305.27387695312,963.815
"74107",2326.59028320312,2243.32867431641,115.058125
"75682",2239.10565185547,2425.7107421875,166.76203125
"77232",2219.73453369141,2655.38049316406,78.34609375
"76771",2388.18872070312,3009.82032470703,330.8146875
"93780",3067.11397705078,3132.93356933594,190.4690625
"91821",2598.58322753906,2031.15510253906,321.9640625
"92032",2620.69920654297,2023.05229492188,80.42328125
"6093",2478.90982666016,2093.80753173828,79.15890625
"93130",3042.17241210937,3144.10932617187,144.81609375
"77133",2246.63570556641,2779.53610839844,110.40703125
"93666",2846.80522460937,3188.16821289062,160.44015625
"74210",2246.61370849609,2399.4404296875,17.159375
"77916",2215.81241455078,2605.85388183594,25.64875
"102953",3391.67390136719,2425.85164794922,80.2878125
"77915",2216.22745361328,2619.95213623047,64.34765625
"75681",2232.95560302734,2445.81606445312,207.85421875
"73773",2270.28566894531,2338.80031738281,508.95609375
"77913",2215.21019287109,2589.22679443359,91.35109375
"93432",3099.2228515625,3117.87408447266,304.6240625
"6088",2497.034375,2081.08347167969,117.99328125
"77010",2298.04555664062,2894.15869140625,91.3059375
"77111",2233.09464111328,2736.050390625,128.28890625
"77242",2226.07301025391,2705.47882080078,197.19734375
"91214",2835.27025146484,1989.80891113281,194.03640625
"76804",2363.74727783203,2985.63184814453,94.06046875
"77235",2223.82287597656,2694.16340332031,165.40734375
"77141",2248.45876464844,2789.37668457031,90.17703125
"94086",2682.27108154297,3175.58713378906,117.90296875
"77185",2274.02662353516,2850.99006347656,78.61703125
"73675",2348.38917236328,2211.10089111328,161.43359375
"91216",2846.90711669922,1989.60325927734,305.25625
"73627",2424.89166259766,2132.38997802734,39.42140625
"91885",3139.95582275391,2083.80384521484,666.7771875
"77173",2257.43356933594,2814.90947265625,91.62203125
"95244",2765.58540039062,3188.99351806641,149.78328125
"95230",2748.20563964844,3187.32111816406,217.33703125
"95876",2910.90717773437,3183.35479736328,110.361875
"77912",2214.39630126953,2558.49916992187,98.75671875
"77063",2324.56468505859,2937.99158935547,213.90515625
"95275",2583.86677246094,3145.05021972656,18.5140625
"77000",2277.83875732422,2860.49134521484,57.66453125
"77016",2304.78952636719,2908.49061279297,93.021875
"73645",2387.94737548828,2165.67922363281,138.539375
"93121",3029.38215332031,3152.09094238281,309.36546875
"77008",2289.32579345703,2882.89868164062,219.1884375
"75647",2216.41857910156,2526.18817138672,208.12515625
"95270",2552.10528564453,3131.20327148437,249.2625
"94090",2698.06539306641,3180.21253662109,113.38734375
"105482",3397.06774902344,2743.72010498047,609.20296875
"95872",2939.25123291016,3178.8671875,145.08703125
"73657",2371.55499267578,2182.24426269531,125.0828125
"73669",2354.33979492187,2201.78845214844,218.60140625
"76853",2339.21058349609,2958.91495361328,129.28234375
"95242",2796.63011474609,3191.71098632812,222.0784375
"95861",2986.41813964844,3167.15520019531,72.83703125
"93663",2829.46613769531,3192.07995605469,160.71109375
"74096",2334.89396972656,2225.43156738281,131.99171875
"73317",2429.13688964844,2126.71016845703,105.80109375
"95870",2949.28231201172,3177.23151855469,203.42890625
"95262",2515.34963378906,3112.65144042969,510.40109375
"95875",2927.53924560547,3181.82973632812,116.54828125
"77066",2331.4072265625,2949.57761230469,106.8396875
"73679",2341.05086669922,2217.13887939453,103.498125
"93426",3136.99368896484,3099.32578125,293.0640625
"95266",2528.51923828125,3120.11923828125,270.3053125
"73637",2406.27923583984,2146.51687011719,139.39734375
"92021",2707.63826904297,1996.43853759766,257.57125
"92017",2691.96328125,1999.47039794922,178.638125
"77910",2212.28229980469,2608.70582275391,44.11765625
"93431",3115.50919189453,3112.48770751953,336.504375
"6341",2497.70964355469,3102.55146484375,279.8784375
"95273",2576.72768554687,3143.74326171875,119.34796875
"94093",2719.594921875,3185.24426269531,36.0346875
"77233",2219.27218017578,2684.37366943359,130.45640625
"92035",2729.65567626953,1992.53052978516,514.05875
"75633",2217.32419433594,2507.88681640625,223.29765625
"73311",2461.81934814453,2100.62309570312,146.0353125
"77118",2233.03591308594,2748.73813476563,112.84546875
"91208",2794.48706054688,1986.58758544922,293.0640625
"92031",2610.74407958984,2021.74409179687,102.45953125
"91220",2885.49578857422,1990.228515625,284.25859375
"74182",2248.16387939453,2381.97579345703,148.47375
"75676",2225.15286865234,2460.83404541016,185.72765625
"73626",2418.01405029297,2134.75445556641,93.2025
"77932",2213.54920654297,2643.69050292969,86.56453125
"77239",2225.97962646484,2722.82102050781,438.33171875
"77178",2265.87587890625,2841.07830810547,249.93984375
"74205",2239.88654785156,2404.96563720703,86.158125
"73642",2395.70985107422,2154.42315673828,240.1409375
"92814",3202.60659179687,3053.39486083984,712.6559375
"77911",2211.69460449219,2626.36241455078,89.22875
"77005",2280.91959228516,2872.72379150391,158.58875
"76797",2364.15546875,2992.32559814453,55.31640625
"95892",3015.76783447266,3159.90093994141,197.91984375
"92027",2630.64271240234,2013.75126953125,181.75390625
"93668",2870.47801513672,3191.86704101563,167.8909375
"92795",3231.71763916016,3027.91000976563,470.889375
"77231",2215.52022705078,2669.7703125,309.36546875
"73777",2253.58034667969,2364.54560546875,108.6459375
"91215",2905.14124755859,1991.5234375,610.693125
"77013",2296.82824707031,2901.92593994141,122.3734375
"73315",2438.77575683594,2115.75106201172,184.6890625
"105473",3416.27222900391,2657.73542480469,425.41703125
"77228",2213.32425537109,2654.51036376953,79.9265625
"74118",2290.79544677734,2287.18377685547,593.353125
"6090",2480.79265136719,2085.10769042969,58.83859375
"74109",2309.78701171875,2256.38684082031,317.0871875
"93667",2855.49116210937,3193.62659912109,179.58640625
"95866",2974.34154052734,3173.66591796875,85.30015625
"105490",3363.23065185547,2846.44870605469,609.29328125
"95893",3001.12401123047,3165.76564941406,167.5296875
"74209",2241.07231445312,2396.60882568359,108.96203125
"74295",2250.22434082031,2371.06234130859,128.3340625
"95246",2810.07322998047,3195.29069824219,257.52609375
"94082",2639.10224609375,3169.38582763672,245.24359375
"93421",3168.78526611328,3081.43531494141,327.5634375
"91665",2989.84490966797,2009.62847900391,616.9246875
"74104",2321.91237792969,2237.54385986328,92.7509375
"77909",2209.57811279297,2564.27132568359,121.2896875
"73652",2377.52719726563,2170.36937255859,135.649375
"94083",2628.36580810547,3166.22053222656,127.6115625
"76842",2348.0552734375,2975.99858398437,176.29
"77907",2209.0337890625,2599.65921630859,103.36265625
"92440",2574.60123291016,2033.32907714844,401.84546875
"6342",2479.37342529297,3094.378515625,521.23859375
"91897",3214.21772460937,2133.61600341797,953.9709375
"95913",3057.01628417969,3145.45031738281,317.358125
"6087",2486.55629882812,2080.05458984375,110.18125
"102956",3403.78349609375,2444.96689453125,312.79734375
"91390",2759.98922119141,1985.79050292969,255.3134375
"76777",2400.53509521484,3032.46112060547,324.62828125
"103011",3383.4548828125,2378.2435546875,727.87359375
"77172",2250.38641357422,2811.2986328125,110.8134375
"95878",2918.85766601562,3187.43566894531,93.97015625
"77908",2208.75592041016,2614.92808837891,68.95359375
"105470",3411.23199462891,2703.13073730469,401.84546875
"102960",3415.03229980469,2497.31431884766,293.69625
"105476",3419.87352294922,2641.673828125,546.88734375
"6245",2209.86511230469,2540.26671142578,206.77046875
"95862",2994.36842041016,3169.7728515625,75.99796875
"95298",2566.44799804688,3143.94040527344,187.3984375
"77126",2234.15444335937,2767.75667724609,73.0628125
"74097",2326.06588134766,2228.94528808594,70.39859375
"77027",2308.75107421875,2925.81475830078,217.15640625
"95277",2587.45997314453,3153.19307861328,228.35515625
"76820",2354.78450927734,2986.60096435547,94.9184375
"91212",2817.60141601563,1981.94122314453,211.150625
"95874",2966.03287353516,3178.415625,89.3190625
"94096",2716.82204589844,3189.53825683594,265.9703125
"105478",3396.06501464844,2768.03579101562,683.25921875
"95272",2556.61593017578,3139.97574462891,89.45453125
"93430",3129.99239501953,3109.85573730469,251.56546875
"92425",2516.17659912109,2060.02044677734,160.214375
"77927",2208.52640380859,2634.93566894531,40.32453125
"77136",2239.47399902344,2786.32552490234,115.5096875
"95286",2606.18798828125,3161.15809326172,251.610625
"91412",2781.23029785156,1982.15808105469,334.83359375
"92435",2539.29033203125,2047.10775146484,565.35625
"6089",2471.62174072266,2086.99113769531,170.7809375
"77461",2272.46524658203,2865.93541259766,58.0709375
"73632",2409.37438964844,2135.59677734375,86.02265625
"77457",2268.64252929687,2858.51430664062,87.8740625
"93669",2880.68341064453,3195.14086914062,141.068125
"92026",2616.85594482422,2013.79609375,122.46375
"73775",2252.10944824219,2357.043359375,128.785625
"77065",2329.76533203125,2957.87652587891,69.36
"76823",2430.59844970703,3062.54128417969,289
"92806",3269.71903076172,2995.42386474609,620.58234375
"92802",3255.44604492188,3010.89755859375,185.90828125
"92415",2502.63968505859,2066.35020751953,108.96203125
"76781",2377.42239990234,3014.00952148438,195.7071875
"95887",2903.91688232422,3192.71164550781,170.0584375
"75630",2213.12296142578,2492.80657958984,125.715
"77906",2205.28806152344,2575.93682861328,163.465625
"93419",3186.351171875,3073.49956054687,438.19625
"75645",2208.94600830078,2520.49549560547,95.0990625
"93779",3090.45266113281,3133.9400390625,297.30875
"73661",2355.43404541016,2188.41817626953,162.6528125
"77903",2205.07556152344,2606.73500976562,56.12921875
"102961",3412.42626953125,2465.57524414062,342.14890625
"91686",3107.23912353516,2053.85172119141,703.0828125
"91900",3260.48482666016,2172.44560546875,564.453125
"93782",3070.83770751953,3143.91633300781,76.99140625
"77170",2249.70574951172,2820.34357910156,97.94390625
"77237",2223.87122802734,2742.50466308594,150.0090625
"94089",2657.71156005859,3179.80559082031,245.0178125
"77905",2204.23967285156,2588.21472167969,146.9384375
"94160",2757.40020751953,3197.84464111328,263.7125
"95871",2986.82176513672,3175.93327636719,99.885625
"73619",2417.03040771484,2126.13201904297,84.30671875
"6084",2493.80578613281,2069.93656005859,103.81421875
"95873",2980.10560302734,3178.01179199219,44.65953125
"75673",2215.95249023438,2468.33836669922,196.15875
"73654",2361.98605957031,2179.18936767578,131.44984375
"77224",2206.96793212891,2653.66451416016,97.40203125
"76799",2360.56475830078,2998.94671630859,138.58453125
"75672",2220.76486816406,2444.79299316406,192.8171875
"74088",2334.63540039062,2210.98675537109,81.6425
"77169",2252.82725830078,2830.93060302734,140.11984375
"74105",2311.98319091797,2241.41264648437,100.47265625
"95889",2892.09656982422,3196.81804199219,297.89578125
"77132",2232.82943115234,2778.48170166016,99.705
"74212",2229.33044433594,2411.84719238281,167.12328125
"95883",2962.47432861328,3183.78228759766,110.5425
"92015",2656.42514648438,1998.37863769531,200.0421875
"95882",2952.54534912109,3186.25405273437,100.65328125
"95267",2531.38031005859,3132.28714599609,269.71828125
"94092",2679.52352294922,3186.80812988281,172.63234375
"77012",2286.85568847656,2899.54755859375,85.255
"6244",2203.99230957031,2548.56188964844,129.9596875
"76791",2367.87940673828,3008.18569335937,110.000625
"77019",2295.35838623047,2913.91517333984,147.931875
"93665",2837.73267822266,3201.76510009766,243.3921875
"102955",3403.0712890625,2418.36890869141,524.17375
"92014",2681.35260009766,1991.8587890625,156.963125
"94183",2783.70144042969,3201.77257080078,303.76609375
"92013",2668.66112060547,1994.51275634766,192.13984375
"105477",3422.27742919922,2672.63117675781,491.841875
"91887",3171.04473876953,2090.60177001953,775.965
"93781",3080.33566894531,3142.43319091797,175.386875
"77931",2203.92652587891,2641.06455078125,74.10140625
"77009",2280.82496337891,2890.86950683594,95.95703125
"91210",2867.72547607422,1978.72093505859,554.51875
"102962",3419.78408203125,2488.21437988281,155.20203125
"92427",2523.76724853516,2049.80322265625,200.49375
"74213",2223.49291992188,2426.7998046875,327.2021875
"76847",2339.24938964844,2977.09449462891,211.55703125
"94084",2618.37581787109,3170.95031738281,181.12171875
"91207",2799.49554443359,1976.10369873047,89.4996875
"77174",2239.4810546875,2803.39545898437,144.86125
"73309",2454.50802001953,2092.73029785156,219.14328125
"73772",2254.91905517578,2338.18253173828,132.89484375
"92436",2547.48610839844,2036.94489746094,174.43859375
"74186",2236.39669189453,2383.97316894531,247.86265625
"77181",2255.76781005859,2843.54903564453,87.64828125
"95274",2548.34772949219,3143.03188476562,66.24421875
"73644",2379.90889892578,2156.04533691406,159.4015625
"77236",2224.40994873047,2758.97030029297,182.74734375
"91968",3130.31176757812,2062.29631347656,154.11828125
"94098",2702.76965332031,3193.86337890625,291.52875
"94100",2732.97080078125,3198.79694824219,309.99765625
"77057",2322.50982666016,2957.54594726562,91.80265625
"94097",2690.00471191406,3191.56634521484,129.37265625
"73314",2424.75698242187,2114.52648925781,177.4640625
"105186",3429.90169677734,2595.7439453125,436.570625
"91211",2942.14820556641,1988.03731689453,427.76515625
"92813",3226.17458496094,3047.01135253906,554.4284375
"92018",2637.95279541016,2000.71634521484,265.2478125
"74120",2271.17572021484,2302.39392089844,312.48125
"105471",3413.75563964844,2730.36912841797,205.2803125
"77465",2269.1912109375,2873.36938476562,84.75828125
"77900",2200.19822998047,2612.39572753906,51.9296875
"77186",2259.03728027344,2853.25078125,99.38890625
"74099",2314.66081542969,2231.30084228516,110.5425
"92844",3259.06062011719,3015.92368164063,43.93703125
"77241",2226.61899414063,2770.56566162109,78.70734375
"77904",2200.18370361328,2622.11947021484,216.52421875
"95895",3027.34078369141,3167.59514160156,187.48875
"77064",2331.0751953125,2970.411328125,89.36421875
"77227",2207.52283935547,2690.43759765625,395.8396875
"95894",3010.61533203125,3173.61735839844,199.1390625
"73629",2397.05893554688,2137.30445556641,179.4509375
"74090",2323.29342041016,2218.66165771484,150.821875
"73647",2366.72061767578,2167.09118652344,142.01640625
"75623",2208.57579345703,2480.75924072266,150.7315625
"91712",3042.40877685547,2017.07677001953,768.87546875
"92008",2696.27698974609,1985.07829589844,245.87578125
"95885",2934.58411865234,3194.14000244141,255.17796875
"76856",2435.90057373047,3075.67872314453,314.468125
"6343",2494.46217041016,3116.24775390625,181.30234375
"95877",2975.05789794922,3184.99337158203,98.9825
"91209",2922.42554931641,1982.64429931641,478.65625
"77036",2313.57113037109,2948.38977050781,113.613125
"93670",2870.37570800781,3203.71495361328,166.58140625
"75642",2202.70817871094,2517.08345947266,137.22984375
"76855",2411.5197265625,3055.99217529297,537.31421875
"92419",2505.75828857422,2056.20187988281,143.235625
"77026",2297.98703613281,2925.78736572266,146.98359375
"74211",2227.50593261719,2402.06762695312,77.80421875
"95915",3048.44240722656,3160.52785644531,275.7240625
"91206",2835.07041015625,1973.27998046875,314.0165625
"76827",2345.98443603516,2990.26077880859,136.68796875
"95886",2922.25123291016,3197.12600097656,147.61578125
"77142",2232.82299804688,2793.61112060547,162.6528125
"77033",2307.67467041016,2940.68872070312,192.13984375
"77899",2198.21309814453,2603.86169433594,83.40359375
"92448",2586.93868408203,2016.39693603516,485.9715625
"6085",2479.94265136719,2071.52200927734,135.96546875
"74124",2259.76339111328,2320.31302490234,326.6603125
"95300",2592.94429931641,3165.55128173828,176.96734375
"74108",2298.765234375,2251.30406494141,193.40421875
"77902",2197.67458496094,2591.83282470703,91.26078125
"75632",2204.16060791016,2500.32542724609,139.7134375
"77901",2198.19359130859,2562.39348144531,163.87203125
"102959",3412.70953369141,2435.00865478516,142.01640625
"95239",2815.77005615234,3207.11744384766,384.00875
"95297",2537.51811523437,3141.35948486328,118.85125
"94085",2626.46077880859,3177.9341796875,94.51203125
"77222",2209.70179443359,2713.35812988281,257.21
"77059",2325.04197998047,2966.17419433594,82.545625
"74309",2237.40544433594,2369.9427734375,140.7971875
"74087",2327.96302490234,2209.29381103516,58.88375
"77473",2272.24133300781,2885.25299072266,170.51
"91399",2767.59792480469,1973.47504882812,193.088125
"74208",2229.0353515625,2393.12581787109,129.19203125
"92020",2602.03531494141,2009.46765136719,228.44546875
"6083",2486.65881347656,2065.92894287109,37.88609375
"77171",2238.19132080078,2812.35532226563,114.6065625
"95879",2995.76917724609,3181.00152587891,112.4390625
"77462",2261.72694091797,2865.81754150391,104.581875
"77164",2246.6828125,2833.39116210937,60.28359375
"94095",2667.29190673828,3190.14608154297,233.72875
"77925",2198.17512207031,2635.77176513672,107.33640625
"74082",2335.44327392578,2198.9998046875,198.01015625
"92975",2909.42258300781,3201.07053222656,130.1403125
"94091",2644.49360351562,3184.42456054688,288.458125
"94161",2767.37608642578,3206.58308105469,166.67171875
"75669",2212.07727050781,2450.48504638672,109.45875
"77238",2226.64763183594,2781.64346923828,51.116875
"95881",2960.80960693359,3191.20588378906,77.488125
"73312",2438.21752929688,2098.60289306641,410.74125
"73660",2344.89869384766,2186.72377929687,197.28765625
"92811",3287.20296630859,2990.2900390625,347.92890625
"95279",2556.06683349609,3152.23869628906,102.414375
"77936",2198.46066894531,2649.31220703125,144.680625
"77014",2283.21102294922,2907.68854980469,73.695
"76788",2374.06307373047,3025.03233642578,151.544375
"91384",2747.18547363281,1973.69294433594,218.33046875
"92801",3252.97697753906,3028.12479248047,246.8240625
"74303",2246.11462402344,2343.77725830078,156.82765625
"76801",2358.79586181641,3009.23428955078,69.2696875
"74117",2277.23798828125,2281.35517578125,228.80671875
"95301",2607.2986328125,3173.74788818359,103.72390625
"91924",3148.56580810547,2067.16015625,231.87734375
"76782",2396.48618164063,3047.05970458984,221.626875
"95914",3070.80989990234,3154.50335693359,174.3934375
"105474",3422.41791992187,2714.25461425781,291.709375
"75674",2207.86483154297,2463.17735595703,75.14
"92016",2621.11839599609,2000.60947265625,266.01546875
"73628",2412.52059326172,2117.76939697266,143.055
"91392",2758.68350830078,1971.99024658203,109.5490625
"6345",2498.19876708984,3123.02824707031,136.010625
"6086",2469.75717773438,2074.29426269531,103.09171875
"74094",2314.50621337891,2223.07041015625,67.77953125
"102963",3425.49460449219,2479.22463378906,217.96921875
"91404",2773.21319580078,1970.59903564453,69.40515625
"102964",3419.52758789062,2449.66430664062,216.43390625
"91654",2973.74077148437,1989.73773193359,315.95828125
"95283",2566.79351806641,3158.52550048828,253.01046875
"75625",2202.90594482422,2486.7380859375,91.4865625
"93436",3109.86300048828,3135.96418457031,630.96828125
"74101",2306.19920654297,2233.97473144531,37.93125
"6080",2492.48699951172,2058.93221435547,126.39234375
"92437",2556.20836181641,2025.02082519531,447.046875
"74301",2237.42661132813,2360.99204101563,98.84703125
"76944",2330.93304443359,2979.40045166016,92.70578125
"91651",2965.072265625,1986.55811767578,193.67515625
"73356",2457.16925048828,2081.41405029297,234.8125
"7668",3317.37298583984,2955.81917724609,667.59
"73616",2402.38409423828,2124.68540039063,191.14640625
"77050",2314.70812988281,2958.84979248047,145.71921875
"73633",2383.30557861328,2142.19735107422,247.59171875
"77021",2285.90275878906,2916.35767822266,110.94890625
"95880",2983.20552978516,3188.37033691406,111.21984375
"93639",2843.34359130859,3210.94742431641,272.3825
"77466",2264.18542480469,2878.67814941406,52.42640625
"76824",2347.54124755859,3000.09077148437,110.2715625
"76810",2353.59106445312,3007.13356933594,44.614375
"77223",2210.04855957031,2735.78269042969,234.1803125
"73643",2368.83959960938,2155.41759033203,156.91796875
"105182",3437.61333007812,2579.02907714844,601.16515625
"75670",2207.15054931641,2454.0927734375,50.3040625
"6242",2193.31356201172,2549.86594238281,208.39609375
"91966",3127.01490478516,2050.47268066406,160.44015625
"91650",2957.86241455078,1983.22265625,69.40515625
"92019",2608.46717529297,2001.76348876953,68.86328125
"91205",2803.89869384766,1966.53352050781,368.06859375
"77029",2293.21097412109,2930.64041748047,72.3403125
"77157",2236.76628417969,2822.55656738281,150.460625
"92978",2951.90867919922,3197.82139892578,136.32671875
"75678",2202.8580078125,2471.9328125,133.3915625
"95281",2546.6564453125,3152.46094970703,139.48765625
"91715",3090.26361083984,2030.27667236328,385.13765625
"77215",2196.43444824219,2667.91861572266,438.24140625
"77229",2212.67679443359,2751.01690673828,227.045625
"6243",2194.31982421875,2529.65229492187,346.619375
"92420",2507.96567382813,2046.92534179688,84.6228125
"74103",2297.64732666016,2241.44149169922,126.12140625
"75637",2196.45478515625,2509.55714111328,165.271875
"77167",2243.2595703125,2839.11704101563,74.05625
"7594",2498.45712890625,3127.19337158203,18.92046875
"77897",2192.48929443359,2629.85621337891,85.75171875
"77896",2191.31016845703,2572.31665039062,195.255625
"77011",2273.33682861328,2899.38963623047,185.72765625
"91718",3105.68480224609,2037.59858398437,196.74578125
"76795",2364.82741699219,3021.77220458984,76.17859375
"95896",3031.27867431641,3175.05069580078,46.781875
"91660",2993.26794433594,1991.63653564453,478.70140625
"91411",2789.78321533203,1966.06473388672,83.5390625
"77460",2252.98746337891,2861.61091308594,127.83734375
"94102",2759.83171386719,3211.60318603516,150.460625
"74123",2256.59166259766,2310.14539794922,180.03796875
"77898",2190.40849609375,2597.85172119141,140.9778125
"92423",2518.21361083984,2040.05520019531,159.5821875
"92007",2692.67175292969,1977.12801513672,85.30015625
"105247",3431.75090332031,2689.29997558594,618.32453125
"77162",2238.45030517578,2830.40350341797,63.58
"92804",3267.63345947266,3020.34696044922,248.58515625
"92011",2644.78039550781,1988.51129150391,255.223125
"102966",3427.01821289062,2463.27385253906,132.71421875
"95916",3043.78878173828,3171.263671875,121.921875
"94101",2708.50362548828,3205.53406982422,128.3340625
"93428",3173.94959716797,3101.35262451172,748.2390625
"91884",3139.25191650391,2055.36412353516,215.124375
"95287",2575.67556152344,3167.16038818359,219.50453125
"76798",2358.69936523437,3017.26903076172,84.351875
"77230",2216.72321777344,2771.77529296875,123.50234375
"74086",2320.70087890625,2206.35637207031,144.5
"95884",2993.37502441406,3189.23880615234,67.77953125
"73650",2354.82497558594,2165.97888183594,286.11
"77452",2246.52406005859,2850.72381591797,156.8728125
"6344",2477.2220703125,3116.27576904297,400.85203125
"92010",2658.28265380859,1984.00251464844,154.8859375
"74207",2216.99423828125,2405.71872558594,209.344375
"91408",2780.47720947266,1964.93873291016,112.2584375
"105301",3368.34206542969,2882.04930419922,927.870625
"94105",2742.66154785156,3211.40541992187,171.54859375
"77234",2219.55067138672,2782.79499511719,136.6428125
"92983",2917.50277099609,3207.22058105469,141.790625
"77056",2319.90628662109,2972.87333984375,77.2171875
"77895",2189.35678710938,2612.79769287109,64.61859375
"93671",2884.30296630859,3211.90948486328,191.14640625
"75627",2196.59465332031,2491.34584960937,109.45875
"105475",3422.47747802734,2741.73020019531,350.954375
"94094",2628.29483642578,3187.52718505859,194.12671875
"91666",3072.23348388672,2018.61967773438,231.019375
"74092",2308.51533203125,2221.06182861328,91.8478125
"74114",2279.26088867187,2265.02069091797,442.39578125
"74098",2302.30219726562,2229.60914306641,48.81390625
"77038",2306.37248535156,2955.53549804688,56.58078125
"92800",3252.26290283203,3038.43249511719,65.6571875
"7669",3309.18115234375,2974.90246582031,342.5553125
"95293",2598.02811279297,3177.60588378906,95.550625
"74188",2221.85434570313,2386.57380371094,135.1075
"95898",3020.35982666016,3182.06651611328,196.65546875
"95909",3001.62703857422,3188.25972900391,100.20171875
"91204",2826.06759033203,1962.79111328125,363.55296875
"76794",2380.46090087891,3041.71566162109,126.4375
"77467",2257.54127197266,2876.90738525391,88.19015625
"91371",2736.99460449219,1967.3947265625,242.218125
"93641",2857.43354492187,3215.47799072266,329.46
"105196",3440.61447753906,2637.19825439453,581.83828125
"95458",2685.86677246094,3203.74296875,174.3934375
"93640",2872.86013183594,3214.60723876953,105.304375
"75660",2206.25261230469,2436.83856201172,292.431875
"76793",2386.76223144531,3048.64577636719,220.6334375
"92976",2971.72907714844,3197.61574707031,136.14609375
"91203",2858.64068603516,1963.39644775391,529.8634375
"77926",2188.86206054688,2635.89440917969,53.645625
"6081",2476.72692871094,2060.65130615234,152.49265625
"92981",2941.18946533203,3204.89262695312,189.5659375
"95430",2615.21633300781,3185.22807617187,82.4553125
"92839",3243.31694335937,3049.22268066406,255.584375
"91889",3214.17954101563,2104.60747070312,431.10671875
"76796",2373.59075927734,3036.74079589844,201.08078125
"77031",2291.44705810547,2937.00711669922,79.83625
"95888",2987.27021484375,3194.05533447266,23.34578125
"94162",2782.46026611328,3217.32615966797,375.83546875
"95307",2605.66213378906,3182.30350341797,77.0365625
"73353",2457.90822753906,2072.28443603516,74.1465625
"77037",2298.55646972656,2948.23226318359,114.47109375
"77893",2186.299609375,2583.19171142578,185.6825
"95278",2517.71452636719,3143.75218505859,292.8834375
"6078",2493.35194091797,2049.29749755859,132.94
"91198",2888.0908203125,1965.06947021484,390.2403125
"91647",2960.13848876953,1977.77713623047,16.25625
"95897",3034.90404052734,3179.01680908203,170.10359375
"95903",3068.21320800781,3165.54505615234,185.72765625
"77894",2186.39838867187,2618.12098388672,94.96359375
"76826",2346.15335693359,3009.42479248047,74.10140625
"94104",2729.51767578125,3213.14879150391,208.8928125
"73613",2389.30268554687,2125.91868896484,111.67140625
"77219",2199.41256103516,2722.19285888672,207.13171875
"105293",3383.80434570312,2860.04621582031,300.8309375
"74310",2225.29937744141,2368.50466308594,169.38109375
"95292",2585.52506103516,3176.26842041016,165.3621875
"77226",2209.73562011719,2764.23154296875,137.63625
"77248",2221.03900146484,2799.50841064453,221.7171875
"94103",2714.90705566406,3211.67934570312,182.74734375
"102965",3424.71246337891,2431.01265869141,331.7178125
"105479",3419.92249755859,2765.83483886719,672.7378125
"94163",2805.36772460937,3219.76824951172,149.15109375
"92005",2684.02130126953,1973.30135498047,294.78
"95280",2532.32369384766,3152.95235595703,244.52109375
"95454",2677.28646240234,3204.69361572266,93.1121875
"92818",3211.67436523437,3079.54356689453,471.1603125
"77018",2272.83815917969,2911.269921875,138.6296875
"95449",2698.19156494141,3209.14470214844,137.95234375
"74298",2228.89548339844,2357.52189941406,49.26546875
"91231",2952.14815673828,1974.30823974609,167.93609375
"102995",3379.83138427734,2309.57658691406,1063.339375
"75671",2199.04649658203,2454.93551025391,191.0109375
"6346",2498.82236328125,3135.37711181641,362.37890625
"6079",2482.83692626953,2053.50267333984,60.5996875
"92980",2963.87093505859,3202.67030029297,132.759375
"94164",2817.80997314453,3220.51262207031,220.181875
"95901",3089.33060302734,3157.80063476563,434.89984375
"95890",2984.64530029297,3197.44495849609,38.06671875
"73631",2369.49992675781,2142.82219238281,90.0415625
"77023",2277.64244384766,2920.64378662109,82.2746875
"77474",2260.64451904297,2891.31567382812,179.04453125
"76838",2336.99427490234,3001.84223632812,158.6790625
"77213",2193.98717041016,2702.63020019531,438.6478125
"91406",2772.600390625,1959.90119628906,83.40359375
"76924",2325.65333251953,2988.49976806641,204.06109375
"91391",2756.49645996094,1961.05770263672,111.49078125
"75636",2189.05816650391,2506.65767822266,122.96046875
"77177",2233.73898925781,2836.34395751953,111.21984375
"6082",2465.08985595703,2063.97161865234,116.4128125
"74296",2231.36683349609,2348.37900390625,268.3184375
"105494",3433.09666748047,2719.81260986328,273.42109375
"94107",2751.72268066406,3218.17698974609,93.33796875
"77464",2248.19915771484,2868.53563232422,80.42328125
"92004",2668.52602539062,1975.13603515625,310.26859375
"77182",2237.85617675781,2846.76475830078,62.63171875
"95452",2669.76885986328,3204.59774169922,144.680625
"77742",2423.58325195312,3085.82310791016,587.75375
"105188",3446.95025634766,2601.81306152344,100.74359375
"92987",2923.29028320312,3212.48742675781,106.07203125
"95904",3054.24693603516,3174.81785888672,112.93578125
"95911",3011.48940429687,3190.55946044922,135.1978125
"77218",2199.08966064453,2732.52608642578,101.28546875
"77247",2224.24040527344,2815.27657470703,281.36859375
"6241",2183.81829833984,2550.66157226562,91.6671875
"77892",2182.65681152344,2601.38411865234,130.27578125
"102969",3434.50261230469,2462.16901855469,12.7340625
"93642",2837.06882324219,3221.83120117187,174.303125
"74286",2240.93452148437,2324.00791015625,305.03046875
"91937",3156.90726318359,2057.48040771484,398.0975
"92841",3254.25592041016,3044.96645507812,45.5175
"76806",2360.22131347656,3029.49213867187,109.1878125
"91708",3064.17238769531,2008.18186035156,267.09921875
"105193",3447.19118652344,2617.53059082031,466.23828125
"95902",3063.16654052734,3171.98355712891,108.69109375
"76822",2349.32799072266,3018.49090576172,86.33875
"74122",2251.66846923828,2300.83980712891,179.18
"74196",2205.96353759766,2416.83679199219,356.14734375
"77045",2305.03958740234,2964.87346191406,77.17203125
"74294",2234.84112548828,2336.17727050781,252.64921875
"92006",2628.35543212891,1984.69313964844,212.18921875
"92989",2899.59674072266,3217.15516357422,337.588125
"93435",3126.68017578125,3140.85043945313,360.9790625
"73310",2419.05144042969,2095.55131835937,270.26015625
"73442",2409.91850585937,2102.93009033203,279.29140625
"73608",2391.17969970703,2119.11184082031,24.15859375
"95446",2652.84086914062,3201.92094726562,349.19328125
"91716",3116.29984130859,2032.51850585937,206.454375
"77032",2288.89975585938,2942.81392822266,64.3025
"91711",3084.64937744141,2016.26350097656,168.884375
"92982",2954.40970458984,3207.90415039063,93.24765625
"94106",2760.65971679687,3221.20885009766,139.4425
"77933",2183.47692871094,2644.25910644531,185.90828125
"91661",3045.36987304688,1999.14604492188,181.70875
"74100",2291.34537353516,2232.3888671875,176.51578125
"74119",2256.84421386719,2288.99230957031,382.021875
"77030",2282.12092285156,2933.6123046875,151.22828125
"73606",2398.41611328125,2111.36990966797,160.395
"73355",2435.46789550781,2081.43895263672,229.16796875
"102967",3433.92446289062,2450.85297851562,201.08078125
"92974",2993.73361816406,3198.38294677734,72.47578125
"91200",2909.39539794922,1962.3146484375,441.1765625
"95285",2541.79945068359,3162.30505371094,126.256875
"77047",2309.12315673828,2972.6259765625,114.335625
"92483",2591.52113037109,1995.86329345703,282.63296875
"91646",2968.57312011719,1974.02061767578,127.11484375
"92012",2612.34986572266,1988.36685791016,235.76078125
"92840",3231.13326416016,3068.74736328125,345.49046875
"76911",2315.32114257813,2980.90994873047,101.82734375
"75621",2190.15739746094,2478.18765869141,144.86125
"91202",2940.62355957031,1967.49620361328,207.40265625
"93643",2870.25908203125,3222.08873291016,119.98015625
"92416",2504.43970947266,2035.92867431641,147.16421875
"6240",2182.04379882813,2539.55844726563,156.46640625
"73614",2381.98782958984,2125.28658447266,84.75828125
"77890",2180.48843994141,2564.99100341797,188.34671875
"74085",2311.15705566406,2203.20041503906,140.48109375
"77889",2179.98562011719,2588.77398681641,63.3090625
"77456",2238.11827392578,2855.53640136719,83.9003125
"94099",2631.45909423828,3197.79545898437,146.80296875
"74183",2212.84779052734,2387.10173339844,216.8403125
"91201",2924.50302734375,1963.83742675781,211.2409375
"73649",2341.82263183594,2165.65328369141,257.390625
"73624",2373.96616210938,2132.26795654297,158.3178125
"77891",2180.82856445312,2629.67006835937,126.7084375
"102971",3439.08775634766,2469.58327636719,186.3146875
"95379",2592.94865722656,3185.21126708984,99.7953125
"91890",3232.90838623047,2110.82413330078,476.62421875
"77888",2180.04642333984,2618.98737792969,81.41671875
"102972",3442.68510742187,2489.52673339844,699.15421875
"92977",2977.66102294922,3204.40765380859,119.43828125
"92821",3198.82849121094,3096.67305908203,578.9934375
"77205",2182.79066162109,2658.27186279297,246.59828125
"77471",2248.94539794922,2879.49494628906,135.1075
"95431",2608.36383056641,3191.12578125,102.414375
"74079",2327.97962646484,2180.70343017578,349.0578125
"91974",3265.77802734375,2140.81547851562,994.7921875
"76817",2396.54760742188,3068.95239257812,251.971875
"94165",2797.69593505859,3225.82678222656,201.98390625
"95912",3003.10291748047,3197.73776855469,81.1909375
"77217",2198.63000488281,2748.59805908203,210.47328125
"105183",3451.5013671875,2591.37109375,116.864375
"105251",3445.14940185547,2679.62935791016,149.91875
"75675",2191.20122070312,2462.47843017578,177.554375
"77225",2210.86411132813,2791.24664306641,176.65125
"73352",2451.79366455078,2066.45666503906,201.26140625
"77041",2294.89935302734,2957.53328857422,84.8034375
"95288",2554.41041259766,3170.98621826172,307.73984375
"105290",3395.21190185547,2852.69338378906,308.46234375
"6075",2492.71112060547,2040.16912841797,123.50234375
"92481",2544.13425292969,2013.0357421875,382.78953125
"94109",2719.40109863281,3219.64041748047,90.08671875
"74081",2319.45576171875,2189.10278320312,255.44890625
"76809",2389.05262451172,3063.78889160156,69.13421875
"94108",2741.64947509766,3222.78890380859,73.695
"77028",2275.62618408203,2929.32412109375,87.964375
"76802",2376.09033203125,3051.91752929687,37.2990625
"91714",3097.44233398437,2018.20152587891,107.96859375
"73357",2423.55046386719,2086.49309082031,89.81578125
"92034",2723.57161865234,1958.70111083984,610.15125
"91376",2743.75953369141,1956.03116455078,112.21328125
"91888",3210.24123535156,2089.30622558594,480.1915625
"73630",2360.82104492188,2141.96326904297,153.48609375
"94110",2733.43813476562,3222.25806884766,47.865625
"92990",2939.22446289063,3215.34434814453,139.5328125
"76819",2351.16370849609,3027.69460449219,83.9003125
"92421",2517.83385009766,2025.12230224609,413.58609375
"91644",3002.06448974609,1979.46510009766,456.62
"75640",2180.91385498047,2516.58479003906,145.4934375
"92995",2910.88206787109,3220.74296875,121.560625
"77251",2228.31671142578,2841.34268798828,114.92265625
"95304",2572.97614746094,3180.43126220703,194.894375
"95906",3032.54143066406,3189.87879638672,131.81109375
"93433",3154.57163085938,3130.33210449219,786.8025
"92838",3266.68966064453,3040.89948730469,279.788125
"74106",2279.32542724609,2242.14851074219,551.76421875
"92979",2986.37290039063,3204.8419921875,84.351875
"7678",3298.47625732422,3006.85798339844,677.29859375
"77035",2287.79097900391,2950.07752685547,114.20015625
"74091",2293.27779541016,2221.27744140625,212.82140625
"74089",2300.06223144531,2211.82326660156,210.83453125
"76935",2329.50074462891,3004.74045410156,83.268125
"77221",2205.11333007812,2779.64920654297,135.5590625
"105253",3449.01735839844,2668.08961181641,287.8259375
"77475",2252.17357177734,2892.24100341797,81.0103125
"76813",2361.93355712891,3040.41575927734,103.27234375
"77463",2240.02807617188,2868.74875488281,114.8775
"6076",2479.88226318359,2045.47810058594,116.5934375
"95905",3044.96105957031,3186.01436767578,108.60078125
"77220",2201.85797119141,2770.14066162109,99.65984375
"76841",2336.47983398438,3013.41186523438,43.71125
"76834",2340.48101806641,3018.02668457031,75.50125
"91958",3140.66927490234,2039.47725830078,278.343125
"92808",3282.27811279297,3026.18448486328,510.1753125
"91652",3032.74729003906,1988.28883056641,444.4278125
"6077",2469.36973876953,2051.43059082031,140.165
"92003",2645.12840576172,1972.98302001953,199.36484375
"77887",2175.49738769531,2606.38990478516,110.31671875
"91407",2785.04616699219,1950.64541015625,299.9278125
"91709",3079.52800292969,2007.18306884766,56.58078125
"95436",2616.56147460937,3197.98824462891,163.69140625
"77022",2267.03798828125,2920.08887939453,43.530625
"73634",2352.77530517578,2146.92132568359,152.989375
"92992",2949.75524902344,3215.49500732422,45.74328125
"92996",2924.91018066406,3220.40346679687,161.52390625
"77209",2190.89429931641,2733.16877441406,115.55484375
"91192",2805.73607177734,1949.36812744141,378.45453125
"95456",2681.62009277344,3216.12669677734,103.36265625
"73605",2389.34979248047,2111.06381835938,99.93078125
"91883",3197.33621826172,2075.71763916016,410.8315625
"94111",2748.24921875,3226.85960693359,98.5309375
"91397",2761.04860839844,1951.27606201172,141.83578125
"76808",2368.11784667969,3048.83233642578,60.82546875
"77044",2295.96828613281,2965.43023681641,108.555625
"75626",2182.29323730469,2488.36317138672,313.2940625
"91197",2898.98995361328,1954.43347167969,136.41703125
"8314",3328.25157470703,2973.32739257812,343.68421875
"105489",3405.36666259766,2838.83668212891,574.02625
"91713",3107.13598632812,2019.24036865234,120.2059375
"74291",2214.48677978516,2365.60872802734,217.24671875
"95461",2693.70063476562,3219.08883056641,169.6971875
"93649",2864.35079345703,3228.76608886719,85.8871875
"93644",2885.05211181641,3226.90505371094,206.5446875
"77202",2180.46312255859,2682.38334960937,557.09265625
"95910",3052.52037353516,3185.34739990234,63.80578125
"77885",2173.66291503906,2588.26763916016,66.33453125
"91194",2854.47203369141,1949.57564697266,389.11140625
"92817",3249.35638427734,3061.59250488281,168.11671875
"77025",2268.97559814453,2926.39083251953,59.01921875
"6347",2477.07763671875,3135.26131591797,424.69453125
"77020",2260.10123291016,2912.17491455078,235.6253125
"102968",3437.57514648437,2433.65002441406,285.07140625
"91658",3043.77218017578,1989.94421386719,69.36
"95451",2666.75194091797,3214.40739746094,127.8825
"91400",2768.53549804688,1949.30794677734,79.42984375
"91199",2931.44642333984,1958.2140625,120.16078125
"76835",2343.19122314453,3025.29650878906,49.9428125
"105167",3456.59327392578,2563.48814697266,730.80875
"91659",3059.03420410156,1995.67673339844,218.1046875
"74191",2202.04909667969,2397.87033691406,187.5790625
"93646",2831.96923828125,3231.77242431641,204.60296875
"92984",2997.33740234375,3205.57930908203,62.676875
"94166",2812.68195800781,3232.07789306641,150.32515625
"76821",2354.27567138672,3037.43079833984,55.22609375
"92479",2562.38082275391,1998.98812255859,516.4971875
"92988",2960.21008300781,3215.56618652344,132.1271875
"77886",2173.06608886719,2617.16141357422,106.56875
"76908",2316.54156494141,2995.393359375,132.71421875
"95284",2521.21994628906,3161.33842773437,162.96890625
"95442",2635.41420898437,3206.83895263672,192.50109375
"75651",2175.33199462891,2526.55361328125,186.224375
"102970",3444.10142822266,2457.92814941406,198.55203125
"93034",3013.97673339844,3200.91717529297,187.2178125
"105298",3389.85727539063,2877.29772949219,163.104375
"74288",2218.35805664062,2350.4392578125,184.2375
"75656",2192.6115234375,2428.88703613281,240.81828125
"77254",2219.60255126953,2832.08275146484,173.1290625
"73599",2329.07449951172,2168.82065429688,220.3625
"91952",3131.34957275391,2030.02080078125,145.08703125
"91191",2821.99356689453,1946.76085205078,263.75765625
"6239",2173.07521972656,2552.53381347656,187.9403125
"75661",2188.78424072266,2443.55908203125,214.53734375
"105249",3441.02329101563,2737.25960693359,352.17359375
"77884",2171.81599121094,2595.8501953125,57.5290625
"76815",2381.44267578125,3064.867578125,136.68796875
"95282",2502.21800537109,3151.77966308594,379.53828125
"94117",2767.56451416016,3231.30093994141,218.33046875
"91232",2955.33233642578,1961.6373046875,179.360625
"105190",3458.40014648438,2603.23913574219,191.77859375
"91964",3171.96903076172,2054.17379150391,422.07546875
"93645",2845.38828125,3232.84031982422,166.76203125
"76859",2306.53912353516,2984.75611572266,105.34953125
"95907",3063.05904541016,3183.88044433594,171.051875
"73609",2377.11879882812,2117.52618408203,105.80109375
"77214",2195.42631835937,2765.30130615234,101.15
"92002",2622.97279052734,1974.91295166016,140.52625
"74116",2254.35045166016,2272.45819091797,518.1228125
"90560",2970.15607910156,1964.4662109375,231.741875
"75634",2176.54141845703,2503.78706054687,251.5203125
"93647",2869.37421875,3231.64168701172,43.8015625
"94167",2784.83968505859,3233.2572265625,250.888125
"77476",2245.83779296875,2891.61533203125,94.7378125
"76920",2321.94973144531,3004.45532226562,88.0546875
"76814",2371.4701171875,3057.15822753906,93.51859375
"92815",3261.80361328125,3054.10540771484,242.80515625
"105297",3395.78424072266,2869.06708984375,100.1565625
"95383",2598.89367675781,3196.98260498047,186.4953125
"92009",2598.49337158203,1982.54448242188,331.98875
"73618",2364.72095947266,2128.42137451172,48.36234375
"78274",2170.38182373047,2575.15198974609,179.67671875
"94112",2718.87316894531,3227.26115722656,40.9115625
"74293",2235.60126953125,2306.69061279297,362.875625
"6072",2493.10852050781,2030.95546875,108.32984375
"94114",2731.64371337891,3229.20603027344,42.98875
"77450",2226.03109130859,2852.553515625,96.31828125
"91664",3076.94832763672,2000.30773925781,87.964375
"77934",2171.63275146484,2636.69501953125,176.5609375
"95908",3035.37614746094,3196.01162109375,79.11375
"76929",2327.91010742187,3012.89866943359,72.9725
"93438",3117.76119384766,3159.49710693359,591.86296875
"105248",3437.32446289062,2760.33723144531,292.1609375
"73394",2390.91884765625,2103.11042480469,33.09953125
"73348",2459.43702392578,2050.92963867187,121.560625
"95900",3083.79460449219,3176.62971191406,416.9728125
"95462",2702.63414306641,3225.43311767578,152.08625
"77246",2209.05993652344,2812.56782226562,194.4428125
"74203",2195.65375976562,2407.33758544922,104.35609375
"74180",2203.25603027344,2383.14143066406,186.99203125
"73354",2422.67514648438,2076.87746582031,111.5359375
"105252",3448.06235351563,2716.69981689453,404.8709375
"91929",3188.10201416016,2062.518359375,260.9128125
"92819",3228.38093261719,3086.02709960938,130.3209375
"93002",2919.58522949219,3227.23666992188,19.19140625
"91710",3097.52181396484,2008.6197265625,123.95390625
"105334",3318.50811767578,2994.62802734375,501.6859375
"91383",2751.64361572266,1946.59836425781,123.0959375
"75680",2180.01052246094,2469.36102294922,233.4578125
"94116",2739.43814697266,3231.62384033203,70.8953125
"77210",2191.23214111328,2759.24671630859,117.3159375
"73639",2341.93386230469,2149.15983886719,226.50375
"92993",2967.16800537109,3217.97963867187,69.0890625
"77459",2229.71477050781,2864.28127441406,215.485625
"77743",2398.49663085937,3084.35137939453,387.7115625
"77049",2295.80994873047,2975.20025634766,142.2421875
"92822",3219.15544433594,3094.53540039062,183.01828125
"77034",2275.73969726562,2946.70056152344,124.089375
"105256",3453.73469238281,2690.90804443359,393.98828125
"91195",2887.19454345703,1947.00925292969,382.42828125
"95299",2511.67508544922,3160.88977050781,67.4634375
"77207",2183.87495117187,2731.27681884766,68.6375
"94113",2725.60406494141,3230.30795898438,97.85359375
"73623",2355.97276611328,2133.22316894531,90.493125
"92985",2994.39892578125,3211.68225097656,63.399375
"91405",2776.59866943359,1943.37102050781,136.733125
"105257",3459.07105712891,2656.29399414062,613.71859375
"77024",2260.20603027344,2923.74122314453,50.755625
"92997",2940.91325683594,3224.96225585938,160.62078125
"92414",2503.10349121094,2021.96011962891,154.38921875
"77491",2266.80494384766,2934.85015869141,63.21875
"6073",2479.00590820312,2035.8263671875,123.18625
"73350",2441.32637939453,2060.50085449219,256.71328125
"77198",2177.59395751953,2705.74361572266,226.18765625
"93651",2874.09072265625,3234.86965332031,97.94390625
"6238",2168.7318359375,2542.41723632812,132.71421875
"95381",2572.05621337891,3190.41481933594,159.130625
"91640",3020.88962402344,1975.26781005859,362.55953125
"95385",2589.88795166016,3197.42379150391,123.366875
"77196",2169.74826660156,2650.33050537109,142.874375
"77206",2185.17589111328,2742.72733154297,97.0859375
"74083",2297.65894775391,2199.06455078125,216.52421875
"74110",2260.66298828125,2253.16634521484,378.3190625
"76845",2337.46700439453,3028.44541015625,120.2059375
"92991",2983.29351806641,3216.10843505859,90.80921875
"77494",2269.69569091797,2941.27641601562,67.1021875
"92001",2635.03424072266,1966.31687011719,233.6384375
"92998",2953.97972412109,3223.50007324219,68.095625
"95303",2542.78288574219,3178.72005615234,143.3259375
"73602",2382.41905517578,2105.98519287109,100.56296875
"77208",2186.11512451172,2750.47839355469,85.57109375
"95447",2651.91678466797,3217.98773193359,272.33734375
"78271",2165.88923339844,2583.41354980469,105.485
"76825",2353.86104736328,3046.59174804687,76.94625
"91653",3051.06420898438,1984.98885498047,98.93734375
"77243",2209.83045654297,2824.66413574219,160.98203125
"94115",2710.83489990234,3230.45675048828,148.69953125
"95457",2683.04927978516,3225.33973388672,62.08984375
"95302",2532.63850097656,3174.28017578125,225.01359375
"91662",3088.70762939453,2000.973046875,132.6690625
"91955",3142.64942626953,2029.13012695312,124.5409375
"77194",2169.68518066406,2662.04996337891,162.06578125
"95386",2582.75799560547,3196.23262939453,118.3996875
"76861",2305.71195068359,2992.87531738281,83.9003125
"73399",2394.50789794922,2094.54090576172,257.70671875
"105302",3391.81833496094,2888.58990478516,361.92734375
"91999",2654.77598876953,1960.01055908203,446.82109375
"95453",2674.79145507812,3224.15313720703,99.885625
"73351",2430.09272460937,2066.18647460937,236.98
"77043",2284.19155273437,2964.58666992188,189.24984375
"93006",2926.34663085937,3230.06806640625,100.65328125
"95432",2611.54157714844,3207.03090820312,194.48796875
"74080",2305.47039794922,2186.07735595703,303.94671875
"105250",3434.41192626953,2786.87877197266,554.338125
"91190",2834.756640625,1939.92578125,346.12265625
"91717",3116.78460693359,2013.87619628906,267.09921875
"90559",3000.28542480469,1966.54182128906,111.7165625
"73612",2366.80611572266,2118.74951171875,148.97046875
"105316",3358.24146728516,2946.81573486328,691.83890625
"91949",3129.16729736328,2020.45290527344,213.63421875
"91196",2944.01691894531,1952.43568115234,198.868125
"91375",2739.52551269531,1943.81407470703,247.095
"76828",2362.08338623047,3056.42485351562,100.83390625
"77203",2177.67717285156,2719.81655273437,301.50828125
"105179",3465.43464355469,2583.06865234375,359.75984375
"93003",2913.17847900391,3232.75523681641,179.94765625
"76927",2327.70694580078,3020.73377685547,82.86171875
"93434",3167.69765625,3136.37092285156,309.59125
"78272",2164.35421142578,2602.86788330078,169.20046875
"103006",3423.88757324219,2359.96917724609,678.74359375
"76830",2345.63020019531,3040.57700195313,153.21515625
"92986",2991.28468017578,3216.21717529297,81.77796875
"93672",2852.15487060547,3239.60089111328,181.57328125
"76871",2314.67264404297,3006.21156005859,79.61046875
"90556",2987.82180175781,1962.05130615234,271.5696875
"91997",2673.30333251953,1954.24234619141,379.0415625
"74283",2200.69399414062,2373.68352050781,165.04609375
"6237",2166.34971923828,2531.78227539062,116.99984375
"93024",3004.70102539063,3212.7111328125,147.2996875
"92994",2974.09147949219,3221.28999023437,180.94109375
"91395",2761.73861083984,1940.46719970703,70.48890625
"6074",2467.22689208984,2038.87233886719,153.66671875
"95917",3054.93382568359,3195.37827148438,115.37421875
"95380",2556.17993164062,3187.58363037109,245.42421875
"77250",2214.58597412109,2842.65234375,173.3096875
"78273",2164.23011474609,2621.65794677734,249.8946875
"77249",2198.68645019531,2801.16628417969,276.9884375
"77212",2190.26966552734,2774.86339111328,129.4178125
"75663",2179.91278076172,2443.89816894531,69.4503125
"74195",2188.21065673828,2411.52512207031,73.7853125
"78270",2163.76444091797,2562.99030761719,243.79859375
"77478",2238.59204101562,2894.43572998047,200.1325
"73638",2332.30599365234,2151.24146728516,81.100625
"93648",2861.19732666016,3240.30687255859,119.88984375
"94120",2751.05944824219,3238.80567626953,241.0440625
"74198",2185.70465087891,2418.10743408203,88.0546875
"73615",2358.15068359375,2124.03939208984,86.158125
"74193",2190.05758056641,2402.28116455078,61.1415625
"76833",2372.87668457031,3069.52099609375,126.12140625
"95450",2666.77393798828,3225.10440673828,76.22375
"92478",2544.23365478516,1995.97452392578,161.97546875
"94168",2816.00725097656,3242.2619140625,246.8240625
"77040",2275.77933349609,2957.32950439453,114.0646875
"75641",2166.67344970703,2514.72313232422,161.79484375
"103003",3416.24545898438,2335.8697265625,939.11453125
"76831",2355.76358642578,3053.46998291016,66.0184375
"105194",3466.46622314453,2631.60726318359,533.2953125
"91189",2805.26022949219,1936.91591796875,100.47265625
"74297",2217.46447753906,2326.10489501953,428.4425
"77451",2218.50290527344,2855.68581542969,136.5525
"76858",2294.39674072266,2984.27176513672,145.6740625
"93001",2959.64998779297,3226.72866210937,24.42953125
"95459",2688.17252197266,3230.59371337891,102.36921875
"76836",2366.21987304687,3064.55692138672,39.4665625
"77017",2246.43461914062,2911.79183349609,379.67375
"77216",2193.44637451172,2791.59486083984,178.638125
"95437",2621.300390625,3213.86514892578,129.37265625
"76921",2319.41052246094,3015.85374755859,76.404375
"73347",2448.05437011719,2048.75192871094,181.75390625
"94118",2735.51042480469,3238.68116455078,105.485
"91193",2927.23481445312,1945.50681152344,275.40796875
"6071",2481.01075439453,2027.49155273437,115.8709375
"6070",2488.44244384766,2023.07221679687,40.23421875
"77740",2381.31733398437,3079.22191162109,128.6953125
"91971",3236.23720703125,2089.40043945312,454.40734375
"92842",3246.26953125,3081.38343505859,484.84265625
"76868",2309.22733154297,3004.41983642578,30.345
"94122",2769.05844726563,3242.15960693359,44.02734375
"73603",2372.26325683594,2108.21187744141,131.99171875
"77760",2428.75194091797,3117.58044433594,655.98484375
"77472",2229.20593261719,2881.10363769531,366.98484375
"77766",2448.78380126953,3131.8880859375,899.15125
"92820",3229.6845703125,3095.78197021484,35.17671875
"94169",2788.710546875,3243.52570800781,104.62703125
"91973",3261.18624267578,2111.02667236328,795.33703125
"94121",2762.373828125,3242.04526367188,75.4109375
"92824",3218.94045410156,3104.94001464844,127.65671875
"103026",3444.18422851562,2408.40236816406,615.79578125
"73621",2347.87390136719,2130.68458251953,101.51125
"92000",2620.99139404297,1964.18647460937,262.76421875
"93023",3027.57341308594,3209.16130371094,365.26890625
"91656",3077.99526367187,1989.710546875,220.181875
"75657",2178.60104980469,2433.41096191406,79.15890625
"74275",2206.86541748047,2345.31643066406,299.34078125
"76943",2335.14506835937,3036.10806884766,96.86015625
"78269",2159.52917480469,2588.83354492187,144.90640625
"75628",2166.8923828125,2491.57868652344,245.42421875
"91959",3166.94705810547,2036.68798828125,314.87453125
"93014",2893.99890136719,3240.43864746094,213.4084375
"94170",2800.32064208984,3245.09974365234,234.67703125
"94119",2721.24013671875,3238.56101074219,106.70421875
"77496",2262.97247314453,2943.43275146484,66.10875
"73432",2411.64382324219,2072.71877441406,288.3678125
"74274",2200.32004394531,2360.81627197266,164.188125
"76866",2303.06088867188,2999.73861083984,70.03734375
"91663",3104.24897460937,2000.99525146484,164.68484375
"102996",3408.61330566406,2310.65465087891,760.20546875
"95443",2635.76740722656,3220.70955810547,238.3346875
"91881",3211.88624267578,2067.30749511719,230.25171875
"93005",2949.74674072266,3231.79089355469,104.89796875
"77753",2406.70174560547,3103.27529296875,499.8796875
"92480",2527.47520751953,1999.86219482422,580.66421875
"77201",2175.96555175781,2739.25635986328,116.4128125
"93673",2880.34743652344,3242.83363037109,186.224375
"93013",2904.91940917969,3239.91320800781,190.60453125
"75668",2172.24016113281,2456.40288085937,322.054375
"93000",2966.71789550781,3228.47265625,71.57265625
"77204",2179.08041992188,2753.08131103516,101.4209375
"77211",2187.6177734375,2783.96166992188,169.83265625
"95899",3071.03360595703,3194.57911376953,350.09640625
"77199",2173.22027587891,2729.83372802734,109.32328125
"91882",3199.99309082031,2057.44927978516,58.341875
"91398",2766.97744140625,1934.54106445313,127.340625
"93042",3045.11234130859,3205.1208984375,374.30015625
"95389",2568.63546142578,3198.8189453125,137.5459375
"74190",2187.32662353516,2395.28858642578,120.9284375
"92999",2987.22933349609,3223.84808349609,98.5309375
"95291",2518.08162841797,3176.00238037109,306.47546875
"78109",2163.10743408203,2673.30852050781,156.91796875
"105255",3451.38432617187,2754.57005615234,424.15265625
"76922",2322.98131103516,3026.13717041016,90.4028125
"90557",3007.32677001953,1960.74621582031,171.90984375
"93650",2832.16617431641,3247.16705322266,317.67421875
"91187",2862.49349365234,1933.69230957031,469.805625
"6236",2159.65244140625,2532.88399658203,32.46734375
"77490",2251.98099365234,2929.93443603516,271.70515625
"91184",2845.06517333984,1932.52584228516,160.53046875
"91963",3192.93638916016,2051.18654785156,62.0446875
"77195",2167.10986328125,2704.74295654297,234.1803125
"73589",2324.76494140625,2150.50394287109,134.385
"93008",2928.41767578125,3238.09512939453,153.12484375
"90548",2975.43599853516,1951.22106933594,186.946875
"102974",3462.15168457031,2468.47263183594,484.8878125
"105315",3377.23054199219,2932.49688720703,819.72140625
"92843",3231.37398681641,3099.98092041016,39.96328125
"6068",2497.51872558594,2012.62941894531,296.81203125
"91648",3068.47468261719,1981.76296386719,157.82109375
"105187",3473.65947265625,2595.05788574219,267.82171875
"75662",2173.52781982422,2439.67016601562,43.891875
"94124",2729.80592041016,3242.98657226562,41.49859375
"76873",2310.13045654297,3012.99143066406,42.7178125
"76863",2296.81558837891,2996.65756835938,48.90421875
"73393",2389.81276855469,2086.01973876953,94.105625
"77200",2178.67575683594,2761.74774169922,154.97625
"102973",3456.37807617187,2437.51341552734,582.7865625
"95455",2676.51220703125,3234.20911865234,104.3109375
"105304",3395.15130615234,2902.98802490234,499.789375
"73383",2374.67401123047,2098.77036132813,72.38546875
"76934",2329.34801025391,3035.86796875,29.803125
"77039",2265.5953125,2954.63009033203,123.0959375
"76843",2356.18443603516,3063.56539306641,57.75484375
"73625",2336.66016845703,2135.53037109375,93.8346875
"92823",3240.30977783203,3093.84187011719,119.61890625
"93007",2961.42282714844,3232.86190185547,66.24421875
"74277",2194.03344726562,2366.84907226562,48.3171875
"74201",2175.74018554687,2426.07099609375,94.24109375
"91233",2955.15054931641,1944.88031005859,199.8615625
"91645",3056.24244384766,1975.46433105469,292.6125
"91950",3157.80208740234,2025.76374511719,261.18375
"105332",3339.83220214844,2989.79053955078,583.1478125
"93439",3095.89195556641,3186.91749267578,393.4915625
"93025",3018.97318115234,3217.36724853516,139.1715625
"76844",2364.04444580078,3071.66156005859,85.39046875
"75665",2171.01206054688,2444.81997070312,66.78609375
"95448",2660.5365234375,3231.4376953125,149.51234375
"94171",2778.94737548828,3248.78653564453,191.32703125
"76872",2304.79097900391,3008.53806152344,57.75484375
"73349",2423.08499755859,2058.50493164062,142.6034375
"105259",3461.98193359375,2720.81638183594,351.9478125
"94123",2714.44532470703,3242.18533935547,92.79609375
"75619",2164.99129638672,2473.52033691406,227.22625
"95382",2540.15278320312,3190.16164550781,141.068125
"105296",3413.69089355469,2868.36546630859,570.72984375
"6235",2156.29913330078,2541.85880126953,182.92796875
"74093",2266.75638427734,2221.22120361328,408.07703125
"74278",2189.25676269531,2377.93559570312,169.92296875
"78111",2158.17926025391,2660.81231689453,141.24875
"73587",2329.92823486328,2141.05516357422,92.0284375
"76846",2345.840625,3054.95167236328,141.8809375
"74206",2179.87999267578,2407.31849365234,94.1959375
"78267",2154.36629638672,2574.87889404297,126.979375
"93011",2939.43198242188,3238.67535400391,143.41625
"91961",3188.18585205078,2044.26784667969,227.27140625
"94125",2768.84013671875,3248.97662353516,79.11375
"73389",2382.27005615234,2090.10808105469,54.14234375
"78277",2156.43111572266,2645.92486572266,272.2921875
"77495",2255.66176757812,2942.04506835937,113.56796875
"91186",2818.30262451172,1928.58774414062,296.27015625
"76558",2464.81676025391,3150.46772460937,661.67453125
"77245",2194.18721923828,2817.50512695312,323.7703125
"92826",3217.55526123047,3114.45104980469,236.5284375
"105491",3429.03115234375,2835.47341308594,1011.18390625
"95290",2505.41546630859,3174.32811279297,159.35640625
"93652",2868.42709960938,3249.08681640625,181.39265625
"91655",3090.97083740234,1988.38055419922,165.09125
"74199",2175.94106445312,2418.30437011719,121.33484375
"6422",2154.22476806641,2555.81220703125,141.8809375
"91992",2677.3771484375,1942.51064453125,64.66375
"93026",3005.16005859375,3223.63558349609,178.05109375
"73344",2453.00806884766,2035.58190917969,236.1671875
"91387",2747.62977294922,1931.24191894531,328.60203125
"91185",2909.99243164062,1934.62178955078,487.64234375
"91183",2795.62696533203,1928.03781738281,468.18
"77744",2373.55133056641,3083.02387695312,103.36265625
"75643",2156.94285888672,2516.98073730469,94.33140625
"90551",2986.508203125,1950.13947753906,80.2878125
"91182",2882.25723876953,1930.80841064453,398.41359375
"73430",2402.3755859375,2071.46514892578,236.12203125
"90558",3033.7927734375,1964.38092041016,306.9721875
"77255",2200.34079589844,2837.04869384766,248.76578125
"105265",3467.95911865234,2702.07653808594,317.58390625
"7447",3296.60629882813,2134.63990478516,903.7571875
"95407",2599.12506103516,3216.14018554687,253.95875
"73341",2464.67211914062,2027.26265869141,95.6409375
"73398",2393.14553222656,2078.66607666016,139.48765625
"74084",2278.39490966797,2200.75272216797,786.66703125
"92474",2574.77056884766,1972.02822265625,625.63984375
"78107",2159.56403808594,2687.852734375,245.69515625
"94129",2750.74339599609,3249.33791503906,71.48234375
"73593",2314.05755615234,2155.70043945312,351.45109375
"105192",3477.44877929687,2611.50629882812,518.935625
"95289",2498.16162109375,3171.90822753906,139.03609375
"77458",2211.82866210937,2864.60209960937,281.82015625
"95396",2579.91871337891,3209.47424316406,192.23015625
"95433",2613.05999755859,3221.07354736328,139.75859375
"90555",3019.21265869141,1959.01488037109,92.7509375
"78266",2152.37327880859,2610.10989990234,220.9946875
"91988",2690.15288085937,1938.50614013672,540.83640625
"73620",2340.09959716797,2126.79151611328,118.0384375
"6069",2471.39118652344,2022.24006347656,99.2534375
"93020",2887.85445556641,3249.10798339844,66.9215625
"73611",2348.33563232422,2118.05515136719,152.13140625
"77481",2232.17014160156,2906.87548828125,242.17296875
"94127",2728.44832763672,3247.56196289062,35.04125
"92482",2596.55078125,1963.00776367187,415.39234375
"91719",3123.36940917969,2002.02496337891,258.33890625
"94128",2738.61325683594,3249.02622070313,113.974375
"91402",2776.99876708984,1927.03695068359,293.876875
"6067",2481.48410644531,2015.80654296875,128.5146875
"91996",2661.15991210938,1943.96618652344,71.75328125
"76882",2312.84875488281,3023.86026611328,74.598125
"91967",3206.17198486328,2053.31715087891,66.60546875
"105264",3472.58701171875,2680.99794921875,445.46640625
"77048",2274.33146972656,2975.14630126953,256.3971875
"75650",2154.15524902344,2524.92583007812,118.89640625
"90540",2966.36760253906,1943.17657470703,235.76078125
"95460",2693.51469726562,3242.68712158203,400.40046875
"77762",2414.74893798828,3119.96629638672,184.55359375
"76864",2290.52006835937,2997.58435058594,100.20171875
"105258",3454.11362304688,2771.38100585937,193.13328125
"92816",3269.05185546875,3074.82810058594,791.54390625
"91942",3147.49500732422,2014.37341308594,287.735625
"76860",2282.39235839844,2987.18596191406,205.77703125
"76849",2350.86737060547,3065.40380859375,51.07171875
"91962",3201.11701660156,2048.719140625,52.4715625
"74282",2216.35362548828,2300.68582763672,724.98359375
"6348",2485.56103515625,3167.12822265625,501.1440625
"93004",2988.61079101562,3231.42607421875,168.9746875
"76923",2323.12844238281,3036.99251708984,83.49390625
"76848",2357.84417724609,3072.45137939453,38.5634375
"93010",2954.83532714844,3239.70029296875,88.37078125
"95439",2622.46893310547,3226.11046142578,109.32328125
"77747",2387.32606201172,3098.92485351562,226.72953125
"73377",2363.57233886719,2101.35750732422,142.6034375
"76879",2307.19114990234,3019.13981933594,68.23109375
"93656",2855.13381347656,3253.78879394531,169.01984375
"76930",2329.79874267578,3044.98409423828,148.69953125
"73604",2353.83386230469,2110.01169433594,144.9515625
"92477",2543.67563476563,1982.08461914062,408.25765625
"91188",2938.14722900391,1935.70151367187,264.48015625
"6234",2152.020703125,2531.28879394531,43.93703125
"91998",2610.369921875,1956.39162597656,308.4171875
"74185",2180.12424316406,2389.94205322266,132.71421875
"91657",3106.38497314453,1991.28126220703,150.77671875
"75635",2154.823046875,2504.79975585937,217.96921875
"76870",2295.80953369141,3006.21218261719,79.7459375
"94126",2709.89649658203,3247.01950683594,110.6328125
"95390",2545.01226806641,3198.22045898438,92.25421875
"77197",2172.55828857422,2764.30189208984,140.39078125
"95445",2651.14149169922,3235.02135009766,183.334375
"78268",2149.18702392578,2595.57543945312,224.11046875
"102975",3466.63701171875,2453.01055908203,348.064375
"95393",2558.3107421875,3204.32609863281,113.1615625
"76910",2316.65466308594,3031.83026123047,77.9396875
"91995",2637.47840576172,1947.57287597656,256.4875
"73346",2424.591796875,2049.72415771484,136.2815625
"78106",2153.97657470703,2673.69201660156,75.7721875
"95441",2633.06529541016,3230.71531982422,83.81
"78265",2149.82078857422,2631.94925537109,364.5915625
"102976",3472.72854003906,2481.68830566406,548.919375
"73386",2374.52854003906,2089.34918212891,140.6165625
"75624",2156.04077148438,2488.78754882812,138.4490625
"77749",2379.42102050781,3094.42935791016,98.26
"91994",2648.61909179687,1944.08218994141,70.263125
"93045",3068.41761474609,3206.37576904297,169.65203125
"78114",2165.73546142578,2741.349609375,99.47921875
"74901",2246.57282714844,2241.17545166016,644.83125
"93021",2921.35640869141,3247.96226806641,147.570625
"91970",3245.84598388672,2080.61219482422,126.39234375
"103017",3449.91031494141,2385.53454589844,641.80578125
"95406",2587.19559326172,3216.53198242188,97.13109375
"95387",2530.1744140625,3192.86313476563,167.439375
"90553",3015.61883544922,1953.54674072266,37.028125
"74194",2174.54010009766,2403.21541748047,39.6471875
"93022",2899.77728271484,3251.36206054688,56.8065625
"93437",3180.17373046875,3148.03518066406,736.45328125
"95392",2550.10749511719,3202.32312011719,82.72625
"94172",2789.21979980469,3256.87834472656,128.785625
"77046",2264.54505615234,2967.65567626953,133.43671875
"78263",2147.61817626953,2566.87445068359,66.42484375
"90550",3001.77043457031,1948.4755859375,137.5459375
"78108",2156.71770019531,2702.72026367187,192.4559375
"90545",2992.07263183594,1945.45223388672,78.210625
"73343",2438.73944091797,2037.5662109375,197.3328125
"94131",2726.81079101562,3252.09377441406,29.6225
"92095",2840.90834960937,1921.57607421875,219.7303125
"77455",2201.081640625,2854.92006835937,224.20078125
"77042",2257.04903564453,2958.53228759766,121.78640625
"75654",2165.51611328125,2429.87275390625,223.56859375
"95395",2567.16186523438,3211.05076904297,157.55015625
"105254",3452.09113769531,2793.97614746094,530.495625
"76851",2347.85294189453,3068.67369384766,30.57078125
"91394",2760.97182617187,1922.73818359375,152.08625
"95768",2673.97030029297,3243.89924316406,211.10546875
"93027",3015.36856689453,3228.27219238281,116.7740625
"76875",2297.95051269531,3014.76198730469,92.7509375
"94130",2721.43873291016,3252.48494873047,77.3978125
"104973",3327.60535888672,3020.12138671875,849.79546875
"77741",2358.91186523438,3079.63902587891,82.13921875
"76945",2335.82365722656,3057.2275390625,155.9696875
"91680",3056.83470458984,1965.41063232422,98.5309375
"74179",2178.76125488281,2381.2650390625,67.68921875
"91965",3217.9904296875,2055.03894042969,273.87265625
"92894",2913.2853515625,3252.04562988281,94.9184375
"78113",2164.51669921875,2748.89460449219,114.74203125
"102977",3479.44075927734,2506.09654541016,949.04890625
"91990",2656.47972412109,1939.01456298828,92.0284375
"6233",2147.35421142578,2536.53841552734,69.22453125
"73388",2382.24183349609,2078.49300537109,65.43140625
"73436",2412.05284423828,2054.64320068359,101.19515625
"78103",2149.23682861328,2663.76303710938,97.356875
"93016",2947.60555419922,3246.30750732422,118.98671875
"95444",2641.96228027344,3236.91226806641,114.155
"73581",2326.53861083984,2131.10854492187,88.2353125
"91234",2950.66646728516,1933.57464599609,85.435625
"93017",2933.60587158203,3249.15322265625,115.5096875
"94132",2757.30474853516,3257.366015625,220.9946875
"74271",2180.52724609375,2373.67957763672,99.02765625
"78110",2160.47816162109,2734.00341796875,175.748125
"92828",3209.06625976563,3131.83184814453,384.68609375
"92895",2905.17943115234,3253.89338378906,72.65640625
"76850",2352.35736083984,3074.97502441406,55.6325
"91641",3077.00809326172,1972.49327392578,212.82140625
"92825",3239.34211425781,3108.83930664062,433.63546875
"75622",2153.43162841797,2480.13481445312,87.6934375
"74095",2253.61583251953,2222.90211181641,231.019375
"93009",2977.02725830078,3240.45483398438,235.535
"75291",2148.38226318359,2514.89703369141,60.55453125
"90542",2979.10494384766,1939.26005859375,150.77671875
"103360",3352.91547851562,2188.75103759766,674.0925
"93012",2965.41654052734,3243.52342529297,166.12984375
"94173",2817.70891113281,3260.61120605469,434.17734375
"91649",3101.29991455078,1982.91137695312,118.17390625
"91985",2673.76630859375,1933.6802734375,140.52625
"73584",2318.03072509766,2138.67802734375,115.46453125
"91926",3136.86253662109,2000.78565673828,178.86390625
"75666",2159.07117919922,2447.49925537109,206.13828125
"93441",3112.6302734375,3191.25755615234,877.61171875
"77482",2226.29007568359,2912.15333251953,124.9925
"6232",2144.49376220703,2556.07471923828,169.92296875
"75679",2154.96499023437,2466.64500732422,143.73234375
"103266",3390.67365722656,2244.166015625,767.9271875
"93030",3003.11246337891,3234.28507080078,101.51125
"93653",2845.90562744141,3260.49478759766,257.3003125
"74189",2171.75415039062,2396.80181884766,96.1828125
"103005",3445.18779296875,2357.67587890625,511.349375
"91943",3167.1166015625,2017.82467041016,105.2140625
"77746",2368.50404052734,3091.39189453125,97.85359375
"76881",2303.71810302734,3025.22470703125,74.598125
"105262",3471.49504394531,2731.71260986328,475.90171875
"105269",3483.05222167969,2659.77928466797,503.3115625
"95440",2627.89100341797,3234.93439941406,69.58578125
"78261",2143.50700683594,2613.59581298828,76.404375
"95410",2590.21354980469,3222.93831787109,29.93859375
"76852",2343.65419921875,3068.64879150391,85.75171875
"91927",3255.20552978516,2081.93430175781,225.28453125
"95417",2578.78005371094,3218.92924804687,36.9378125
"73575",2330.75208740234,2123.51395263672,88.19015625
"90554",3049.06330566406,1959.5587890625,181.03140625
"73395",2390.86904296875,2068.043359375,131.81109375
"93050",3060.36066894531,3215.63653564453,167.800625
"91886",3239.54838867187,2068.38182373047,468.8121875
"95388",2517.03967285156,3192.44705810547,229.8453125
"94133",2730.42930908203,3256.76441650391,85.435625
"78264",2142.55532226562,2585.80043945312,191.281875
"73598",2284.51466064453,2176.27786865234,515.00703125
"93654",2881.19536132812,3258.97823486328,192.9978125
"78649",2245.57465820312,2947.62340087891,344.090625
"77745",2360.66685791016,3085.66394042969,113.07125
"78262",2142.47667236328,2575.51514892578,112.93578125
"74257",2189.36010742188,2342.49250488281,430.068125
"94134",2745.60002441406,3258.86202392578,133.61734375
"74263",2183.23184814453,2358.38642578125,306.520625
"90549",3009.61612548828,1945.65871582031,115.19359375
"77943",2168.12110595703,2774.73327636719,328.6471875
"92475",2553.41743164062,1969.67764892578,302.185625
"73596",2298.14786376953,2158.74080810547,375.65484375
"91956",3191.72779541016,2031.99887695312,329.50515625
"6066",2470.61879882812,2011.42456054688,120.7478125
"94176",2801.64357910156,3262.7615234375,132.89484375
"76865",2279.95255126953,2998.36545410156,101.15
"74204",2166.72408447266,2407.7478515625,183.0634375
"77955",2173.14930419922,2793.49636230469,408.25765625
"77244",2183.12954101562,2823.39245605469,253.95875
"73340",2452.6251953125,2021.54051513672,180.76046875
"76928",2324.96042480469,3052.35767822266,88.8675
"95434",2610.70091552734,3231.94840087891,117.225625
"92827",3226.70977783203,3123.34844970703,196.74578125
"94135",2711.95778808594,3255.80567626953,112.39390625
"92472",2583.17075195313,1956.66513671875,159.08546875
"77751",2376.09697265625,3101.4076171875,61.8640625
"91730",3119.28459472656,1987.85262451172,156.46640625
"77480",2216.45634765625,2900.53784179688,362.33375
"105260",3463.30777587891,2775.60651855469,97.22140625
"91991",2644.32322998047,1936.9939453125,28.13234375
"91946",3181.27150878906,2023.13011474609,186.63078125
"77470",2205.44660644531,2878.95415039062,374.66140625
"90546",3022.68446044922,1947.72872314453,145.764375
"73345",2421.57736816406,2041.41694335937,136.8234375
"105261",3466.69075927734,2764.80139160156,127.11484375
"94174",2774.57410888672,3263.50029296875,298.4828125
"6231",2142.19672851562,2533.39428710938,81.95859375
"76893",2310.39400634766,3038.25361328125,172.63234375
"78100",2146.05721435547,2681.35509033203,130.6821875
"92901",2893.93477783203,3260.24763183594,135.24296875
"105195",3489.09768066406,2628.42287597656,325.07984375
"91993",2615.51433105469,1944.39886474609,249.443125
"95762",2662.35231933594,3247.65015869141,167.800625
"105197",3488.56477050781,2640.67607421875,302.2759375
"78260",2140.21553955078,2621.99495849609,136.010625
"78104",2147.53931884766,2694.20407714844,121.199375
"73601",2343.503125,2105.73948974609,70.03734375
"73370",2350.46083984375,2099.00174560547,139.8940625
"91981",2664.61199951172,1930.91030273437,163.465625
"92101",2896.17764892578,1918.86068115234,367.4815625
"77756",2390.472265625,3115.45668945312,236.3478125
"92094",2926.16857910156,1923.04427490234,250.57203125
"77764",2404.33643798828,3126.48905029297,195.43625
"90543",2995.43403320312,1938.34053955078,106.97515625
"73384",2375.21459960938,2076.31342773437,117.36109375
"78101",2151.26429443359,2718.001171875,228.2196875
"75260",2142.43475341797,2520.45648193359,90.35765625
"95414",2602.28433837891,3231.47255859375,81.0103125
"77253",2187.59183349609,2841.79736328125,184.5084375
"91642",3096.40286865234,1974.87663574219,122.41859375
"105313",3399.85473632812,2929.13237304687,420.5853125
"91960",3209.10299072266,2040.12347412109,201.17109375
"76874",2287.62537841797,3013.17882080078,136.14609375
"74250",2198.06057128906,2312.43122558594,385.22796875
"105267",3481.93701171875,2702.16452636719,301.95984375
"74181",2170.07427978516,2385.69724121094,90.44796875
"95398",2551.03946533203,3212.48431396484,83.990625
"93018",2957.22864990234,3251.06530761719,116.864375
"8226",3293.36899414063,2111.25826416016,637.425625
"92896",2941.77010498047,3254.3013671875,80.42328125
"93674",2867.52791748047,3264.24383544922,200.9453125
"95413",2592.73594970703,3228.83145751953,113.83890625
"78099",2143.48729248047,2673.43012695312,77.849375
"95394",2531.16781005859,3204.02810058594,102.775625
"91987",2627.88291015625,1939.082421875,125.66984375
"95409",2577.84434814453,3223.78852539062,80.4684375
"76936",2329.10625,3061.15235595703,36.26046875
"78660",2262.64666748047,2981.20877685547,115.01296875
"90552",3041.74388427734,1951.74194335938,183.28921875
"73572",2333.49300537109,2113.58269042969,165.40734375
"91389",2756.11607666016,1915.10229492188,165.22671875
"105263",3472.35687255859,2752.54383544922,409.3865625
"91972",3269.20251464844,2087.29805908203,575.47125
"92111",2962.74410400391,1928.65477294922,131.72078125
"76779",2338.88083496094,3071.49014892578,46.28515625
"74269",2171.86496582031,2377.04927978516,37.07328125
"91928",3149.16180419922,2000.36812744141,176.15453125
"78258",2137.60452880859,2605.96407470703,123.90875
"73373",2358.158984375,2088.88703613281,246.77890625
"78096",2141.302734375,2664.97474365234,93.925
"91984",2652.00726318359,1931.65446777344,123.59265625
"105303",3421.60506591797,2892.37215576172,762.55359375
"93048",3086.65505371094,3210.86400146484,353.88953125
"95438",2620.90921630859,3239.34024658203,99.9759375
"95749",2638.62598876953,3244.37757568359,100.29203125
"74264",2173.63614501953,2369.51424560547,54.4584375
"94137",2739.54896240234,3263.69349365234,106.93
"93015",2995.26179199219,3243.50640869141,168.29734375
"73431",2406.01278076172,2048.65584716797,180.94109375
"94136",2702.27783203125,3258.48516845703,146.125625
"95397",2537.74099121094,3208.68566894531,77.3978125
"91938",3166.79909667969,2009.77768554687,119.16734375
"73342",2428.21156005859,2032.4828125,183.83109375
"93049",3076.04831542969,3215.75440673828,148.293125
"92091",2820.07110595703,1911.36922607422,259.51296875
"103027",3469.70622558594,2412.21782226562,701.4571875
"92898",2907.91495361328,3261.64963378906,88.37078125
"93028",3026.10064697266,3234.40979003906,397.14921875
"8160",3491.5609375,2538.05164794922,342.32953125
"92085",2842.26469726562,1911.68175048828,62.135
"95384",2499.02158203125,3190.26997070312,268.99578125
"92090",2807.49645996094,1911.01291503906,235.9865625
"73580",2315.61416015625,2129.95764160156,94.33140625
"78256",2136.55925292969,2612.77652587891,10.0246875
"78095",2138.70313720703,2648.59896240234,250.57203125
"95416",2557.52299804687,3217.854296875,98.801875
"78112",2157.75592041016,2759.85786132812,246.32734375
"92087",2854.89578857422,1911.94799804688,282.09109375
"74200",2156.43173828125,2424.61981201172,90.3125
"77750",2367.42410888672,3100.23035888672,58.38703125
"91401",2774.61602783203,1911.72470703125,244.97265625
"77752",2371.36739501953,3104.04456787109,35.71859375
"91380",2745.24641113281,1914.00887451172,181.12171875
"78259",2135.85223388672,2573.11414794922,66.96671875
"95400",2543.68414306641,3212.52415771484,71.6178125
"92899",2921.12357177734,3260.72326660156,175.8384375
"91983",2636.91748046875,1934.05961914063,69.04390625
"78098",2145.91008300781,2707.6251953125,95.73125
"93019",2986.00289306641,3247.23740234375,88.64171875
"73336",2458.60092773438,2011.18342285156,211.9634375
"77488",2224.05093994141,2925.11251220703,323.31875
"93031",3009.25358886719,3240.88087158203,110.49734375
"76886",2295.77487792969,3028.20157470703,158.6790625
"102997",3437.91900634766,2317.49387207031,448.62734375
"73390",2384.84018554688,2063.25194091797,126.12140625
"73597",2285.37109375,2163.42846679688,52.51671875
"78014",2172.69670410156,2812.54084472656,270.034375
"75266",2141.71839599609,2493.74436035156,283.35546875
"91923",3131.79573974609,1987.9109375,177.14796875
"77757",2377.52698974609,3110.41604003906,63.399375
"78105",2149.50411376953,2730.09022216797,255.08765625
"76867",2276.93957519531,3005.74484863281,136.2815625
"6064",2484.22336425781,1995.39305419922,701.86359375
"6229",2136.35795898437,2544.30151367188,232.41921875
"75261",2143.51468505859,2481.08919677734,102.91109375
"74197",2157.73703613281,2414.45197753906,129.19203125
"92088",2830.04781494141,1909.60261230469,171.00671875
"92165",2710.44683837891,1917.51138916016,592.5403125
"92093",2939.12630615234,1920.68353271484,161.79484375
"92089",2872.27720947266,1911.52569580078,442.39578125
"73582",2306.21165771484,2137.63690185547,187.98546875
"93655",2836.47884521484,3269.96556396484,281.594375
"93051",3064.39920654297,3222.98189697266,88.64171875
"76946",2332.58656005859,3070.10142822266,78.34609375
"95740",2626.64899902344,3244.00113525391,60.148125
"105325",3381.13813476562,2967.94807128906,588.0246875
"76735",2343.55998535156,3081.09353027344,110.85859375
"77748",2360.07563476562,3096.42320556641,92.3896875
"94177",2793.72567138672,3270.34802246094,162.69796875
"78257",2134.25620117188,2616.32220458984,38.24734375
"95767",2673.83997802734,3256.17506103516,152.76359375
"91725",3088.85455322266,1965.883984375,305.03046875
"77256",2178.93972167969,2834.16209716797,63.08328125
"73338",2437.23865966797,2022.56586914062,128.8759375
"74238",2185.19747314453,2329.46193847656,295.86375
"77771",2413.28696289063,3140.31960449219,360.16625
"92110",2953.48831787109,1922.29201660156,209.75078125
"95754",2646.42395019531,3250.16550292969,139.08125
"73573",2321.58117675781,2119.18737792969,111.12953125
"76925",2320.89366455078,3059.52893066406,93.87984375
"90547",3036.87838134766,1944.88881835937,86.0678125
"92092",2914.46510009766,1915.03132324219,214.53734375
"91643",3108.07065429688,1973.92432861328,135.78484375
"105309",3413.59128417969,2916.79969482422,467.68328125
"92470",2573.95128173828,1951.51595458984,109.32328125
"73379",2364.76267089844,2077.17774658203,161.7496875
"90534",2989.07501220703,1930.06860351562,201.17109375
"93657",2857.94279785156,3270.60596923828,136.23640625
"95418",2568.51613769531,3225.90107421875,146.62234375
"78659",2252.85402832031,2976.38021240234,167.12328125
"75275",2137.78424072266,2506.49249267578,185.18578125
"94178",2812.75708007812,3272.01606445312,83.04234375
"92473",2537.22841796875,1966.43536376953,232.59984375
"75658",2150.28874511719,2435.2466796875,204.5578125
"95415",2581.03558349609,3230.81907958984,70.48890625
"92654",3237.12808837891,2053.42526855469,292.02546875
"90541",3016.13431396484,1937.49635009766,137.95234375
"76898",2311.89499511719,3050.91105957031,165.1815625
"90443",3067.842578125,1955.69954833984,369.016875
"75263",2142.74873046875,2470.43763427734,200.99046875
"77453",2186.69742431641,2856.88735351562,269.89890625
"76894",2303.92998046875,3042.48286132812,54.68421875
"91940",3180.9423828125,2013.25529785156,148.88015625
"78094",2135.74660644531,2659.24429931641,118.53515625
"102978",3478.60570068359,2428.9181640625,270.26015625
"95775",2690.00076904297,3261.11195068359,249.3528125
"103359",3336.81984863281,2149.02598876953,671.69921875
"76862",2265.01737060547,2994.72390136719,265.11234375
"94139",2722.93391113281,3266.68488769531,133.16578125
"73566",2335.68918457031,2102.79146728516,93.8346875
"105317",3398.77397460937,2944.67662353516,280.7815625
"76878",2285.71453857422,3021.86102294922,68.3665625
"95435",2611.48015136719,3242.1357421875,119.79953125
"6230",2134.01319580078,2529.68653564453,166.58140625
"93658",2878.83150634766,3270.39844970703,104.40125
"92905",2903.12208251953,3267.7154296875,73.64984375
"95399",2525.30310058594,3209.09946289063,75.27546875
"74184",2161.74569091797,2387.53171386719,118.5803125
"75290",2135.37639160156,2513.74488525391,32.55765625
"92169",2673.56625976563,1920.56898193359,170.91640625
"94175",2786.60152587891,3273.04038085938,147.97703125
"91931",3162.22059326172,2000.43992919922,158.09203125
"102990",3429.92182617187,2290.20090332031,531.218125
"78650",2237.26702880859,2955.88039550781,257.07453125
"76734",2348.77329101563,3090.22335205078,125.85046875
"73337",2444.06646728516,2014.78513183594,144.45484375
"76560",2427.08078613281,3153.37839355469,624.01421875
"94140",2734.73533935547,3269.24028320312,128.8759375
"90544",3030.61087646484,1940.27794189453,107.6525
"92900",2944.98582763672,3261.51350097656,78.1203125
"92903",2936.00251464844,3263.19005126953,140.39078125
"92164",2695.8580078125,1915.83919677734,215.3953125
"78253",2130.68416748047,2583.36810302734,111.8971875
"78254",2130.90289306641,2570.70609130859,75.8625
"91957",3225.06497802734,2041.78342285156,205.41578125
"77477",2201.53299560547,2893.20928955078,217.11125
"91978",2642.21088867187,1927.40654296875,131.0434375
"73594",2286.35950927734,2154.85023193359,71.6178125
"77767",2396.39508056641,3131.39854736328,157.55015625
"103002",3451.41877441406,2336.98203125,564.9046875
"95743",2630.0759765625,3249.14243164063,84.2615625
"78255",2130.70450439453,2560.88958740234,163.465625
"91989",2609.97272949219,1936.01881103516,28.8096875
"6349",2474.72768554687,3184.47498779297,528.5990625
"78102",2147.48162841797,2744.643359375,194.6234375
"90528",2976.39702148437,1923.68966064453,171.54859375
"78249",2129.76195068359,2598.82830810547,165.94921875
"74869",2246.24598388672,2207.36865234375,390.0596875
"95391",2512.85296630859,3204.79779052734,193.99125
"78091",2136.25461425781,2685.15166015625,87.64828125
"74262",2163.60776367188,2376.32814941406,109.86515625
"76940",2331.64898681641,3075.94787597656,30.02890625
"95424",2584.75267333984,3235.51275634766,44.253125
"77754",2365.93432617188,3107.83740234375,38.3828125
"77761",2380.48601074219,3120.16053466797,103.5884375
"91982",2618.54224853516,1932.68376464844,90.2221875
"105322",3395.42564697266,2955.25866699219,228.98734375
"105266",3472.51417236328,2786.01901855469,371.8165625
"6065",2465.25524902344,1999.23403320312,254.00390625
"95408",2552.63674316406,3223.85389404297,104.8528125
"103016",3469.54332275391,2383.0978515625,482.58484375
"76939",2322.89809570312,3068.28916015625,76.4946875
"90535",3008.72399902344,1931.15289306641,93.1121875
"95758",2656.51832275391,3257.59989013672,173.53546875
"91724",3119.05424804687,1974.24598388672,220.00125
"91979",2627.10388183594,1929.3140625,67.05703125
"95425",2594.3626953125,3239.89639892578,150.77671875
"102979",3486.18286132812,2444.78531494141,427.2684375
"73435",2413.24753417969,2032.73017578125,113.79375
"76941",2335.63170166016,3081.47453613281,48.99453125
"77758",2370.67677001953,3113.37443847656,68.3665625
"90740",3145.76636962891,1987.77604980469,122.50890625
"76877",2277.14522705078,3016.98016357422,99.2534375
"78087",2133.56993408203,2676.55640869141,74.55296875
"77953",2157.29086914063,2788.23076171875,304.48859375
"92083",2834.55534667969,1902.95513916016,52.1103125
"91944",3196.68543701172,2018.45905761719,141.83578125
"74241",2185.02357177734,2315.54381103516,208.08
"92829",3230.55718994141,3136.81065673828,212.27953125
"73391",2390.16596679687,2049.7185546875,227.1359375
"91388",2757.99039306641,1904.94587402344,79.11375
"93055",3050.07454833984,3235.35815429688,629.5684375
"76733",2354.254296875,3099.64598388672,74.01109375
"94138",2709.27393798828,3268.8576171875,223.47828125
"91373",2737.47791748047,1906.72452392578,298.70859375
"92467",2560.5552734375,1951.15860595703,225.10390625
"95405",2536.37655029297,3218.06430664063,83.990625
"78251",2129.0408203125,2635.20212402344,315.68734375
"92466",2579.49412841797,1943.77215576172,208.621875
"105289",3453.92581787109,2843.79805908203,1038.81953125
"90533",3001.33734130859,1927.76326904297,88.325625
"73387",2377.89346923828,2058.68879394531,162.60765625
"94179",2800.92078857422,3277.37048339844,160.936875
"92831",3198.61889648438,3160.61999511719,536.7271875
"73428",2401.37492675781,2040.02780761719,183.01828125
"78092",2137.30590820312,2708.27576904297,132.44328125
"74187",2155.13992919922,2394.85279541016,220.543125
"8187",3502.04606933594,2553.48466796875,475.45015625
"102991",3438.48885498047,2298.49172363281,86.9709375
"77484",2210.31937255859,2918.26519775391,99.4340625
"93053",3068.54876708984,3229.46107177734,124.94734375
"92906",2926.53547363281,3268.85678710938,107.7428125
"94142",2758.36600341797,3275.65118408203,189.5659375
"78015",2170.78461914062,2832.07839355469,138.49421875
"74247",2165.04753417969,2363.10541992187,181.0765625
"73570",2324.66304931641,2106.51934814453,111.40046875
"77252",2175.57396240234,2845.18366699219,122.05734375
"92476",2511.28017578125,1971.68374023437,959.97671875
"92162",2679.94914550781,1914.34111328125,174.664375
"92830",3219.56010742187,3147.14907226562,410.6509375
"92893",2992.78338623047,3255.18083496094,101.0596875
"78250",2126.32833251953,2608.52299804687,78.97828125
"92902",2952.11495361328,3264.84564208984,193.63
"76895",2297.17584228516,3044.26234130859,122.644375
"92897",2981.47502441406,3258.40631103516,230.70328125
"92909",2894.72604980469,3274.29338378906,225.05875
"91986",2597.85856933594,1935.52034912109,250.9784375
"77468",2188.85936279297,2878.01118164062,374.39046875
"78084",2130.12220458984,2668.87175292969,91.8478125
"94180",2822.63978271484,3279.13875732422,210.60875
"78093",2133.51141357422,2694.57346191406,220.22703125
"74165",2148.89857177734,2411.41077880859,65.8378125
"91932",3176.68491210938,2002.63216552734,144.4096875
"92080",2791.85363769531,1900.540234375,620.5371875
"102983",3500.92546386719,2518.17916259766,331.085625
"76857",2253.15991210938,2989.66519775391,150.86703125
"105270",3487.53754882812,2742.68333740234,318.39671875
"92082",2841.33916015625,1900.45224609375,180.85078125
"73595",2273.11270751953,2162.91962890625,237.160625
"7674",3303.29444580078,3076.94459228516,401.8003125
"6350",2499.12554931641,3203.05255126953,140.66171875
"92167",2652.20959472656,1919.20391845703,129.55328125
"95771",2680.41419677734,3266.42424316406,98.39546875
"78248",2125.57524414062,2617.99501953125,113.613125
"6228",2126.13035888672,2549.64680175781,169.11015625
"75262",2139.69777832031,2447.45318603516,599.90078125
"92910",2910.56186523438,3273.16862792969,116.72890625
"92904",2965.95733642578,3263.11451416016,258.3840625
"91948",3213.2689453125,2026.07294921875,125.2634375
"77966",2162.88663330078,2815.69036865234,128.3340625
"92658",3260.2015625,2062.24173583984,202.9321875
"93676",2875.46885986328,3277.3708984375,20.23
"93032",3009.53747558594,3252.20251464844,245.28875
"103257",3371.80120849609,2181.35089111328,376.37734375
"73576",2308.91958007812,2119.87717285156,185.63734375
"76931",2329.70930175781,3081.03106689453,20.36546875
"93038",3100.109375,3218.91949462891,421.94
"78252",2124.50755615234,2567.37229003906,103.136875
"90525",2970.73173828125,1916.46901855469,109.41359375
"73579",2296.82720947266,2132.34390869141,225.961875
"95766",2671.59523925781,3265.81475830078,71.6178125
"94145",2749.08635253906,3277.70749511719,125.66984375
"95745",2631.57862548828,3256.11737060547,64.66375
"91954",3220.57550048828,2029.98635253906,130.18546875
"90536",3019.28508300781,1929.32340087891,50.755625
"105271",3498.228125,2694.70731201172,834.53265625
"74236",2166.93845214844,2348.94989013672,234.40609375
"78658",2243.07197265625,2978.13894042969,281.27828125
"77768",2389.52742919922,3134.65100097656,92.61546875
"94141",2772.18410644531,3279.75301513672,408.754375
"75279",2127.63674316406,2514.64759521484,234.04484375
"77497",2220.59200439453,2942.93200683594,457.29734375
"95422",2573.24301757813,3237.52486572266,70.30828125
"73339",2421.81165771484,2020.79759521484,220.49796875
"93041",3160.7515625,3188.58989257812,291.30296875
"90527",2984.49775390625,1919.24521484375,60.64484375
"76942",2335.14880371094,3087.81612548828,49.08484375
"95729",2605.49072265625,3248.87867431641,102.23375
"91945",3208.09859619141,2020.53612060547,93.383125
"92084",2931.4408203125,1907.84409179687,141.8809375
"92469",2548.08853759766,1951.53110351562,196.4296875
"93675",2870.68511962891,3279.20391845703,67.32796875
"73376",2363.42998046875,2065.52531738281,183.83109375
"90441",3061.05938720703,1943.01927490234,171.051875
"93677",2882.00572509766,3278.38629150391,97.5375
"95748",2637.46097412109,3258.49803466797,55.13578125
"73592",2283.92904052734,2146.00201416016,214.89859375
"90742",3158.32047119141,1988.85162353516,159.5821875
"74905",2229.56784667969,2220.56606445312,404.780625
"74161",2148.01204833984,2404.76953125,118.26421875
"77759",2363.65928955078,3114.48363037109,62.08984375
"78089",2134.95927734375,2718.86632080078,108.05890625
"95423",2582.70445556641,3241.75867919922,98.03421875
"74173",2142.69187011719,2424.80222167969,209.88625
"93659",2852.84030761719,3280.95476074219,193.04296875
"93029",3076.70179443359,3230.66842041016,105.98171875
"78244",2122.56558837891,2592.93931884766,49.62671875
"92098",2948.37047119141,1910.19196777344,140.0746875
"76884",2278.05021972656,3027.07536621094,59.3353125
"95737",2618.2390625,3253.7037109375,158.3178125
"95421",2559.05303955078,3233.25556640625,132.57875
"73363",2341.02886962891,2084.57208251953,285.8390625
"76889",2287.31990966797,3038.42502441406,134.385
"76726",2341.22850341797,3095.04921875,97.40203125
"102981",3497.29221191406,2470.026953125,869.66421875
"76926",2323.79665527344,3078.21917724609,97.6278125
"73562",2331.16629638672,2093.83741455078,152.58296875
"94144",2734.36989746094,3277.79631347656,129.4178125
"92464",2586.75959472656,1935.54711914062,168.523125
"105276",3504.69816894531,2655.89306640625,699.87671875
"76888",2281.82749023438,3032.27165527344,119.393125
"76905",2309.9380859375,3064.1005859375,145.71921875
"92086",2940.59450683594,1908.15225830078,74.91421875
"103264",3401.30363769531,2220.21120605469,300.69546875
"93679",2863.19553222656,3281.09608154297,92.5703125
"90539",3040.34354248047,1934.22459716797,74.46265625
"74904",2248.99312744141,2189.59107666016,390.01453125
"95403",2525.91528320312,3219.69250488281,115.28390625
"90537",3030.49072265625,1930.8248046875,142.46796875
"91403",2774.48425292969,1897.63288574219,218.05953125
"73369",2351.96037597656,2073.72877197266,146.44171875
"77763",2371.87457275391,3123.03115234375,113.92921875
"90460",3140.72322998047,1977.56380615234,152.3571875
"91980",2606.10124511719,1928.44704589844,134.565625
"8161",3506.29772949219,2535.03887939453,197.64890625
"92160",2694.60168457031,1906.73572998047,58.65796875
"92078",2887.36512451172,1899.98387451172,431.874375
"78246",2121.48233642578,2582.74471435547,173.89671875
"92471",2537.51002197266,1953.97464599609,125.85046875
"105268",3484.24338378906,2772.08449707031,421.4884375
"74248",2158.183203125,2366.55314941406,58.16125
"77479",2195.87144775391,2902.74854736328,269.98921875
"90444",3095.40677490234,1954.86262207031,203.2934375
"95751",2644.41287841797,3262.46331787109,124.9021875
"78097",2141.46750488281,2757.43756103516,259.01625
"76579",2446.293359375,3177.81568603516,1106.73453125
"102984",3503.5638671875,2501.91004638672,456.03296875
"92081",2910.27341308594,1902.08646240234,269.98921875
"95725",2597.37152099609,3248.92744140625,80.739375
"76902",2302.19366455078,3057.71624755859,90.71890625
"90532",3008.21951904297,1922.82098388672,44.3434375
"78247",2121.59252929688,2625.37171630859,87.241875
"103357",3329.10717773438,2123.01881103516,893.913125
"92158",2686.44367675781,1907.29354248047,92.3896875
"92170",2622.92008056641,1922.321484375,199.04875
"76876",2262.70871582031,3010.72780761719,305.436875
"77454",2173.33627929688,2855.37412109375,128.96625
"95402",2517.59022216797,3217.43323974609,135.0171875
"90459",3132.01508789062,1971.52312011719,163.78171875
"74253",2155.07684326172,2372.44172363281,87.37734375
"92109",2962.86301269531,1910.83361816406,162.381875
"76727",2347.65144042969,3103.86755371094,59.245
"77765",2382.22979736328,3133.30648193359,97.67296875
"92163",2659.5935546875,1912.41678466797,227.045625
"95420",2565.92899169922,3238.45102539063,65.928125
"104976",3348.116796875,3035.44296875,848.89234375
"91393",2761.73051757812,1896.75715332031,164.05265625
"95411",2537.71505126953,3227.04201660156,203.0225
"73335",2435.13275146484,2007.44475097656,264.8865625
"94143",2719.36519775391,3278.28917236328,171.00671875
"92911",2923.02445068359,3276.48935546875,115.37421875
"92074",2819.31697998047,1894.45493164062,130.591875
"73569",2313.50991210937,2108.03631591797,126.4375
"91939",3203.28103027344,2012.82843017578,80.78453125
"6351",2488.51341552734,3203.66950683594,182.43125
"90522",2994.73074951172,1917.92995605469,115.3290625
"77962",2154.62403564453,2807.74859619141,162.6528125
"92166",2639.25083007813,1916.76597900391,164.05265625
"95774",2690.44320068359,3273.96612548828,161.5690625
"92665",3255.06711425781,2051.08735351562,165.58796875
"103258",3366.9595703125,2166.49353027344,434.71921875
"102992",3449.19354248047,2304.08562011719,545.26171875
"92076",2829.20653076172,1894.26691894531,110.04578125
"92462",2576.37095947266,1936.25185546875,36.2153125
"93035",3151.51673583984,3198.61910400391,264.93171875
"91925",3172.93150634766,1993.090625,115.780625
"77755",2358.13594970703,3114.70961914062,158.09203125
"76899",2295.78961181641,3053.15642089844,54.2778125
"90538",3052.55482177734,1935.47054443359,294.41875
"90445",3110.58454589844,1959.46706542969,195.978125
"76912",2314.68820800781,3073.86085205078,117.6771875
"78243",2119.05622558594,2610.75715332031,52.15546875
"75259",2130.81614990234,2460.34927978516,267.46046875
"77969",2162.31242675781,2832.27595214844,175.07078125
"73565",2320.58466796875,2099.29372558594,69.6309375
"77485",2201.84116210938,2919.81370849609,147.6609375
"78081",2123.58160400391,2673.72106933594,46.37546875
"92939",3031.32370605469,3251.77211914062,254.2296875
"78083",2124.86594238281,2684.23359375,125.895625
"95763",2667.20723876953,3270.43435058594,136.5525
"75234",2126.93345947266,2480.09912109375,304.75953125
"103263",3411.14089355469,2228.81828613281,443.8859375
"78656",2233.16395263672,2973.45003662109,236.21234375
"76883",2270.82646484375,3025.25894775391,90.17703125
"90530",3017.89636230469,1922.83488769531,81.05546875
"73382",2375.43477783203,2048.61932373047,181.66359375
"74170",2139.9712890625,2415.30903320312,112.8003125
"92659",3273.09205322266,2064.08056640625,209.2540625
"76732",2351.27307128906,3110.3890625,43.93703125
"91953",3234.46042480469,2032.66376953125,250.39140625
"105274",3498.36384277344,2728.72080078125,405.00640625
"92073",2854.00407714844,1893.35881347656,273.5565625
"76932",2327.51789550781,3088.47209472656,90.3125
"77954",2147.30461425781,2791.54671630859,202.88703125
"74237",2157.63057861328,2356.27429199219,62.45109375
"105312",3422.56276855469,2932.48671875,323.7703125
"78245",2117.38963623047,2600.93483886719,88.2353125
"102980",3492.64294433594,2423.07503662109,253.82328125
"7670",3298.93715820312,3092.53304443359,325.5765625
"78080",2121.16669921875,2665.41157226562,109.05234375
"74227",2166.30946044922,2332.10407714844,258.113125
"92079",2926.81832275391,1900.73032226562,90.89953125
"92465",2560.87526855469,1939.49642333984,131.0434375
"95757",2653.51987304688,3268.91634521484,119.70921875
"92914",2905.2302734375,3282.00190429687,68.99875
"73427",2400.12503662109,2028.07841796875,212.73109375
"91935",3192.79818115234,2002.41177978516,283.08453125
"92908",2936.5375,3277.43792724609,200.855
"93661",2885.51986083984,3284.67019042969,112.84546875
"95419",2546.58236083984,3234.6783203125,138.85546875
"76559",2392.74896240234,3146.45803222656,140.8875
"6227",2117.117578125,2554.15723876953,111.1746875
"103270",3430.03803710937,2258.01607666016,815.92828125
"74133",2148.02449951172,2380.76657714844,109.23296875
"78242",2116.05549316406,2591.76745605469,24.79078125
"95714",2577.10246582031,3247.02905273438,63.8509375
"73433",2412.11676025391,2018.23597412109,105.71078125
"95404",2506.27604980469,3217.07111816406,116.3225
"92913",2912.40775146484,3282.12849121094,35.04125
"92942",2998.50926513672,3264.52979736328,225.82640625
"92070",2801.6962890625,1890.43859863281,96.0021875
"76728",2333.96926269531,3097.52264404297,56.0840625
"90736",3153.08475341797,1977.30419921875,125.12796875
"93033",3067.44663085938,3242.12370605469,123.59265625
"105295",3457.81701660156,2865.84680175781,531.08265625
"77942",2138.92933349609,2769.81755371094,304.9853125
"90439",3086.88498535156,1945.04196777344,276.2659375
"78086",2128.3833984375,2724.34794921875,265.74453125
"92157",2677.08122558594,1903.68975830078,75.45609375
"92845",3249.32172851562,3138.51356201172,901.5896875
"90519",2986.05373535156,1910.99818115234,108.14921875
"78088",2131.222265625,2739.29890136719,177.6446875
"90529",3025.95911865234,1922.23992919922,49.62671875
"105326",3402.89323730469,2969.70057373047,492.8353125
"74159",2141.41541748047,2399.02248535156,109.9103125
"93058",3086.68493652344,3235.06430664063,222.66546875
"78085",2124.45526123047,2705.85692138672,247.04984375
"95709",2568.69273681641,3245.29688720703,56.8065625
"103000",3463.04713134766,2323.98674316406,242.26328125
"6226",2116.84718017578,2532.49718017578,350.36734375
"92912",2920.05028076172,3282.25632324219,76.63015625
"92907",2977.284375,3271.17062988281,223.02671875
"95734",2611.06905517578,3259.99611816406,93.51859375
"77770",2373.85285644531,3134.01827392578,59.47078125
"92153",2693.57259521484,1899.58481445312,88.64171875
"77976",2167.60479736328,2857.85190429688,60.509375
"92468",2526.75552978516,1950.93178710937,341.33609375
"75286",2117.5658203125,2520.43946533203,115.28390625
"90440",3074.45435791016,1938.62608642578,171.90984375
"73571",2300.23135986328,2113.96805419922,112.75515625
"73590",2268.32087402344,2150.87332763672,166.2653125
"77483",2194.98284912109,2916.9111328125,121.06390625
"94181",2804.25770263672,3290.68804931641,435.62234375
"92651",3252.46938476562,2041.67509765625,235.94140625
"77965",2151.31243896484,2816.10789794922,63.62515625
"91386",2756.02144775391,1890.88933105469,77.62359375
"78240",2113.70201416016,2586.397265625,40.0084375
"74866",2232.85433349609,2198.55280761719,104.98828125
"91374",2739.85360107422,1892.37973632812,313.565
"94146",2742.37662353516,3287.35072021484,172.5871875
"93040",3120.71689453125,3221.00942382812,423.52046875
"76901",2291.18931884766,3056.25759277344,28.40328125
"90744",3162.31708984375,1980.20968017578,47.32375
"78090",2131.20856933594,2746.67746582031,114.696875
"75289",2119.64703369141,2496.17711181641,348.8771875
"105175",3516.48901367188,2576.25972900391,815.6121875
"95746",2630.95336914062,3266.78823242187,208.08
"93660",2839.55677490234,3290.94246826172,440.544375
"76729",2338.77416992188,3105.08361816406,76.404375
"78653",2221.76822509766,2964.55263671875,327.7440625
"8248",3513.86887207031,2526.48575439453,204.7384375
"74139",2142.76865234375,2388.134765625,91.89296875
"77769",2366.68409423828,3129.65476074219,89.18359375
"77492",2203.65965576172,2934.69970703125,337.4978125
"105308",3435.86228027344,2917.20747070312,397.6459375
"6352",2471.08302001953,3201.65511474609,297.71515625
"92833",3193.762109375,3180.71639404297,289.6321875
"92940",3020.06307373047,3261.19246826172,258.88078125
"92077",2938.34748535156,1898.43474121094,81.05546875
"90447",3122.81263427734,1958.52886962891,148.0221875
"92155",2668.22512207031,1902.88292236328,106.8396875
"76897",2282.05264892578,3047.29938964844,172.36140625
"90521",3004.86600341797,1913.36224365234,153.48609375
"92463",2549.05391845703,1939.45408935547,69.9921875
"91941",3219.82303466797,2015.50563964844,171.45828125
"74233",2175.58620605469,2298.37468261719,727.5575
"90531",3033.75147705078,1921.95209960937,78.933125
"76730",2343.30411376953,3110.52395019531,52.4715625
"78079",2115.44849853516,2656.32740478516,462.03875
"73563",2315.44067382812,2095.42307128906,91.3059375
"92161",2630.66740722656,1911.52777099609,97.13109375
"78239",2113.43597412109,2632.95614013672,186.76625
"95720",2583.93898925781,3253.52047119141,162.96890625
"73361",2341.89132080078,2069.55949707031,104.89796875
"92065",2815.02547607422,1886.55155029297,127.16
"105273",3499.46909179688,2750.64503173828,232.28375
"78241",2112.44091796875,2618.92927246094,118.85125
"74249",2146.94436035156,2370.04694824219,127.52125
"77469",2176.02199707031,2883.43532714844,330.67921875
"76904",2295.14879150391,3063.36887207031,98.30515625
"95760",2658.53894042969,3275.40465087891,50.394375
"95773",2689.92170410156,3281.89793701172,150.59609375
"74226",2156.12419433594,2343.19412841797,88.19015625
"92657",3285.23588867187,2066.45791015625,156.55671875
"73380",2364.58690185547,2049.13729248047,205.86734375
"73578",2283.07406005859,2129.10494384766,228.851875
"92655",3268.11013183594,2051.29757080078,96.0925
"76719",2347.25673828125,3115.45565185547,38.60859375
"94148",2758.62561035156,3291.14645996094,254.72640625
"92075",2922.44879150391,1894.21109619141,121.01875
"77981",2169.83666992188,2871.25393066406,174.79984375
"105191",3518.69702148438,2607.85499267578,832.68125
"73591",2259.69656982422,2156.97108154297,161.43359375
"92069",2871.13792724609,1887.93217773438,314.42296875
"77974",2161.52073974609,2851.68753662109,106.43328125
"94147",2732.15753173828,3288.91168212891,128.96625
"95147",2556.85146484375,3244.78203125,134.6559375
"90512",2974.41147460938,1903.80327148438,81.100625
"90739",3174.02160644531,1983.90684814453,81.59734375
"93440",3183.40833740234,3189.82318115234,507.87234375
"92104",2954.51470947266,1899.45594482422,169.47140625
"92832",3213.36834716797,3170.41055908203,356.2828125
"73368",2352.11829833984,2058.80541992188,165.13640625
"73586",2272.23199462891,2140.79285888672,87.78375
"73568",2301.62506103516,2107.45152587891,40.05359375
"73400",2388.02706298828,2029.50241699219,239.328125
"94149",2715.58336181641,3287.08924560547,94.51203125
"78077",2115.86436767578,2676.46530761719,140.39078125
"90520",3016.3810546875,1914.50422363281,120.838125
"78237",2110.76955566406,2566.75118408203,221.40109375
"92072",2896.24696044922,1889.80275878906,171.5034375
"92915",2952.56962890625,3280.74869384766,351.45109375
"92656",3280.14896240234,2060.34147949219,62.5865625
"92067",2843.88480224609,1885.53179931641,149.8284375
"102982",3503.95275878906,2441.00555419922,334.15625
"74225",2164.45942382812,2318.40177001953,288.86453125
"76906",2304.46558837891,3075.65568847656,113.83890625
"90442",3107.17645263672,1948.26350097656,133.16578125
"93678",2868.98760986328,3292.47603759766,346.3484375
"90469",2980.86885986328,1904.62442626953,76.404375
"95727",2596.89547119141,3260.03762207031,214.71796875
"92168",2606.85225830078,1916.1556640625,239.7796875
"74900",2223.02579345703,2206.84985351562,200.5840625
"95770",2679.007421875,3281.42666015625,72.83703125
"76565",2396.44675292969,3157.03654785156,268.18296875
"92455",2569.71539306641,1928.70665283203,261.13859375
"95401",2495.84840087891,3218.42497558594,216.930625
"73559",2322.79454345703,2084.804296875,149.60265625
"92154",2645.97238769531,1905.04278564453,144.680625
"92917",2916.98646240234,3287.56031494141,34.54453125
"76918",2318.49266357422,3090.76580810547,133.9334375
"77945",2135.30002441406,2778.52009277344,157.82109375
"94150",2705.55850830078,3286.61879882812,213.99546875
"74231",2150.39624023438,2353.03989257813,125.173125
"78238",2109.49642333984,2595.58125,118.2190625
"76887",2262.54332275391,3028.50621337891,94.42171875
"103001",3473.19151611328,2335.65266113281,354.8378125
"105318",3422.62543945312,2948.23973388672,356.59890625
"103358",3356.52113037109,2137.34616699219,619.58890625
"92921",2893.15533447266,3290.96799316406,120.07046875
"104970",3324.49754638672,3077.87510986328,379.35765625
"91933",3206.03854980469,2002.31673583984,135.3784375
"76937",2328.74267578125,3101.34328613281,93.6540625
"94182",2821.26206054688,3295.55853271484,298.8440625
"91385",2755.00418701172,1886.20706787109,25.78421875
"105272",3486.87556152344,2806.91416015625,561.02125
"76890",2269.12521972656,3037.71717529297,122.46375
"105305",3448.41430664062,2902.00687255859,376.37734375
"104975",3337.70491943359,3064.69554443359,806.17453125
"92063",2807.12977294922,1883.407421875,100.47265625
"74164",2131.74812011719,2410.48627929687,175.25140625
"95429",2531.03977050781,3236.47336425781,146.62234375
"93043",3174.13345947266,3198.01708984375,233.41265625
"77961",2141.33822021484,2802.49171142578,149.51234375
"76721",2350.24937744141,3121.86032714844,79.294375
"90457",3132.60319824219,1958.56829833984,125.6246875
"76907",2310.84951171875,3084.76683349609,97.31171875
"74903",2247.44295654297,2168.80031738281,315.23578125
"6354",2483.45305175781,3213.74644775391,98.75671875
"92918",2908.62819824219,3290.16032714844,85.20984375
"76900",2283.96514892578,3056.03035888672,86.7903125
"77775",2373.10869140625,3141.25904541016,28.9
"76571",2404.42027587891,3164.95404052734,289.180625
"92920",2901.23946533203,3291.16887207031,82.184375
"92156",2662.42017822266,1899.52816162109,47.5946875
"92068",2788.92615966797,1883.33935546875,104.943125
"77994",2162.09390869141,2860.65611572266,36.2153125
"78235",2107.77525634766,2583.92280273437,79.06859375
"92956",3046.47512207031,3257.97093505859,255.81015625
"90741",3184.44448242187,1986.62099609375,214.3115625
"77951",2135.99334716797,2787.75388183594,54.6390625
"8162",3520.48583984375,2538.85806884766,232.32890625
"95752",2643.19245605469,3275.93029785156,124.40546875
"73429",2403.74957275391,2013.71204833984,115.1484375
"74875",2203.21805419922,2233.82946777344,613.17671875
"76869",2241.35122070312,3004.32292480469,313.384375
"92460",2541.62720947266,1936.72230224609,71.57265625
"90735",3159.98768310547,1971.51710205078,55.85828125
"90745",3170.01025390625,1977.19193115234,129.508125
"90524",3025.88337402344,1913.77956542969,47.2334375
"95738",2618.26500244141,3269.87653808594,163.42046875
"77970",2153.25025634766,2841.62595214844,308.14625
"92151",2676.88698730469,1895.20926513672,78.88796875
"90518",2996.64802246094,1905.30135498047,137.63625
"77963",2142.72341308594,2812.17685546875,88.0546875
"92062",2827.70346679688,1881.55821533203,199.41
"95765",2672.08041992188,3283.42922363281,130.54671875
"90732",3152.94156494141,1967.15711669922,78.07515625
"90458",3143.85822753906,1962.28414306641,179.31546875
"94151",2724.94788818359,3292.37227783203,99.885625
"76563",2384.71857910156,3152.51345214844,100.608125
"73359",2342.40451660156,2061.81984863281,40.32453125
"7661",3317.01335449219,3089.66512451172,179.4509375
"75233",2117.49173583984,2465.13862304687,288.458125
"74131",2138.67138671875,2378.11136474609,53.32953125
"95710",2570.79760742188,3255.14223632812,122.1025
"77772",2363.37498779297,3136.36697998047,57.8903125
"74146",2133.70004882813,2392.8861328125,115.37421875
"95428",2520.00471191406,3234.60174560547,155.156875
"77967",2144.63695068359,2821.16701660156,157.00828125
"90526",3048.67358398438,1920.09998779297,332.66609375
"92149",2684.73869628906,1892.51234130859,134.70109375
"93036",3168.35155029297,3204.65895996094,51.61359375
"78236",2105.84947509766,2609.47841796875,219.9109375
"76724",2354.84655761719,3129.68319091797,119.2125
"90523",3031.80577392578,1914.15704345703,54.68421875
"92924",2927.43631591797,3290.25142822266,149.1059375
"76933",2321.61292724609,3099.62274169922,47.0528125
"95761",2662.90390625,3282.83447265625,111.806875
"73434",2415.68298339844,2003.05882568359,281.91046875
"92097",2944.69447021484,1891.98275146484,129.64359375
"73334",2435.37202148437,1990.00833740234,727.91875
"92108",2964.20815429687,1895.7357421875,82.04890625
"75273",2109.98181152344,2506.74732666016,208.48640625
"74242",2141.57396240234,2365.02808837891,76.26890625
"95759",2653.83322753906,3281.19008789062,91.17046875
"77980",2160.84256591797,2866.05390625,75.0496875
"73378",2367.63557128906,2038.14830322266,188.753125
"95412",2504.15063476562,3228.25559082031,204.24171875
"92071",2935.02364501953,1889.63425292969,81.95859375
"92061",2795.39993896484,1879.62911376953,82.72625
"73583",2272.67795410156,2130.91513671875,170.64546875
"76562",2377.45560302734,3149.28361816406,207.67359375
"77774",2367.42410888672,3141.3111328125,41.85984375
"76720",2341.13781738281,3118.9986328125,63.6703125
"6225",2105.47282714844,2553.29250488281,250.0753125
"91382",2752.77999267578,1881.88028564453,80.42328125
"91969",3249.27275390625,2027.25788574219,166.9878125
"92958",3066.54827880859,3254.27708740234,296.36046875
"92459",2550.97928466797,1929.88038330078,166.0846875
"73554",2327.88665771484,2072.20931396484,242.89546875
"78078",2118.79931640625,2732.59000244141,165.1815625
"74860",2232.74932861328,2182.13033447266,247.04984375
"78665",2231.33508300781,2995.25847167969,223.65890625
"73561",2304.75736083984,2094.85322265625,192.0946875
"75281",2107.77670898438,2518.57448730469,107.9234375
"90461",2970.44847412109,1896.09724121094,115.6903125
"91951",3240.58723144531,2020.13166503906,204.286875
"90446",3092.14581298828,1934.88679199219,22.17171875
"90517",3016.23309326172,1907.68305664062,61.954375
"93059",3083.58957519531,3248.09362792969,284.89078125
"77487",2185.21282958984,2920.24182128906,402.29703125
"91934",3215.07955322266,2001.50595703125,163.60109375
"92944",3007.90035400391,3274.44362792969,282.18140625
"103269",3453.10362548828,2275.13477783203,843.11234375
"76913",2293.10928955078,3073.28062744141,95.86671875
"78233",2104.97395019531,2635.89586181641,147.6609375
"105277",3500.61418457031,2780.25454101562,575.47125
"103004",3485.80476074219,2351.92198486328,713.649375
"92922",2914.94031982422,3294.35035400391,69.22453125
"91368",2741.68745117187,1881.73460693359,44.84015625
"73574",2285.02827148437,2114.53977050781,332.4403125
"76880",2247.28109130859,3019.11595458984,380.576875
"95144",2549.04935302734,3250.26262207031,106.8396875
"105307",3447.84072265625,2916.17651367188,73.0628125
"78234",2102.88734130859,2577.03854980469,126.4375
"91936",3226.15134277344,2008.15073242187,87.55796875
"74870",2210.41337890625,2213.21053466797,189.24984375
"103265",3431.62722167969,2233.30568847656,771.67515625
"92650",3262.25621337891,2035.41423339844,168.74890625
"78072",2110.83907470703,2697.09793701172,287.96140625
"93681",2885.46466064453,3298.52045898437,130.27578125
"7675",3308.49011230469,3103.39295654297,173.219375
"95776",2692.58293457031,3291.46832275391,116.54828125
"90448",3122.41564941406,1947.05532226562,124.9021875
"73397",2386.32021484375,2020.69217529297,107.0203125
"78082",2121.36135253906,2753.07425537109,279.11078125
"105299",3465.36595458984,2881.028515625,549.9128125
"92652",3277.00856933594,2047.07102050781,108.1040625
"76556",2370.20217285156,3146.74835205078,36.9378125
"92064",2895.24422607422,1881.37622070312,176.78671875
"92461",2524.19224853516,1938.84833984375,194.894375
"92152",2650.01901855469,1896.14891357422,136.41703125
"92941",3031.78439941406,3268.83977050781,296.6765625
"92916",2973.0576171875,3284.86899414063,282.5878125
"7446",3294.93887939453,2062.45755615234,212.8665625
"77968",2143.90170898438,2830.51826171875,182.611875
"78073",2107.60426025391,2678.95699462891,205.05453125
"6353",2471.52918701172,3214.57528076172,180.21859375
"90435",3069.87025146484,1923.74465332031,276.13046875
"78076",2113.42290039062,2717.30618896484,152.13140625
"92148",2662.05037841797,1893.17993164062,85.074375
"74136",2132.19656982422,2383.76066894531,77.98484375
"77948",2128.24145507812,2782.17845458984,70.94046875
"93056",3116.78045654297,3235.93153076172,185.00515625
"95731",2606.55197753906,3271.809375,151.4540625
"92145",2698.97681884766,1885.82398681641,660.13921875
"74223",2148.08364257812,2336.44144287109,233.41265625
"78651",2205.74730224609,2961.23128662109,378.99640625
"102986",3518.51938476563,2469.86446533203,522.548125
"92835",3209.05754394531,3184.7208984375,120.838125
"92946",2996.3396484375,3279.98170166016,108.32984375
"92150",2634.67626953125,1899.05356445312,201.758125
"90437",3086.78537597656,1929.64858398437,149.78328125
"78275",2103.14113769531,2643.01274414062,74.82390625
"73558",2312.01452636719,2083.12131347656,127.92765625
"76731",2331.10155029297,3114.5892578125,183.01828125
"76909",2285.67760009766,3068.82290039062,140.52625
"91396",2767.67553710938,1877.30178222656,417.37921875
"76578",2411.54566650391,3178.80306396484,431.01640625
"92060",2880.54914550781,1878.67888183594,67.2828125
"105163",3528.32966308594,2557.47692871094,142.0615625
"76916",2308.85275878906,3093.52312011719,71.21140625
"92159",2615.61539306641,1903.90101318359,435.2159375
"95135",2541.52344970703,3249.46014404297,174.70953125
"92059",2886.24514160156,1878.85133056641,26.77765625
"78663",2219.72955322266,2984.74885253906,272.1115625
"90743",3198.40162353516,1986.81170654297,242.62453125
"74166",2120.57817382812,2421.32025146484,451.78828125
"105335",3402.58071289062,2996.27303466797,450.34328125
"102989",3522.97690429688,2492.3494140625,509.67859375
"74224",2143.71888427734,2344.45418701172,46.9625
"78232",2100.59881591797,2569.72805175781,124.04421875
"95125",2526.63786621094,3243.78033447266,44.7046875
"91378",2748.23863525391,1877.96376953125,39.06015625
"76896",2266.19545898437,3047.79287109375,177.14796875
"73365",2347.46322021484,2048.90113525391,152.76359375
"73567",2292.7654296875,2101.44155273437,221.7171875
"92451",2572.68624267578,1917.03824462891,329.32453125
"92058",2843.64656982422,1875.27493896484,141.56484375
"95148",2557.26090087891,3256.65422363281,153.66671875
"95742",2627.42180175781,3279.71607666016,200.49375
"92147",2672.69322509766,1888.88386230469,93.42828125
"75258",2108.14360351562,2481.26849365234,286.33578125
"8168",3527.90632324219,2532.43741455078,245.469375
"90731",3166.72231445312,1966.92075195312,111.21984375
"78231",2099.74362792969,2594.49737548828,164.59453125
"73585",2262.64604492187,2135.22344970703,57.8903125
"74127",2132.48045654297,2375.66387939453,34.36390625
"73550",2333.30354003906,2060.9046875,106.52359375
"74862",2220.890625,2191.20474853516,142.2421875
"95753",2645.32886962891,3284.70671386719,76.35921875
"77956",2128.89057617187,2792.89310302734,63.98640625
"77773",2358.20941162109,3140.51218261719,45.698125
"92172",2730.45649414062,1879.08914794922,242.1278125
"92103",2958.61591796875,1888.57196044922,89.63515625
"76885",2250.39658203125,3029.53530273437,98.801875
"74239",2136.85496826172,2360.74384765625,86.02265625
"95427",2511.10980224609,3237.72595214844,141.97125
"105275",3489.33840332031,2829.81394042969,535.4628125
"94155",2755.57258300781,3303.05849609375,114.7871875
"76938",2318.74895019531,3105.75535888672,128.37921875
"90471",2983.90404052734,1893.91579589844,219.098125
"76914",2295.40902099609,3082.31851806641,171.63890625
"77486",2174.47078857422,2909.92000732422,314.2875
"74229",2140.10825195313,2350.09602050781,109.1878125
"95772",2681.82844238281,3293.40032958984,129.91453125
"93054",3134.22330322266,3230.90125732422,331.58234375
"73425",2397.23636474609,2007.7099609375,103.72390625
"95719",2581.73347167969,3267.05302734375,209.02828125
"74858",2245.02286376953,2155.66018066406,192.68171875
"78067",2101.49426269531,2654.44624023437,205.0996875
"92561",2589.25688476562,1909.74434814453,514.600625
"90438",3111.21810302734,1937.34942626953,106.79453125
"74859",2234.24761962891,2170.08444824219,192.4559375
"105173",3531.44038085937,2579.17309570312,151.86046875
"92457",2538.10809326172,1928.78426513672,104.220625
"94152",2705.31052246094,3297.83419189453,119.34796875
"92661",3236.79875488281,2010.40377197266,166.40078125
"103355",3324.15347900391,2085.32434082031,567.93015625
"92066",2930.5841796875,1882.24116210937,136.32671875
"77960",2130.11369628906,2801.42194824219,191.50765625
"92054",2858.41594238281,1874.14084472656,290.21921875
"6224",2099.74155273438,2541.34124755859,333.795
"74155",2124.11472167969,2398.15484619141,126.93421875
"92056",2834.08822021484,1872.98786621094,103.2271875
"90436",3102.60687255859,1932.86513671875,251.3396875
"93046",3155.68580322266,3220.78530273437,630.923125
"73374",2367.79453125,2028.99897460937,147.570625
"102985",3511.70734863281,2419.54222412109,541.28796875
"92099",2913.846484375,1879.31970214844,483.0815625
"103009",3500.24729003906,2377.94908447266,605.274375
"90515",3018.71730957031,1902.00532226562,160.71109375
"92931",2900.91905517578,3301.78909912109,140.30046875
"92057",2802.52159423828,1872.47985839844,197.5134375
"105319",3432.75052490234,2954.37961425781,358.72125
"76660",2351.25107421875,3137.197265625,64.7540625
"92925",2950.16821289062,3294.39040527344,95.00875
"7490",3310.24240722656,2070.36488037109,397.60078125
"93616",2857.98782958984,3306.02976074219,305.075625
"105330",3418.85958251953,2977.41531982422,419.953125
"75257",2113.09045410156,2440.13666992187,368.88140625
"74176",2120.84649658203,2407.26329345703,117.7675
"92834",3223.23776855469,3180.31359863281,178.41234375
"92923",2961.35974121094,3292.60511474609,148.293125
"104981",3382.58641357422,3029.69862060547,950.04234375
"94153",2717.18458251953,3301.27652587891,161.1175
"77938",2117.89058837891,2762.8951171875,119.3028125
"73588",2255.82010498047,2138.81457519531,169.92296875
"95723",2594.35107421875,3273.29189453125,162.4721875
"90516",3040.07937011719,1907.51413574219,107.51703125
"90733",3181.12250976562,1971.56732177734,153.53125
"92919",2989.50665283203,3286.61672363281,236.98
"78648",2192.82941894531,2949.08143310547,316.77109375
"74871",2200.79422607422,2216.64249267578,105.07859375
"74246",2130.87591552734,2369.60140380859,93.6540625
"92653",3285.84371337891,2046.69375,88.145
"91930",3225.13781738281,1999.47745361328,89.45453125
"76725",2341.06788330078,3130.14180908203,181.889375
"91366",2741.65445556641,1874.63142089844,53.14890625
"77975",2148.03383789062,2857.80106201172,240.81828125
"93047",3170.09471435547,3214.69252929687,168.47796875
"103497",3529.4125,2509.58349609375,335.46578125
"73372",2355.26097412109,2036.90484619141,95.2796875
"74899",2248.75593261719,2146.55920410156,172.31625
"76566",2382.57241210937,3164.16463623047,92.52515625
"77987",2159.29281005859,2884.76241455078,220.67859375
"76891",2254.93046875,3040.69757080078,201.035625
"75285",2098.83365478516,2524.04013671875,104.62703125
"77982",2153.43017578125,2871.74865722656,183.46984375
"92053",2816.2326171875,1870.48538818359,191.32703125
"90479",2997.82445068359,1894.09716796875,140.2553125
"92926",2932.43463134766,3299.29990234375,155.69875
"76561",2367.17072753906,3152.7595703125,59.10953125
"92927",2942.38726806641,3297.79331054688,156.37609375
"95149",2562.56925048828,3263.56856689453,122.9153125
"74218",2153.95208740234,2305.28114013672,220.8140625
"102987",3519.46442871094,2442.83193359375,309.54609375
"95128",2532.60280761719,3251.65798339844,138.6296875
"95426",2501.11296386719,3237.32211914063,56.67109375
"73392",2384.86986083984,2012.67465820312,153.0796875
"73600",2335.16063232422,2053.23559570312,93.4734375
"75254",2099.17170410156,2513.45249023438,84.5325
"76557",2361.13917236328,3148.48923339844,80.739375
"92456",2530.47033691406,1928.30572509766,82.50046875
"74864",2210.69270019531,2198.26995849609,216.1178125
"105170",3534.76276855469,2571.78228759766,162.06578125
"90453",3134.08426513672,1944.23201904297,158.81453125
"78229",2094.99703369141,2580.58153076172,100.246875
"105282",3519.02158203125,2740.81047363281,775.91984375
"7445",3295.19060058594,2053.11876220703,125.57953125
"74216",2145.49836425781,2324.44224853516,202.97734375
"78230",2095.56086425781,2621.68056640625,304.21765625
"8173",3533.50520019531,2539.89857177734,103.859375
"78278",2097.12431640625,2648.37069091797,15.66921875
"105164",3534.86901855469,2562.75850830078,25.0165625
"94185",2790.59523925781,3309.76905517578,559.1246875
"92458",2512.52176513672,1935.71437988281,231.24515625
"92928",2914.99884033203,3303.40961914062,138.900625
"6334",2479.55832519531,3227.77124023438,334.74328125
"7671",3313.98647460937,3109.94248046875,222.89125
"105331",3415.59426269531,2988.58817138672,66.33453125
"77949",2121.05069580078,2785.83743896484,160.75625
"90514",3034.04345703125,1902.64178466797,140.30046875
"95750",2638.12856445312,3288.87661132812,86.0678125
"78069",2100.65671386719,2689.12462158203,141.429375
"92935",2891.646875,3306.82476806641,56.12921875
"73577",2265.36496582031,2122.63676757812,178.1865625
"91379",2752.69283447266,1871.11396484375,124.450625
"95769",2664.67716064453,3295.16964111328,188.3015625
"92102",2951.84393310547,1881.42457275391,131.495
"94154",2742.55758056641,3307.53199462891,360.30171875
"93680",2841.50289306641,3310.69666748047,338.53640625
"73426",2404.86851806641,1996.04010009766,211.46671875
"102999",3484.94313964844,2321.50377197266,585.99265625
"92649",3276.52795410156,2034.88070068359,165.994375
"92144",2653.37087402344,1886.24151611328,122.0121875
"93687",2872.48991699219,3309.28511962891,230.70328125
"8197",3535.88295898437,2551.08657226562,100.29203125
"90434",3080.43133544922,1918.31739501953,148.1125
"74175",2124.60778808594,2378.46103515625,97.49234375
"105314",3446.39659423828,2939.87711181641,272.42765625
"92837",3205.65733642578,3196.91225585937,230.4775
"78074",2107.42620849609,2733.64772949219,127.83734375
"92662",3260.51678466797,2021.46207275391,129.28234375
"92945",3036.77918701172,3276.97640380859,38.96984375
"90456",3147.344140625,1948.49820556641,275.9046875
"94184",2819.18935546875,3311.96813964844,440.183125
"78075",2105.58758544922,2725.74580078125,93.1121875
"92141",2665.89260253906,1882.84649658203,81.59734375
"94157",2762.76832275391,3310.24365234375,375.02265625
"95755",2648.1185546875,3292.63271484375,131.72078125
"73555",2310.89786376953,2072.13543701172,177.735
"94156",2730.32596435547,3307.19788818359,209.57015625
"90450",3121.05784912109,1935.12066650391,216.88546875
"74865",2220.36352539062,2178.83471679688,180.85078125
"95119",2519.83682861328,3249.45433349609,146.98359375
"77972",2136.93922119141,2840.22747802734,185.36640625
"92142",2659.23060302734,1883.47009277344,47.143125
"6063",2496.80299072266,1940.21361083984,281.18796875
"78667",2219.30579833984,2999.92703857422,120.2059375
"75264",2098.69772949219,2489.34515380859,183.515
"76917",2298.81358642578,3096.37111816406,223.29765625
"78011",2159.44886474609,2895.42954101563,241.08921875
"92050",2828.48747558594,1866.40721435547,79.52015625
"105310",3456.13009033203,2924.95479736328,277.21421875
"95732",2606.97220458984,3282.69398193359,191.5528125
"74145",2120.33786621094,2387.19304199219,130.7725
"76903",2267.51860351562,3062.87622070312,540.92671875
"92929",2924.27932128906,3305.04300537109,102.73046875
"75256",2103.24385986328,2458.68393554688,346.21296875
"73548",2321.25537109375,2060.22049560547,144.63546875
"92664",3269.46544189453,2026.15906982422,123.50234375
"75271",2096.09232177734,2503.75697021484,146.62234375
"92146",2637.76374511719,1887.69643554687,70.30828125
"92938",2898.61351318359,3308.90971679687,41.04703125
"92960",3068.43442382813,3268.10577392578,452.826875
"92454",2522.7037109375,1927.07368164062,49.89765625
"90726",3160.35250244141,1953.10057373047,205.8221875
"92963",3047.09456787109,3275.90726318359,285.206875
"92055",2874.21834716797,1867.67370605469,271.43421875
"78070",2101.50256347656,2715.265234375,239.50875
"92137",2675.68171386719,1878.75939941406,142.3325
"95741",2629.94710693359,3290.12318115234,92.11875
"104971",3332.65119628906,3096.59088134766,313.4746875
"73381",2371.01066894531,2017.14670410156,209.02828125
"73358",2339.07735595703,2043.28171386719,140.39078125
"90488",3010.10068359375,1891.81009521484,241.2246875
"92450",2552.15363769531,1914.32741699219,349.4190625
"73557",2297.68820800781,2082.13206787109,219.820625
"105278",3508.35051269531,2800.64624023438,207.2671875
"90513",3046.55999755859,1902.8876953125,88.64171875
"92171",2713.1169921875,1872.07021484375,625.7753125
"76564",2365.16629638672,3158.10797119141,53.51015625
"92948",3004.06746826172,3289.47696533203,192.9978125
"78662",2206.55061035156,2983.77413330078,247.23046875
"74240",2127.20531005859,2360.55168457031,74.8690625
"92836",3220.20902099609,3190.82052001953,116.141875
"92143",2628.16762695312,1889.10300292969,112.890625
"73366",2348.08889160156,2034.75017089844,82.00375
"78276",2091.49929199219,2640.53039550781,154.1634375
"105166",3539.88310546875,2564.73865966797,59.425625
"76664",2352.53935546875,3148.76710205078,125.66984375
"93635",2882.66065673828,3312.09846191406,137.41046875
"92173",2734.17088623047,1868.62891845703,44.02734375
"76577",2395.85200195312,3182.00758056641,145.8546875
"105300",3478.43076171875,2883.64658203125,292.83828125
"77941",2111.48508300781,2767.63341064453,229.1228125
"90427",3057.63469238281,1905.7697265625,317.719375
"92959",3104.71340332031,3255.09180908203,439.28
"7444",3299.21315917969,2048.91877441406,54.0971875
"75255",2102.91867675781,2448.64849853516,119.57375
"76575",2387.78052978516,3176.64838867187,94.96359375
"95777",2675.99195556641,3302.25767822266,143.64203125
"90465",2972.62639160156,1880.93503417969,121.6509375
"95150",2566.14190673828,3271.84299316406,181.528125
"92639",3215.52592773437,1984.01538085938,286.15515625
"73371",2359.1716796875,2024.39100341797,98.079375
"8178",3539.6755859375,2542.97027587891,38.51828125
"78071",2106.59613037109,2749.60847167969,174.52890625
"90729",3170.07769775391,1956.14031982422,144.63546875
"73396",2388.87229003906,2001.48354492187,96.67953125
"91370",2742.94066162109,1866.84674072266,48.226875
"91409",2783.48562011719,1863.93171386719,585.99265625
"74172",2107.75927734375,2423.52576904297,170.14875
"105281",3514.63752441406,2785.36823730469,293.876875
"92096",2942.29720458984,1874.39733886719,255.0425
"92947",3030.11365966797,3283.70750732422,97.13109375
"74872",2186.96657714844,2224.11983642578,337.63328125
"78670",2223.69504394531,3012.54796142578,255.4940625
"76723",2329.49161376953,3130.85360107422,145.62890625
"105306",3468.16871337891,2909.08162841797,516.63265625
"92932",2958.28035888672,3302.58431396484,41.31796875
"93062",3118.58898925781,3250.52554931641,467.05109375
"95739",2620.81292724609,3290.55606689453,123.05078125
"104979",3364.61812744141,3065.99503173828,533.79203125
"95778",2689.30806884766,3306.10758056641,172.90328125
"74152",2113.95103759766,2395.60629882813,86.33875
"95110",2497.16303710937,3244.06193847656,258.60984375
"95764",2699.80502929688,3308.05203857422,221.67203125
"92052",2891.48189697266,1866.09842529297,403.10984375
"76572",2374.79499511719,3169.10858154297,126.30203125
"78327",2087.33043212891,2586.03638916016,177.68984375
"92107",2962.60153808594,1877.13140869141,203.60953125
"92885",2907.00601806641,3311.5833984375,98.1696875
"78064",2092.69294433594,2679.10806884766,280.4203125
"74232",2127.60395507812,2350.34608154297,211.73765625
"92640",3226.15279541016,1989.07906494141,119.8446875
"90433",3097.86733398437,1918.99951171875,266.37671875
"77498",2179.25764160156,2944.37198486328,151.49921875
"95137",2546.42132568359,3266.41988525391,160.4853125
"91947",3237.90690917969,1997.04138183594,245.1984375
"74252",2120.24987792969,2371.59234619141,79.88140625
"92047",2834.34637451172,1861.66829833984,49.2203125
"8152",3541.13444824219,2533.92263183594,85.8871875
"78279",2089.18316650391,2651.70034179687,140.8875
"92140",2643.83327636719,1881.55489501953,137.59109375
"92933",2965.18930664063,3302.58099365234,106.07203125
"103007",3506.27199707031,2359.63776855469,519.5678125
"92934",2945.99167480469,3306.42218017578,96.13765625
"76718",2306.36044921875,3111.42852783203,368.0234375
"77964",2123.68889160156,2820.11343994141,496.13171875
"76666",2345.28758544922,3146.86352539062,74.64328125
"92887",2898.50809326172,3313.67166748047,20.81703125
"90734",3203.60393066406,1973.11977539062,143.1453125
"105321",3442.67203369141,2960.30844726563,220.40765625
"76662",2336.975390625,3140.03696289063,93.87984375
"92046",2843.19957275391,1861.17543945312,191.23671875
"76722",2318.98842773437,3124.07020263672,246.41765625
"77493",2173.88039550781,2936.92742919922,150.95734375
"6222",2086.8197265625,2552.62678222656,232.1934375
"76892",2242.15079345703,3040.77767333984,258.79046875
"76576",2381.06997070312,3175.72015380859,91.4865625
"92892",2889.48846435547,3315.13592529297,53.1940625
"92646",3256.00842285156,2008.85858154297,205.14484375
"92051",2928.2333984375,1869.22823486328,119.43828125
"78328",2085.73211669922,2601.71116943359,378.90609375
"74867",2195.20883789063,2205.12806396484,176.7415625
"92048",2816.78171386719,1860.29576416016,103.9496875
"76567",2364.31920166016,3163.22498779297,61.00609375
"90496",3026.17141113281,1891.44382324219,234.40609375
"8207",3543.99116210937,2558.97023925781,74.46265625
"93052",3182.13748779297,3220.24678955078,471.250625
"6062",2482.34095458984,1940.20842285156,272.06640625
"92453",2521.26560058594,1921.65576171875,48.226875
"75283",2088.695703125,2518.47238769531,130.6821875
"92139",2618.75412597656,1886.7775390625,195.5265625
"78012",2158.79974365234,2909.25511474609,213.90515625
"73385",2376.54562988281,2006.08010253906,112.75515625
"90730",3193.828515625,1965.69825439453,289.180625
"73549",2311.55258789063,2061.04144287109,60.9609375
"8242",3542.01184082031,2523.50349121094,181.6184375
"7443",3298.97036132812,2043.01339111328,39.4665625
"7441",3290.44815673828,2035.51384277344,132.53359375
"76473",2453.18134765625,3224.14359130859,874.58625
"78068",2098.90317382813,2733.52570800781,136.6428125
"74215",2139.82893066406,2310.83726806641,242.17296875
"105280",3511.00634765625,2811.57650146484,318.48703125
"78063",2093.65625,2705.38751220703,252.51375
"74861",2207.28232421875,2184.20490722656,170.2390625
"76915",2281.78225097656,3089.12993164062,409.9284375
"95715",2575.4568359375,3279.94849853516,202.480625
"95756",2652.83153076172,3302.16719970703,189.88203125
"102988",3527.53071289062,2427.56824951172,184.779375
"76591",2416.71871337891,3202.44493408203,701.86359375
"77489",2166.36735839844,2926.41760253906,251.74609375
"90473",2992.25047607422,1880.69223632812,245.78546875
"74897",2255.0466796875,2120.02202148437,205.19
"92554",2571.21990966797,1900.62531738281,233.72875
"73560",2280.0021484375,2091.66323242187,378.770625
"6223",2086.55347900391,2529.41323242187,240.54734375
"92930",2981.4048828125,3301.48798828125,318.1709375
"92951",3021.58668212891,3290.9044921875,253.01046875
"94158",2722.17895507812,3315.07117919922,197.1521875
"77944",2108.07844238281,2776.96452636719,185.140625
"103498",3537.05751953125,2473.79343261719,277.981875
"92562",2535.26590576172,1913.90760498047,316.77109375
"103267",3460.06549072266,2244.9994140625,699.6509375
"92174",2735.08936767578,1862.57432861328,81.86828125
"91377",2755.45242919922,1860.52984619141,221.7171875
"78657",2195.41884765625,2978.87003173828,160.75625
"90430",3077.91744384766,1906.82683105469,148.42859375
"76570",2369.00187988281,3170.07230224609,48.4978125
"104980",3377.65056152344,3057.85300292969,616.87953125
"92648",3265.89838867187,2013.06085205078,85.8871875
"105177",3546.96906738281,2581.45311279297,195.93296875
"95126",2527.59079589844,3263.08463134766,169.606875
"7463",3308.910546875,2049.14642333984,214.44703125
"76669",2355.42408447266,3159.8185546875,63.08328125
"8186",3545.97587890625,2544.95354003906,111.58109375
"73545",2319.56678466797,2050.17426757812,141.83578125
"105338",3420.06215820312,3002.50609130859,421.44328125
"75270",2087.71185302734,2502.40788574219,74.598125
"95721",2589.11556396484,3286.53143310547,149.42203125
"90385",3067.63692626953,1902.07338867187,108.6459375
"77977",2134.84742431641,2861.88815917969,271.61484375
"90728",3182.29105224609,1955.73607177734,276.76265625
"73360",2341.99798583984,2030.09696044922,76.90109375
"73439",2398.148828125,1987.09600830078,165.0009375
"73406",2388.15863037109,1993.90098876953,100.3371875
"78666",2210.97534179688,3004.85500488281,124.811875
"74214",2133.5365234375,2319.80750732422,107.87828125
"73741",2330.05170898437,2039.95040283203,143.64203125
"76580",2384.94456787109,3183.44735107422,23.3909375
"78168",2083.157421875,2635.27932128906,160.03375
"92645",3252.37766113281,2001.18430175781,79.15890625
"92045",2827.71571044922,1856.55003662109,107.7428125
"95728",2602.64168701172,3291.58079833984,118.670625
"90470",2982.39184570312,1875.63145751953,159.44671875
"105169",3548.14611816406,2569.19161376953,98.801875
"73438",2406.60504150391,1980.37279052734,191.68828125
"95116",2516.81658935547,3259.88634033203,118.85125
"77986",2143.44724121094,2884.86015625,190.78515625
"92889",2892.47197265625,3319.18670654297,36.44109375
"94159",2710.61202392578,3315.83277587891,134.70109375
"73367",2353.08139648438,2019.68840332031,158.408125
"95747",2638.73203125,3301.9146484375,100.56296875
"90449",3134.36192626953,1929.14099121094,164.0075
"92452",2512.07020263672,1921.42998046875,142.28734375
"74902",2224.7056640625,2153.81055908203,425.68796875
"78654",2184.29268798828,2965.11335449219,153.8925
"92049",2919.32707519531,1863.16202392578,149.51234375
"74177",2103.43581542969,2409.51529541016,141.8809375
"74219",2140.21221923828,2300.76136474609,103.36265625
"92138",2632.6259765625,1878.65397949219,87.73859375
"92130",2680.123046875,1868.1140625,260.41609375
"77950",2107.95061035156,2787.09708251953,125.85046875
"78323",2081.21483154297,2566.22844238281,279.29140625
"91369",2742.77609863281,1859.06123046875,43.8015625
"92564",2594.94790039062,1889.20883789062,422.25609375
"74149",2107.94064941406,2391.70887451172,124.9021875
"74243",2117.71274414063,2359.49956054687,141.1584375
"105287",3544.25554199219,2675.53271484375,1145.38828125
"6058",2499.46629638672,1926.60385742187,146.0353125
"92953",3007.85490722656,3298.24549560547,179.31546875
"94996",2775.37928466797,3323.05819091797,251.11390625
"104969",3324.60711669922,3118.54250488281,510.40109375
"73552",2300.93796386719,2065.13746337891,97.94390625
"92936",2956.67602539062,3310.42689208984,82.95203125
"102668",3535.53598632813,2446.63576660156,537.49484375
"78172",2084.08793945312,2663.81533203125,299.88265625
"105344",3501.65925292969,2850.82010498047,706.24375
"92863",2847.6826171875,3323.72578125,164.4590625
"74855",2213.78826904297,2167.15447998047,49.8525
"92886",2900.02775878906,3319.68101806641,87.6934375
"77958",2112.5322265625,2805.98343505859,385.45375
"77971",2121.83968505859,2834.23057861328,167.8909375
"95111",2505.40343017578,3256.33858642578,182.8828125
"92042",2859.45748291016,1855.92291259766,317.40328125
"74220",2125.14630126953,2335.57857666016,312.48125
"103356",3327.51197509766,2062.58103027344,306.7915625
"92937",2970.19426269531,3308.38386230469,100.02109375
"74254",2112.94954833984,2370.93907470703,101.19515625
"92134",2657.5083984375,1871.34265136719,242.08265625
"105279",3510.51826171875,2828.82261962891,352.58
"92961",3096.61599121094,3269.18944091797,486.46828125
"93037",3211.83187255859,3209.09074707031,378.63515625
"95779",2667.06322021484,3310.32416992187,155.7890625
"95785",2683.24185791016,3313.49216308594,94.15078125
"95744",2629.57481689453,3301.66811523437,119.2125
"103499",3546.05515136719,2506.62322998047,312.2103125
"95140",2548.50233154297,3275.52397460937,56.58078125
"76569",2363.6939453125,3170.87395019531,12.50828125
"95131",2537.11324462891,3271.05877685547,109.278125
"105311",3464.63154296875,2935.47064208984,343.368125
"74222",2141.46501464844,2293.00677490234,276.2659375
"105328",3438.43323974609,2980.88006591797,507.4659375
"78065",2094.33255615234,2739.73552246094,129.82421875
"78676",2223.0322265625,3027.45367431641,461.00015625
"76665",2336.30364990234,3149.08668212891,108.6459375
"92663",3286.22845458984,2024.01435546875,252.01703125
"103500",3544.28376464844,2488.65245361328,285.568125
"76568",2358.97764892578,3167.75908203125,57.84515625
"95736",2614.2712890625,3298.17722167969,186.405
"78652",2177.04465332031,2957.74869384766,196.83609375
"92952",3033.21752929688,3293.12308349609,66.33453125
"92044",2801.90173339844,1853.30318603516,374.84203125
"92864",2859.67454833984,3324.85364990234,197.73921875
"78326",2078.29191894531,2580.21318359375,219.3690625
"75252",2087.93908691406,2470.34923095703,456.03296875
"78066",2095.90534667969,2750.30428466797,134.43015625
"90452",3117.31440429687,1917.76809082031,143.958125
"78169",2078.98669433594,2624.70122070312,235.48984375
"95003",2794.11643066406,3326.23656005859,116.2321875
"75274",2082.66829833984,2507.95841064453,110.6328125
"78170",2086.05812988281,2698.67674560547,75.72703125
"105342",3489.05991210938,2887.81502685547,441.628125
"75253",2093.19617919922,2439.96546630859,307.46890625
"92853",2824.44852294922,3326.85372314453,364.36578125
"76585",2386.63626708984,3189.70323486328,89.72546875
"92950",3044.65725097656,3290.24644775391,171.36796875
"75251",2084.43989257812,2490.51826171875,248.58515625
"90374",3213.99422607422,1969.71313476562,129.68875
"92872",2919.57381591797,3319.53098144531,208.48640625
"92881",2910.25307617187,3320.83565673828,78.6621875
"74898",2244.52315673828,2122.45892333984,143.596875
"76670",2349.66645507812,3161.73188476562,71.66296875
"73564",2264.27341308594,2099.27629394531,460.09703125
"78010",2148.37769775391,2905.15286865234,100.56296875
"90484",3004.93510742187,1877.04798583984,194.2621875
"77993",2127.66330566406,2857.23785400391,43.4403125
"105189",3552.40192871094,2604.89825439453,820.17296875
"90455",3145.89752197266,1930.51643066406,193.85578125
"74850",2234.59583740234,2134.4994140625,453.86546875
"73405",2380.04440917969,1993.92775878906,72.5209375
"92135",2610.81857910156,1880.86240234375,123.59265625
"105283",3528.31472167969,2777.71159667969,364.4109375
"90428",3093.25023193359,1906.39602050781,125.39890625
"73547",2306.58145751953,2054.99204101563,126.03109375
"92850",2807.89842529297,3327.48146972656,126.79875
"95146",2558.68656005859,3281.66821289062,191.50765625
"73553",2291.38023681641,2069.62196044922,165.49765625
"77973",2123.57330322266,2847.73366699219,254.27484375
"7442",3302.52517089844,2035.63627929688,171.18734375
"78661",2187.10955810547,2977.87497558594,245.42421875
"77985",2135.63558349609,2878.57667236328,207.76390625
"90504",3037.23780517578,1885.70051269531,196.700625
"92553",2559.65671386719,1896.98812255859,164.2784375
"93044",3233.16944580078,3198.13122558594,610.9640625
"92177",2722.11773681641,1857.14188232422,250.93328125
"7672",3308.46811523438,3139.09710693359,636.703125
"74168",2096.20209960937,2420.17868652344,166.175
"76574",2366.70256347656,3176.65606689453,65.38625
"95716",2579.04049072266,3289.58674316406,130.3209375
"76583",2379.65032958984,3186.38582763672,31.0675
"90720",3158.09655761719,1935.59049072266,225.91671875
"76590",2394.82270507812,3197.22270507812,217.87890625
"77957",2105.44833984375,2795.17353515625,91.62203125
"74863",2193.71656494141,2190.04616699219,328.37625
"95783",2674.36209716797,3314.89914550781,45.9690625
"6356",2473.53424072266,3244.75899658203,442.48609375
"74130",2107.07467041016,2378.45979003906,142.01640625
"105323",3455.91260986328,2957.12717285156,194.21703125
"90451",3127.24379882812,1920.12156982422,187.53390625
"8155",3551.72541503906,2533.75848388672,119.3028125
"78689",2260.21723632812,3077.76346435547,284.98109375
"73375",2361.82875976562,2005.99045410156,212.91171875
"93885",2949.39997558594,3316.55266113281,175.1159375
"74230",2144.44893798828,2278.60699462891,814.8896875
"7496",3319.33363037109,2049.18917236328,109.95546875
"75280",2079.36936035156,2516.26064453125,43.57578125
"102672",3543.55869140625,2464.16680908203,204.78359375
"92552",2571.22613525391,1891.66794433594,28.1775
"94990",2750.0853515625,3326.30026855469,229.61953125
"8201",3553.56030273438,2553.0115234375,181.57328125
"74876",2164.06741943359,2238.66778564453,607.98375
"76661",2325.7494140625,3144.28426513672,149.4671875
"95127",2528.14155273437,3271.37918701172,79.15890625
"93063",3146.839453125,3250.71812744141,922.0003125
"74217",2124.46854248047,2324.51156005859,231.51609375
"92175",2737.82530517578,1853.97700195312,61.27703125
"92041",2847.65501708984,1850.60377197266,117.81265625
"76659",2315.82126464844,3135.74504394531,95.05390625
"103354",3348.83273925781,2077.46080322266,803.6909375
"6061",2490.12854003906,1924.72642822266,53.1940625
"91372",2749.04401855469,1852.5251953125,90.44796875
"94999",2788.93902587891,3329.34644775391,36.98296875
"73747",2334.50009765625,2026.70256347656,108.916875
"90399",3086.06964111328,1900.90380859375,136.14609375
"103260",3449.40583496094,2208.16511230469,850.60828125
"78164",2075.03137207031,2613.34782714844,170.10359375
"78008",2142.97824707031,2900.359375,129.4178125
"78171",2081.10899658203,2687.42213134766,219.64
"92891",2889.20125732422,3326.37622070312,191.59796875
"92133",2619.02120361328,1875.51441650391,53.3746875
"76581",2371.02996826172,3182.56145019531,45.47234375
"95134",2541.25969238281,3277.94448242187,37.6603125
"74857",2203.83874511719,2171.19467773438,258.7453125
"105174",3555.63342285156,2576.62454833984,51.116875
"90392",3076.16245117188,1896.46330566406,67.50859375
"102670",3535.12717285156,2415.82554931641,262.22234375
"92105",2959.70249023438,1863.12965087891,125.895625
"90511",3047.56293945312,1886.22366943359,135.51390625
"92647",3276.79088134766,2010.29689941406,280.91703125
"90431",3109.86383056641,1909.92862548828,185.32125
"92127",2643.31240234375,1868.87918701172,152.4475
"93889",2930.87553710937,3321.68752441406,275.63375
"92660",3265.53045654297,2001.23576660156,48.18171875
"78668",2197.83063964844,3000.17647705078,462.6709375
"90746",3207.75577392578,1961.02657470703,106.388125
"77937",2093.26694335938,2758.90970458984,130.5015625
"74151",2099.81958007812,2394.59007568359,104.581875
"73404",2373.24565429687,1994.38181152344,91.8478125
"90383",3060.82800292969,1890.28731689453,172.18078125
"92642",3252.71612548828,1991.29475097656,251.7009375
"92870",2873.92906494141,3328.81291503906,289.22578125
"78166",2075.84464111328,2649.81398925781,178.32203125
"73364",2345.13319091797,2015.94558105469,144.7709375
"79064",2153.94669189453,2926.03493652344,219.23359375
"92038",2837.80551757813,1848.22310791016,104.7625
"73437",2407.21141357422,1969.91380615234,233.72875
"92637",3236.85250244141,1979.36922607422,204.42234375
"74874",2171.01787109375,2221.11993408203,282.45234375
"93869",2989.26904296875,3310.91871337891,98.3503125
"76919",2277.51212158203,3101.244921875,108.60078125
"95780",2654.31218261719,3314.26040039062,165.5428125
"74853",2211.20963134766,2158.06284179688,165.31703125
"95788",2700.47593994141,3323.01668701172,144.4096875
"74896",2249.52230224609,2108.93197021484,195.3459375
"6060",2482.60678710938,1926.06119384766,88.9578125
"105345",3502.7171875,2868.88094482422,239.91515625
"95784",2641.24613037109,3311.38812255859,120.6575
"92124",2668.24774169922,1861.96712646484,167.12328125
"92558",2519.26282958984,1908.76008300781,194.30734375
"95095",2677.93952636719,3319.33404541016,51.88453125
"92883",2903.19948730469,3326.85766601562,51.9296875
"94993",2762.82912597656,3330.34731445312,259.33234375
"102998",3508.32602539063,2323.76158447266,699.15421875
"77998",2146.62644042969,2913.34200439453,57.43875
"95113",2510.84978027344,3267.16654052734,89.27390625
"104984",3402.86729736328,3043.42333984375,742.0075
"95726",2596.20380859375,3299.39868164062,234.7221875
"6059",2474.07897949219,1929.865234375,124.811875
"94979",2732.08054199219,3327.93469238281,210.3378125
"73740",2316.93502197266,2038.42202148437,183.46984375
"92847",2801.55102539062,3332.52066650391,173.53546875
"73556",2278.11309814453,2076.05817871094,288.77421875
"94971",2715.22061767578,3325.97114257812,140.345625
"92039",2913.57712402344,1853.24674072266,309.72671875
"79461",2297.91129150391,3123.39742431641,215.124375
"78679",2234.19013671875,3053.28861083984,357.99875
"91299",2899.44193115234,1851.24729003906,226.91015625
"74868",2178.92125244141,2205.15919189453,370.5521875
"90721",3174.58647460937,1939.07806396484,263.84796875
"6174",2072.37657470703,2555.84893798828,165.4525
"92560",2508.33941650391,1912.47032470703,86.7
"92100",2947.55325927734,1858.17989501953,282.316875
"105286",3545.75466308594,2727.00565185547,824.4628125
"76573",2358.37501220703,3176.65233154297,75.0496875
"103501",3555.74797363281,2523.78696289063,125.35375
"76667",2336.92185058594,3159.37736816406,203.0225
"92040",2813.67410888672,1845.91175537109,223.2525
"105184",3558.76779785156,2592.81273193359,171.81953125
"92136",2601.11849365234,1877.28787841797,70.48890625
"6043",2497.58450927734,1916.94921875,108.14921875
"6172",2072.77438964844,2539.69105224609,331.6275
"92862",2849.21265869141,3332.85145263672,105.89140625
"78698",2265.40418701172,3091.20056152344,193.5396875
"77947",2096.34777832031,2782.528125,79.70078125
"76586",2373.58826904297,3188.70382080078,71.93390625
"103271",3483.23400878906,2262.32521972656,637.9675
"79067",2163.33881835937,2949.03515625,336.18828125
"8222",3317.36696777344,2040.59454345703,78.933125
"74160",2093.80317382812,2405.798828125,156.19546875
"90463",2975.53145751953,1862.90573730469,337.27203125
"95143",2549.89063720703,3285.23070068359,101.82734375
"92128",2625.31319580078,1869.88627929688,128.28890625
"92955",3021.55347900391,3304.85457763672,156.5115625
"75276",2074.88963623047,2509.69597167969,60.55453125
"105168",3559.076171875,2567.55905761719,102.09828125
"8320",3558.83959960938,2559.79139404297,96.995625
"90491",3017.53776855469,1873.27631835937,172.6775
"6360",2484.43793945312,3256.80965576172,212.09890625
"93878",2964.88549804688,3318.97835693359,195.43625
"73736",2326.310546875,2027.9705078125,116.54828125
"76672",2350.91530761719,3171.94060058594,69.8115625
"6362",2493.43889160156,3261.24580078125,198.868125
"91298",2876.69675292969,1847.59805908203,312.79734375
"93039",3202.83714599609,3225.37708740234,511.710625
"73544",2301.60534667969,2050.23859863281,53.3746875
"92126",2634.19876708984,1867.18229980469,77.35265625
"95787",2627.66958007812,3310.557421875,45.0659375
"74251",2106.01071777344,2361.30518798828,103.5884375
"105171",3559.78920898437,2574.21856689453,22.4878125
"90390",3073.55227050781,1891.00284423828,67.77953125
"79462",2286.24558105469,3114.60212402344,251.3396875
"76587",2380.25317382812,3194.89599609375,73.4240625
"95781",2621.20036621094,3309.36584472656,97.04078125
"77940",2091.47418212891,2768.93206787109,228.71640625
"90724",3187.31987304687,1943.95809326172,90.62859375
"103268",3476.52116699219,2246.20883789063,275.76921875
"90373",3223.88419189453,1966.44926757813,118.08359375
"8177",3558.79934082031,2540.98203125,150.50578125
"92967",3065.26954345703,3291.86655273438,774.29421875
"90375",3231.27852783203,1971.19482421875,128.1534375
"73424",2390.41519775391,1976.78975830078,76.1334375
"90495",3025.97198486328,1874.56605224609,141.790625
"80221",2082.51701660156,2729.61334228516,258.33890625
"92880",2909.4271484375,3329.44045410156,59.9675
"6173",2071.53487548828,2530.74571533203,75.320625
"94998",2783.02222900391,3334.80441894531,163.7365625
"90404",3103.85821533203,1902.07463378906,104.17546875
"105178",3560.94633789062,2582.61231689453,53.82625
"73744",2307.65910644531,2042.76665039063,74.77875
"73546",2291.327734375,2058.30073242187,142.73890625
"105327",3455.90928955078,2971.61348876953,216.6596875
"90480",2996.16159667969,1865.87990722656,116.5934375
"76582",2364.16750488281,3184.37475585938,65.61203125
"74259",2102.18218994141,2368.77340087891,74.64328125
"80217",2079.62108154297,2716.76726074219,239.328125
"95123",2527.09959716797,3278.20284423828,86.158125
"6057",2467.51638183594,1929.24226074219,196.47484375
"74137",2097.68337402344,2383.71625976562,99.4340625
"78319",2068.71489257812,2600.56420898438,172.496875
"76671",2342.93099365234,3167.83524169922,100.56296875
"95132",2538.75202636719,3283.12707519531,75.50125
"93864",2999.84444580078,3312.87935791016,284.34890625
"92043",2933.49484863281,1852.68643798828,375.29359375
"92644",3269.67669677734,1997.67348632812,52.33609375
"75282",2071.82042236328,2519.05157470703,95.73125
"95092",2682.81104736328,3324.48696289062,103.81421875
"93057",3178.76965332031,3241.72360839844,468.8121875
"92854",2821.1599609375,3336.54260253906,105.665625
"92176",2734.73596191406,1847.12844238281,61.18671875
"73401",2381.13637695312,1981.69053955078,197.91984375
"78009",2144.60727539063,2919.33081054688,88.5965625
"75250",2083.25391845703,2438.95733642578,128.24375
"92555",2531.04288330078,1898.63043212891,294.73484375
"103249",3390.28642578125,2112.88251953125,494.731875
"75249",2085.49554443359,2427.58983154297,80.1071875
"103504",3558.34819335937,2513.13623046875,204.78359375
"75247",2075.73382568359,2479.86732177734,156.6921875
"92548",2577.45213623047,1881.04792480469,96.04734375
"92547",2584.55822753906,1878.67950439453,59.92234375
"105343",3502.02531738281,2884.16040039062,253.778125
"92132",2611.71278076172,1870.30069580078,27.635625
"76597",2397.39885253906,3209.81810302734,210.74421875
"93887",2942.43665771484,3326.43245849609,326.93125
"95083",2665.31549072266,3322.24844970703,81.1909375
"74244",2105.43920898438,2353.79713134766,94.96359375
"92563",2591.84382324219,1875.94709472656,38.15703125
"91367",2743.54516601562,1845.28981933594,101.4209375
"95102",2691.08609619141,3327.31088867188,113.4325
"77990",2111.16861572266,2843.06385498047,196.83609375
"75268",2072.64095458984,2497.60463867187,141.24875
"78167",2075.27479248047,2702.87673339844,202.3
"78712",2271.61400146484,3104.25229492188,88.09984375
"92037",2824.42611083984,1841.38409423828,287.32921875
"92638",3248.68920898438,1979.72781982422,150.7315625
"95001",2791.36036376953,3337.79290771484,51.65875
"93861",3011.86937255859,3311.81934814453,127.65671875
"92559",2502.58282470703,1909.48702392578,59.29015625
"78007",2131.30485839844,2894.44361572266,202.9321875
"92131",2605.29088134766,1871.04050292969,80.378125
"90727",3205.62164306641,1950.96083984375,143.1453125
"103256",3424.16959228516,2154.31109619141,1043.5609375
"92954",3040.33627929688,3303.75617675781,335.60125
"95086",2673.98212890625,3325.23424072266,51.70390625
"105320",3470.50040283203,2951.98857421875,318.1709375
"73408",2359.38729248047,1995.18408203125,162.42703125
"92550",2568.03489990234,1882.54663085938,298.3021875
"90503",3032.98967285156,1872.92976074219,42.7178125
"92858",2841.14554443359,3338.47191162109,190.0175
"74235",2108.35983886719,2340.29196777344,363.236875
"80222",2081.8724609375,2745.10301513672,197.061875
"76663",2318.65369873047,3151.22268066406,248.85609375
"73738",2319.16668701172,2027.53533935547,44.74984375
"95735",2612.97719726562,3311.6232421875,85.796875
"105285",3536.8732421875,2791.94287109375,525.39296875
"78161",2066.44815673828,2631.19678955078,147.07390625
"74148",2091.57524414062,2392.84566650391,62.9478125
"95730",2605.20455322266,3309.50218505859,83.22296875
"78677",2217.74442138672,3042.96970214844,344.090625
"92178",2720.94006347656,1845.78703613281,205.05453125
"92876",2915.38544921875,3332.77861328125,79.294375
"78655",2170.06120605469,2972.49233398437,164.41390625
"92129",2615.51329345703,1866.68051757812,67.8246875
"90723",3197.33933105469,1944.42272949219,144.319375
"74953",2144.60125732422,2253.30662841797,653.81734375
"103503",3557.08564453125,2480.40230712891,119.52859375
"90454",3146.98056640625,1917.02392578125,166.40078125
"94980",2738.97330322266,3336.07049560547,144.5
"78685",2243.08670654297,3075.35582275391,260.59671875
"78165",2069.3548828125,2673.33404541016,354.205625
"92125",2626.21611328125,1863.50277099609,19.7784375
"90378",3056.32233886719,1879.23773193359,129.5984375
"76676",2351.46710205078,3179.79272460938,57.48390625
"103502",3558.59265136719,2488.7037109375,105.16890625
"95782",2631.07435302734,3317.34497070312,116.00640625
"102675",3554.42565917969,2460.97412109375,271.79546875
"102671",3547.03173828125,2423.80965576172,220.13671875
"102669",3539.98479003906,2395.18399658203,816.74109375
"105180",3565.64499511719,2586.80939941406,32.37703125
"7454",3305.54478759766,2021.44754638672,348.6965625
"76658",2304.7451171875,3140.34782714844,284.80046875
"74157",2088.58779296875,2400.08934326172,50.80078125
"77978",2118.34796142578,2869.63673095703,475.35984375
"95114",2510.09855957031,3275.90228271484,123.95390625
"90485",3009.34904785156,1864.34301757812,146.6675
"103251",3376.77337646484,2091.37478027344,722.7709375
"94969",2708.85288085938,3333.13990478516,101.9628125
"92549",2549.45671386719,1887.13426513672,381.299375
"8153",3564.030078125,2533.19112548828,59.9675
"90398",3084.66079101562,1888.57797851562,88.46109375
"95712",2571.33466796875,3300.28686523438,349.4190625
"78682",2234.07371826172,3066.23160400391,424.46875
"104646",3558.45568847656,2698.43519287109,425.32671875
"91247",2861.92177734375,1839.72103271484,263.84796875
"73770",2452.77045898437,1931.30562744141,566.620625
"90388",3072.42108154297,1883.70853271484,88.82234375
"73748",2333.22945556641,2012.78837890625,233.50296875
"74221",2120.58668212891,2302.06126708984,469.85078125
"74842",2247.62723388672,2096.66383056641,193.76546875
"74174",2082.90321044922,2419.22575683594,165.1815625
"93867",2990.58077392578,3320.63851318359,119.88984375
"95118",2517.96105957031,3280.31726074219,118.80609375
"90718",3171.09350585938,1927.5775390625,155.47296875
"104996",3436.25573730469,3013.17280273437,548.15171875
"95082",2647.49848632812,3322.71516113281,62.54140625
"78159",2064.67718505859,2639.54903564453,141.38421875
"6056",2479.94825439453,1916.48043212891,135.1978125
"76592",2377.80340576172,3201.5349609375,76.17859375
"105176",3566.95153808594,2578.99379882812,76.81078125
"91274",2894.19002685547,1841.73666992187,185.36640625
"75272",2067.42619628906,2506.67303466797,112.71
"77946",2087.17769775391,2779.53631591797,121.78640625
"6055",2490.22254638672,1911.20113525391,66.9215625
"92565",2596.77843017578,1869.77069091797,41.22765625
"103327",3320.58767089844,2032.61147460937,172.81296875
"74854",2191.00303955078,2168.90407714844,262.5384375
"73362",2344.60380859375,2002.12312011719,196.2490625
"90429",3127.19772949219,1904.82883300781,137.04921875
"73422",2390.71402587891,1967.99155273437,127.56640625
"79463",2275.02250976562,3114.09619140625,74.959375
"92121",2645.13421630859,1856.35994873047,277.620625
"77952",2088.9447265625,2788.75806884766,128.83078125
"78321",2062.33636474609,2569.98267822266,133.5721875
"90510",3046.58718261719,1873.2837890625,97.17625
"93858",3021.51197509766,3313.76442871094,72.7015625
"92882",2902.37687988281,3337.56525878906,116.4128125
"78325",2061.97777099609,2586.08536376953,315.50671875
"105336",3451.36834716797,2992.36378173828,306.92703125
"95139",2547.09410400391,3293.53251953125,107.6525
"90401",3096.35659179687,1891.07215576172,216.208125
"104978",3366.25317382812,3102.92043457031,600.03625
"90506",3039.42568359375,1870.65928955078,95.77640625
"90715",3157.74626464844,1918.86068115234,135.78484375
"92557",2512.26630859375,1899.79855957031,79.24921875
"73771",2431.57275390625,1940.87601318359,705.92765625
"74129",2092.26628417969,2375.97515869141,124.1796875
"76483",2429.55711669922,3237.36341552734,581.56734375
"92106",2960.89033203125,1850.24351806641,240.3215625
"78674",2200.94281005859,3026.90270996094,381.660625
"92542",2577.67729492187,1874.20994873047,27.0034375
"103330",3330.02877197266,2039.27181396484,181.6184375
"78160",2061.66296386719,2617.09002685547,259.4678125
"91359",2838.15643310547,1836.21125488281,204.3771875
"76584",2357.2890625,3188.67808837891,86.158125
"6054",2496.69010009766,1906.34434814453,52.1103125
"92888",2888.90035400391,3339.90773925781,266.1509375
"90367",3219.68026123047,1953.6552734375,226.81984375
"76589",2368.97137451172,3197.52153320312,59.74171875
"78695",2248.78249511719,3087.51978759766,129.37265625
"91327",2759.684375,1837.78612060547,551.7190625
"95088",2638.59963378906,3322.70789794922,99.885625
"90474",2987.25734863281,1855.68986816406,63.44453125
"74140",2088.72496337891,2387.24450683594,53.41984375
"95075",2655.08975830078,3326.61528320312,126.4375
"92541",2586.40992431641,1871.08864746094,77.3075
"78158",2063.13552246094,2647.67591552734,45.698125
"76588",2364.215234375,3194.32552490234,72.3403125
"73742",2297.30139160156,2041.16356201172,250.34625
"95103",2695.80592041016,3334.59503173828,85.255
"76594",2380.84377441406,3206.63620605469,52.33609375
"92113",2681.36733398437,1847.08507080078,527.83140625
"73440",2400.80694580078,1958.96320800781,193.99125
"92122",2629.62503662109,1858.18674316406,83.85515625
"8172",3568.25974121094,2543.40212402344,53.41984375
"78664",2173.58011474609,2987.38787841797,328.42140625
"78163",2066.83933105469,2688.99844970703,220.4528125
"95786",2619.61470947266,3318.68388671875,61.593125
"74895",2229.45723876953,2113.43389892578,300.06328125
"90722",3192.69711914063,1936.22944335937,62.72203125
"78672",2192.24276123047,3016.27854003906,106.4784375
"95108",2500.25072021484,3275.84770507812,170.82609375
"95130",2536.63927001953,3291.51086425781,104.4915625
"6169",2060.56497802734,2559.58553466797,134.52046875
"105172",3569.86594238281,2572.31893310547,93.744375
"6171",2062.54035644531,2526.17136230469,200.5840625
"105284",3534.03894042969,2820.32490234375,891.384375
"78162",2062.91700439453,2657.79166259766,248.49484375
"77991",2105.09929199219,2847.33481445313,150.3703125
"90481",2999.80563964844,1857.45751953125,86.880625
"79060",2146.87380371094,2941.77508544922,220.94953125
"92866",2866.88460693359,3343.17305908203,295.45734375
"95724",2594.32077636719,3312.00466308594,212.46015625
"78006",2132.15465087891,2912.49760742187,230.4775
"78671",2186.80989990234,3009.16892089844,124.811875
"76675",2340.7439453125,3177.63991699219,90.62859375
"94995",2772.68983154297,3343.92075195313,260.50640625
"6170",2060.64923095703,2548.38757324219,186.4953125
"75245",2067.59449462891,2479.02375488281,131.314375
"74267",2093.44395751953,2365.59565429687,94.1959375
"102993",3512.80014648438,2300.000390625,657.88140625
"75246",2072.36391601562,2450.35285644531,374.435625
"92861",2854.3697265625,3344.26730957031,111.12953125
"95122",2525.03166503906,3287.47398681641,112.168125
"73737",2308.77058105469,2028.35483398437,137.094375
"75248",2075.42358398438,2432.93262939453,144.5
"77939",2079.83648681641,2766.12681884766,150.460625
"92852",2813.24578857422,3345.72658691406,268.09265625
"7439",3289.39022216797,2000.97366943359,216.34359375
"94973",2716.34039306641,3339.37192382813,151.8153125
"95077",2670.9556640625,3331.99024658203,106.61390625
"95145",2557.85793457031,3300.79176025391,204.4675
"75277",2062.61547851562,2513.97108154297,59.8771875
"74245",2098.44434814453,2348.00650634766,65.97328125
"7673",3310.39783935547,3161.023828125,428.623125
"93875",2967.37220458984,3330.39774169922,426.41046875
"105165",3570.7138671875,2561.96267089844,96.995625
"79066",2160.27645263672,2968.233203125,157.2340625
"75244",2069.27312011719,2463.79016113281,165.94921875
"73441",2413.24213867187,1948.86551513672,485.4296875
"92115",2664.28702392578,1848.36007080078,296.63140625
"94977",2726.36752929688,3341.00323486328,128.46953125
"76600",2390.15144042969,3215.77204589844,128.37921875
"74256",2095.29669189453,2356.22427978516,59.5159375
"8244",3569.06989746094,2527.39593505859,65.566875
"92120",2620.64068603516,1858.3955078125,73.7853125
"92641",3272.76002197266,1987.11904296875,278.4334375
"90414",3120.41619873047,1897.30770263672,200.17765625
"79459",2288.13670654297,3133.01450195313,196.15875
"78322",2058.36153564453,2606.68748779297,50.394375
"95087",2683.46307373047,3334.99595947266,93.87984375
"104977",3356.82805175781,3118.11771240234,574.79390625
"105181",3571.89216308594,2588.51956787109,47.00765625
"92949",3106.21044921875,3288.38562011719,791.90515625
"74847",2199.62236328125,2148.81846923828,318.080625
"90476",2992.89627685547,1853.86452636719,96.9053125
"78324",2058.01124267578,2578.23427734375,77.71390625
"91319",2739.58735351562,1836.3419921875,98.1696875
"94987",2748.67006835937,3343.93776855469,190.2884375
"77959",2089.23504638672,2805.72756347656,767.79171875
"92643",3282.53626708984,1993.9638671875,129.3275
"92123",2604.01359863281,1862.34315185547,105.16890625
"90432",3140.16541748047,1905.72137451172,327.2925
"102674",3555.12001953125,2428.88703613281,207.49296875
"95072",2661.29583740234,3331.53702392578,78.03
"90466",2980.29880371094,1850.35018310547,90.53828125
"105324",3472.6318359375,2965.81892089844,206.9059375
"78711",2259.94185791016,3105.36916503906,79.83625
"80211",2066.94765625,2710.68859863281,87.964375
"103248",3408.79094238281,2118.90079345703,390.51125
"90386",3069.06217041016,1875.7375,127.4309375
"6052",2485.56082763672,1907.21613769531,59.38046875
"93868",2985.4689453125,3328.14490966797,208.93796875
"92874",2919.46611328125,3340.35618896484,305.48203125
"90370",3237.16564941406,1960.20230712891,287.60015625
"6355",2473.15510253906,3266.31778564453,237.7025
"102673",3550.82561035156,2407.43968505859,220.22703125
"90408",3109.0111328125,1890.88061523438,137.1846875
"92636",3263.05225830078,1978.07119140625,180.26375
"103511",3567.75546875,2498.67855224609,279.6075
"76674",2330.43603515625,3173.00040283203,192.86234375
"90501",3032.44846191406,1863.18547363281,118.2190625
"105347",3516.21135253906,2878.47644042969,295.5025
"74836",2213.34562988281,2127.89365234375,280.10421875
"95733",2608.60413818359,3319.51417236328,69.540625
"77988",2116.31717529297,2884.88422851562,113.83890625
"105185",3573.56228027344,2597.81499023437,186.54046875
"73402",2366.88123779297,1977.53288574219,361.74671875
"91277",2911.13233642578,1837.04465332031,245.7403125
"105346",3505.83371582031,2903.48814697266,378.99640625
"74839",2206.66204833984,2135.96740722656,242.08265625
"91264",2883.17468261719,1833.85362548828,169.74234375
"95002",2794.99320068359,3348.36395263672,254.18453125
"74873",2153.69123535156,2217.19739990234,501.82140625
"79063",2151.29272460938,2957.93151855469,212.55046875
"7440",3298.58603515625,2004.66087646484,215.0340625
"103505",3566.72409667969,2484.70688476563,75.7721875
"92556",2502.75797119141,1897.77814941406,148.06734375
"93065",3257.42059326172,3206.54219970703,580.348125
"103507",3569.92155761719,2509.78167724609,79.11375
"92566",2593.07254638672,1863.62935791016,96.22796875
"73403",2352.52482910156,1987.53096923828,136.86859375
"92856",2831.92067871094,3348.76446533203,224.20078125
"8198",3573.36389160156,2552.80960693359,211.10546875
"6050",2492.18277587891,1902.38197021484,29.93859375
"92539",2574.56491699219,1869.38927001953,110.58765625
"104892",3489.45419921875,2938.64942626953,850.3825
"79057",2135.40461425781,2928.58597412109,226.2328125
"74156",2079.43016357422,2400.65317382813,197.55859375
"90397",3083.71595458984,1879.34771728516,131.44984375
"95718",2579.61324462891,3311.83013916016,152.3571875
"78729",2264.90759277344,3113.46927490234,187.08234375
"95105",2700.93974609375,3340.64630126953,99.65984375
"73769",2458.50712890625,1918.95821533203,110.4521875
"76596",2378.53760986328,3211.42243652344,42.94359375
"74833",2219.00261230469,2118.59366455078,156.46640625
"78329",2055.1439453125,2598.50229492188,150.68640625
"73733",2319.01166992187,2013.87412109375,275.76921875
"90381",3059.31352539062,1870.05250244141,124.67640625
"102736",3537.40241699219,2353.64190673828,722.5903125
"91297",2852.76809082031,1830.58000488281,165.31703125
"91317",2725.00059814453,1834.97340087891,254.63609375
"78708",2254.25208740234,3102.97895507812,160.214375
"76598",2371.0849609375,3206.91843261719,80.378125
"80210",2068.23303222656,2732.51072998047,160.8465625
"94992",2759.98009033203,3348.00515136719,100.8790625
"74891",2251.37399902344,2079.34010009766,431.2421875
"80213",2070.93576660156,2746.57640380859,139.3521875
"92859",2845.43165283203,3349.53477783203,108.555625
"93066",3241.38057861328,3219.7501953125,559.53109375
"105329",3468.18739013672,2979.85637207031,293.335
"75240",2060.88206787109,2488.33723144531,128.19859375
"103342",3346.23666992188,2044.92713623047,736.63390625
"91323",2747.23009033203,1831.77843017578,60.01265625
"92119",2612.82944335938,1856.09764404297,71.75328125
"94981",2736.83937988281,3346.61726074219,88.64171875
"102676",3560.96916503906,2439.32941894531,437.0221875
"95142",2549.00432128906,3302.76672363281,59.83203125
"76680",2342.83179931641,3186.61804199219,156.10515625
"93854",3017.17730712891,3323.43234863281,216.208125
"76494",2456.37735595703,3261.02209472656,691.3421875
"90717",3187.93350830078,1926.21247558594,261.95140625
"74138",2082.05694580078,2384.47308349609,137.86203125
"105288",3555.04116210937,2767.59813232422,814.3478125
"104986",3404.47266845703,3071.22763671875,596.73984375
"90462",2969.641015625,1844.39499511719,106.16234375
"7468",3309.17845458984,2010.75447998047,100.608125
"76484",2413.96555175781,3236.70391845703,643.34109375
"105340",3453.94470214844,3003.45217285156,194.66859375
"74167",2075.31774902344,2409.743359375,120.115625
"95093",2625.93409423828,3327.25672607422,110.76828125
"90357",3216.02189941406,1942.44776611328,106.8396875
"103262",3466.86839599609,2196.20057373047,311.3071875
"6357",2491.76732177734,3279.19603271484,168.70375
"73420",2377.54442138672,1966.35920410156,167.93609375
"73743",2280.17874755859,2047.41322021484,313.88109375
"90494",3022.21173095703,1856.75091552734,155.20203125
"73551",2266.63477783203,2060.93540039063,574.568125
"78156",2055.21055908203,2644.67891845703,109.0975
"78005",2119.82923583984,2901.24091796875,249.5334375
"90714",3172.07694091797,1916.74854736328,229.61953125
"104648",3566.97353515625,2711.82269287109,368.33953125
"79058",2136.69787597656,2936.7599609375,102.09828125
"76668",2313.26524658203,3163.15837402344,283.26515625
"105199",3576.95979003906,2584.84709472656,54.54875
"105348",3528.07482910156,2858.29080810547,792.08578125
"92546",2536.0314453125,1880.58370361328,113.4325
"75267",2058.08076171875,2501.64400634766,195.5265625
"103506",3568.24770507812,2474.30144042969,37.61515625
"91281",2928.90991210938,1836.00892333984,248.6303125
"73416",2389.68908691406,1957.10258789063,67.915
"104998",3440.39139404297,3025.58745117187,95.50546875
"102677",3566.76352539063,2462.99743652344,288.819375
"78703",2246.79466552734,3098.07340087891,98.62125
"105198",3577.16315917969,2565.81879882812,63.26390625
"93060",3196.57005615234,3250.02542724609,609.1578125
"91271",2892.16691894531,1830.93693847656,100.20171875
"90487",3007.60609130859,1851.731640625,104.80765625
"95124",2525.06652832031,3295.21176757813,111.8971875
"80214",2072.29460449219,2763.54299316406,43.35
"80215",2070.60830078125,2756.28748779297,165.4525
"79460",2273.35301513672,3126.81257324219,236.21234375
"74228",2103.43436279297,2314.56494140625,469.8959375
"77992",2098.07911376953,2850.57294921875,228.5809375
"104974",3338.49390869141,3144.68477783203,825.68203125
"95722",2587.71999511719,3318.00260009766,108.69109375
"90719",3206.28508300781,1934.66163330078,184.37296875
"95106",2615.39604492187,3326.18011474609,90.0415625
"78699",2239.18492431641,3090.41364746094,113.8840625
"95071",2643.94616699219,3333.42814941406,122.14765625
"91302",2948.37399902344,1838.22357177734,209.705625
"95084",2686.64642333984,3342.04041748047,47.00765625
"76689",2353.85440673828,3197.9423828125,101.51125
"76685",2346.52315673828,3192.42298583984,61.36734375
"74276",2084.06739501953,2369.43621826172,95.77640625
"74261",2087.52384033203,2358.01330566406,75.14
"76595",2364.66098632813,3206.28487548828,53.69078125
"91260",2871.14705810547,1828.18605957031,137.77171875
"74830",2229.92229003906,2098.95028076172,255.3134375
"95078",2636.05295410156,3332.17576904297,84.48734375
"76471",2383.38049316406,3219.82510986328,73.74015625
"104651",3573.85861816406,2677.17523193359,495.1834375
"8157",3576.71242675781,2531.78227539062,174.16765625
"91361",2842.67247314453,1826.17727050781,151.9959375
"80208",2061.89144287109,2718.51499023438,174.43859375
"92543",2545.40240478516,1874.73435058594,75.9528125
"104874",3504.91813964844,2918.34343261719,400.58109375
"93848",3039.48627929687,3320.24526367187,424.288125
"76478",2399.59274902344,3231.33165283203,337.63328125
"92846",3277.89156494141,3197.96541748047,790.09890625
"74852",2179.6556640625,2164.66154785156,327.9246875
"92551",2517.00875244141,1885.72749023437,484.5265625
"92118",2618.25379638672,1850.74654541016,50.93625
"79448",2295.70452880859,3151.02989501953,200.26796875
"90372",3257.21431884766,1965.8341796875,216.930625
"95112",2510.22888183594,3291.20020751953,184.64390625
"79451",2288.19356689453,3144.32556152344,65.34109375
"75241",2058.33289794922,2477.16811523437,124.49578125
"92634",2703.83547363281,1832.82474365234,559.8471875
"78669",2173.58758544922,3006.65274658203,403.6065625
"76469",2376.65582275391,3216.68990478516,42.49203125
"77983",2104.56513671875,2873.63044433594,126.39234375
"78320",2050.04373779297,2571.62830810547,142.91953125
"74255",2091.05561523437,2341.90314941406,231.51609375
"76593",2359.20405273437,3204.30347900391,54.50359375
"73419",2354.32277832031,1978.65681152344,98.30515625
"92534",2576.34481201172,1862.62122802734,96.7246875
"103508",3576.92160644531,2518.53215332031,296.99265625
"92879",2902.94901123047,3349.94649658203,137.3653125
"92855",2824.66475830078,3355.02117919922,107.3815625
"78157",2057.12015380859,2697.45798339844,285.79390625
"74951",2125.10251464844,2257.90235595703,224.2459375
"90508",3047.49404296875,1860.28684082031,158.8596875
"75243",2061.33674316406,2454.51590576172,86.33875
"6423",2049.94890136719,2558.12127685547,150.86703125
"95133",2536.84035644531,3303.10062255859,162.6528125
"90475",2989.75360107422,1844.15344238281,64.34765625
"78673",2183.58587646484,3023.04865722656,133.481875
"91349",2821.61733398437,1823.87172851562,281.0525
"105200",3580.698046875,2574.44621582031,169.29078125
"94972",2713.63205566406,3349.01203613281,89.99640625
"104972",3325.61586914062,3160.76214599609,355.51515625
"90685",3164.83388671875,1908.123828125,129.28234375
"93061",3220.79111328125,3239.67788085937,502.7696875
"8166",3579.78413085937,2540.68610839844,166.85234375
"79456",2280.57552490234,3139.08258056641,70.75984375
"102679",3571.98305664062,2469.53471679687,17.4303125
"93856",3006.18084716797,3331.96223144531,116.7740625
"90502",3032.45634765625,1854.66472167969,57.258125
"74141",2075.14654541016,2389.07130126953,46.82703125
"73407",2334.60406494141,1992.2638671875,368.11375
"95098",2694.56744384766,3346.89471435547,94.15078125
"95138",2546.61597900391,3307.95512695312,47.143125
"103510",3575.571484375,2492.48471679688,51.79421875
"95049",2604.69903564453,3327.10834960937,118.80609375
"94967",2705.72659912109,3348.687890625,63.3090625
"73418",2397.01826171875,1946.67452392578,100.83390625
"75284",2050.91303710937,2522.84523925781,162.2915625
"92860",2849.27781982422,3356.13182373047,98.3503125
"90478",2997.32619628906,1844.46741943359,82.59078125
"90403",3102.56059570312,1878.40806884766,107.69765625
"73730",2302.78509521484,2018.30051269531,247.095
"92867",2872.81385498047,3355.10231933594,183.6053125
"95070",2679.13110351562,3345.28851318359,203.79015625
"103509",3574.52890625,2477.87575683594,73.01765625
"94978",2730.16575927734,3352.73182373047,65.61203125
"74171",2066.98106689453,2416.64545898437,218.42078125
"74828",2237.90577392578,2083.26512451172,101.6015625
"80216",2072.65942382812,2785.80382080078,281.594375
"80212",2068.42602539062,2769.1173828125,116.36765625
"95061",2650.71711425781,3339.74753417969,115.6903125
"90413",3119.20822753906,1884.67474365234,149.4671875
"92538",2550.65576171875,1868.76588134766,139.7134375
"90396",3082.24567871094,1869.84041748047,139.93921875
"95060",2663.85227050781,3342.58204345703,164.50421875
"90354",3223.60549316406,1939.29346923828,112.12296875
"95711",2567.37706298828,3316.84235839844,150.9121875
"92117",2600.58911132812,1852.03897705078,118.0384375
"105201",3583.22189941406,2590.62962646484,92.97671875
"103261",3481.99885253906,2208.43094482422,660.22953125
"94997",2781.37369384766,3357.27961425781,172.0453125
"94994",2770.44447021484,3356.77181396484,127.47609375
"79059",2141.16867675781,2959.02224121094,183.9665625
"92849",2804.23508300781,3358.02896728516,101.330625
"78155",2047.9189453125,2635.45467529297,197.784375
"91320",2734.13228759766,1825.49847412109,196.56515625
"92528",2582.16303710937,1857.28154296875,69.76640625
"92114",2624.05728759766,1845.14517822266,171.18734375
"92622",2652.79604492187,1838.33480224609,434.8546875
"103252",3397.20263671875,2087.76684570312,347.29671875
"102721",3529.43325195312,2305.97446289063,263.30609375
"103332",3329.33856201172,2018.37376708984,349.5996875
"90402",3095.49165039062,1873.93394775391,140.21015625
"73739",2284.753515625,2033.0240234375,264.435
"90468",2980.63934326172,1838.95798339844,206.27375
"78317",2046.21520996094,2597.6166015625,113.07125
"94975",2722.45661621094,3352.91921386719,86.33875
"75242",2062.70263671875,2431.04876708984,304.30796875
"92890",2888.07359619141,3355.08903808594,213.63421875
"104993",3424.98659667969,3057.74799804687,506.11125
"90490",3012.64798583984,1846.53514404297,70.7146875
"103272",3504.50974121094,2249.20832519531,738.575625
"78148",2046.673828125,2623.0103515625,157.09859375
"92112",2634.45526123047,1842.14714355469,220.13671875
"6053",2461.99345703125,1906.39207763672,399.76828125
"76682",2331.55,3187.97978515625,80.06203125
"74845",2190.8583984375,2140.00137939453,95.37
"76477",2388.62326660156,3229.98568115234,104.98828125
"80207",2058.89693603516,2731.43826904297,129.55328125
"91262",2879.67341308594,1823.13461914062,83.22296875
"78153",2048.08350830078,2650.46892089844,72.791875
"77997",2106.89724121094,2890.58250732422,220.6334375
"73417",2388.94388427734,1949.02987060547,40.82125
"78154",2045.78875732422,2610.15783691406,214.763125
"103512",3577.65415039063,2486.49798583984,131.5853125
"93870",2980.385546875,3341.34647216797,223.47828125
"104652",3577.16357421875,2696.59926757812,177.37375
"90366",3251.65985107422,1955.86577148438,162.92375
"92964",3168.91953125,3273.19020996094,553.435
"8221",3318.06112060547,2007.13948974609,107.60734375
"78681",2209.50734863281,3064.98212890625,328.918125
"74128",2075.34970703125,2376.500390625,44.614375
"105341",3459.56412353516,3010.46903076172,137.41046875
"75269",2049.6853515625,2506.87204589844,165.31703125
"92875",2914.06375732422,3353.07194824219,104.35609375
"90387",3071.43598632812,1863.8806640625,122.96046875
"79065",2154.97266845703,2985.89415283203,301.3728125
"76690",2346.39906005859,3200.53326416016,47.73015625
"90409",3110.04893798828,1878.57346191406,65.34109375
"90362",3238.41616210937,1946.47281494141,205.9125
"74284",2076.44769287109,2371.48858642578,35.62828125
"78704",2238.76158447266,3100.59227294922,41.6340625
"94984",2741.03148193359,3356.25944824219,90.4028125
"94982",2735.38176269531,3355.69354248047,33.82203125
"79053",2121.34329833984,2924.35983886719,270.6665625
"90493",3019.96387939453,1847.25710449219,108.14921875
"78152",2046.54392089844,2643.63405761719,25.5584375
"76679",2321.980859375,3181.64815673828,160.8465625
"76470",2369.74002685547,3218.41854248047,41.001875
"74829",2215.58850097656,2105.63967285156,116.0515625
"102739",3553.00290527344,2368.259375,706.6953125
"102678",3564.76635742188,2411.82768554687,246.2821875
"76673",2313.90419921875,3175.13121337891,92.16390625
"92540",2538.54865722656,1870.36315917969,71.16625
"103513",3580.90100097656,2504.44821777344,113.613125
"7459",3303.54720458984,1993.67728271484,86.92578125
"91355",2834.60847167969,1819.20440673828,142.64859375
"76599",2364.59956054687,3215.15114746094,61.63828125
"6049",2487.63228759766,1891.90908203125,336.7753125
"104650",3574.96179199219,2718.34420166016,178.14140625
"95091",2622.29212646484,3336.02878417969,94.69265625
"7476",3311.13868408203,1999.78831787109,91.80265625
"76694",2354.05445556641,3207.54182128906,41.67921875
"105204",3585.5291015625,2611.21826171875,344.0003125
"94991",2759.9201171875,3358.58055419922,141.83578125
"90382",3060.55075683594,1858.97490234375,166.8975
"91307",2959.95483398438,1832.53649902344,184.418125
"95004",2596.62092285156,3329.05343017578,111.3553125
"91249",2859.67434082031,1820.03510742187,172.63234375
"93862",2996.71214599609,3338.97805175781,224.6975
"78696",2226.69183349609,3088.07220458984,140.52625
"78149",2047.57093505859,2664.80354003906,148.47375
"6051",2472.77139892578,1898.67712402344,270.53109375
"74841",2194.74544677734,2131.31419677734,71.48234375
"93891",2927.11009521484,3352.74510498047,266.19609375
"93880",2950.04224853516,3349.07761230469,273.9178125
"76472",2374.11287841797,3222.64945068359,49.0396875
"92116",2608.81643066406,1846.35439453125,160.16921875
"90376",3274.38178710937,1969.89803466797,118.49
"102683",3577.2017578125,2470.37164306641,58.341875
"105000",3445.30026855469,3034.69797363281,412.5475
"95121",2525.25952148438,3304.98469238281,127.6115625
"105203",3586.72150878906,2583.46003417969,62.2253125
"102723",3537.56469726562,2318.5908203125,331.5371875
"90420",3136.52427978516,1888.10026855469,276.94328125
"78691",2219.43114013672,3080.65068359375,217.9240625
"91324",2745.84510498047,1820.94051513672,158.408125
"91296",2900.35958251953,1822.5427734375,187.17265625
"103259",3467.52768554688,2177.23806152344,884.11421875
"95717",2580.92954101563,3325.38406982422,71.4371875
"92635",3281.64663085937,1974.64566650391,95.05390625
"94989",2752.2701171875,3359.21182861328,97.94390625
"90680",3157.70932617188,1897.83355712891,286.7421875
"90369",3265.35634765625,1962.52237548828,30.93203125
"92526",2587.86193847656,1851.67478027344,208.75734375
"92545",2524.94761962891,1874.02152099609,160.575625
"91340",2809.00740966797,1817.48822021484,255.44890625
"6363",2477.73526611328,3284.44420166016,441.04109375
"74144",2067.46583251953,2395.60360107422,164.36875
"74135",2071.25804443359,2381.46031494141,85.20984375
"78151",2047.603515625,2677.02415771484,346.48390625
"91293",2918.80288085937,1824.34611816406,81.7328125
"95141",2552.50974121094,3316.12537841797,169.6971875
"76475",2378.99477539062,3227.38961181641,60.7803125
"103250",3414.25866699219,2102.19671630859,438.78328125
"78004",2112.36081542969,2910.82458496094,83.67453125
"79062",2145.72642822266,2975.59931640625,256.26171875
"74273",2077.04929199219,2360.89035644531,135.06234375
"79054",2128.89721679688,2945.04891357422,204.69328125
"95079",2630.16520996094,3340.01585693359,107.78796875
"73768",2434.27611083984,1917.16524658203,479.198125
"104999",3453.13994140625,3025.70200195313,124.94734375
"91300",2944.28897705078,1827.70419921875,126.5278125
"74954",2127.56182861328,2236.36411132813,469.12828125
"7595",2498.95725097656,3295.08020019531,193.58484375
"95100",2696.81633300781,3353.58203125,74.64328125
"78728",2252.94409179688,3120.40935058594,165.31703125
"7438",3290.39046630859,1980.02934570313,193.99125
"74849",2178.69215087891,2150.41512451172,170.37453125
"92851",2817.29822998047,3362.92808837891,253.73296875
"80206",2058.77864990234,2751.44211425781,183.87625
"77979",2092.92681884766,2866.61109619141,309.18484375
"95136",2540.69814453125,3312.80983886719,67.96015625
"78678",2187.68646240234,3042.15269775391,347.29671875
"75237",2048.87602539062,2483.27313232422,175.8384375
"75239",2051.90539550781,2463.16199951172,342.05859375
"77995",2099.53071289062,2883.83106689453,74.01109375
"73414",2375.87720947266,1952.79925537109,338.53640625
"91270",2890.56673583984,1819.75972900391,89.8609375
"91333",2794.12805175781,1816.27423095703,433.5
"105339",3470.98828125,2999.91022949219,174.664375
"79434",2299.8044921875,3167.20043945312,174.3934375
"95062",2670.31339111328,3350.10483398438,40.68578125
"90500",3033.05255126953,1846.92839355469,84.4421875
"92617",2684.45833740234,1826.61617431641,456.98125
"94986",2745.76728515625,3360.87281494141,54.6390625
"93884",2940.53909912109,3353.77357177734,183.9665625
"104647",3562.31181640625,2792.42452392578,458.47140625
"91328",2757.10905761719,1817.47431640625,90.53828125
"78318",2040.62152099609,2582.23317871094,285.4778125
"93877",2962.7314453125,3349.87905273437,298.43765625
"74892",2226.96700439453,2085.69476318359,236.03171875
"90507",3044.77678222656,1850.05571289063,191.3721875
"90483",3002.72647705078,1838.27358398437,151.36375
"95713",2570.38734130859,3324.57329101562,105.5753125
"80209",2063.98884277344,2779.39271240234,97.0859375
"105202",3588.0193359375,2638.79926757812,1483.51828125
"95000",2790.56535644531,3363.90384521484,185.6825
"94970",2710.90711669922,3357.43400878906,66.3796875
"78680",2194.77346191406,3054.04418945312,523.67703125
"74234",2098.11003417969,2295.74375,505.34359375
"76479",2382.38294677734,3232.61578369141,39.6471875
"104909",3491.03715820312,2968.47932128906,459.329375
"76601",2357.91411132812,3215.4802734375,74.91421875
"91258",2870.08891601562,1816.68449707031,76.26890625
"79454",2269.51618652344,3140.21854248047,154.434375
"103340",3343.32620849609,2022.65614013672,226.09734375
"90737",3212.77069091797,1924.526171875,126.7084375
"104985",3403.02646484375,3094.70224609375,800.39453125
"91330",2765.81989746094,1816.10717773438,185.36640625
"76688",2338.46413574219,3201.11141357422,127.8825
"91284",2937.20986328125,1824.16951904297,86.74515625
"6168",2040.63874511719,2551.76412353516,73.875625
"90716",3203.10775146484,1918.49710693359,267.4153125
"102685",3576.85893554687,2445.62784423828,281.18796875
"90689",3172.73643798828,1901.77061767578,90.493125
"79443",2280.78408203125,3151.77364501953,163.33015625
"6167",2040.10043945312,2559.90262451172,166.76203125
"105207",3589.95300292969,2561.81885986328,235.85109375
"92865",2858.38502197266,3363.94659423828,285.07140625
"105333",3481.08659667969,2986.83546142578,288.23234375
"78726",2239.48250732422,3109.625390625,217.11125
"92527",2558.67556152344,1857.56729736328,172.7678125
"91364",2845.65535888672,1814.55264892578,119.4834375
"93853",3013.72957763672,3339.62094726563,273.24046875
"95055",2650.74035644531,3347.930859375,66.06359375
"102684",3579.78330078125,2458.83480224609,98.66640625
"95051",2607.15689697266,3337.25294189453,108.4653125
"78145",2039.95040283203,2627.76607666016,85.796875
"76699",2349.99454345703,3210.91795654297,42.8984375
"92525",2571.47598876953,1852.87984619141,206.27375
"73722",2312.49783935547,1998.30911865234,306.2496875
"74856",2160.71265869141,2172.32877197266,463.25796875
"78150",2041.85397949219,2657.02446289062,186.76625
"78147",2040.88507080078,2645.90245361328,52.38125
"105349",3527.00153808594,2898.75462646484,640.2253125
"73423",2343.98934326172,1972.70120849609,193.99125
"95053",2658.08239746094,3349.92242431641,50.93625
"90351",3224.15479736328,1930.01942138672,158.6790625
"74881",2244.84356689453,2062.71363525391,287.05828125
"95010",2585.57548828125,3331.42330322266,112.0778125
"75238",2054.14764404297,2434.89514160156,113.20671875
"104653",3579.28566894531,2726.75413818359,348.425625
"79055",2129.81258544922,2955.12004394531,79.475
"78702",2228.24138183594,3098.36226806641,185.90828125
"74265",2109.31422119141,2265.58804931641,473.96
"103331",3327.57277832031,2006.34987792969,75.9528125
"90498",3028.50600585937,1842.98427734375,25.468125
"90416",3118.39578857422,1874.68620605469,70.805
"104655",3585.35354003906,2689.07834472656,105.84625
"95099",2615.71271972656,3340.46119384766,100.56296875
"74831",2203.55112304688,2110.52094726562,91.576875
"90371",3271.41550292969,1961.08634033203,105.53015625
"95008",2592.64899902344,3334.10196533203,32.7834375
"78675",2172.60435791016,3026.77861328125,304.12734375
"79056",2133.19909667969,2962.43863525391,89.54484375
"73732",2286.81356201172,2019.75460205078,177.68984375
"92537",2534.51323242187,1864.99379882812,91.576875
"78003",2112.24875488281,2921.53674316406,104.6721875
"92878",2908.77844238281,3361.16977539063,80.739375
"105205",3592.12739257812,2576.11363525391,119.98015625
"73728",2299.06510009766,2008.26860351563,144.5
"95066",2678.45666503906,3354.98839111328,84.89375
"94966",2704.11728515625,3359.14189453125,72.38546875
"78001",2103.58377685547,2903.27398681641,128.3340625
"76497",2449.84796142578,3276.13200683594,265.47359375
"91280",2927.00343017578,1820.26898193359,191.1915625
"95115",2511.83902587891,3305.74006347656,165.09125
"74287",2069.30383300781,2369.26584472656,106.16234375
"6166",2039.66298828125,2530.34582519531,429.52625
"92868",2873.52855224609,3365.20187988281,80.51359375
"94974",2718.76401367188,3361.56717529297,99.75015625
"77989",2080.82593994141,2846.79650878906,662.5325
"93847",3034.29393310547,3336.01654052734,376.19671875
"91295",2910.99309082031,1817.70009765625,239.0571875
"76684",2323.06182861328,3192.36322021484,71.6178125
"74266",2076.10445556641,2346.05582275391,329.14390625
"105208",3592.93879394531,2600.71196289062,114.01953125
"74844",2181.21579589844,2138.36446533203,155.6084375
"92857",2839.12222900391,3367.42648925781,363.77875
"91263",2880.66182861328,1814.17413330078,108.14921875
"80200",2045.61776123047,2707.87048339844,272.563125
"76678",2310.96613769531,3182.90551757812,109.278125
"92965",3183.20102539063,3275.57025146484,312.661875
"104997",3440.59248046875,3052.99870605469,384.50546875
"90359",3251.77958984375,1945.13784179687,119.79953125
"80219",2047.47257080078,2720.98260498047,196.4296875
"92869",2884.56734619141,3365.30460205078,115.10328125
"76692",2342.75356445312,3208.9193359375,83.5390625
"80205",2057.22557373047,2769.45397949219,154.615
"90418",3127.93006591797,1876.53188476562,104.1303125
"90467",2979.76029052734,1828.50397949219,117.225625
"90394",3082.11577148437,1858.11016845703,135.33328125
"74834",2195.73676757812,2117.26968994141,236.30265625
"95094",2694.18104248047,3359.25437011719,62.18015625
"73421",2355.01547851563,1960.98735351563,358.40515625
"78000",2099.69735107422,2898.50352783203,26.551875
"74827",2209.1333984375,2099.84967041016,176.9221875
"105206",3594.12995605469,2594.83314208984,126.03109375
"92884",2897.85067138672,3364.48676757812,211.4215625
"92533",2549.12489013672,1857.19127197266,224.38140625
"76474",2363.22308349609,3224.70306396484,83.44875
"95059",2640.93319091797,3349.39594726562,119.4834375
"92848",2802.58675537109,3369.00571289063,105.98171875
"76687",2325.94406738281,3196.63874511719,46.059375
"103518",3588.98098144531,2496.56683349609,80.55875
"76701",2350.21990966797,3215.59108886719,28.58390625
"79435",2286.71146240234,3163.10234375,185.501875
"80201",2049.70610351562,2738.79213867187,185.45671875
"91346",2820.97526855469,1809.91853027344,79.2040625
"90410",3108.12855224609,1867.07604980469,104.71734375
"95117",2518.58901367187,3311.02828369141,65.566875
"7461",3304.49619140625,1982.55091552734,224.9684375
"92524",2563.11295166016,1851.56520996094,110.90375
"103206",3382.18569335937,2054.14266357422,590.0115625
"102680",3570.76533203125,2396.48182373047,287.96140625
"90350",3232.98599853516,1930.96259765625,82.9971875
"92957",3134.70350341797,3301.36140136719,854.0853125
"94976",2727.38271484375,3364.96489257812,127.11484375
"79094",2152.8375,3002.40648193359,337.72359375
"78146",2041.62446289062,2693.19407958984,212.1440625
"95069",2633.22238769531,3348.50423583984,97.67296875
"78330",2034.71530761719,2600.27264404297,135.5590625
"76509",2429.84162597656,3268.41352539062,537.67546875
"92544",2498.04873046875,1876.49619140625,241.08921875
"91294",2854.21491699219,1810.21320800781,57.57421875
"73415",2384.60485839844,1938.58229980469,260.77734375
"94983",2735.61916503906,3366.15854492188,66.69578125
"79458",2256.75913085938,3135.39848632812,313.20375
"103517",3591.46831054687,2508.88996582031,219.7303125
"8179",3593.97639160156,2538.23447265625,444.11171875
"90698",3184.31976318359,1901.79904785156,283.80703125
"75278",2037.95883789062,2513.16362304687,281.6846875
"74258",2080.75621337891,2323.90601806641,643.07015625
"90472",2989.78638916016,1828.61105957031,120.5671875
"95129",2536.58759765625,3319.31536865234,154.56984375
"102720",3539.14018554687,2297.2279296875,201.8484375
"76482",2377.73056640625,3236.79709472656,62.0446875
"76677",2303.55042724609,3179.93757324219,74.28203125
"74143",2060.26116943359,2388.82248535156,75.27546875
"73746",2336.89964599609,1972.11496582031,37.79578125
"76691",2329.46235351562,3201.62813720703,104.44640625
"78690",2207.85217285156,3081.2533203125,128.24375
"102686",3586.39072265625,2466.20340576172,85.75171875
"103329",3326.09793701172,1998.82044677734,92.88640625
"91255",2867.93631591797,1810.16817626953,99.2534375
"74154",2058.0923828125,2395.81402587891,54.50359375
"95009",2571.35458984375,3332.09525146484,104.35609375
"95054",2663.21062011719,3356.23122558594,66.60546875
"6165",2034.99608154297,2541.56163330078,318.21609375
"91331",2779.79509277344,1808.93883056641,592.94671875
"75265",2039.01905517578,2496.09410400391,279.24625
"76480",2369.96145019531,3232.30740966797,92.52515625
"74942",2133.360546875,2206.9419921875,855.30453125
"80202",2050.65986328125,2753.87133789062,142.82921875
"95080",2684.64116210937,3360.54327392578,82.8165625
"105007",3469.25383300781,3017.67327880859,381.70578125
"78002",2103.32084960937,2913.81971435547,108.375
"103514",3588.26462402344,2473.02208251953,121.15421875
"92535",2517.18846435547,1866.57758789062,127.2503125
"90674",3149.63992919922,1882.85106201172,174.845
"91306",2954.80067138672,1820.15671386719,116.27734375
"105209",3597.14521484375,2587.51600341797,90.62859375
"92871",2920.08140869141,3364.79929199219,107.0203125
"78143",2034.29093017578,2640.00599365234,73.01765625
"104654",3580.61960449219,2750.57136230469,257.6615625
"6340",2497.53491210938,3304.82635498047,77.89453125
"91351",2832.57872314453,1807.46004638672,148.5640625
"90361",3264.63542480469,1949.35028076172,136.23640625
"91325",2744.99427490234,1810.32796630859,82.2746875
"80203",2060.43569335937,2797.30994873047,297.0378125
"93863",3115.46893310547,3312.30618896484,419.1403125
"90492",3019.61524658203,1834.27779541016,101.01453125
"105337",3482.01628417969,2999.07973632812,142.874375
"75236",2046.60845947266,2440.90615234375,321.4221875
"73916",2400.73908691406,1925.57331542969,589.2890625
"74158",2054.30805664062,2405.12044677734,239.689375
"78142",2032.43715820312,2610.07960205078,83.67453125
"95063",2670.19344482422,3359.0041015625,82.184375
"90464",2974.15601806641,1823.22385253906,168.20703125
"95041",2590.57193603516,3339.65892333984,85.9775
"78715",2173.38442382812,3038.21708984375,83.76484375
"78140",2032.49837646484,2617.68062744141,103.81421875
"103254",3405.87529296875,2075.92432861328,591.908125
"76476",2364.52464599609,3230.26126708984,28.1775
"105001",3450.24649658203,3047.71235351562,132.759375
"103515",3590.3568359375,2479.21840820312,138.13296875
"74950",2111.63345947266,2245.04735107422,334.11109375
"103247",3441.12622070312,2119.10769042969,946.655625
"8192",3597.35563964844,2552.10362548828,99.6146875
"90705",3196.53519287109,1905.56303710938,301.59859375
"95052",2655.0779296875,3356.57757568359,63.98640625
"79051",2117.2537109375,2945.9173828125,218.69171875
"93064",3237.19553222656,3249.61785888672,520.15484375
"7542",2813.00548095703,3373.12061767578,120.29625
"90690",3172.60072021484,1892.525,94.87328125
"76488",2387.47547607422,3246.34755859375,253.3265625
"91267",2890.21893310547,1809.73819580078,117.27078125
"90415",3118.51947021484,1867.25783691406,100.83390625
"73735",2264.66271972656,2031.78181152344,441.85390625
"92613",2651.40275878906,1823.25186767578,335.5109375
"92618",2618.93217773437,1830.85974121094,254.5909375
"95076",2625.95422363281,3350.31048583984,66.10875
"73707",2328.45090332031,1975.220703125,303.94671875
"90368",3283.06398925781,1960.99357910156,139.4425
"105353",3556.36804199219,2844.11203613281,443.073125
"94968",2707.30997314453,3366.11911621094,78.1203125
"93886",2937.06356201172,3364.00511474609,108.87171875
"91314",2966.80837402344,1820.65227050781,111.67140625
"94988",2753.77899169922,3371.22824707031,177.735
"74134",2059.66060791016,2378.811328125,173.219375
"73734",2275.73969726562,2020.29145507812,87.4225
"102689",3586.80617675781,2450.65770263672,55.49703125
"7486",3320.21932373047,1989.87220458984,245.830625
"79425",2291.673046875,3173.90975341797,65.566875
"103334",3334.84156494141,2002.28187255859,50.43953125
"90353",3244.57119140625,1933.37065429688,193.67515625
"95047",2600.44239501953,3344.20733642578,77.71390625
"7537",2773.99035644531,3373.07994384766,329.0084375
"90365",3273.50626220703,1953.17196044922,40.50515625
"95056",2646.09606933594,3355.80062255859,60.28359375
"104657",3594.34038085937,2679.74702148437,328.51171875
"6359",2481.72960205078,3300.01978759766,267.46046875
"90497",3028.74548339844,1834.73205566406,146.08046875
"90489",3012.19704589844,1830.21871337891,186.6759375
"104887",3523.75925292969,2926.39187011719,374.8871875
"91326",2752.76442871094,1807.47166748047,96.31828125
"93067",3281.22121582031,3220.89653320312,307.3334375
"77984",2084.83376464844,2877.32055664062,319.75140625
"95050",2609.92894287109,3347.19852294922,63.53484375
"104658",3591.88999023438,2700.55894775391,264.84140625
"90400",3095.58607177734,1856.76544189453,362.01765625
"76704",2343.95344238281,3217.49425048828,72.29515625
"92621",2592.37030029297,1837.06125488281,302.23078125
"103516",3592.93879394531,2485.55646972656,120.52203125
"74840",2182.78505859375,2124.51274414062,249.48828125
"78925",2153.90041503906,3012.95096435547,108.4653125
"104656",3585.44899902344,2739.96088867187,275.453125
"76707",2352.2056640625,3223.79495849609,98.1696875
"78727",2242.09268798828,3126.40562744141,214.040625
"104894",3515.13100585937,2944.75714111328,586.17328125
"90380",3057.44024658203,1842.99382324219,154.1634375
"91287",2941.56984863281,1814.84359130859,140.4359375
"74825",2207.20554199219,2092.57901611328,162.6528125
"93851",3093.45235595703,3323.89034423828,524.58015625
"79047",2105.35225830078,2925.88905029297,114.83234375
"73726",2289.01970214844,2006.52813720703,114.696875
"90505",3041.16947021484,1837.60869140625,189.24984375
"91342",2812.46696777344,1804.31052246094,113.251875
"91318",2730.22926025391,1808.83963623047,385.49890625
"95005",2549.21495361328,3328.80793457031,206.95109375
"78138",2030.49207763672,2629.34779052734,111.85203125
"92532",2534.74918212891,1855.76374511719,146.71265625
"6048",2478.82806396484,1879.63139648438,298.79890625
"95068",2677.00734863281,3363.11029052734,40.09875
"78315",2029.62174072266,2567.87199707031,207.22203125
"95120",2521.14918212891,3318.37800292969,184.2375
"77999",2091.47023925781,2896.13718261719,180.85078125
"95089",2688.66185302734,3365.21951904297,48.99453125
"93069",3257.14168701172,3239.28172607422,643.025
"75288",2036.24348144531,2484.64670410156,162.20125
"78687",2198.18404541016,3076.60716552734,106.61390625
"94985",2741.76713867187,3372.17723388672,140.02953125
"93866",2984.32239990234,3357.23209228516,333.975625
"90482",3000.32381591797,1825.81763916016,108.73625
"7603",2878.09169921875,3373.25197753906,89.4996875
"78144",2034.38576660156,2682.86500244141,118.3996875
"73711",2315.46329345703,1982.65426025391,246.59828125
"78141",2030.97227783203,2647.71389160156,117.6771875
"78725",2231.62872314453,3116.85703125,94.24109375
"95097",2696.60549316406,3367.00771484375,61.81890625
"92612",2634.27222900391,1824.40131835937,192.004375
"90423",3141.10112304687,1874.1138671875,143.73234375
"105351",3552.72690429688,2862.06247558594,564.0015625
"7602",2868.74045410156,3374.31925048828,113.974375
"74888",2223.69794921875,2071.11174316406,277.48515625
"76490",2396.11202392578,3255.37403564453,187.0371875
"73721",2297.27192382812,1997.36096191406,73.92078125
"92619",2605.25954589844,1831.46590576172,192.86234375
"93883",2947.61655273438,3365.15684814453,53.645625
"90678",3157.22310791016,1881.26436767578,68.14078125
"74289",2061.41954345703,2363.48186035156,216.79515625
"91310",2960.30346679688,1816.43775634766,40.95671875
"93859",2999.28538818359,3354.63374023437,206.1834375
"105210",3601.86171875,2582.01964111328,87.78375
"90681",3162.64497070312,1883.73903808594,98.03421875
"103353",3360.90352783203,2022.93234863281,239.1475
"79441",2266.68997802734,3154.17277832031,274.55
"95090",2618.90935058594,3351.82786865234,88.09984375
"74848",2162.14205322266,2150.20656738281,261.18375
"91238",2846.65705566406,1803.25196533203,136.50734375
"95107",2499.42894287109,3310.78693847656,73.19828125
"92631",2705.11130371094,1810.25367431641,501.6859375
"104907",3508.15336914062,2962.71691894531,298.6634375
"73729",2280.80732421875,2011.45963134766,43.84671875
"102682",3582.62590332031,2415.17725830078,489.71953125
"95012",2562.42979736328,3335.30952148437,213.09234375
"105212",3601.89907226562,2612.90352783203,247.86265625
"74955",2145.24083251953,2175.77816162109,263.2609375
"90360",3271.26256103516,1948.00679931641,20.9525
"76486",2377.05260009766,3244.06608886719,46.420625
"79085",2131.54578857422,2980.71923828125,210.83453125
"80204",2051.07116699219,2781.14438476563,189.79171875
"76683",2312.52606201172,3196.13011474609,154.7053125
"79052",2123.01341552734,2965.83572998047,194.39765625
"90384",3067.75251464844,1843.69212646484,262.13203125
"92873",2914.8060546875,3371.00599365234,48.3171875
"92877",2906.15581054687,3372.11560058594,141.83578125
"74260",2090.59865722656,2280.14097900391,355.10875
"76696",2330.23826904297,3210.642578125,91.62203125
"103346",3352.91547851562,2014.16651611328,129.46296875
"103338",3340.84780273437,2003.10198974609,82.41015625
"93855",3106.32001953125,3321.71989746094,152.8990625
"74880",2231.49923095703,2060.26677246094,277.48515625
"92529",2525.78599853516,1856.78640136719,108.51046875
"104649",3576.65971679687,2791.57473144531,450.5690625
"78683",2187.52376708984,3066.34407958984,107.2009375
"74843",2169.03522949219,2138.11087646484,196.11359375
"92536",2502.66292724609,1865.94444580078,156.5115625
"7437",3297.22595214844,1966.12180175781,204.42234375
"78139",2030.94384765625,2671.72971191406,117.63203125
"79428",2280.36655273438,3169.04072265625,81.59734375
"78705",2214.14354248047,3100.39056396484,165.76859375
"76681",2303.08143310547,3189.55693359375,61.6834375
"91348",2825.71293945312,1801.08815917969,72.25
"91251",2863.86000976562,1802.42583007813,82.2746875
"91244",2856.36232910156,1801.96492919922,81.41671875
"78700",2207.52221679688,3092.93459472656,123.77328125
"95014",2582.36578369141,3343.52189941406,64.121875
"93850",3015.57048339844,3352.76813964844,222.21390625
"102688",3587.52045898437,2429.31722412109,379.9446875
"7614",2927.92481689453,3370.57622070312,104.4915625
"76481",2361.65755615234,3235.48391113281,52.87796875
"7539",2792.21866455078,3378.41444091797,271.34390625
"91261",2875.03057861328,1802.8998046875,106.07203125
"90412",3113.8986328125,1859.34117431641,74.28203125
"103200",3371.93070068359,2030.60808105469,369.016875
"90419",3131.56975097656,1866.81997070312,113.7034375
"105211",3603.91906738281,2561.82404785156,127.83734375
"103519",3599.15400390625,2498.72337646484,66.5603125
"95013",2574.65643310547,3341.73100585937,85.7065625
"7545",2824.87767333984,3379.18973388672,195.12015625
"102690",3594.23330078125,2462.09016113281,173.53546875
"74150",2050.52829589844,2391.81927490234,99.0728125
"90486",3006.09099121094,1823.46768798828,25.7390625
"90349",3225.67923583984,1915.11329345703,309.6815625
"90391",3081.32055664062,1846.17115478516,251.1590625
"105213",3604.58562011719,2572.53060302734,136.05578125
"80197",2042.4603515625,2754.12119140625,127.7921875
"75287",2033.24710693359,2476.6177734375,142.64859375
"95043",2590.88031005859,3347.14145507813,82.906875
"78692",2198.54035644531,3083.62589111328,63.26390625
"79061",2137.87845458984,2996.54613037109,264.11890625
"95057",2660.48588867187,3364.40126953125,66.1990625
"93874",2971.89260253906,3363.92335205078,253.23625
"90477",2995.22672119141,1820.547265625,79.11375
"102864",3507.86906738281,2210.14899902344,455.67171875
"7525",2726.25277099609,3374.72225341797,72.83703125
"92943",3199.53032226562,3279.83436279297,761.15375
"73767",2415.27583007812,1908.03438720703,480.82375
"78137",2026.08685302734,2636.81641845703,90.2221875
"90363",3278.57866210937,1949.62669677734,60.0578125
"75232",2034.07739257812,2467.40701904297,183.15375
"92531",2514.57807617187,1858.57314453125,88.325625
"74851",2154.36484375,2155.58692626953,80.87484375
"90355",3258.58270263672,1935.39666748047,206.27375
"92620",2573.80394287109,1836.8533203125,246.191875
"91292",2930.66116943359,1807.63685302734,162.78828125
"95032",2530.50437011719,3327.32250976562,114.0646875
"102726",3561.55893554688,2329.53083496094,250.7075
"73766",2432.51966552734,1897.54302978516,409.9284375
"78926",2163.59572753906,3038.16541748047,268.228125
"7522",2716.71683349609,3374.4103515625,126.21171875
"78684",2189.34952392578,3073.49312744141,110.90375
"7621",2954.67989501953,3368.16567382812,103.5884375
"78316",2023.98903808594,2586.04178466797,240.90859375
"91265",2882.72291259766,1801.53121337891,68.6375
"102725",3557.10017089844,2315.28026123047,444.11171875
"80196",2036.02413330078,2728.46036376953,263.21578125
"78136",2030.76060791016,2694.76500244141,46.28515625
"92597",2682.60207519531,1809.55869140625,288.59359375
"78723",2220.69119873047,3112.20465087891,178.23171875
"91311",2961.97337646484,1812.07631835937,33.6865625
"104995",3436.72784423828,3079.34870605469,635.8903125
"7543",2813.48962402344,3381.15245361328,54.59390625
"102866",3500.26140136719,2193.69041748047,340.5684375
"92962",3221.639453125,3268.72065429687,714.23640625
"76487",2368.33511962891,3243.1451171875,98.03421875
"104982",3391.24392089844,3132.43323974609,462.4
"7506",2680.78669433594,3370.01156005859,60.148125
"103343",3348.27658691406,2004.42098388672,124.94734375
"95046",2603.82662353516,3352.89223632812,93.15734375
"91275",2905.98937988281,1802.97907714844,226.27796875
"76714",2354.23084716797,3233.83869628906,89.048125
"7513",2692.03072509766,3372.09858398437,65.25078125
"102716",3535.98630371094,2261.74727783203,557.1378125
"80195",2037.24829101562,2739.77287597656,115.23875
"76698",2323.85766601562,3211.15577392578,34.4090625
"73765",2453.20479736328,1884.98498535156,375.11296875
"78314",2022.91906738281,2601.54494628906,221.3559375
"91329",2764.55008544922,1799.07501220703,285.79390625
"7598",2856.99816894531,3380.80610351562,207.58328125
"7520",2706.39418945312,3374.46783447266,131.44984375
"76697",2318.39243164063,3207.00766601563,89.3190625
"7606",2888.12277832031,3378.57589111328,201.71296875
"102681",3579.08479003906,2380.18199462891,597.9590625
"104915",3507.40256347656,2974.93442382813,109.9103125
"95058",2650.03541259766,3364.70694580078,123.18625
"78921",2151.81795654297,3023.38172607422,250.12046875
"105216",3607.46682128906,2592.44459228516,64.5734375
"73412",2350.90928955078,1947.29002685547,107.42671875
"91343",2818.05256347656,1797.15379638672,46.60125
"73749",2334.40775146484,1959.45482177734,158.81453125
"7681",3301.99578857422,3214.97828369141,704.66328125
"95065",2669.14007568359,3368.78636474609,110.90375
"104988",3409.32738037109,3114.16280517578,385.86015625
"90406",3106.18575439453,1852.37142333984,52.8328125
"95074",2629.85455322266,3360.51505126953,115.96125
"73713",2300.81428222656,1986.29249267578,176.87703125
"6047",2487.6013671875,1867.55334472656,133.120625
"74169",2040.99754638672,2417.11154785156,293.6059375
"73409",2341.91477050781,1953.23587646484,87.37734375
"105002",3460.78516845703,3050.10609130859,251.29453125
"91360",2839.96704101562,1796.82446289062,94.06046875
"91308",2955.40310058594,1808.91206054687,76.17859375
"95109",2501.88784179687,3318.66873779297,172.81296875
"95096",2613.33247070312,3357.03826904297,59.19984375
"105352",3552.71154785156,2881.68905029297,397.32984375
"102073",3604.73959960938,2513.290625,236.57359375
"91291",2919.23016357422,1803.05668945313,161.298125
"95064",2641.10875244141,3363.94348144531,86.92578125
"8196",3607.63989257812,2552.04053955078,84.17125
"7466",3307.19975585937,1967.11395263672,144.72578125
"78013",2092.04361572266,2917.20020751953,200.5840625
"105350",3547.12802734375,2896.102734375,356.32796875
"73413",2360.31781005859,1939.11583251953,328.195625
"103520",3601.92397460937,2485.97213134766,197.6940625
"90347",3239.26512451172,1918.83370361328,192.95265625
"6164",2022.02777099609,2553.78515625,185.00515625
"79082",2122.79033203125,2978.2837890625,87.78375
"75235",2037.42281494141,2429.85345458984,253.1459375
"7619",2943.14678955078,3373.10816650391,78.34609375
"102735",3570.4482421875,2345.83834228516,337.3171875
"74290",2056.10247802734,2356.67708740234,198.55203125
"73906",2377.1810546875,1927.43746337891,241.17953125
"102693",3595.3705078125,2443.84317626953,56.12921875
"79415",2289.52231445313,3184.83627929688,297.44421875
"90688",3176.17462158203,1882.53376464844,313.92625
"80199",2041.53190917969,2769.92421875,285.70359375
"7485",3320.80183105469,1977.37786865234,221.44625
"90377",3054.74643554688,1832.49084472656,138.2684375
"6046",2466.03842773438,1876.19093017578,202.9321875
"73719",2289.59660644531,1993.97216796875,95.00875
"91339",2812.39641113281,1795.37016601563,73.83046875
"90358",3272.59234619141,1940.36530761719,123.6378125
"7540",2802.08393554687,3383.96683349609,112.39390625
"90364",3286.48660888672,1950.36007080078,84.6228125
"105420",3333.22083740234,3191.78797607422,930.94125
"73727",2272.15064697266,2009.64321289062,141.7003125
"7750",2914.87412109375,3377.85227050781,94.7378125
"102719",3553.09047851562,2295.73752441406,430.068125
"92596",2664.98636474609,1809.4806640625,310.133125
"78131",2021.03790283203,2620.29827880859,199.951875
"76710",2339.41125488281,3226.33686523437,157.324375
"91350",2827.10954589844,1795.12114257813,69.49546875
"7596",2839.24466552734,3384.01082763672,257.4809375
"79046",2097.31938476562,2931.04072265625,131.85625
"95085",2621.20015869141,3360.42125244141,55.67765625
"80218",2046.77406005859,2793.27618408203,164.41390625
"92610",2623.03795166016,1818.48929443359,120.3865625
"75231",2032.0212890625,2453.22077636719,338.49125
"77996",2075.26337890625,2880.50037841797,275.58859375
"79048",2101.77856445312,2940.60716552734,239.64421875
"76686",2303.48256835937,3198.12313232422,64.2121875
"78313",2020.19495849609,2577.19937744141,160.214375
"8240",3607.29125976562,2525.22963867187,300.06328125
"74894",2199.11062011719,2087.02247314453,198.91328125
"78133",2023.36274414062,2663.16330566406,253.1459375
"92530",2504.33823242188,1857.78519287109,93.383125
"79050",2112.38447265625,2962.01052246094,115.55484375
"76491",2382.90631103516,3257.21743164062,46.60125
"103337",3337.91887207031,1990.61678466797,202.9321875
"91257",2869.41759033203,1796.31458740234,54.68421875
"73712",2307.07120361328,1977.75804443359,14.9015625
"102692",3598.99711914062,2456.28916015625,141.8809375
"104665",3601.13166503906,2710.05400390625,136.6428125
"90642",2989.81440429687,1813.83961181641,163.96234375
"7529",2738.38872070312,3381.30269775391,100.02109375
"79413",2296.78736572266,3193.00715332031,48.226875
"92968",3174.58917236328,3299.13616943359,605.81625
"76499",2448.95209960937,3295.90114746094,588.61171875
"79040",2085.96453857422,2907.91910400391,122.1928125
"73723",2282.42514648438,1998.81546630859,90.3125
"92781",2558.81169433594,1836.55802001953,195.075
"103209",3387.81196289062,2037.60397949219,577.096875
"74826",2185.63969726562,2102.9796875,401.48421875
"7533",2758.16885986328,3383.31148681641,237.0703125
"76496",2403.74832763672,3270.87553710937,636.83859375
"95011",2539.65950927734,3336.32491455078,162.60765625
"78312",2019.63590087891,2563.54189453125,88.7771875
"105215",3610.73317871094,2580.80565185547,87.1515625
"92627",2713.30106201172,1800.37740478516,119.754375
"79041",2082.77164306641,2901.49761962891,40.50515625
"7499",2685.61173095703,3374.98953857422,35.221875
"90725",3206.73353271484,1896.88809814453,126.66328125
"104922",3503.60620117188,2988.77452392578,274.008125
"91269",2891.26130371094,1797.42440185547,125.21828125
"79421",2272.04709472656,3171.73494873047,232.41921875
"74162",2040.51008300781,2405.67722167969,149.738125
"105358",3572.18061523437,2835.36882324219,335.82703125
"91312",2965.53212890625,1807.9400390625,70.985625
"78132",2024.26171875,2682.19554443359,86.74515625
"79049",2106.0310546875,2952.02156982422,167.93609375
"91304",2950.75881347656,1805.08955078125,105.53015625
"92762",2544.87136230469,1840.5455078125,167.800625
"91335",2800.98055419922,1793.42280273437,305.75296875
"104877",3542.64228515625,2913.52835693359,271.0278125
"104666",3604.14194335938,2697.92303466797,127.340625
"105010",3477.76005859375,3031.53288574219,445.01484375
"7436",3296.02524414063,1954.75554199219,168.9746875
"6163",2019.56555175781,2546.39766845703,90.08671875
"74912",2146.67271728516,2156.12543945312,54.0971875
"104662",3592.80598144531,2761.80854492187,540.47515625
"74270",2093.25864257813,2252.44085693359,259.558125
"76485",2358.51156005859,3242.58004150391,76.72046875
"90499",3031.72214355469,1822.98458251953,169.65203125
"90677",3157.47524414062,1870.29841308594,128.24375
"74268",2086.48748779297,2266.89210205078,536.3659375
"76713",2346.17888183594,3234.01986083984,77.08171875
"93844",3059.34029541016,3348.19482421875,821.7534375
"74272",2062.88670654297,2325.73302001953,219.820625
"6162",2019.61618652344,2537.32906494141,164.188125
"95067",2635.65264892578,3366.39158935547,38.473125
"6361",2482.37312011719,3314.17199707031,352.58
"7526",2725.68686523438,3381.86258544922,129.37265625
"92607",2632.51391601562,1813.62939453125,59.3353125
"92601",2642.54790039062,1811.20847167969,118.2190625
"90644",3012.8283203125,1817.25932617188,193.94609375
"92611",2601.0830078125,1821.52862548828,76.72046875
"76489",2370.50120849609,3251.71982421875,143.37109375
"78724",2224.81544189453,3126.00428466797,258.33890625
"74837",2166.22126464844,2125.95251464844,179.49609375
"7535",2772.26856689453,3386.11217041016,150.77671875
"91273",2898.86149902344,1796.51131591797,117.63203125
"74915",2138.73675537109,2166.77264404297,219.05296875
"95044",2587.66188964844,3354.29880371094,82.0940625
"80198",2048.29227294922,2809.9439453125,340.7490625
"102072",3607.9810546875,2503.06219482422,60.69
"90426",3144.76508789062,1863.33385009766,152.989375
"7546",2819.92625732422,3387.46519775391,52.15546875
"103350",3362.74422607422,2009.64881591797,95.00875
"75230",2024.32584228516,2483.162109375,131.81109375
"95045",2596.01558837891,3356.89072265625,70.5340625
"78130",2019.35823974609,2651.16701660156,209.525
"7616",2933.27508544922,3378.89152832031,173.44515625
"76700",2322.23444824219,3217.4126953125,61.1415625
"91243",2857.07681884766,1792.71827392578,99.885625
"95029",2518.57677001953,3330.71586914062,145.764375
"92608",2612.30836181641,1817.74305419922,101.73703125
"95016",2574.51096191406,3350.74295654297,137.1846875
"7541",2806.52630615234,3387.79639892578,77.26234375
"93849",3024.05616455078,3360.02406005859,266.6928125
"78693",2188.37252197266,3084.178515625,99.163125
"93068",3280.60177001953,3238.05321044922,388.47921875
"102738",3580.233203125,2362.51689453125,505.61453125
"7623",2961.8748046875,3374.49688720703,115.91609375
"7613",2922.09808349609,3380.90841064453,85.435625
"105214",3613.24665527344,2607.06558837891,231.51609375
"74132",2045.12843017578,2377.82042236328,254.72640625
"78707",2203.86842041016,3103.76960449219,55.85828125
"7601",2869.85006103516,3386.43009033203,172.496875
"102715",3535.99294433594,2246.17459716797,441.31203125
"91322",2746.46123046875,1793.865234375,392.9496875
"76695",2309.88911132812,3208.60598144531,93.51859375
"8176",3612.43857421875,2541.70980224609,220.904375
"74408",2020.11257324219,2508.09412841797,366.80421875
"78697",2193.16248779297,3091.5130859375,89.770625
"78135",2022.21121826172,2689.81815185547,103.72390625
"7509",2677.54544677734,3376.8607421875,75.0496875
"76706",2329.03548583984,3224.03236083984,181.0765625
"93860",3002.21743164062,3366.55864257812,185.9534375
"90417",3126.44920654297,1853.75744628906,250.2559375
"80193",2032.68742675781,2752.91965332031,171.3228125
"7515",2696.98483886719,3380.13726806641,122.32828125
"104660",3600.20405273437,2738.62757568359,247.04984375
"91354",2831.78807373047,1790.61962890625,52.24578125
"92598",2651.40545654297,1807.35421142578,131.7659375
"104928",3496.10354003906,3008.00494384766,676.9825
"104659",3590.39252929687,2783.92742919922,271.66
"73703",2315.98188476562,1965.20062255859,194.171875
"74846",2153.67027587891,2140.61584472656,91.17046875
"74147",2040.58686523437,2391.25855712891,139.30703125
"90811",3217.15952148438,1898.79603271484,284.16828125
"91290",2941.90187988281,1800.39068603516,144.99671875
"95104",2610.00551757812,3362.42547607422,55.76796875
"92970",3264.31356201172,3251.05327148437,150.32515625
"95042",2558.07873535156,3346.88579101562,201.62265625
"90639",2977.69152832031,1806.78498535156,220.31734375
"79442",2250.38765869141,3155.95080566406,241.315
"105218",3614.26848144531,2564.88288574219,96.58921875
"79452",2241.70587158203,3147.21859130859,255.26828125
"73709",2302.76973876953,1975.56726074219,52.69734375
"78134",2022.68706054688,2698.42274169922,189.88203125
"73731",2257.86458740234,2015.70153808594,227.36171875
"78701",2195.77370605469,3096.09885253906,54.23265625
"74292",2053.98453369141,2343.03101806641,360.708125
"6106",2482.10085449219,1862.21635742188,65.025
"102691",3599.26025390625,2431.30671386719,192.59140625
"78129",2015.97110595703,2631.74401855469,116.5934375
"91316",2727.17021484375,1794.31741943359,209.88625
"90411",3116.43120117187,1848.40717773437,158.63390625
"105217",3615.31479492188,2593.7119140625,110.90375
"91239",2849.17198486328,1790.07073974609,57.21296875
"7609",2903.96627197266,3385.10321044922,151.0025
"92629",2704.50534667969,1796.96744384766,32.331875
"104987",3406.22807617187,3129.39556884766,296.766875
"80190",2023.50219726562,2709.81016845703,406.6771875
"7505",2654.57427978516,3374.02125244141,104.98828125
"78918",2136.77196044922,3015.05168457031,275.58859375
"95081",2628.01157226563,3368.19161376953,33.00921875
"73724",2274.89239501953,1998.64799804688,102.64015625
"73410",2342.51636962891,1943.18674316406,93.60890625
"78914",2160.59395751953,3051.23167724609,216.25328125
"78722",2209.93981933594,3114.30557861328,141.1584375
"104671",3611.2283203125,2675.58438720703,398.32328125
"92764",2514.41641845703,1847.34281005859,234.631875
"92761",2536.92045898437,1838.57552490234,105.9365625
"79084",2115.97559814453,2980.79020996094,92.2090625
"92614",2582.35146484375,1823.2267578125,142.19703125
"7620",2949.92811279297,3379.37048339844,157.27921875
"90344",3246.48452148437,1914.591796875,39.918125
"95006",2508.92005615234,3330.17133789062,143.73234375
"7531",2743.56612548828,3387.81901855469,100.6984375
"90346",3257.49343261719,1921.61965332031,233.8190625
"92763",2549.43720703125,1833.56040039062,65.1153125
"105220",3616.34907226562,2581.00985107422,23.70703125
"93857",3115.97901611328,3332.47750244141,313.06828125
"102694",3604.46401367187,2451.59963378906,137.1846875
"90509",3044.91976318359,1821.87995605469,219.59484375
"104881",3542.80498046875,2925.57528076172,153.17
"78686",2173.60750732422,3070.64180908203,287.8259375
"90405",3103.3234375,1841.66092529297,224.4265625
"8205",3616.01372070312,2555.69350585937,87.37734375
"7527",2731.04045410156,3387.044140625,47.9559375
"74585",2243.07550048828,2027.73767089844,557.54421875
"102695",3602.39836425781,2438.42484130859,35.53796875
"79089",2122.28294677734,2993.50721435547,225.19421875
"73714",2287.55751953125,1985.73073730469,104.943125
"74909",2144.03223876953,2150.55478515625,70.7146875
"74885",2205.22456054687,2068.88858642578,539.66234375
"7584",2686.39138183594,3381.31058349609,72.1596875
"90706",3194.91695556641,1883.33022460937,152.94421875
"95073",2633.26741943359,3370.95598144531,18.5140625
"7574",2664.69625244141,3377.68666992187,139.5328125
"79037",2067.72004394531,2881.73677978516,156.19546875
"6098",2471.75289306641,1864.48828125,71.48234375
"92759",2526.9171875,1840.80760498047,237.38640625
"103348",3357.57346191406,1998.50024414062,158.769375
"95031",2528.54870605469,3339.27895507812,102.1434375
"76492",2383.21987304687,3266.37423095703,193.26875
"79068",2106.42139892578,2966.90051269531,132.4884375
"78706",2196.85716552734,3101.842578125,53.82625
"91266",2886.92767333984,1790.15250244141,96.3634375
"105219",3617.85109863281,2585.89984130859,58.83859375
"91347",2823.06187744141,1786.77180175781,106.749375
"93845",3040.29020996094,3360.42104492187,600.17171875
"73698",2332.47864990234,1947.75673828125,71.0759375
"92609",2587.75382080078,1819.42001953125,80.15234375
"91283",2928.87816162109,1794.71585693359,187.0371875
"75229",2021.60256347656,2464.85930175781,126.256875
"7488",3318.2173828125,1963.7291015625,201.1259375
"90356",3285.99125976562,1939.06519775391,142.28734375
"7605",2880.63277587891,3390.28850097656,159.6725
"7544",2812.38146972656,3392.99497070313,115.64515625
"90393",3080.93291015625,1831.64956054687,273.8275
"102075",3612.36884765625,2491.12774658203,279.29140625
"90699",3181.89302978516,1874.85699462891,71.7984375
"78311",2011.49698486328,2597.00504150391,274.32421875
"73706",2305.57104492188,1968.25759277344,100.3371875
"95015",2540.69606933594,3344.98325195313,124.22484375
"102696",3604.92678222656,2441.94582519531,27.7259375
"78310",2011.56733398437,2566.41375732422,145.71921875
"90641",3024.43530273438,1813.70493164062,113.38734375
"95048",2601.62152099609,3364.62393798828,130.18546875
"74838",2155.34765625,2130.39114990234,89.90609375
"91356",2837.66004638672,1786.13824462891,95.73125
"7625",2975.41296386719,3377.39925537109,241.7665625
"74402",2013.64792480469,2525.35083007812,223.02671875
"73763",2436.93547363281,1880.17987060547,340.43296875
"92605",2601.95023193359,1814.41589355469,53.465
"92599",2627.79263916016,1807.72546386719,94.5571875
"105004",3461.11533203125,3068.36947021484,415.1665625
"74280",2056.91989746094,2321.40686035156,73.0628125
"90352",3275.65263671875,1930.52535400391,201.62265625
"92780",2558.25201416016,1827.58674316406,31.3384375
"76500",2426.58107910156,3293.87077636719,701.86359375
"91256",2874.75291748047,1787.71062011719,271.70515625
"91362",2844.42912597656,1786.00729980469,68.7278125
"90424",3140.15441894531,1854.07412109375,149.19625
"105223",3618.58903808594,2623.27639160156,261.68046875
"104895",3535.29443359375,2947.59580078125,358.540625
"73907",2379.45401611328,1913.38776855469,285.97453125
"80191",2024.43665771484,2738.81434326172,178.81875
"76693",2300.98175048828,3208.57132568359,123.23140625
"91337",2803.68598632812,1785.26790771484,57.619375
"7518",2706.90593261719,3386.93249511719,174.89015625
"90379",3060.35340576172,1823.48387451172,187.5790625
"7580",2620.89323730469,3370.46810302734,67.96015625
"90634",2997.69973144531,1806.0640625,96.45375
"90712",3202.76866455078,1884.64693603516,136.14609375
"79406",2291.94718017578,3201.19566650391,152.58296875
"92587",2677.70274658203,1796.76220703125,196.6103125
"92765",2500.36215820313,1849.00338134766,105.34953125
"7599",2859.98250732422,3393.17655029297,52.1103125
"103344",3349.53208007813,1988.11472167969,126.57296875
"7628",2993.13347167969,3374.49128417969,138.85546875
"90702",3189.78686523438,1877.51967773437,59.65140625
"102074",3615.51235351562,2506.73881835937,63.89609375
"90341",3230.35361328125,1900.34060058594,160.575625
"102713",3533.43298339844,2226.80036621094,921.2778125
"79419",2260.4056640625,3173.05456542969,162.78828125
"78688",2177.35074462891,3080.96071777344,55.49703125
"73764",2447.27471923828,1873.61499023438,24.97140625
"80220",2030.22001953125,2768.93455810547,54.729375
"105221",3619.84951171875,2576.00780029297,101.691875
"105222",3619.63659667969,2614.75895996094,75.8625
"104668",3611.90856933594,2704.35883789062,97.8084375
"79427",2254.17509765625,3167.43161621094,64.70890625
"103204",3377.86223144531,2013.90504150391,185.45671875
"76703",2314.17542724609,3220.27874755859,62.54140625
"102687",3596.31513671875,2394.79468994141,655.2171875
"79411",2273.46735839844,3185.73089599609,113.38734375
"73762",2454.18760986328,1869.73665771484,62.63171875
"6126",2488.88155517578,1853.31501464844,183.87625
"104918",3518.80202636719,2981.21687011719,397.14921875
"78335",2356.95952148437,3252.17802734375,112.6196875
"6128",2476.56298828125,1858.76800537109,72.74671875
"92616",2564.20035400391,1824.25875244141,76.043125
"73725",2263.26092529297,2002.79818115234,146.2159375
"7560",2638.69924316406,3375.68597412109,130.00484375
"90633",3004.25714111328,1806.69409179688,55.3615625
"7764",2844.03463134766,3394.72298583984,83.44875
"92626",2716.92642822266,1790.10518798828,153.711875
"7536",2772.83405761719,3394.27598876953,66.3796875
"95021",2588.45793457031,3362.90920410156,107.471875
"7597",2851.79918212891,3394.57606201172,164.36875
"78331",2347.25466308594,3245.78186035156,142.2421875
"104661",3593.29572753906,2798.33177490234,251.92671875
"92615",2571.82316894531,1821.36572265625,174.7546875
"92630",2705.36447753906,1791.28721923828,44.29828125
"103336",3335.62080078125,1974.52489013672,208.48640625
"93876",3153.08994140625,3321.25463867188,329.41484375
"105360",3585.05969238281,2827.52064208984,334.11109375
"91313",2963.81241455078,1797.57298583984,117.7675
"91344",2815.59200439453,1783.66108398437,46.1496875
"95007",2501.26652832031,3332.20876464844,113.83890625
"104669",3610.41276855469,2720.48310546875,695.7675
"95101",2613.026171875,3370.12092285156,119.031875
"73903",2366.90323486328,1919.53968505859,73.153125
"7538",2786.17175292969,3395.344921875,296.17984375
"79414",2267.18366699219,3181.26943359375,39.37625
"73716",2278.13509521484,1988.08463134766,55.13578125
"74884",2182.20587158203,2089.93397216797,163.60109375
"74279",2060.65856933594,2304.79865722656,503.040625
"76717",2335.38724365234,3237.89860839844,159.89828125
"7547",2823.66430664062,3396.04696044922,175.61265625
"7532",2751.30494384766,3393.58494873047,99.163125
"74878",2223.91958007812,2041.07163085937,682.53671875
"78721",2198.03110351563,3109.08251953125,78.25578125
"73697",2323.10021972656,1950.57236328125,147.39
"74410",2023.14982910156,2436.58331298828,331.22109375
"78908",2147.10477294922,3041.79866943359,343.77453125
"90691",3172.40129394531,1866.66723632812,179.18
"104983",3390.91313476562,3154.43570556641,610.87375
"90640",3034.02955322266,1813.37705078125,57.3484375
"102727",3576.37084960938,2322.53555908203,462.941875
"7607",2890.723828125,3393.06594238281,125.85046875
"76493",2368.8271484375,3262.09165039063,187.9403125
"90675",3156.72796630859,1858.56380615234,197.91984375
"7524",2722.86065673828,3391.49813232422,97.31171875
"76702",2308.54147949219,3218.11473388672,74.28203125
"6161",2009.41826171875,2538.77257080078,84.17125
"95020",2573.30942382813,3360.04045410156,161.43359375
"90632",2991.09978027344,1801.61982421875,80.87484375
"7435",3299.72220458984,1943.84997558594,95.8215625
"91246",2857.17186279297,1783.27592773438,74.959375
"79033",2068.92427978516,2898.772265625,316.9065625
"79083",2108.12181396484,2980.18446044922,74.236875
"7587",2626.37818603516,3375.00053710937,70.1728125
"105356",3576.84150390625,2858.00920410156,390.51125
"7510",2647.89215087891,3379.95465087891,99.20828125
"92606",2592.89200439453,1813.08818359375,156.64703125
"7612",2919.37895507812,3390.71557617188,98.12453125
"91252",2864.56723632813,1783.41704101563,50.21375
"79038",2081.00565185547,2927.05717773437,284.3940625
"74409",2014.30327148438,2482.24383544922,142.91953125
"76606",2230.63781738281,3147.62470703125,341.51671875
"7579",2670.44392089844,3384.63504638672,111.21984375
"73700",2316.09934082031,1953.99643554687,130.72734375
"80189",2025.37008056641,2761.563671875,113.07125
"90629",2972.66748046875,1797.10938720703,68.3665625
"78127",2008.34600830078,2638.51268310547,253.28140625
"104673",3616.70932617188,2691.56380615234,201.5775
"80192",2030.05836181641,2782.29715576172,210.47328125
"74070",2140.45999755859,2144.39871826172,70.44375
"74832",2164.82797851563,2109.48542480469,426.816875
"79407",2276.28775634766,3192.31300048828,91.08015625
"103196",3370.76319580078,2002.77701416016,183.515
"78694",2179.98333740234,3089.86807861328,122.46375
"90806",3211.31846923828,1885.03416748047,83.13265625
"91305",2953.27332763672,1793.05300292969,171.72921875
"92595",2620.00775146484,1804.99243164062,107.60734375
"74153",2029.91143798828,2396.02611083984,125.57953125
"92633",2699.26029052734,1789.35126953125,106.88484375
"7575",2681.97951660156,3387.376171875,61.63828125
"73757",2461.26153564453,1862.43134765625,111.5359375
"74930",2112.79619140625,2188.42253417969,658.06203125
"78913",2161.54128417969,3066.33328857422,326.6603125
"90343",3245.55234375,1904.95106201172,149.4671875
"95028",2516.81243896484,3341.62703857422,106.4784375
"7534",2762.17274169922,3396.88450927734,116.27734375
"104667",3603.21267089844,2771.82447509766,249.3528125
"7497",2690.75925292969,3389.14423828125,73.2434375
"7434",3295.62141113281,1938.79459228516,93.51859375
"105224",3623.83762207031,2565.75052490234,111.265
"95017",2553.40083007812,3355.47108154297,44.74984375
"7528",2733.07352294922,3394.7705078125,92.79609375
"73745",2335.79086914063,1937.5484375,50.6653125
"93881",3168.45178222656,3317.70045166016,517.129375
"104879",3553.78608398437,2920.16275634766,105.34953125
"7470",3308.95205078125,1948.56627197266,153.93765625
"91352",2829.8890625,1780.42709960937,59.064375
"103223",3423.97307128906,2056.47435302734,972.53015625
"74075",2146.67354736328,2132.96708984375,156.73734375
"91288",2908.45118408203,1785.61218261719,314.64875
"102076",3622.05336914062,2526.77358398437,114.51625
"7618",2942.83966064453,3389.12286376953,144.54515625
"79081",2102.56029052734,2974.44862060547,103.72390625
"102734",3586.54885253906,2344.09766845703,279.29140625
"7610",2910.63802490234,3393.80118408203,126.39234375
"78128",2010.20413818359,2680.18862304687,474.45671875
"73411",2343.80091552734,1931.02008056641,212.956875
"92590",2655.58718261719,1795.63911132812,176.5609375
"93865",3133.39156494141,3334.43129882812,443.8859375
"73761",2446.89226074219,1868.15349121094,27.3646875
"74910",2130.40920410156,2156.70255126953,286.290625
"73704",2296.80521240234,1967.07659912109,65.025
"7608",2899.71564941406,3395.30715332031,150.14453125
"91241",2850.71634521484,1780.35903320312,56.2646875
"95018",2543.43511962891,3353.04974365234,162.69796875
"80194",2033.18028564453,2802.40247802734,412.59265625
"102697",3612.71665039063,2447.73562011719,173.219375
"105009",3481.67470703125,3050.29763183594,447.95
"6364",2487.91721191406,3331.096875,355.60546875
"90638",3014.42767333984,1804.25428466797,174.664375
"102698",3610.03051757812,2432.83073730469,95.73125
"102862",3522.79594726562,2195.02933349609,605.40984375
"74889",2189.44166259766,2074.37664794922,248.04328125
"74404",2010.55401611328,2490.78056640625,257.70671875
"92623",2688.03057861328,1789.17674560547,223.61375
"79044",2091.86452636719,2955.90633544922,221.7171875
"92600",2608.02619628906,1805.89887695312,210.789375
"74163",2024.54020996094,2409.58668212891,311.8490625
"6160",2005.3458984375,2547.53176269531,151.49921875
"78309",2004.77003173828,2559.95574951172,88.82234375
"73718",2270.36618652344,1989.08902587891,72.47578125
"79035",2071.73762207031,2913.62983398437,254.68125
"78126",2004.72313232422,2621.16384277344,355.10875
"79092",2113.59555664063,2996.63806152344,52.51671875
"8199",3625.04331054688,2552.73718261719,145.041875
"105228",3625.03916015625,2627.51124267578,41.04703125
"7629",3002.11989746094,3378.99176025391,103.36265625
"80182",2014.65979003906,2722.07934570312,412.86359375
"78125",2006.72860107422,2659.70520019531,207.13171875
"105227",3626.13984375,2574.18930664063,24.20375
"90345",3257.93980712891,1909.97946777344,196.65546875
"76708",2318.31710205078,3231.21896972656,194.3525
"73896",2356.64014892578,1920.23508300781,391.6853125
"7676",3300.46678466797,3239.88436279297,423.15921875
"102077",3622.91333007812,2514.22114257812,139.80375
"105226",3626.279296875,2605.84620361328,123.14109375
"95030",2525.59383544922,3347.86549072266,105.665625
"7530",2740.56145019531,3397.79884033203,85.435625
"105430",3372.22309570312,3179.66427001953,491.34515625
"6159",2005.42724609375,2532.96721191406,21.31375
"7521",2714.93631591797,3395.07410888672,80.92
"90701",3187.50083007813,1868.55400390625,88.82234375
"7615",2929.72587890625,3393.21888427734,137.22984375
"104991",3423.89919433594,3126.56749267578,352.17359375
"91338",2807.83907470703,1777.91466064453,67.373125
"92585",2670.47172851562,1790.81801757812,110.22640625
"79219",2055.14104003906,2875.68924560547,243.9340625
"7600",2863.12061767578,3400.219140625,148.78984375
"91336",2800.75622558594,1777.82646484375,90.53828125
"92760",2500.06789550781,1841.23779296875,144.00328125
"92592",2638.67766113281,1796.96350097656,328.69234375
"80186",2018.71866455078,2749.83570556641,200.17765625
"74281",2062.55695800781,2283.60925292969,860.09109375
"74407",2011.10684814453,2472.93699951172,151.04765625
"102717",3562.1109375,2270.79575195313,949.00375
"78308",2002.61784667969,2575.59919433594,107.87828125
"92775",2549.54117431641,1821.78283691406,207.3575
"93846",3089.56427001953,3354.47145996094,640.18015625
"74405",2013.14676513672,2457.70091552734,155.47296875
"90814",3239.88664550781,1896.97297363281,105.9365625
"73760",2451.54318847656,1862.80654296875,60.91578125
"74946",2084.75947265625,2232.89998779297,990.68296875
"105225",3626.18508300781,2639.61108398438,655.66875
"79412",2263.23311767578,3186.49228515625,64.844375
"102078",3621.62297363281,2489.95131835937,113.5228125
"104893",3545.93645019531,2945.13129882812,277.8915625
"95027",2579.62984619141,3367.71722412109,76.26890625
"74304",2034.45092773438,2362.79455566406,362.0628125
"79095",2115.59044189453,3003.95104980469,177.735
"7586",2674.50279541016,3390.351171875,41.363125
"7519",2705.23934326172,3395.15628662109,69.58578125
"105355",3570.25234375,2890.41981201172,150.59609375
"79430",2242.01051025391,3166.55339355469,168.02640625
"97136",2805.01369628906,3402.69837646484,247.41109375
"7632",3019.46375732422,3376.65654296875,404.1484375
"92971",3267.39564208984,3265.30654296875,526.9734375
"74142",2027.18234863281,2388.41823730469,120.88328125
"103333",3332.23636474609,1962.25695800781,162.15609375
"78338",2350.66815185547,3257.27574462891,67.77953125
"8150",3626.30129394531,2534.44371337891,122.283125
"7578",2628.64948730469,3381.30435791016,82.365
"105426",3358.46185302734,3194.74035644531,650.38546875
"7567",2588.94249267578,3370.97196044922,70.30828125
"105354",3566.128515625,2901.79810791016,257.79703125
"74300",2036.94136962891,2351.85744628906,144.63546875
"90635",3025.28239746094,1803.75187988281,82.365
"73705",2288.68186035156,1969.22276611328,276.04015625
"7514",2692.68835449219,3394.09523925781,43.84671875
"79399",2293.53843994141,3214.30467529297,76.6753125
"91289",2941.57565917969,1785.91827392578,148.9253125
"76709",2305.61005859375,3224.24610595703,20.90734375
"91332",2783.70206298828,1776.51680908203,622.74984375
"79400",2276.95679931641,3200.25643310547,106.1171875
"90623",2980.46834716797,1792.82825927734,83.9003125
"79090",2107.45899658203,2991.96202392578,98.03421875
"76607",2220.25354003906,3145.41379394531,275.0015625
"74835",2151.82127685547,2117.72478027344,163.60109375
"90407",3110.27077636719,1831.16915283203,387.3503125
"97144",2841.62138671875,3403.25681152344,181.57328125
"7624",2969.32268066406,3389.00291748047,223.83953125
"80187",2021.91965332031,2773.59586181641,90.7640625
"7523",2722.32795410156,3398.51789550781,41.001875
"78720",2199.20275878906,3122.25606689453,276.76265625
"95022",2556.63958740234,3361.82346191406,137.32015625
"78307",2000.75535888672,2584.94794921875,183.515
"91357",2839.13800048828,1775.75708007812,101.73703125
"78709",2183.10422363281,3103.32904052734,216.79515625
"7583",2654.53422851562,3388.07883300781,126.4375
"104878",3560.27438964844,2918.03817138672,171.00671875
"78124",2000.72319335938,2605.70924072266,221.626875
"6127",2466.56739501953,1853.54079589844,98.30515625
"91345",2820.24645996094,1775.23641357422,143.958125
"74401",2005.41645507812,2500.25134277344,179.31546875
"97140",2830.46721191406,3404.07838134766,111.084375
"90624",2968.12010498047,1789.64573974609,57.12265625
"92603",2573.48685302734,1811.73100585938,36.125
"102079",3625.1337890625,2504.77692871094,110.22640625
"74285",2047.06541748047,2317.78377685547,328.96328125
"74893",2171.91954345703,2089.53657226562,118.9415625
"91254",2870.58052978516,1776.90715332031,123.366875
"73720",2254.39237060547,1998.48634033203,214.8534375
"90636",3036.14293212891,1805.45748291016,143.7775
"92758",2529.26008300781,1826.57902832031,93.33796875
"79417",2252.71146240234,3179.53706054687,62.63171875
"93873",3148.08021240234,3333.53439941406,218.60140625
"8180",3628.73715820313,2544.26976318359,107.2009375
"92966",3251.95017089844,3277.85462646484,627.35578125
"74397",2002.99366455078,2517.53543701172,225.961875
"103198",3372.01370849609,1994.47457275391,69.6309375
"90425",3140.09444580078,1842.09796142578,281.27828125
"6129",2475.37327880859,1848.51695556641,152.266875
"90627",2988.13142089844,1792.99406738281,105.53015625
"74406",2012.58999023437,2444.98557128906,109.50390625
"79079",2057.63687744141,2891.79877929687,93.24765625
"7508",2643.50601806641,3386.88103027344,72.25
"90348",3276.78859863281,1917.49520263672,282.316875
"92757",2537.51271972656,1822.76564941406,149.33171875
"103347",3350.55141601562,1974.569921875,228.129375
"7604",2880.90213623047,3402.71767578125,144.36453125
"90643",3066.26833496094,1813.66384277344,197.10703125
"97124",2774.28565673828,3404.41352539062,83.85515625
"103328",3323.23084716797,1951.58651123047,170.6003125
"105230",3630.76960449219,2591.22562255859,275.85953125
"95019",2545.4544921875,3359.70863037109,43.2596875
"103352",3361.07265625,1983.50571289062,199.77125
"97197",2748.76324462891,3402.92727050781,83.5390625
"74069",2135.65841064453,2137.51197509766,89.770625
"90631",3006.85860595703,1796.50571289062,117.7675
"78902",2116.95986328125,3012.50189208984,157.64046875
"76501",2393.32192382812,3288.41197509766,390.4209375
"73699",2308.93037109375,1949.35484619141,44.7046875
"74178",2027.26473388672,2376.04924316406,251.56546875
"93852",3111.22142333984,3350.24117431641,545.2165625
"105359",3577.50100097656,2881.06649169922,479.559375
"105229",3631.20249023438,2578.73854980469,122.14765625
"7590",2603.51119384766,3378.11934814453,129.9596875
"95025",2563.44270019531,3366.30256347656,100.92421875
"91237",2848.61022949219,1773.99440917969,44.253125
"76705",2298.21343994141,3221.76209716797,106.16234375
"92628",2715.70953369141,1779.27329101562,297.26359375
"97142",2835.10133056641,3405.97573242187,19.4171875
"91282",2928.74514160156,1781.11544189453,247.77234375
"90626",2996.61419677734,1793.60417480469,70.985625
"79393",2282.81030273438,3209.00545654297,176.0190625
"7589",2666.35433349609,3392.87025146484,87.4225
"92604",2579.70393066406,1807.44074707031,135.33328125
"7516",2696.38822021484,3397.96402587891,54.41328125
"90694",3179.04108886719,1858.30544433594,165.94921875
"79042",2092.02680664062,2970.22954101562,189.15953125
"102699",3618.45,2441.46168212891,85.39046875
"105232",3631.80969238281,2570.20970458984,61.27703125
"73693",2323.60615234375,1936.85262451172,186.54046875
"103212",3400.54536132812,2019.75148925781,383.9184375
"7576",2682.02060546875,3395.98594970703,76.404375
"80188",2023.69124755859,2793.91223144531,53.284375
"73717",2263.50517578125,1986.59484863281,88.64171875
"79420",2247.02916259766,3177.30809326172,41.67921875
"90802",3211.61148681641,1875.15125732422,128.24375
"91245",2856.99713134766,1773.50777587891,82.0940625
"7591",2594.88273925781,3376.8076171875,95.4603125
"76602",2205.92908935547,3134.72674560547,303.67578125
"7502",2613.26066894531,3381.73475341797,111.445625
"97122",2769.02690429687,3405.79228515625,54.0971875
"74072",2130.06389160156,2143.43063964844,86.9709375
"105003",3458.35241699219,3094.02386474609,737.53703125
"79034",2076.84156494141,2941.046484375,488.41
"90395",3084.35511474609,1817.71939697266,260.280625
"95033",2507.01834716797,3347.11219482422,180.1734375
"74886",2179.88497314453,2074.62421875,144.13875
"102700",3616.48520507813,2427.19118652344,89.45453125
"90804",3226.00296630859,1882.66802978516,275.814375
"90389",3074.94348144531,1814.28619384766,100.5178125
"80183",2015.82708740234,2763.46081542969,109.41359375
"90679",3163.03635253906,1849.59398193359,255.765
"7483",3313.97506103516,1941.67434082031,43.2596875
"78890",2126.85854492187,3031.75659179688,550.9965625
"90637",3050.61306152344,1806.43739013672,266.10578125
"92756",2515.38408203125,1828.56021728516,248.22390625
"78334",2328.03046875,3246.97800292969,287.2840625
"78713",2167.93890380859,3090.17977294922,231.2903125
"97126",2779.88204345703,3407.0423828125,39.37625
"76711",2307.70185546875,3231.56490478516,115.419375
"76495",2361.62352294922,3270.75828857422,141.97125
"73708",2278.86411132813,1971.57479248047,184.1471875
"92779",2557.14842529297,1813.07303466797,92.52515625
"104888",3555.35866699219,2938.26987304688,265.29296875
"104994",3438.80262451172,3119.48298339844,582.4253125
"7433",3291.54365234375,1924.29416503906,190.06265625
"78339",2341.02554931641,3257.02174072266,69.6309375
"78123",1998.50252685547,2647.83529052734,196.38453125
"104783",3499.31511230469,3038.94652099609,574.79390625
"104989",3412.00541992187,3149.91696777344,274.68546875
"95037",2531.82523193359,3357.93184814453,113.38734375
"90707",3197.81268310547,1865.92763671875,212.595625
"102708",3624.0712890625,2464.09106445312,407.26421875
"73692",2328.98319091797,1930.72208251953,125.76015625
"78719",2186.06947021484,3114.02210693359,167.62
"96450",2892.12375488281,3404.89351806641,105.665625
"78306",1996.5072265625,2564.14432373047,212.55046875
"7480",3309.81802978516,1937.1798828125,42.94359375
"79409",2257.32482910156,3189.41416015625,77.53328125
"97150",2725.52707519531,3403.75610351562,68.1859375
"90618",2974.02341308594,1786.08449707031,73.01765625
"102080",3627.85354003906,2488.03674316406,177.8253125
"97118",2756.1150390625,3406.78298339844,79.3846875
"96446",2870.32424316406,3407.08782958984,161.84
"6158",1997.639453125,2533.03922119141,159.26609375
"7565",2582.41745605469,3375.35083007812,30.886875
"7617",2939.38985595703,3399.56213378906,155.02140625
"105361",3594.38562011719,2842.50811767578,434.44828125
"74403",2011.5947265625,2428.62244873047,174.303125
"91253",2864.74176025391,1771.75008544922,35.76375
"7622",2954.85172119141,3397.17233886719,355.83125
"7588",2628.83604736328,3387.77855224609,68.9084375
"104672",3619.9275390625,2743.5708984375,666.00953125
"7517",2703.13841552734,3401.54373779297,70.30828125
"91353",2830.33232421875,1770.31156005859,109.82
"105231",3634.20695800781,2614.74298095703,141.3390625
"102703",3615.33803710937,2412.89869384766,294.960625
"74066",2140.21678466797,2124.35461425781,123.14109375
"97120",2762.82808837891,3407.69835205078,81.68765625
"80184",2017.84459228516,2780.54091796875,90.71890625
"104663",3610.79252929687,2787.02071533203,328.87296875
"97199",2737.38059082031,3405.98527832031,83.85515625
"7563",2574.31776123047,3373.56553955078,76.4946875
"97131",2793.23343505859,3409.45023193359,192.0946875
"73702",2295.22598876953,1955.30505371094,289.7225
"95034",2516.97409667969,3353.75759277344,82.13921875
"92593",2597.30034179687,1798.93493652344,146.53203125
"79045",2097.39222412109,2986.8634765625,176.87703125
"103253",3469.08740234375,2094.79947509766,751.03875
"78343",2347.86290283203,3263.90516357422,31.79
"79075",2050.22926025391,2886.23497314453,108.6459375
"7582",2674.53828125,3397.81896972656,52.60703125
"91363",2844.21081542969,1769.93408203125,35.80890625
"104675",3630.78537597656,2675.38828125,543.99734375
"79220",2041.53771972656,2862.92990722656,391.73046875
"6122",2489.7263671875,1836.61363525391,147.61578125
"92602",2564.52761230469,1808.33225097656,127.11484375
"90647",3096.99699707031,1818.79476318359,198.82296875
"76498",2370.07745361328,3279.54155273437,314.829375
"78122",1997.18851318359,2660.95675048828,84.84859375
"92588",2617.61920166016,1792.85668945312,282.2265625
"73902",2371.55250244141,1898.8236328125,499.5184375
"90809",3243.31237792969,1889.31612548828,121.51546875
"91279",2918.99981689453,1775.29659423828,137.5459375
"74914",2114.89670410156,2160.80251464844,376.1515625
"74399",2003.17379150391,2467.04593505859,140.8875
"95024",2547.84906005859,3366.06889648437,53.51015625
"97138",2818.3310546875,3410.80782470703,214.5825
"102081",3633.34201660156,2521.82839355469,180.625
"92594",2586.79674072266,1800.84307861328,106.97515625
"7573",2619.96728515625,3387.40979003906,96.95046875
"97151",2711.11961669922,3404.39464111328,34.90578125
"105234",3635.9380859375,2563.67698974609,114.47109375
"74078",2162.00737304687,2091.41752929687,153.03453125
"73759",2428.30266113281,1864.98529052734,499.3378125
"8200",3635.76418457031,2555.53205566406,75.27546875
"7577",2636.81724853516,3391.62886962891,87.964375
"95035",2523.44663085938,3357.74259033203,63.038125
"104664",3606.31218261719,2810.59638671875,761.695625
"80185",2021.88582763672,2804.26849365234,94.51203125
"91268",2887.509765625,1771.27797851562,389.02109375
"7611",2918.91203613281,3404.75842285156,309.09453125
"105008",3479.79790039062,3072.62569580078,556.09921875
"97152",2717.24185791016,3405.59057617188,77.89453125
"97127",2781.39776611328,3410.97653808594,34.499375
"76712",2298.59216308594,3229.20955810547,34.18328125
"78710",2172.75480957031,3102.72764892578,82.906875
"92580",2662.671484375,1781.90173339844,326.4796875
"73710",2268.35054931641,1975.66043701172,280.91703125
"90422",3131.57473144531,1830.91701660156,242.44390625
"74887",2172.55953369141,2076.57760009766,49.98796875
"7452",3301.81649169922,1927.10875244141,140.4359375
"74398",2004.28319091797,2452.64677734375,113.29703125
"7512",2688.94698486328,3402.22315673828,80.378125
"80176",2007.28267822266,2743.75081787109,206.04796875
"74573",2239.6470703125,2002.19326171875,266.6928125
"92624",2696.47807617187,1775.91085205078,220.58828125
"103202",3375.14912109375,1987.30871582031,124.49578125
"104932",3518.03295898438,3016.77513427734,627.44609375
"78121",1996.22188720703,2670.43146972656,105.89140625
"6157",1993.30727539062,2547.50852050781,192.9978125
"91276",2903.87890625,1771.71459960938,150.460625
"104674",3630.04370117188,2702.31954345703,459.73578125
"8163",3636.25268554688,2537.22883300781,118.7609375
"79398",2263.02850341797,3200.09913330078,176.109375
"103341",3347.15100097656,1961.95418701172,146.44171875
"91321",2745.7158203125,1769.65662841797,448.491875
"97154",2729.46641845703,3408.24765625,37.43453125
"74937",2087.44809570313,2204.92905273438,523.94796875
"97156",2747.16492919922,3409.95450439453,60.0578125
"91341",2813.00983886719,1766.61854248047,227.3165625
"74890",2166.88262939453,2082.27525634766,71.93390625
"78341",2341.57049560547,3263.12572021484,54.95515625
"7569",2587.37904052734,3380.85860595703,79.06859375
"102702",3622.9755859375,2431.83090820313,43.4403125
"79224",2042.88887939453,2875.56826171875,156.3309375
"7426",2499.77778320312,1829.05556640625,174.79984375
"102704",3624.81088867188,2440.89100341797,106.6590625
"91301",2944.58489990234,1776.56101074219,108.555625
"7627",2991.40524902344,3394.00476074219,426.455625
"8219",3323.16153564453,1941.76398925781,116.00640625
"73758",2442.60698242187,1855.23706054688,214.89859375
"91309",2959.36070556641,1778.96512451172,297.2184375
"95023",2539.14610595703,3365.63040771484,48.63328125
"92770",2546.27647705078,1811.23275146484,96.7246875
"90625",3022.440625,1792.67303466797,135.24296875
"103207",3384.64957275391,1994.81096191406,212.27953125
"80179",2011.08734130859,2769.12713623047,62.45109375
"91248",2857.65642089844,1767.08857421875,15.6240625
"79410",2251.76787109375,3190.80682373047,41.363125
"7634",3077.89586181641,3370.37596435547,496.40265625
"7478",3310.17496337891,1931.37659912109,77.80421875
"102733",3603.11928710937,2349.96507568359,306.6109375
"79093",2100.23482666016,2999.30904541016,68.32140625
"102814",3515.25385742187,2155.69193115234,1072.05453125
"74569",2225.37740478516,2014.06296386719,349.28359375
"7677",3289.53797607422,3263.3326171875,716.67484375
"97484",2679.95640869141,3402.57261962891,34.18328125
"74299",2029.96062011719,2339.18526611328,677.7953125
"7630",3006.90322265625,3391.081640625,188.16609375
"78337",2333.29814453125,3258.41253662109,93.87984375
"78718",2186.03771972656,3122.36231689453,54.54875
"79076",2052.16604003906,2901.85310058594,173.89671875
"74924",2102.80350341797,2174.74533691406,269.35703125
"7507",2646.35028076172,3396.60166015625,112.93578125
"102701",3622.43354492187,2423.63679199219,133.79796875
"105418",3333.85190429688,3230.29488525391,790.8665625
"7581",2667.89288330078,3400.93031005859,54.54875
"91240",2849.32098388672,1765.86068115234,45.336875
"90812",3266.63321533203,1899.71409912109,202.480625
"90619",2998.95958251953,1785.76740722656,123.95390625
"93871",3145.40466308594,3345.32794189453,90.71890625
"73919",2405.97169189453,1873.47823486328,571.18140625
"103339",3339.63983154297,1953.18856201172,118.35453125
"7559",2565.23297119141,3375.97504882812,129.3275
"76715",2301.109375,3235.15395507812,33.82203125
"78896",2105.75297851562,3011.25718994141,62.99296875
"7564",2598.83225097656,3385.95258789062,47.54953125
"91365",2845.67507324219,1765.11008300781,7.72171875
"97153",2706.39709472656,3407.6732421875,42.3565625
"73756",2453.77568359375,1847.69808349609,301.86953125
"74400",2004.43073730469,2434.37551269531,90.493125
"102084",3635.71853027344,2502.5892578125,137.7265625
"73695",2310.09517822266,1936.69864501953,205.8221875
"91259",2874.57818603516,1766.42554931641,156.55671875
"79423",2233.84046630859,3175.92456054688,303.81125
"104670",3620.9767578125,2768.00964355469,448.71765625
"97198",2697.98280029297,3406.84689941406,52.33609375
"93890",3196.84875488281,3321.56716308594,673.59578125
"74394",1993.04559326172,2512.40576171875,227.63265625
"78305",1989.36378173828,2594.8208984375,292.20609375
"92582",2635.32061767578,1783.74077148438,229.3034375
"90620",3013.14291992188,1788.06838378906,91.39625
"80181",2014.51556396484,2792.49030761719,125.12796875
"73884",2337.86398925781,1915.66799316406,223.02671875
"75167",2010.35064697266,2403.77862548828,157.685625
"7626",2974.55155029297,3400.05893554688,334.0659375
"79032",2074.79438476562,2956.26638183594,104.35609375
"97128",2784.86458740234,3415.15764160156,62.08984375
"90810",3258.73522949219,1892.91264648438,134.24953125
"79382",2285.61658935547,3223.88232421875,195.75234375
"104882",3569.75844726562,2925.55598144531,247.5465625
"97157",2734.22650146484,3411.91805419922,35.76375
"95026",2543.88253173828,3370.19147949219,39.195625
"105233",3640.51015625,2626.35784912109,226.18765625
"78332",2309.64299316406,3243.52716064453,117.81265625
"74067",2130.56090087891,2126.59520263672,185.9534375
"79416",2242.11717529297,3185.28514404297,113.8840625
"80312",2000.21145019531,2727.91666259766,255.26828125
"97146",2846.66743164062,3415.53843994141,313.8359375
"75166",2015.0412109375,2381.86643066406,208.93796875
"102729",3600.14885253906,2331.55103759766,409.2059375
"7500",2657.78937988281,3401.12579345703,163.3753125
"78345",2350.97424316406,3273.67995605469,262.04171875
"79080",2057.18801269531,2919.71907958984,318.98375
"79404",2255.0333984375,3197.69377441406,34.99609375
"78119",1993.69512939453,2683.42530517578,196.02328125
"90621",3033.95526123047,1792.54250488281,164.86546875
"6124",2478.09157714844,1834.74409179687,196.74578125
"78888",2139.18043212891,3065.96639404297,557.589375
"7504",2605.31329345703,3389.51196289062,61.09640625
"79213",2021.97962646484,2824.0486328125,400.94234375
"76608",2203.10350341797,3145.93051757813,182.92796875
"75172",2007.82928466797,2409.91331787109,91.39625
"78344",2342.42630615234,3268.33093261719,42.31140625
"90683",3166.77045898437,1841.22222900391,151.8153125
"90700",3186.01955566406,1850.55500488281,213.99546875
"104917",3544.10239257813,2980.12054443359,896.66765625
"103335",3334.65189208984,1946.26820068359,87.6934375
"7562",2577.18443603516,3381.84598388672,92.52515625
"76716",2296.62570800781,3234.19230957031,24.06828125
"79385",2267.06953125,3209.28872070312,135.15265625
"80307",1997.69320068359,2716.82163085938,96.3634375
"90670",3149.33010253906,1833.11340332031,132.08203125
"78304",1987.99871826172,2572.51068115234,180.625
"95040",2533.95479736328,3367.75187988281,32.4221875
"90650",3108.21363525391,1816.07874755859,118.89640625
"6322",2476.35837402344,3344.58917236328,453.549375
"74584",2208.19561767578,2027.11884765625,407.98671875
"8193",3641.69384765625,2552.01439208984,118.62546875
"103215",3401.41901855469,2005.74973144531,487.9584375
"90807",3252.82797851563,1887.28450927734,127.83734375
"75163",2010.33259277344,2395.59862060547,128.6953125
"73715",2252.41263427734,1982.47392578125,281.955625
"7503",2631.71932373047,3396.96336669922,66.5603125
"97195",2692.84088134766,3408.46534423828,21.855625
"102722",3593.50366210938,2308.16400146484,702.63125
"91286",2936.41029052734,1770.73033447266,51.7490625
"78871",2110.97769775391,3025.55819091797,234.1803125
"76502",2376.34641113281,3292.15126953125,207.85421875
"91334",2795.14261474609,1761.73540039063,278.885
"102082",3637.56296386719,2492.99915771484,59.786875
"92753",2526.92175292969,1813.15915527344,271.9309375
"103309",3323.53631591797,1935.8583984375,68.23109375
"105236",3643.2892578125,2581.948046875,124.58609375
"90630",3058.38695068359,1797.91352539062,146.53203125
"74061",2142.27620849609,2106.33278808594,372.0875
"105357",3579.16613769531,2909.48898925781,341.69734375
"96444",2864.73989257812,3416.64202880859,172.31625
"102085",3635.7388671875,2476.82757568359,101.01453125
"90803",3239.52722167969,1878.22814941406,157.45984375
"90611",2982.80812988281,1778.35128173828,314.7390625
"79073",2044.17965087891,2893.51164550781,105.43984375
"97155",2712.98023681641,3411.97180175781,37.34421875
"90791",3213.37104492187,1863.13255615234,160.8465625
"103195",3368.07395019531,1972.62193603516,110.361875
"80174",2004.08604736328,2761.18162841797,191.7334375
"90342",3279.40272216797,1903.1466796875,193.99125
"105434",3387.94934082031,3188.67352294922,630.96828125
"97200",2743.18221435547,3415.54591064453,78.933125
"7501",2612.56734619141,3393.57291259766,77.849375
"90622",3045.86356201172,1793.51224365234,94.24109375
"75174",2004.63555908203,2414.91682128906,253.5071875
"97121",2766.00728759766,3417.2623046875,105.25921875
"91358",2839.20814208984,1761.01945800781,200.26796875
"7556",2549.89001464844,3375.35913085938,120.115625
"105237",3644.19528808594,2593.99663085937,101.7821875
"105362",3593.91330566406,2874.22332763672,357.32140625
"102083",3637.6314453125,2485.05780029297,87.73859375
"74882",2173.31967773438,2064.31506347656,200.44859375
"97488",2680.10229492188,3407.97269287109,111.58109375
"74877",2192.87030029297,2041.26898193359,463.70953125
"92586",2587.51309814453,1792.11480712891,86.20328125
"103349",3360.54493408203,1964.95408935547,100.246875
"78906",2151.95056152344,3088.09544677734,373.75828125
"80177",2009.38858642578,2787.26807861328,83.22296875
"105364",3600.69047851562,2855.67149658203,288.9096875
"79086",2084.65239257812,2983.07105712891,183.87625
"97160",2725.71156005859,3414.4201171875,84.84859375
"79039",2078.03023681641,2970.78154296875,226.323125
"76613",2212.3740234375,3159.98104248047,250.165625
"74396",1999.34526367188,2437.66096191406,119.393125
"74392",1992.07834472656,2482.4615234375,338.89765625
"79030",2064.92205810547,2944.94349365234,72.430625
"102743",3636.386328125,2470.7208984375,83.44875
"78120",1987.64676513672,2656.85076904297,97.718125
"105235",3644.85603027344,2607.58002929687,389.608125
"92754",2510.20626220703,1817.58720703125,125.173125
"95039",2526.54946289062,3368.07644042969,111.12953125
"92769",2545.85977783203,1804.33189697266,91.35109375
"80305",1993.21409912109,2707.80345458984,370.0103125
"80180",2013.32751464844,2806.27541503906,210.6990625
"91278",2916.50750732422,1765.42426757812,186.35984375
"97134",2803.7416015625,3420.11694335938,261.90625
"90794",3223.11346435547,1866.38583984375,140.52625
"92584",2602.02390136719,1786.94881591797,145.99015625
"78117",1984.8927734375,2616.90678710937,545.5778125
"8175",3644.13842773438,2541.11961669922,86.20328125
"79214",2022.73603515625,2839.08446044922,246.914375
"6156",1986.27775878906,2533.92947998047,154.25375
"92575",2678.18232421875,1770.31384277344,395.026875
"104990",3427.29670410156,3151.12639160156,335.82703125
"78717",2183.94862060547,3130.02933349609,182.65703125
"97159",2718.45356445312,3414.86317138672,39.69234375
"90711",3204.87312011719,1856.01671142578,135.78484375
"92505",2825.06361083984,1758.88698730469,96.31828125
"104992",3435.57631835937,3142.15262451172,202.9321875
"78873",2125.29862060547,3053.05245361328,504.66625
"102087",3642.6052734375,2515.88524169922,137.5459375
"78714",2169.65882568359,3113.11815185547,124.1796875
"7511",2626.7291015625,3399.02880859375,71.75328125
"90612",3003.75515136719,1780.47296142578,89.770625
"97139",2825.92813720703,3420.57452392578,236.8896875
"7571",2594.72730712891,3391.05362548828,85.796875
"79390",2292.20180664062,3235.82154541016,68.99875
"78342",2323.97574462891,3260.30511474609,104.6721875
"73696",2295.91412353516,1940.52738037109,376.01609375
"104676",3643.68811035156,2654.20157470703,770.95265625
"74074",2157.54134521484,2081.06707763672,83.268125
"93895",3132.29233398438,3358.03062744141,361.3403125
"79043",2089.25227050781,2995.09536132812,118.26421875
"92755",2501.04095458984,1819.95645751953,65.07015625
"92506",2726.03736572266,1763.15773925781,294.73484375
"73882",2324.86953125,1918.22338867188,194.30734375
"95036",2500.77034912109,3359.37058105469,181.30234375
"91242",2855.00245361328,1759.29829101562,152.13140625
"80178",2004.87379150391,2776.63208007812,171.81953125
"97487",2666.07210693359,3407.6798828125,76.6753125
"102711",3634.98557128906,2452.21223144531,228.0390625
"74393",1994.06140136719,2457.56727294922,141.068125
"91250",2867.23406982422,1759.82829589844,186.63078125
"91303",2948.56657714844,1768.94545898437,89.27390625
"74387",1986.13041992188,2522.46319580078,45.15625
"97158",2705.38979492187,3414.0482421875,73.01765625
"96449",2886.24783935547,3418.29512939453,207.13171875
"103205",3378.98968505859,1978.48872070312,176.65125
"6125",2464.33946533203,1835.39113769531,291.12234375
"79408",2242.5125,3193.28128662109,157.18890625
"103225",3425.99223632812,2025.05817871094,794.97578125
"92591",2562.69812011719,1796.90975341797,163.78171875
"74395",1995.39637451172,2446.76920166016,107.87828125
"79396",2298.34895019531,3241.94399414062,80.78453125
"7754",2637.08411865234,3402.52572021484,51.43296875
"97123",2772.8494140625,3420.791796875,152.94421875
"95038",2511.74377441406,3364.64448242187,186.8565625
"105439",3409.67061767578,3171.88851318359,566.620625
"102737",3615.10437011719,2360.68096923828,531.80515625
"92774",2553.00841064453,1799.56766357422,72.02421875
"7568",2583.66091308594,3389.33909912109,71.7984375
"74071",2114.73815917969,2139.52615966797,310.4040625
"102706",3629.26674804687,2416.62906494141,106.2978125
"79096",2093.93889160156,3005.74443359375,160.75625
"90646",3093.35336914063,1805.12877197266,156.7825
"90628",3065.5814453125,1795.74888916016,80.96515625
"7432",3294.76518554687,1909.27431640625,282.54265625
"7473",3310.01807861328,1920.26102294922,103.45296875
"102709",3633.95336914062,2439.63260498047,125.85046875
"102705",3623.92768554687,2392.47856445312,672.78296875
"92504",2755.80375976562,1759.13621826172,242.4890625
"79373",2271.97965087891,3220.99365234375,207.67359375
"6358",2488.55886230469,3355.76658935547,367.25578125
"90645",3074.56226806641,1798.41779785156,187.98546875
"96452",2903.26796875,3417.84813232422,488.41
"90653",3121.15310058594,1815.14221191406,214.62765625
"73891",2347.78072509766,1900.20260009766,304.39828125
"78346",2332.40041503906,3268.61336669922,73.28859375
"97201",2693.91687011719,3413.80793457031,67.14734375
"74578",2227.84190673828,1998.82999267578,111.67140625
"97161",2733.93244628906,3418.73361816406,61.231875
"76505",2390.14147949219,3306.24952392578,492.8353125
"74926",2090.02797851562,2179.04161376953,297.2184375
"8321",3646.187890625,2530.974609375,19.0559375
"90613",3018.29168701172,1781.58879394531,95.8215625
"96448",2878.40235595703,3420.58988037109,101.01453125
"79401",2251.32523193359,3203.52756347656,42.04046875
"74389",1986.81585693359,2496.30971679687,248.67546875
"97117",2754.05872802734,3420.95220947266,217.60796875
"93872",3148.98167724609,3353.34421386719,146.7578125
"78116",1983.25606689453,2645.49322509766,358.72125
"7557",2554.70073242187,3381.66419677734,113.974375
"92589",2572.27556152344,1792.10629882812,257.79703125
"97486",2642.95048828125,3405.56027832031,59.29015625
"90614",3031.12780761719,1784.31311035156,39.15046875
"79218",2022.01179199219,2847.69423828125,149.06078125
"105238",3648.74245605469,2569.77889404297,261.31921875
"7495",3319.07111816406,1925.25788574219,116.3225
"97551",2686.75537109375,3413.87039794922,27.13890625
"102707",3633.477734375,2429.06239013672,86.38390625
"103345",3350.23432617187,1949.88900146484,88.73203125
"90649",3103.077734375,1806.78187255859,45.56265625
"103211",3396.2248046875,1991.264453125,179.40578125
"90421",3134.82780761719,1819.05831298828,205.77703125
"79031",2069.19571533203,2963.87425537109,149.96390625
"78302",1980.60417480469,2581.81772460938,94.105625
"92750",2537.8244140625,1802.64434814453,102.5046875
"93879",3162.78276367187,3348.19855957031,463.48375
"78875",2099.02374267578,3018.29438476562,123.95390625
"103318",3326.23323974609,1930.15949707031,75.54640625
"97129",2784.460546875,3423.66033935547,121.42515625
"97490",2648.95693359375,3407.57570800781,72.29515625
"74879",2179.2970703125,2048.94533691406,432.19046875
"91285",2936.65329589844,1764.01147460938,170.6003125
"78922",2158.47642822266,3105.01077880859,284.07796875
"102091",3645.62800292969,2507.94616699219,120.79296875
"80310",1996.23765869141,2752.31929931641,121.921875
"92632",2708.23924560547,1761.79205322266,401.34875
"97485",2619.47546386719,3401.29927978516,119.61890625
"75165",2011.66134033203,2362.37017822266,367.03
"104784",3496.13051757812,3072.55285644531,278.6140625
"7585",2606.45589599609,3398.19291992187,75.2303125
"6123",2485.048046875,1822.50106201172,222.6203125
"78303",1980.08703613281,2568.17767333984,101.55640625
"102742",3640.82185058594,2464.47974853516,21.08796875
"74911",2099.86004638672,2158.02092285156,183.28921875
"92579",2611.14604492187,1779.57191162109,213.72453125
"76503",2367.5255859375,3295.12315673828,85.435625
"74883",2163.48553466797,2066.81193847656,149.60265625
"90682",3165.97814941406,1831.62216796875,223.83953125
"78336",2308.91501464844,3254.38956298828,205.19
"79215",2023.07449951172,2855.79600830078,248.22390625
"103351",3358.675390625,1955.28720703125,142.73890625
"102086",3644.33225097656,2488.36275634766,21.72015625
"97495",2671.77059326172,3412.89049072266,49.310625
"97162",2740.48591308594,3421.92858886719,52.51671875
"90671",3149.42680664062,1823.95618896484,97.58265625
"90796",3235.92468261719,1867.81357421875,156.64703125
"7570",2587.83579101563,3393.88170166016,37.2990625
"7631",3018.56893310547,3400.22100830078,658.33296875
"90808",3266.97769775391,1886.75242919922,62.8575
"74302",2027.54716796875,2309.74467773437,544.53921875
"104792",3517.565625,3042.47020263672,464.70296875
"90813",3277.40347900391,1893.32457275391,72.11453125
"6155",1979.89881591797,2552.37423095703,286.8325
"79074",2050.28176269531,2927.38132324219,114.8775
"80308",1992.672265625,2740.07419433594,174.48375
"105363",3595.72370605469,2888.46497802734,102.36921875
"102089",3645.66369628906,2495.92518310547,66.650625
"8241",3648.51916503906,2524.80028076172,165.7234375
"91272",2893.4564453125,1757.28327636719,302.32109375
"80175",2002.23559570312,2785.91007080078,71.9790625
"78716",2173.43236083984,3125.98747558594,104.1303125
"74055",2143.19489746094,2091.75142822266,171.3228125
"74053",2149.18453369141,2083.70817871094,187.1275
"79028",2060.77436523437,2951.08461914062,147.61578125
"78864",2100.91237792969,3025.31186523438,46.9625
"90709",3200.33944091797,1847.26789550781,155.3375
"90667",3082.98735351562,1797.23721923828,92.660625
"90617",3043.1693359375,1784.83792724609,105.3946875
"74567",2238.63043212891,1983.25565185547,313.745625
"96453",2933.84763183594,3417.89108886719,619.905
"91315",2958.57150878906,1765.40870361328,72.3403125
"102741",3641.67973632812,2460.63192138672,30.0740625
"105368",3603.85515136719,2868.67923583984,62.0446875
"74945",2065.15759277344,2218.15178222656,264.8865625
"97202",2698.2419921875,3418.39245605469,35.221875
"78340",2314.84405517578,3260.69400634766,96.9053125
"97147",2855.81177978516,3425.61683349609,89.95125
"73701",2267.85748291016,1956.29409179687,428.57796875
"75162",2004.82606201172,2379.36851806641,155.156875
"96447",2874.62342529297,3424.67593994141,60.46421875
"8154",3650.25485839844,2533.90831298828,82.59078125
"7554",2536.50251464844,3379.19118652344,207.13171875
"104933",3536.89689941406,3013.82233886719,394.2140625
"92577",2624.26293945312,1774.35279541016,146.17078125
"79072",2053.0056640625,2936.89401855469,188.79828125
"97550",2678.57287597656,3415.88126220703,66.10875
"102718",3593.54516601562,2281.36098632812,833.99078125
"78351",2337.0185546875,3277.34329833984,92.34453125
"105413",3322.95775146484,3255.51639404297,521.5546875
"79379",2282.47474365234,3236.26937255859,128.74046875
"103312",3344.69313964844,1940.79777832031,134.565625
"79314",2030.30655517578,2883.32430419922,308.688125
"75159",2000.54099121094,2393.13411865234,112.30359375
"103307",3334.55747070313,1932.36812744141,123.86359375
"74068",2116.19100341797,2127.28022460937,220.00125
"92752",2502.99869384766,1811.94744873047,53.05859375
"92570",2657.16516113281,1766.65983886719,257.21
"73899",2359.27938232422,1886.36768798828,343.14234375
"74385",1979.45015869141,2523.85233154297,64.7540625
"79209",2007.275,2813.56661376953,61.00609375
"103199",3377.62192382813,1968.31632080078,90.854375
"74305",2031.92666015625,2290.26772460937,474.4115625
"74388",1980.18270263672,2512.28062744141,201.98390625
"78333",2298.25266113281,3249.99678955078,110.76828125
"90798",3251.65860595703,1873.89306640625,201.98390625
"78301",1976.51790771484,2594.58245849609,156.7825
"97145",2844.67067871094,3427.73125,130.7725
"79317",2039.5451171875,2909.19306640625,261.545
"92502",2794.52150878906,1751.21851806641,183.6053125
"74390",1985.56243896484,2465.01805419922,295.72828125
"78118",1979.83510742187,2668.09085693359,398.5490625
"73883",2326.47427978516,1907.77498779297,117.6771875
"7651",3311.26402587891,3265.98782958984,385.634375
"90697",3181.66164550781,1835.21391601563,176.06421875
"7561",2570.38485107422,3392.11840820312,226.45859375
"7572",2592.62741699219,3398.57641601562,55.6325
"78115",1981.83746337891,2688.03618164062,341.6521875
"79376",2262.52734375,3221.05860595703,62.8575
"7633",3066.79564208984,3389.99984130859,888.9459375
"90793",3229.86075439453,1860.45700683594,77.5784375
"7474",3309.68833007813,1912.05196533203,73.514375
"104896",3577.00336914062,2940.81842041016,473.779375
"92498",2769.22757568359,1751.87365722656,213.679375
"90616",3057.62037353516,1786.42752685547,107.7428125
"79217",2022.52768554687,2865.60462646484,192.23015625
"104906",3566.79340820312,2962.42908935547,715.50078125
"97203",2713.95495605469,3422.77713623047,123.05078125
"90609",3032.76243896484,1779.24174804688,77.3978125
"8189",3653.11821289062,2547.22795410156,247.68203125
"92625",2693.48253173828,1759.29289550781,228.0390625
"6154",1977.52769775391,2534.34763183594,123.50234375
"90607",3017.62139892578,1775.03304443359,72.29515625
"92518",2908.08553466797,1755.37326660156,193.1784375
"80173",2002.89820556641,2802.52117919922,100.74359375
"97492",2636.81600341797,3410.09084472656,45.4271875
"79405",2240.5236328125,3201.95830078125,132.398125
"97164",2724.12756347656,3424.41571044922,117.81265625
"92581",2589.79747314453,1780.78009033203,141.61
"73755",2421.33768310547,1847.98923339844,339.07828125
"103197",3370.89766845703,1960.31166992187,104.220625
"90704",3191.62403564453,1839.13603515625,117.54171875
"7558",2559.83538818359,3389.85935058594,123.41203125
"78357",2351.29693603516,3290.06673583984,144.72578125
"74307",2036.09759521484,2275.07521972656,349.46421875
"7635",3102.34270019531,3379.04758300781,689.58109375
"90606",3007.63576660156,1772.03065185547,147.02875
"97556",2684.67996826172,3419.63363037109,51.116875
"105366",3597.17883300781,2896.34117431641,270.89234375
"76611",2194.08470458984,3155.79661865234,216.07265625
"102088",3647.48820800781,2475.28010253906,48.18171875
"97163",2704.41134033203,3422.76219482422,85.11953125
"90651",3108.68740234375,1802.30816650391,111.58109375
"73872",2308.18724365234,1919.31099853516,410.51546875
"78300",1974.75004882813,2572.27514648438,76.35921875
"97553",2659.7197265625,3415.69013671875,68.14078125
"80311",1993.83541259766,2768.9115234375,145.99015625
"93888",3191.82740478516,3341.02502441406,459.7809375
"102710",3635.65378417969,2407.97508544922,203.4740625
"92574",2643.12729492188,1766.88665771484,397.32984375
"7704",2603.29516601562,3403.16820068359,68.23109375
"76605",2185.05635986328,3146.26732177734,236.98
"76504",2358.90543212891,3295.95302734375,101.7821875
"102090",3648.60383300781,2480.39836425781,98.1696875
"79367",1975.12254638672,2630.49910888672,210.8796875
"105239",3655.87780761719,2587.27299804687,204.15140625
"102740",3640.75502929687,2430.55134277344,48.63328125
"74570",2216.17370605469,1999.21680908203,225.64578125
"97143",2836.37446289062,3430.41904296875,117.36109375
"103230",3447.75999755859,2035.69293212891,636.7934375
"74076",2157.47867431641,2065.21507568359,80.378125
"92272",2994.59399414062,1767.94521484375,158.45328125
"92263",2977.11130371094,1764.28415527344,289.94828125
"78349",2323.72589111328,3272.54025878906,120.88328125
"79370",2273.63524169922,3233.58905029297,77.26234375
"92260",2966.60832519531,1762.20916748047,114.01953125
"102730",3617.46967773438,2337.19411621094,197.73921875
"7551",2522.50822753906,3378.55555419922,205.59640625
"103299",3324.89577636719,1920.40379638672,28.9903125
"97554",2654.52572021484,3415.65153808594,40.0084375
"97489",2614.54874267578,3406.91538085938,62.54140625
"79386",2289.18343505859,3246.65095214844,79.83625
"90805",3272.89656982422,1883.70230712891,83.3584375
"97132",2793.72961425781,3430.93555908203,82.365
"90676",3157.969140625,1821.15592041016,120.29625
"90652",3117.11145019531,1804.19389648438,129.91453125
"97555",2666.47012939453,3418.09010009766,78.25578125
"105005",3463.98802490234,3125.74986572266,978.084375
"97552",2649.8484375,3415.10762939453,43.9821875
"97135",2803.08604736328,3431.4267578125,117.948125
"92583",2579.48063964844,1781.44809570312,202.480625
"79210",2006.6275390625,2824.86003417969,120.88328125
"74943",2064.99095458984,2207.24434814453,169.606875
"79380",2254.51107177734,3217.97507324219,173.8515625
"92501",2738.6701171875,1751.19797363281,230.2065625
"76621",2211.5373046875,3176.86711425781,346.8903125
"75175",1990.54809570312,2418.61440429687,359.8953125
"92751",2515.90557861328,1802.55802001953,310.08796875
"74931",2077.32052001953,2183.61243896484,217.653125
"74582",2192.51357421875,2022.18465576172,185.09546875
"97196",2694.24309082031,3423.36109619141,71.12109375
"96445",2869.39663085937,3430.31756591797,143.958125
"92503",2815.21577148437,1747.24451904297,469.85078125
"97549",2643.32236328125,3414.51599121094,42.7178125
"93882",3180.01207275391,3349.00913085938,393.53671875
"74934",2071.97004394531,2192.45899658203,172.496875
"97130",2785.87583007813,3431.82602539063,66.289375
"97628",2597.61494140625,3403.83205566406,48.90421875
"78869",2090.12239990234,3019.41104736328,120.97359375
"74073",2101.35460205078,2141.42019042969,230.16140625
"92572",2632.62618408203,1766.88395996094,166.2653125
"90786",3220.48709716797,1850.8484375,206.815625
"97165",2734.18748779297,3428.71821289062,116.99984375
"80303",1987.36267089844,2749.58875732422,84.39703125
"79395",2245.42648925781,3211.11925048828,144.4096875
"78355",2340.98674316406,3286.76427001953,140.02953125
"92499",2786.92484130859,1747.17728271484,167.30390625
"97125",2775.38156738281,3431.75380859375,121.06390625
"79319",2039.67668457031,2920.65706787109,86.56453125
"102329",3644.39409179687,2438.723046875,133.25609375
"96455",2990.03499755859,3414.3669921875,330.4534375
"78353",2329.38930664062,3278.85715332031,60.9609375
"97491",2626.42384033203,3411.51007080078,144.81609375
"102094",3654.23840332031,2507.93599853516,113.251875
"92514",2924.16560058594,1753.56348876953,191.95921875
"6117",2495.70708007812,1809.22811279297,198.7778125
"90615",3068.31011962891,1785.37374267578,82.68109375
"103255",3487.57905273437,2080.99008789063,765.44359375
"92497",2757.22236328125,1748.25015869141,218.4659375
"92576",2613.80457763672,1770.60789794922,95.14421875
"76554",2428.8185546875,3339.53648681641,746.523125
"79372",2262.65642089844,3227.19827880859,28.8096875
"74386",1983.38078613281,2447.75927734375,89.1384375
"74564",2203.89685058594,2008.06398925781,260.59671875
"105375",3619.65610351563,2843.23941650391,394.485
"7493",3318.93498535156,1913.07130126953,85.84203125
"74952",2043.16591796875,2248.98420410156,657.7459375
"80306",1995.29738769531,2789.78487548828,76.90109375
"78883",2131.20026855469,3084.04072265625,522.909375
"92523",2945.02816162109,1755.94892578125,120.476875
"74063",2117.25848388672,2115.08077392578,296.3153125
"74936",2066.85883789062,2199.31025390625,136.6428125
"79087",2069.80063476563,2985.66567382812,257.8421875
"105369",3613.59030761719,2862.74874267578,175.5675
"97166",2745.67680664062,3430.83885498047,95.550625
"7472",3310.01102294922,1905.99031982422,55.5421875
"80302",1982.66318359375,2730.49467773437,202.841875
"80300",1981.26885986328,2722.1482421875,77.66875
"92510",2855.78999023437,1746.48997802734,166.8071875
"79036",2076.36468505859,2998.50718994141,156.37609375
"92500",2832.22033691406,1745.57875976562,262.85453125
"92258",2956.33444824219,1757.28099365234,136.41703125
"102093",3653.89599609375,2493.25606689453,80.378125
"102092",3653.08251953125,2485.73721923828,106.026875
"7431",3291.88170166016,1892.66984863281,212.1440625
"97566",2686.23740234375,3424.38831787109,44.0725
"7464",3305.09322509766,1901.78120117187,65.928125
"79211",2007.75748291016,2838.37495117187,141.068125
"104880",3590.81337890625,2923.74454345703,374.39046875
"104785",3492.06271972656,3094.74063720703,471.43125
"90800",3267.27797851562,1876.26854248047,127.7921875
"97563",2674.24090576172,3422.62294921875,74.05625
"90648",3100.23326416016,1794.49215087891,140.0746875
"92972",3283.87124023437,3292.50426025391,618.05359375
"7548",2506.68486328125,3376.32015380859,242.1278125
"76630",2226.023828125,3195.48452148437,304.2628125
"102865",3568.88520507812,2208.18233642578,824.2821875
"97137",2814.33734130859,3434.65804443359,212.55046875
"92521",2931.21068115234,1752.753125,52.923125
"78880",2082.32900390625,3010.63131103516,170.87125
"7566",2577.64927978516,3400.66510009766,134.4753125
"104677",3654.45131835937,2686.93155517578,1010.596875
"105370",3611.00959472656,2873.44471435547,116.99984375
"73881",2327.89848632812,1899.02430419922,304.94015625
"78299",1969.83868408203,2585.90731201172,132.26265625
"79077",2053.84923095703,2957.08878173828,76.81078125
"103208",3384.50513916016,1965.19979248047,72.02421875
"90608",3047.82897949219,1777.10284423828,136.010625
"92748",2532.07674560547,1793.10695800781,235.8059375
"97149",2860.70405273437,3433.78978271484,93.744375
"92768",2547.95489501953,1787.636328125,309.54609375
"105422",3346.63635253906,3247.05789794922,339.8459375
"90605",3030.99001464844,1772.26867675781,147.570625
"97141",2828.86184082031,3435.0923828125,135.9203125
"74568",2250.41090087891,1960.28489990234,192.50109375
"74391",1983.72008056641,2434.95864257812,337.4075
"79369",2267.26480712891,3233.86567382812,24.4746875
"97119",2759.266015625,3433.44156494141,171.09703125
"105240",3660.06430664063,2559.28048095703,212.09890625
"96459",2956.4494140625,3423.40239257812,611.00921875
"76603",2173.11879882812,3140.26938476563,181.4378125
"74059",2122.68491210938,2104.03430175781,256.668125
"78348",2313.18120117187,3270.39388427734,125.39890625
"103214",3395.34658203125,1974.56286621094,243.12125
"76552",2451.10137939453,3353.18546142578,861.17484375
"102331",3650.19675292969,2456.21486816406,146.30625
"96454",2978.94266357422,3419.51741943359,173.6709375
"92973",3265.47691650391,3305.66411132812,481.68171875
"79315",2030.17685546875,2905.44256591797,88.5965625
"103194",3368.36862792969,1949.80495605469,84.57765625
"92509",2871.50336914062,1745.57253417969,312.07484375
"105241",3660.94418945313,2575.53776855469,125.48921875
"75156",1994.84458007812,2381.60889892578,152.4475
"90664",3089.51840820313,1789.18317871094,202.70640625
"103308",3346.92459716797,1931.48430175781,115.96125
"97624",2590.16436767578,3405.57563476562,52.78765625
"79206",1999.30687255859,2815.658203125,93.42828125
"103236",3470.56971435547,2054.32465820312,900.235
"80309",1995.35673828125,2801.12872314453,157.73078125
"80301",1986.55915527344,2763.74387207031,157.2340625
"103217",3409.33547363281,1986.88039550781,270.9375
"102328",3644.10190429688,2418.69554443359,134.6559375
"76616",2197.01550292969,3168.37811279297,288.63875
"90610",3059.03337402344,1778.98504638672,66.289375
"74947",2048.98352050781,2228.99758300781,642.121875
"73914",2397.80393066406,1852.84498291016,667.63515625
"97558",2639.79847412109,3418.13907470703,29.3515625
"78915",2149.32813720703,3113.22938232422,118.85125
"93896",3147.55892333984,3368.54273681641,337.6784375
"92495",2843.1337890625,1743.15098876953,227.1359375
"6121",2475.61026611328,1813.62233886719,114.2453125
"79383",2282.37907714844,3248.38145751953,82.50046875
"104787",3504.01127929687,3082.44095458984,53.96171875
"90790",3243.37857666016,1858.86055908203,163.33015625
"90710",3203.72885742188,1836.99588623047,117.7675
"104788",3512.30666503906,3070.75677490234,441.31203125
"97493",2614.17769775391,3412.7732421875,53.14890625
"103314",3358.96612548828,1940.14512939453,195.255625
"6153",1969.42862548828,2536.034765625,215.71140625
"76506",2363.25628662109,3306.59691162109,212.6859375
"79365",1968.00151367188,2615.45,193.63
"76545",2401.05264892578,3329.10821533203,587.3021875
"97618",2583.93857421875,3405.04168701172,66.0184375
"103303",3335.55854492187,1920.85349121094,78.210625
"73694",2271.34443359375,1939.37191162109,433.9515625
"74077",2147.98403320312,2066.63305664062,278.704375
"105365",3599.97827148438,2909.66268310547,166.40078125
"103201",3377.65450439453,1955.61301269531,85.8871875
"103306",3340.68303222656,1924.63594970703,51.478125
"105431",3378.83342285156,3222.79222412109,729.0928125
"97564",2653.11375732422,3421.92506103516,26.37125
"79070",2048.37860107422,2951.82110595703,91.035
"74580",2219.7783203125,1985.9087890625,182.973125
"7555",2547.51702880859,3394.322265625,299.7471875
"92494",2773.36966552734,1742.79135742187,230.5678125
"78298",1967.45532226562,2563.24908447266,281.82015625
"92254",2684.54611816406,1751.76346435547,170.6003125
"90669",3149.53284912109,1810.39852294922,233.32234375
"92578",2590.64353027344,1771.76502685547,170.87125
"78850",2091.85415039062,3033.60289306641,242.218125
"92519",2936.27021484375,1749.85407714844,93.24765625
"103221",3424.72989501953,1999.55983886719,400.806875
"97167",2706.80653076172,3431.32901611328,99.84046875
"73754",2460.40987548828,1818.70615234375,413.089375
"92253",2669.24404296875,1753.66372070312,254.0490625
"75150",1990.13098144531,2390.02194824219,109.77484375
"102326",3650.95378417969,2443.08344726562,102.91109375
"97567",2658.68586425781,3424.01540527344,40.05359375
"92277",3005.92518310547,1762.58955078125,99.93078125
"74583",2180.09560546875,2026.20617675781,154.75046875
"93894",3172.93731689453,3359.49675292969,178.09625
"102096",3659.87712402344,2506.02204589844,40.09875
"78297",1966.02073974609,2599.76463623047,155.69875
"97570",2687.54809570312,3429.21750488281,41.67921875
"104798",3540.52849121094,3031.08505859375,235.17375
"79320",2042.93909912109,2943.68571777344,161.7496875
"79371",2261.49410400391,3234.05368652344,69.85671875
"78356",2328.63186035156,3286.16744384766,86.880625
"97494",2604.45208740234,3412.67799072266,117.948125
"97561",2646.20812988281,3422.28406982422,53.465
"78927",2155.70770263672,3125.48465576172,173.8515625
"105437",3401.1953125,3204.62513427734,695.81265625
"102333",3656.51987304688,2472.42152099609,173.1290625
"97557",2633.36599121094,3419.72037353516,80.24265625
"90795",3260.98287353516,1866.47694091797,175.43203125
"90696",3182.11071777344,1823.40812988281,178.9090625
"79216",2016.41395263672,2880.16108398437,197.3328125
"97133",2794.51300048828,3439.22160644531,95.05390625
"102327",3648.64243164063,2424.94976806641,85.39046875
"79378",2274.31424560547,3245.35893554687,107.2009375
"97107",2882.14227294922,3436.88804931641,95.50546875
"74039",2162.86110839844,2044.65404052734,321.9640625
"78928",2161.82703857422,3133.51337890625,333.7046875
"102332",3655.56279296875,2464.01075439453,159.7628125
"90659",3075.76588134766,1780.72239990234,114.4259375
"90654",3134.34532470703,1801.98879394531,319.4353125
"74574",2240.43149414063,1963.30617675781,184.6890625
"102732",3629.43359375,2346.32518310547,215.62109375
"80304",1988.11181640625,2786.77501220703,213.99546875
"7430",3288.58670654297,1883.72928466797,124.67640625
"97560",2624.30257568359,3418.16065673828,21.494375
"75148",1986.51101074219,2398.91540527344,194.03640625
"96451",2894.86633300781,3436.09075927734,283.62640625
"79069",2054.07397460938,2968.92590332031,328.51171875
"97169",2720.60886230469,3434.63666992187,117.3159375
"79377",2256.13055419922,3230.46940917969,65.4765625
"92282",3019.51190185547,1764.39932861328,147.8415625
"78361",2348.13413085938,3300.39788818359,123.77328125
"79318",2036.73986816406,2932.31011962891,173.26453125
"75155",1999.55444335938,2348.596484375,472.6053125
"97148",2855.91719970703,3439.07862548828,91.4865625
"90684",3166.66918945312,1815.38210449219,206.22859375
"74382",1970.07235107422,2492.84497070312,398.7296875
"78886",2134.9044921875,3100.36981201172,231.380625
"74906",2086.41693115234,2150.94844970703,481.95265625
"7636",3126.59197998047,3381.03354492188,704.48265625
"105367",3605.88178710938,2902.60307617187,41.85984375
"79366",1965.98587646484,2640.96162109375,308.7784375
"90668",3111.43516845703,1792.47713623047,77.66875
"78844",2098.68880615234,3048.38824462891,693.6903125
"74927",2070.12913818359,2178.85899658203,97.4471875
"79368",1971.86677246094,2703.00726318359,429.39078125
"97572",2677.68054199219,3429.28370361328,80.51359375
"92569",2619.69045410156,1761.62230224609,149.60265625
"102744",3636.14768066406,2366.97399902344,565.175625
"76546",2411.96713867188,3339.1951171875,290.8965625
"74056",2127.49251708984,2088.00300292969,218.55625
"105446",3431.40538330078,3176.58198242187,762.28265625
"97022",2764.59387207031,3439.51005859375,63.6703125
"90778",3216.66126708984,1839.10013427734,209.9765625
"92515",2909.33542480469,1743.58864746094,308.4171875
"90666",3068.08765869141,1776.82497558594,51.61359375
"79402",2290.94071044922,3260.66619873047,141.47453125
"73859",2291.62448730469,1918.11008300781,314.15203125
"97622",2592.05611572266,3411.45321044922,71.6178125
"104931",3554.94736328125,3010.94591064453,445.82765625
"97170",2740.25743408203,3437.87521972656,93.33796875
"74381",1971.62770996094,2472.26899414062,337.4075
"79208",2005.26849365234,2854.07069091797,206.40921875
"74384",1975.52036132812,2445.23563232422,77.89453125
"79088",2060.15408935547,2984.55004882812,107.110625
"92571",2597.85047607422,1765.94285888672,169.74234375
"96461",2917.28985595703,3435.48500976562,467.23171875
"103296",3330.62352294922,1911.43853759766,236.39296875
"102095",3661.24924316406,2490.54212646484,148.47375
"76507",2371.78928222656,3317.45391845703,295.00578125
"102728",3625.28901367187,2326.05405273438,280.10421875
"97024",2783.70787353516,3441.25322265625,71.66296875
"97023",2775.96573486328,3440.96145019531,66.06359375
"90799",3279.17860107422,1875.00869140625,130.81765625
"6118",2486.83479003906,1803.02327880859,143.19046875
"7481",3314.32037353516,1898.86949462891,56.21953125
"90663",3084.66784667969,1780.99196777344,60.73515625
"102724",3620.50361328125,2310.60941162109,641.3090625
"90785",3237.70270996094,1849.341015625,111.8971875
"102099",3664.49401855469,2517.92640380859,186.04375
"93893",3232.96628417969,3332.73420410156,1067.4034375
"92270",2991.25458984375,1755.55152587891,111.49078125
"97565",2638.99371337891,3423.91517333984,39.51171875
"73890",2350.11407470703,1874.93585205078,327.111875
"79212",2008.58029785156,2867.12449951172,42.808125
"74380",1965.14396972656,2518.58403320312,201.5775
"74052",2134.35498046875,2075.82534179687,290.76109375
"78863",2078.17114257812,3019.20933837891,78.79765625
"80297",1972.36232910156,2721.5173828125,240.99890625
"102712",3586.63933105469,2226.40296630859,790.00859375
"78354",2316.83354492187,3282.00688476562,107.471875
"102324",3653.46975097656,2433.45599365234,40.68578125
"97025",2824.92291259766,3442.58881835937,81.77796875
"74920",2073.92238769531,2167.30576171875,208.260625
"103302",3346.59609375,1922.61802978516,37.2990625
"78885",2071.96734619141,3008.77338867187,74.01109375
"97204",2691.52894287109,3433.80596923828,94.5571875
"92275",3001.23005371094,1757.08966064453,80.739375
"80299",1977.90247802734,2754.80289306641,130.81765625
"105371",3611.23081054688,2896.38267822266,103.5884375
"92496",2717.99992675781,1741.94426269531,564.76921875
"7550",2515.55964355469,3388.75140380859,125.12796875
"7553",2533.36938476562,3395.21397705078,120.16078125
"79306",2019.55787353516,2898.75545654297,450.97546875
"97103",2872.65053710937,3441.10754394531,143.41625
"76610",2169.92279052734,3148.42407226562,57.8903125
"92777",2554.82005615234,1776.91711425781,251.92671875
"7462",3308.27221679688,1893.24716796875,127.11484375
"78296",1961.50864257812,2579.00189208984,107.2009375
"76626",2209.13754882813,3191.05812988281,323.45421875
"97573",2664.59581298828,3429.98366699219,81.6425
"75149",1991.10798339844,2366.06361083984,293.0640625
"97559",2615.43256835937,3419.75295410156,72.791875
"79387",2244.07034912109,3224.45881347656,115.28390625
"79363",1962.005859375,2626.29476318359,66.5603125
"74558",2189.41053466797,2008.66558837891,172.90328125
"74308",2022.97239990234,2270.77105712891,147.97703125
"97172",2729.82584228516,3439.31146240234,100.02109375
"6119",2476.84645996094,1805.60544433594,89.3190625
"80298",1974.78262939453,2742.14378662109,228.71640625
"79203",1991.24162597656,2814.76918945312,58.74828125
"75154",2000.335546875,2333.61087646484,281.82015625
"105373",3619.02192382812,2877.56708984375,233.72875
"73885",2337.10010986328,1881.87613525391,160.89171875
"7494",3320.47581787109,1901.31490478516,105.62046875
"79204",1995.28389892578,2829.53876953125,266.28640625
"76643",2234.802734375,3216.47678222656,122.3734375
"92749",2505.58168945312,1793.53673095703,208.8025
"74571",2226.60177001953,1970.36744384766,365.22375
"79091",2045.04313964844,2959.90274658203,32.19640625
"97026",2808.73452148437,3444.09167480469,75.72703125
"92573",2567.32373046875,1771.92004394531,166.40078125
"105376",3626.92758789063,2855.89893798828,242.80515625
"6365",2488.93924560547,3379.50869140625,399.361875
"79374",2266.31395263672,3244.82353515625,92.79609375
"92493",2740.66313476562,1738.35490112305,171.59375
"90708",3197.56594238281,1825.53312988281,228.0390625
"97174",2749.73070068359,3441.78385009766,91.98328125
"7498",2500.74191894531,3384.46861572266,128.92109375
"74383",1971.25936279297,2453.16557617187,194.66859375
"103210",3391.07230224609,1958.24954833984,254.7715625
"97569",2651.22242431641,3428.60635986328,59.01921875
"96458",2977.85588378906,3428.84749755859,253.3265625
"92265",2977.32670898437,1750.39549560547,128.74046875
"92259",2963.80847167969,1747.83781738281,160.98203125
"97575",2669.64206542969,3432.17299804687,50.033125
"7680",3304.78651123047,3290.54071044922,594.798125
"97562",2628.05162353516,3424.06085205078,65.566875
"78917",2147.77298583984,3124.43419189453,66.7409375
"102098",3665.39548339844,2500.24490966797,109.278125
"102097",3666.42353515625,2509.69763183594,70.805
"97609",2562.01807861328,3406.62775878906,209.57015625
"97027",2770.24462890625,3443.76586914062,78.8428125
"105242",3670.17299804687,2600.27347412109,854.35625
"97168",2699.72679443359,3437.27196044922,130.6821875
"74306",2025.9451171875,2259.39151611328,323.4090625
"7552",2524.75628662109,3394.42395019531,131.314375
"97086",2847.89553222656,3444.57727050781,212.36984375
"104793",3539.8083984375,3044.2451171875,253.10078125
"90604",3056.66391601563,1768.96558837891,127.74703125
"102320",3658.30744628906,2445.17316894531,155.518125
"90665",3123.67280273437,1791.66884765625,180.7153125
"90781",3231.50098876953,1842.26646728516,128.74046875
"78347",2296.12932128906,3270.07783203125,210.92484375
"79312",2026.02335205078,2921.02105712891,237.0703125
"103203",3380.64921875,1947.58615722656,80.42328125
"76636",2224.07355957031,3208.80520019531,95.2796875
"80295",1977.09916992188,2764.41083984375,64.5734375
"92567",2603.72037353516,1760.22216796875,138.22328125
"97171",2710.49913330078,3439.29154052734,51.2975
"97631",2600.30294189453,3418.34327392578,51.07171875
"97616",2580.66350097656,3413.035546875,48.04625
"104794",3532.25883789062,3057.04782714844,518.16796875
"8249",3669.0416015625,2528.79233398438,361.83703125
"92492",2804.32950439453,1733.46314697266,260.641875
"75176",1976.45108642578,2415.87784423828,136.19125
"104901",3590.08498535156,2953.84151611328,320.47390625
"78365",2341.33143310547,3303.18010253906,40.14390625
"73842",2273.10482177734,1926.51628417969,209.525
"97030",2791.18189697266,3445.846875,68.14078125
"75161",2008.47674560547,2301.40384521484,226.2328125
"92286",3029.08083496094,1760.32758789062,136.05578125
"90788",3251.84267578125,1852.88814697266,144.63546875
"92290",3037.56008300781,1762.47416992188,70.44375
"74057",2118.06365966797,2091.47584228516,154.75046875
"78350",2302.04674072266,3275.92012939453,120.2059375
"92491",2784.76248779297,1733.45972290039,151.31859375
"92293",3046.18666992187,1764.70417480469,171.5034375
"7455",3304.51320800781,1886.50133056641,122.96046875
"92250",2653.67032470703,1748.20346679687,362.153125
"74923",2064.90815429687,2175.50880126953,64.34765625
"102318",3656.64895019531,2428.95510253906,69.94703125
"79375",2259.31805419922,3241.97761230469,86.158125
"104680",3658.65400390625,2739.84903564453,672.7378125
"74064",2096.51068115234,2122.57990722656,286.87765625
"97574",2657.92385253906,3432.17860107422,73.33375
"97031",2835.31839599609,3446.65765380859,193.13328125
"103218",3411.84044189453,1974.37277832031,219.50453125
"76632",2216.70184326172,3203.73383789062,49.89765625
"79384",2247.26469726562,3232.11337890625,63.21875
"97173",2716.82764892578,3441.41674804688,56.0840625
"103313",3374.05922851562,1939.68319091797,191.0109375
"76543",2382.0453125,3329.79302978516,316.59046875
"78853",2078.0275390625,3028.01293945312,119.98015625
"92281",3014.60032958984,1755.78975830078,66.96671875
"102822",3548.29760742188,2145.247265625,637.786875
"7679",3314.84436035156,3286.42310791016,98.801875
"6120",2466.75623779297,1806.07921142578,72.47578125
"78295",1957.45433349609,2589.41252441406,146.2159375
"76648",2237.09603271484,3223.32928466797,30.48046875
"105421",3337.30648193359,3269.88608398438,425.91375
"104681",3662.72387695312,2719.58579101563,477.6628125
"97571",2641.75642089844,3429.64748535156,84.57765625
"79364",1963.44002685547,2692.03508300781,176.51578125
"96462",3054.95727539062,3413.12145996094,729.905625
"6114",2493.56091308594,1794.51041259766,115.058125
"76641",2227.42935791016,3214.52900390625,70.03734375
"74940",2046.95709228516,2207.86296386719,338.2203125
"8194",3671.86511230469,2551.39017333984,113.02609375
"97028",2756.61702880859,3445.48018798828,52.24578125
"104923",3574.57663574219,2988.26485595703,577.0065625
"97614",2572.98133544922,3412.72073974609,99.38890625
"97032",2802.99349365234,3447.49416503906,73.46921875
"79029",2062.88317871094,3002.45338134766,149.69296875
"76612",2169.16368408203,3154.45147705078,236.84453125
"97576",2674.87591552734,3436.19763183594,51.97484375
"78359",2322.37846679687,3292.26063232422,73.6046875
"105244",3672.59931640625,2561.97885742188,157.18890625
"73918",2409.55866699219,1833.33088378906,304.0821875
"103305",3358.42055664062,1925.46519775391,190.37875
"92268",2987.54766845703,1748.99805908203,71.16625
"74565",2208.36993408203,1982.57623291016,317.2678125
"79207",2005.01448974609,2873.46920166016,154.615
"90792",3266.93432617188,1860.03345947266,27.68078125
"104884",3603.39611816406,2928.93460693359,216.52421875
"105374",3618.95676269531,2890.20544433594,161.07234375
"90801",3287.77613525391,1873.31823730469,160.214375
"78294",1957.02269287109,2562.88986816406,85.48078125
"6151",1957.66496582031,2545.66844482422,175.748125
"75157",2003.37280273438,2309.95966796875,219.41421875
"90660",3103.91383056641,1781.27917480469,141.11328125
"75169",1976.96594238281,2402.74372558594,79.475
"74579",2178.08951416016,2013.84984130859,133.97859375
"92274",2999.29223632812,1751.06951904297,35.62828125
"74581",2168.6322265625,2024.30550537109,191.1915625
"105428",3373.37711181641,3242.12308349609,534.33390625
"104789",3514.41423339844,3088.01368408203,206.7253125
"73851",2280.06772460938,1917.82017822266,168.83921875
"90797",3275.03028564453,1864.48537597656,123.41203125
"78899",2134.41951904297,3113.63404541016,106.79453125
"78352",2306.79105224609,3282.11624755859,100.74359375
"79381",2251.05483398437,3237.67095947266,54.4584375
"74379",1960.21911621094,2504.25709228516,331.808125
"97626",2588.58514404297,3418.36693115234,92.43484375
"92522",2948.28393554688,1741.032421875,314.5584375
"92512",2886.83532714844,1733.53328857422,480.7334375
"97106",2881.92583007812,3446.39202880859,51.839375
"97634",2606.57978515625,3423.39243164063,56.174375
"6152",1956.35655517578,2554.06987304687,78.3009375
"73869",2307.36442871094,1896.24624023437,213.1375
"97175",2742.74642333984,3446.17081298828,19.4171875
"97029",2763.59217529297,3447.73779296875,49.8525
"96457",3006.91608886719,3427.60051269531,754.24484375
"92511",2849.45255126953,1730.6633972168,352.53484375
"80296",1976.728125,2780.90843505859,162.6528125
"105246",3672.94089355469,2646.38410644531,823.24359375
"97568",2622.36268310547,3427.69223632813,101.91765625
"90672",3149.81466064453,1797.69230957031,175.97390625
"97033",2778.50950927734,3448.79095458984,45.4271875
"102316",3660.51254882813,2433.08992919922,23.16515625
"73876",2318.98282470703,1887.14588623047,301.95984375
"97034",2817.92493896484,3449.71420898438,122.41859375
"73880",2328.50216064453,1880.44259033203,88.37078125
"8164",3673.54851074219,2538.84167480469,247.636875
"97109",2892.79943847656,3446.39202880859,76.90109375
"105245",3674.99243164062,2569.81873779297,107.0203125
"90789",3261.97668457031,1854.68277587891,91.7575
"92489",2794.26065673828,1729.64426879883,132.35296875
"79361",1955.31439208984,2622.52932128906,198.37140625
"78882",2126.56843261719,3105.63665771484,149.1059375
"97177",2747.46915283203,3447.34869384766,30.57078125
"105372",3613.85676269531,2909.0021484375,222.93640625
"92490",2766.88779296875,1730.70687255859,132.62390625
"79202",1992.87314453125,2843.30810546875,151.4540625
"102823",3559.57338867187,2158.59554443359,554.65421875
"97633",2613.05190429687,3426.06611328125,41.04703125
"78293",1954.66444091797,2572.64868164062,122.9153125
"102071",3648.4291015625,2375.35260009766,341.15546875
"73860",2296.56947021484,1902.80531005859,176.7415625
"90656",3082.10020751953,1771.61976318359,114.29046875
"105425",3362.52633056641,3253.62049560547,332.530625
"97035",2795.63775634766,3450.05869140625,42.98875
"78358",2327.50129394531,3298.93259277344,158.3178125
"102319",3657.90983886719,2415.69937744141,159.4015625
"97580",2680.747265625,3439.87093505859,107.87828125
"97098",2861.68894042969,3449.15017089844,160.4853125
"74577",2241.42053222656,1947.89556884766,79.9265625
"79200",1982.96221923828,2810.2427734375,300.69546875
"80292",1963.84448242188,2718.82294921875,133.0303125
"74560",2191.55649414063,1996.00938720703,249.1721875
"93892",3214.34161376953,3352.34874267578,865.19375
"79071",2049.18232421875,2983.09741210938,171.36796875
"79360",1956.72884521484,2657.97822265625,481.23015625
"103300",3351.94656982422,1916.2818359375,140.4359375
"75153",1996.54769287109,2321.31845703125,290.12890625
"92488",2750.35367431641,1730.75844116211,191.77859375
"90657",3093.49136962891,1774.57774658203,173.3096875
"90594",3072.37729492188,1767.64970703125,171.72921875
"102853",3569.70698242187,2174.39774169922,654.35921875
"97176",2723.15180664062,3446.25382080078,50.8459375
"103228",3434.75059814453,1991.31986083984,166.67171875
"92517",2907.20627441406,1733.10704345703,146.62234375
"79316",2032.50709228516,2950.21345214844,176.15453125
"6150",1955.63812255859,2528.08552246094,314.60359375
"92508",2866.54552001953,1729.64530639648,183.19890625
"97178",2737.64642333984,3447.87309570312,88.0546875
"75145",1978.8763671875,2381.05606689453,179.40578125
"102313",3665.06552734375,2448.28118896484,127.29546875
"79205",1995.32706298828,2855.83481445313,124.7215625
"92255",2688.92395019531,1737.15689086914,651.19828125
"75164",2007.65081787109,2288.15247802734,339.394375
"102323",3655.6076171875,2399.72742919922,675.76328125
"90695",3184.85848388672,1811.23212890625,291.03203125
"78292",1953.16448974609,2600.6015625,228.71640625
"97629",2599.24521484375,3424.15568847656,27.274375
"92969",3283.57801513672,3313.34129638672,420.08859375
"103319",3371.43742675781,1931.05743408203,95.4603125
"102100",3671.9236328125,2494.26834716797,148.3834375
"78912",2138.37006835937,3124.24534912109,291.84484375
"79078",2054.84304199219,2996.88189697266,129.19203125
"92746",2526.13753662109,1777.16593017578,525.12203125
"102820",3535.73312988281,2116.15593261719,588.8375
"6116",2477.76286621094,1795.96823730469,114.56140625
"73751",2440.37199707031,1812.90266113281,564.04671875
"79358",1952.85113525391,2612.83649902344,59.064375
"90780",3242.47399902344,1840.56086425781,84.0809375
"103297",3343.47915039062,1908.04455566406,113.74859375
"90771",3216.23896484375,1826.15506591797,175.43203125
"75179",1968.42174072266,2424.02900390625,241.67625
"78369",2341.51591796875,3310.93967285156,121.01875
"105243",3677.7208984375,2578.96225585938,291.709375
"97036",2783.86351318359,3451.94379882812,44.1628125
"92244",2604.63013916016,1752.91229248047,105.98171875
"97207",2704.39515380859,3445.44532470703,64.79921875
"74916",2067.36331787109,2158.83107910156,199.18421875
"78373",2348.82185058594,3315.89689941406,139.75859375
"78878",2063.64249267578,3014.19462890625,112.34875
"74576",2248.93626708984,1938.30277099609,443.66015625
"97623",2592.39416503906,3423.50573730469,55.76796875
"79392",2271.4755859375,3260.08638916016,262.58359375
"90687",3167.39156494141,1801.80389404297,228.17453125
"97600",2536.59714355469,3406.68627929688,189.15953125
"74378",1963.89802246094,2445.821875,86.7
"80294",1971.17448730469,2771.92574462891,243.16640625
"92568",2567.47189941406,1762.56112060547,151.77015625
"97577",2641.26937255859,3435.42565917969,53.9165625
"76629",2203.17862548828,3199.02791748047,82.72625
"103293",3331.12053222656,1897.41208496094,156.963125
"76508",2358.73505859375,3322.93637695313,155.0665625
"105006",3465.61062011719,3157.64997558594,705.2503125
"97615",2580.10942382812,3420.85114746094,72.5209375
"73753",2425.65118408203,1818.70615234375,315.190625
"92237",2577.458984375,1759.17751464844,191.95921875
"73893",2355.17526855469,1858.36915283203,326.8409375
"104790",3514.21708984375,3097.03891601563,192.0946875
"92520",2935.62835693359,1734.23895874023,281.72984375
"78859",2067.26702880859,3022.61556396484,131.13375
"97037",2788.35444335937,3453.30139160156,34.36390625
"90662",3120.12816162109,1781.26942138672,95.59578125
"97179",2715.09050292969,3448.0681640625,60.19328125
"97038",2754.68336181641,3451.82655029297,28.13234375
"90658",3112.71307373047,1778.34152832031,120.7478125
"79362",1955.92657470703,2684.52412109375,341.38125
"76615",2166.58317871094,3161.21495361328,165.3621875
"97589",2686.03776855469,3444.35667724609,67.8246875
"78364",2332.69613037109,3306.98704833984,214.26640625
"79304",2012.11103515625,2909.88244628906,76.22375
"74575",2228.61885986328,1954.5849609375,230.61296875
"90775",3228.53096923828,1830.50529785156,145.2225
"103232",3446.72924804688,1999.51418457031,305.97875
"97181",2731.25233154297,3450.16556396484,63.53484375
"77829",2034.06556396484,2960.72182617187,145.041875
"96460",2974.53909912109,3439.47623291016,247.45625
"97582",2653.41632080078,3439.11224365234,86.11296875
"73910",2390.55817871094,1836.22474365234,229.98078125
"79388",2246.78345947266,3241.67857666016,53.78109375
"78378",2312.05354003906,3293.2818359375,142.91953125
"92292",3042.01884765625,1755.1537109375,60.9609375
"97180",2745.95778808594,3451.86162109375,39.918125
"104899",3602.14643554687,2948.16876220703,245.69515625
"92246",2619.86145019531,1747.01002197266,342.284375
"103289",3321.57006835938,1888.57320556641,123.32171875
"79397",2238.07510986328,3234.24232177734,87.603125
"92288",3029.685546875,1751.6673828125,57.3484375
"7638",3165.69924316406,3380.58571777344,567.74953125
"79309",2014.86544189453,2919.04339599609,52.2909375
"104920",3587.85747070312,2978.73576660156,204.286875
"79299",2002.61577148438,2887.64880371094,196.11359375
"96456",3031.43763427734,3427.49862060547,676.801875
"96415",2931.74670410156,3447.11585693359,514.91671875
"92278",3009.81264648437,1746.56240234375,171.6840625
"92485",2775.50047607422,1725.22576293945,174.89015625
"97101",2871.17735595703,3453.237890625,71.93390625
"97113",2884.38804931641,3452.31380615234,49.80734375
"75170",1969.2873046875,2405.67846679688,132.759375
"76651",2228.48895263672,3226.29017333984,42.04046875
"90782",3249.99409179687,1841.35587158203,69.540625
"97607",2559.20598144531,3416.62833251953,162.69796875
"79199",1983.94793701172,2831.9908203125,146.7578125
"104799",3559.19528808594,3031.87965087891,496.49296875
"97598",2523.94965820312,3405.00806884766,86.7903125
"92273",2999.46551513672,1743.84368896484,90.131875
"74038",2144.44125976563,2042.05174560547,749.72921875
"103216",3405.026953125,1956.122265625,160.214375
"97045",2811.82116699219,3455.46125488281,66.5603125
"79311",2023.46359863281,2940.54906005859,180.48953125
"97042",2799.05249023438,3455.35126953125,53.69078125
"97039",2792.16346435547,3455.20455322266,20.36546875
"92773",2545.14860839844,1766.97983398437,164.549375
"97579",2644.83829345703,3438.73289794922,34.99609375
"78848",2075.321484375,3039.971875,198.73265625
"93899",3263.6845703125,3330.39110107422,408.79953125
"92513",2923.84124755859,1730.55507202148,226.45859375
"102309",3665.61213378906,2427.16254882812,97.6278125
"78363",2317.62855224609,3298.69124755859,41.67921875
"97040",2772.38934326172,3454.70318603516,63.89609375
"74935",2044.41165771484,2194.29990234375,340.2975
"97044",2804.97738037109,3455.88999023438,38.2925
"76623",2186.35688476562,3185.83839111328,366.3978125
"75143",1978.6638671875,2363.42230224609,237.6121875
"102308",3667.325,2434.14973144531,39.37625
"92486",2756.59793701172,1725.22296142578,100.3371875
"74921",2057.58562011719,2168.88830566406,81.1909375
"8195",3680.89055175781,2557.03657226562,60.19328125
"90564",3061.733203125,1759.01378173828,128.19859375
"74925",2052.65599365234,2177.66472167969,197.423125
"92267",2986.63935546875,1740.27995605469,190.96578125
"102731",3644.80290527344,2339.58204345703,617.556875
"79359",1952.28439941406,2672.76378173828,339.3040625
"90787",3271.60455322266,1852.96140136719,124.5409375
"76647",2222.89796142578,3222.71129150391,65.38625
"97578",2630.31192626953,3436.56037597656,146.08046875
"74058",2104.42319335938,2093.26009521484,373.8034375
"97632",2610.10595703125,3432.03354492188,88.19015625
"97043",2767.28062744141,3455.28714599609,47.82046875
"90661",3130.87663574219,1782.32320556641,155.2471875
"102307",3668.87517089844,2439.21922607422,23.79734375
"73852",2282.56024169922,1905.35987548828,62.676875
"76642",2218.19349365234,3218.72982177734,58.83859375
"97630",2601.42749023438,3430.14034423828,51.88453125
"7457",3305.55163574219,1874.63245849609,231.019375
"92487",2730.85389404297,1726.615625,322.1446875
"103245",3487.72307128906,2042.44603271484,370.41671875
"102306",3671.48369140625,2453.74019775391,168.6134375
"78845",2107.26953125,3091.10427246094,444.3375
"97208",2709.94235839844,3450.68187255859,29.48703125
"77832",2037.18645019531,2973.74326171875,233.05140625
"97182",2725.0203125,3452.56552734375,49.5815625
"92256",2959.10338134766,1734.16975097656,158.8596875
"104683",3678.50822753906,2673.93481445312,686.01375
"97047",2833.52957763672,3457.1259765625,179.40578125
"97596",2515.44343261719,3403.99184570312,61.6834375
"97041",2779.17004394531,3456.60780029297,57.3484375
"74377",1957.68260498047,2455.75666503906,179.31546875
"92484",2818.58049316406,1721.99125976563,446.2340625
"104786",3499.30764160156,3123.29013671875,747.38109375
"75141",1970.15245361328,2390.85119628906,240.18609375
"74060",2094.54132080078,2105.57969970703,298.3925
"103213",3398.0576171875,1946.65750732422,177.915625
"74065",2081.09654541016,2126.08511962891,474.9534375
"76637",2211.96749267578,3214.39453125,154.3440625
"103224",3426.79533691406,1973.55473632813,250.03015625
"73836",2259.38259277344,1922.38477783203,189.15953125
"76619",2171.07908935547,3172.26785888672,175.79328125
"6115",2466.22145996094,1794.41184082031,178.68328125
"75147",1985.34267578125,2333.05534667969,145.1321875
"92266",2977.97541503906,1736.68457641602,94.28625
"76622",2176.62401123047,3178.50319824219,210.6990625
"6320",2463.67249755859,3383.94732666016,655.3075
"97046",2757.60067138672,3456.28676757812,45.0659375
"97104",2877.77668457031,3455.92672119141,92.84125
"90766",3206.57104492188,1814.45864257812,291.0771875
"105383",3642.46208496094,2853.60211181641,540.3396875
"79403",2275.70628662109,3270.66220703125,363.6884375
"104885",3616.85791015625,2923.67938232422,165.81375
"90783",3260.54998779297,1843.95671386719,116.9546875
"80293",1970.73599853516,2794.51549072266,417.55984375
"105380",3632.60822753906,2883.35812988281,202.9321875
"97613",2574.51448974609,3424.53856201172,88.91265625
"102628",3677.21081542969,2482.69643554687,227.09078125
"6113",2486.88480224609,1785.18697509766,251.249375
"73915",2397.71096191406,1827.52510986328,45.15625
"97592",2690.55028076172,3449.65859375,138.13296875
"73854",2284.8298828125,1901.19309082031,29.441875
"105377",3626.12739257812,2901.46130371094,110.22640625
"97209",2700.53342285156,3451.21997070312,82.41015625
"74048",2118.04519042969,2070.45183105469,365.22375
"104912",3596.46745605469,2969.99213867187,235.0834375
"92245",2608.26193847656,1745.48973388672,82.22953125
"74548",2161.36987304688,2016.71568603516,252.37828125
"103316",3367.62591552734,1918.75899658203,104.71734375
"96414",2960.15301513672,3446.72634277344,367.8428125
"92240",2589.13942871094,1750.26309814453,245.3790625
"97587",2672.28005371094,3447.24576416016,197.2425
"90570",3072.60535888672,1759.39312744141,102.45953125
"80291",1962.08264160156,2758.02919921875,326.43453125
"76604",2141.30314941406,3139.22784423828,182.92796875
"76653",2231.24024658203,3233.97462158203,104.71734375
"92747",2503.70841064453,1777.92088623047,283.62640625
"97184",2748.38369140625,3456.56235351563,65.928125
"92776",2551.61076660156,1761.07175292969,125.9859375
"79307",2014.89387207031,2930.06081542969,245.87578125
"78862",2116.06483154297,3106.92867431641,247.7271875
"7549",2506.04113769531,3402.45184326172,317.13234375
"8188",3683.401953125,2546.32192382812,182.973125
"104875",3621.12326660156,2915.62534179688,34.860625
"73887",2337.89781494141,1862.70112304687,198.01015625
"74376",1953.94019775391,2467.97416992187,326.07328125
"97048",2762.93828125,3457.75310058594,63.53484375
"103235",3459.12854003906,2005.43575439453,597.73328125
"90595",3104.86281738281,1769.77366943359,62.27046875
"97602",2541.72557373047,3415.29833984375,209.0734375
"105412",3326.59183349609,3292.96329345703,517.5809375
"97585",2661.49422607422,3445.7373046875,115.058125
"102627",3681.33505859375,2513.02998046875,159.5821875
"79201",1992.76232910156,2873.35983886719,276.6271875
"105424",3357.43400878906,3269.59742431641,453.73
"92284",3021.63876953125,1744.81488037109,194.12671875
"73879",2328.76840820313,1868.40728759766,103.09171875
"90673",3149.47329101562,1786.70415039063,225.10390625
"76555",2413.21640625,3361.36339111328,504.53078125
"104796",3539.82749023438,3070.98940429687,521.23859375
"74559",2188.53625488281,1985.84487304687,188.5725
"103295",3353.26888427734,1905.985546875,132.6690625
"103317",3378.99508056641,1926.95020751953,93.4734375
"102626",3680.00942382812,2494.28619384766,49.4009375
"75151",1991.95715332031,2306.84936523438,158.09203125
"103219",3415.15515136719,1959.43822021484,222.6203125
"97620",2584.6408203125,3428.95872802734,35.4025
"104889",3612.93579101562,2937.24285888672,168.3425
"79198",1984.89858398437,2851.49993896484,116.864375
"105072",3448.73741455078,3186.31091308594,371.50046875
"79305",2007.11915283203,2913.69188232422,68.05046875
"77833",2045.65158691406,2996.92443847656,145.71921875
"6149",1945.36549072266,2550.06080322266,152.266875
"90561",3053.01530761719,1752.22893066406,117.40625
"76549",2385.266015625,3346.92750244141,140.11984375
"76541",2355.76939697266,3329.41824951172,65.6571875
"6147",1944.753515625,2561.48018798828,158.046875
"80290",1957.4072265625,2740.38837890625,341.1103125
"97581",2618.26666259766,3437.92294921875,106.2978125
"92262",2969.80765380859,1732.80748901367,143.055
"102858",3587.69892578125,2188.19530029297,480.9140625
"97584",2645.84683837891,3443.90739746094,42.94359375
"73877",2321.1474609375,1872.46325683594,91.6671875
"92516",2912.69807128906,1724.32326049805,94.06046875
"103310",3390.17062988281,1935.80008544922,214.89859375
"78360",2302.80065917969,3294.04260253906,72.5209375
"102818",3527.55354003906,2088.85404052734,739.16265625
"97183",2713.94935302734,3454.81773681641,41.22765625
"79389",2248.47681884766,3251.41643066406,195.84265625
"78291",1943.87840576172,2580.85919189453,211.9634375
"79357",1945.09426269531,2637.88846435547,423.926875
"92247",2632.12689208984,1737.87138061523,439.0090625
"73862",2293.9939453125,1891.38717041016,112.0778125
"97186",2736.16618652344,3457.3916015625,48.76875
"79424",2291.98806152344,3286.68022460937,209.88625
"102812",3513.34633789062,2068.42021484375,718.93265625
"103237",3469.98948974609,2014.87644042969,388.38890625
"80285",1952.43630371094,2714.52770996094,334.7884375
"7637",3150.22513427734,3394.18052978516,528.5990625
"73838",2266.75534667969,1912.12293701172,61.05125
"104791",3514.00085449219,3110.32120361328,443.3440625
"74551",2171.71970214844,2001.52172851562,245.3790625
"92249",2648.57509765625,1733.99481201172,216.70484375
"97097",2891.62674560547,3458.06022949219,228.31
"97625",2594.55693359375,3433.23342285156,97.49234375
"79195",1975.88435058594,2826.47702636719,128.424375
"97099",2861.59306640625,3460.32198486328,205.41578125
"78366",2316.25228271484,3304.84586181641,65.25078125
"97583",2639.12963867188,3443.75092773437,44.1628125
"97627",2589.53599853516,3432.03894042969,40.1890625
"73750",2453.80162353516,1795.9869140625,293.74140625
"90772",3234.23443603516,1824.9865234375,148.15765625
"73868",2301.06538085937,1885.02565917969,71.39203125
"73917",2403.45863037109,1820.71909179687,142.69375
"76634",2199.45863037109,3207.64226074219,139.84890625
"76542",2367.88376464844,3338.60721435547,218.736875
"79300",2001.32541503906,2903.9087890625,158.00171875
"73846",2273.53044433594,1905.87576904297,131.26921875
"79394",2239.04692382812,3244.77642822266,107.5621875
"79356",1943.12677001953,2616.28132324219,242.6696875
"75180",1958.15180664062,2426.31960449219,112.529375
"92507",2871.49776611328,1719.23342895508,294.19296875
"74375",1956.12330322266,2436.80432128906,270.3053125
"78893",2051.13570556641,3011.08785400391,162.78828125
"76639",2205.74190673828,3214.21004638672,50.21375
"7429",3297.89354248047,1863.04996337891,263.03515625
"74908",2062.79415283203,2147.56235351563,327.7440625
"97049",2799.19630126953,3462.07075195312,25.3778125
"97604",2550.36108398438,3421.14291992188,110.49734375
"74563",2204.12283935547,1966.56485595703,344.13578125
"90773",3244.28917236328,1829.94208984375,80.60390625
"90693",3180.45595703125,1797.23182373047,154.795625
"6321",2486.9671875,3398.55836181641,462.219375
"75158",2002.54729003906,2270.49422607422,300.96640625
"97050",2790.42901611328,3462.26519775391,124.63125
"76631",2190.70379638672,3199.84575195312,179.9025
"79313",2023.43081054687,2957.75657958984,63.760625
"78855",2061.55920410156,3030.61502685547,131.675625
"97612",2566.36353759766,3426.57889404297,73.28859375
"102630",3683.56174316406,2501.43814697266,194.9846875
"104678",3658.9677734375,2813.41595458984,708.05
"105378",3633.30590820312,2894.42888183594,102.5046875
"74374",1948.67418212891,2479.38629150391,346.980625
"6148",1943.38492431641,2534.61491699219,230.7484375
"74949",2019.43502197266,2229.12333984375,453.41390625
"102302",3674.90817871094,2436.3224609375,65.4765625
"97185",2720.61654052734,3458.10816650391,58.16125
"76547",2377.25451660156,3345.65893554688,99.11796875
"92289",3034.50975341797,1744.13649902344,141.61
"7416",2897.89342041016,1720.01525878906,289.2709375
"7417",2762.65190429687,1717.6371887207,136.41703125
"7414",2786.73848876953,1716.47684326172,247.23046875
"105386",3641.51704101562,2872.91138916016,302.41140625
"74929",2041.88012695312,2182.52358398437,239.55390625
"78377",2338.90262451172,3322.38209228516,114.8775
"74370",1945.57155761719,2500.51551513672,185.9534375
"97116",2907.69290771484,3458.79858398438,513.20078125
"97590",2649.03392333984,3447.83221435547,34.5896875
"92294",3045.00858154297,1746.44660644531,111.8971875
"102300",3676.83312988281,2443.90501708984,36.44109375
"79303",2005.63580322266,2920.08286132813,59.786875
"104684",3681.28981933594,2706.88227539062,751.580625
"103291",3341.77624511719,1891.95826416016,281.6846875
"102297",3673.66555175781,2425.23801269531,127.2503125
"90686",3167.17947998047,1789.41995849609,151.8153125
"97548",2605.15703125,3438.54862060547,86.519375
"79197",1984.02554931641,2862.34760742187,129.73390625
"97054",2803.48448486328,3464.18662109375,64.25734375
"90591",3100.95667724609,1763.17288818359,96.7246875
"97591",2654.59399414062,3449.45812988281,60.64484375
"103220",3423.77758789062,1961.75372314453,48.63328125
"78836",2076.83305664062,3058.86839599609,337.4978125
"73853",2284.65411376953,1894.12061767578,73.2434375
"97053",2778.29700927734,3463.68940429687,81.23609375
"104876",3627.06081542969,2914.89404296875,93.56375
"8218",3321.11518554687,1876.15150146484,251.3396875
"75137",1967.31773681641,2373.11408691406,184.10203125
"97187",2727.98389892578,3460.30766601562,81.3715625
"92234",2569.67783203125,1749.70487060547,50.07828125
"97051",2811.60161132812,3464.83594970703,95.8215625
"104902",3609.85578613281,2955.86151123047,145.764375
"90578",3091.70794677734,1759.38897705078,180.805625
"76617",2160.42503662109,3170.67369384766,148.0221875
"78362",2304.96695556641,3300.95341796875,50.25890625
"78371",2320.67639160156,3311.96398925781,44.7046875
"104679",3666.40153808594,2792.76859130859,662.57765625
"79391",2253.19519042969,3260.94282226562,379.89953125
"97619",2581.76459960937,3433.42268066406,39.60203125
"93897",3256.71025390625,3345.58734130859,267.4153125
"90777",3254.25944824219,1832.32814941406,150.86703125
"73829",2254.92341308594,1916.61511230469,72.8821875
"105071",3442.85755615234,3200.12258300781,254.861875
"74948",2011.52873535156,2241.38172607422,419.54671875
"76652",2220.55963134766,3232.76955566406,159.9434375
"74918",2048.54482421875,2165.96684570312,121.15421875
"103231",3447.447265625,1983.88651123047,288.096875
"73897",2360.53425292969,1841.01574707031,376.73859375
"7079",2837.82315673828,1714.16798095703,320.56421875
"73752",2415.40262451172,1810.3240234375,325.80234375
"90763",3219.90500488281,1813.0666015625,118.49
"92276",3003.11868896484,1734.27786865234,138.67484375
"79194",1976.5123046875,2842.93892822266,136.95890625
"78290",1939.04133300781,2596.56696777344,242.98578125
"97052",2754.38162841797,3463.60909423828,67.1021875
"76536",2345.31248779297,3329.18603515625,55.99375
"75178",1955.94836425781,2417.92585449219,57.39359375
"75140",1973.2849609375,2346.81617431641,261.49984375
"75144",1976.74970703125,2335.07471923828,112.21328125
"97189",2742.59327392578,3462.95001220703,114.56140625
"74372",1941.75423583984,2516.34116210938,275.9046875
"75160",2004.36868896484,2256.67778320312,413.811875
"78289",1938.83132324219,2570.88870849609,85.75171875
"97188",2708.25543212891,3459.56827392578,145.6740625
"104682",3677.01782226562,2748.23656005859,529.54734375
"97586",2630.41236572266,3446.55036621094,95.0990625
"90784",3284.11756591797,1849.28125,279.24625
"92252",2670.58773193359,1725.14410400391,441.31203125
"102629",3686.3171875,2492.21099853516,19.64296875
"97597",2516.74727783203,3414.20720214844,211.73765625
"76614",2148.38579101562,3159.33399658203,195.39109375
"74561",2191.33631591797,1973.28558349609,142.28734375
"97083",2841.3541015625,3466.19831542969,270.53109375
"73905",2376.12021484375,1830.46005859375,392.27234375
"97055",2823.28371582031,3466.62124023437,269.62796875
"77826",2024.72427978516,2969.90809326172,118.0384375
"90592",3111.24819335937,1764.25614013672,108.1040625
"97606",2556.74978027344,3427.85638427734,71.66296875
"102294",3680.72993164062,2449.30944824219,60.28359375
"79355",1944.88819580078,2699.91024169922,115.10328125
"92242",2601.05291748047,1739.13009033203,208.21546875
"73873",2308.60124511719,1873.55688476562,195.75234375
"102714",3621.75703125,2245.52609863281,944.44296875
"90574",3079.19617919922,1753.31508789062,116.7740625
"102292",3682.25935058594,2458.30396728516,169.74234375
"92744",2525.75777587891,1761.56461181641,333.3434375
"76609",2141.22263183594,3151.55471191406,287.1034375
"78868",2051.52044677734,3021.92452392578,105.71078125
"102293",3674.79113769531,2414.71033935547,228.129375
"80281",1948.76528320312,2729.55772705078,102.595
"6319",2434.16384277344,3380.25534667969,878.92125
"92229",2554.6583984375,1751.59516601562,252.7846875
"79297",1991.66455078125,2893.56705322266,176.78671875
"90593",3121.85244140625,1767.46584472656,179.49609375
"92238",2576.79388427734,1744.9205078125,144.27421875
"97543",2612.41585693359,3443.72872314453,35.4025
"90779",3273.57661132812,1841.03380126953,175.4771875
"104542",3692.31657714844,2623.68707275391,865.14859375
"75171",1955.77072753906,2408.99525146484,145.4934375
"7268",2746.50729980469,1714.35132446289,279.20109375
"6111",2488.59476318359,1774.57919921875,61.00609375
"105379",3632.73522949219,2909.46533203125,112.57453125
"97621",2586.98039550781,3437.66479492188,29.8934375
"7073",2802.82249755859,1711.63292236328,310.0428125
"97593",2643.35784912109,3450.97634277344,42.22109375
"97056",2765.55219726562,3466.52163085937,135.15265625
"74572",2226.53598632813,1937.67896728516,576.60015625
"78370",2312.40570068359,3309.99857177734,52.60703125
"105443",3420.09681396484,3226.36633300781,1066.54546875
"102062",3642.65798339844,2295.53809814453,848.215
"90565",3062.70563964844,1746.89339599609,122.7346875
"6112",2472.53461914062,1780.73277587891,190.2884375
"90568",3071.33845214844,1749.38591308594,40.41484375
"78288",1936.75799560547,2564.04554443359,53.0134375
"79433",2294.81323242188,3297.78729248047,66.06359375
"102809",3505.45437011719,2046.28120117187,425.68796875
"90774",3261.73720703125,1833.05695800781,26.190625
"77830",2032.02938232422,2988.52799072266,109.41359375
"73849",2278.73420410156,1893.58957519531,50.033125
"97610",2570.36472167969,3433.67481689453,129.3275
"103227",3438.36351318359,1970.35167236328,218.33046875
"79308",2015.17941894531,2954.01500244141,194.0815625
"102632",3686.46701660156,2475.71942138672,164.4590625
"90703",3193.94161376953,1796.66654052734,256.7584375
"76538",2352.24135742187,3336.94041748047,181.12171875
"103311",3403.37302246094,1936.71088867187,112.30359375
"97594",2637.06544189453,3450.58682861328,37.57
"74549",2171.87741699219,1990.28745117187,107.110625
"77714",2127.63342285156,3137.89432373047,155.0665625
"74373",1947.56623535156,2446.27406005859,128.1534375
"90655",3138.55029296875,1772.18919677734,278.29796875
"7262",2716.85192871094,1715.88053588867,362.6046875
"90713",3151.09630126953,1777.03913574219,71.03078125
"78895",2119.1595703125,3127.56898193359,247.59171875
"79353",1938.16829833984,2658.14299316406,212.82140625
"104891",3623.6595703125,2935.46566162109,124.67640625
"97205",2695.44400634766,3461.073828125,75.00453125
"7081",2852.70708007812,1710.95775756836,365.8559375
"104925",3596.44504394531,2993.47650146484,212.73109375
"78834",2079.05268554687,3071.58581542969,229.34859375
"79351",1935.46805419922,2609.94637451172,93.56375
"78877",2110.88597412109,3117.26252441406,201.6678125
"92745",2510.35588378906,1764.27917480469,103.5884375
"74944",2021.15826416016,2210.27351074219,412.0959375
"8206",3694.51752929687,2561.63292236328,444.6084375
"104919",3601.94265136719,2983.58342285156,118.2190625
"73856",2286.62471923828,1885.88935546875,44.975625
"102289",3682.040625,2438.47111816406,66.78609375
"103239",3481.17313232422,2014.4568359375,213.679375
"74536",2147.20002441406,2016.19398193359,303.49515625
"92271",2995.27154541016,1728.07106323242,107.7428125
"73837",2265.11905517578,1902.21678466797,70.94046875
"73845",2272.87468261719,1896.04743652344,54.2778125
"74046",2109.34057617188,2063.28306884766,142.28734375
"75168",1955.77114257812,2397.71469726563,247.1853125
"105384",3642.08979492187,2891.37855224609,55.13578125
"90767",3243.20778808594,1820.42462158203,39.60203125
"104898",3619.32365722656,2947.88944091797,63.89609375
"92264",2977.55788574219,1724.30842285156,94.0153125
"79190",1964.7517578125,2818.76539306641,342.14890625
"77831",2038.20288085938,3004.42834472656,106.749375
"78375",2322.66546630859,3319.78747558594,114.56140625
"6187",1935.05239257812,2554.58306884766,78.16546875
"78841",2096.26103515625,3098.61876220703,159.6725
"96925",2679.00451660156,3459.851953125,94.1959375
"102303",3687.1107421875,2466.89880371094,169.65203125
"92257",2953.24738769531,1719.86366577148,301.59859375
"78368",2306.13985595703,3308.58577880859,57.39359375
"104883",3629.65895996094,2924.42375488281,115.91609375
"79418",2272.46960449219,3283.61536865234,292.47703125
"97498",2602.84671630859,3444.61752929688,58.4321875
"103315",3379.25364990234,1913.29874267578,291.6190625
"73911",2398.78280029297,1813.35277099609,96.86015625
"102821",3545.14040527344,2096.83607177734,383.60234375
"102631",3689.86328125,2486.50587158203,81.28125
"97058",2787.063671875,3470.20219726562,71.88875
"76544",2395.88209228516,3364.65838623047,401.4390625
"97190",2732.90854492188,3466.90408935547,74.10140625
"6110",2493.55738525391,1769.32044677734,61.45765625
"97588",2621.14205322266,3449.22093505859,116.7740625
"96920",2649.59339599609,3455.19998779297,45.83359375
"78838",2086.97495117188,3086.20120849609,406.27078125
"78842",2061.5587890625,3046.74074707031,348.65140625
"96927",2686.21063232422,3461.55091552734,93.06703125
"79193",1974.46865234375,2854.91176757812,116.4128125
"102069",3666.8833984375,2363.55532226562,706.3340625
"96924",2658.3583984375,3457.11248779297,39.78265625
"103294",3367.69169921875,1902.990625,277.66578125
"73861",2293.01424560547,1879.34211425781,104.26578125
"76650",2205.51986083984,3226.580078125,164.86546875
"103292",3355.87221679687,1893.56446533203,143.958125
"105082",3482.93767089844,3165.14599609375,311.03625
"73867",2300.22554931641,1873.91651611328,71.84359375
"104795",3538.09304199219,3094.10396728516,546.34546875
"73889",2339.86302490234,1846.94437255859,330.905
"76640",2194.98845214844,3216.62661132812,142.9646875
"78367",2298.24436035156,3304.17370605469,49.8525
"97102",2872.39860839844,3469.66762695312,160.53046875
"74062",2076.23000488281,2107.96306152344,237.11546875
"79301",2003.36221923828,2935.04647216797,149.33171875
"80287",1954.04790039063,2781.77150878906,173.76125
"104905",3615.82072753906,2959.61450195312,115.46453125
"97057",2776.23654785156,3470.98724365234,41.9953125
"104914",3608.93356933594,2974.20769042969,128.1534375
"75152",1990.45823974609,2276.04309082031,332.48546875
"76533",2340.34862060547,3333.29471435547,49.26546875
"97105",2881.91586914063,3469.39722900391,114.65171875
"97193",2747.153515625,3469.34099121094,72.02421875
"76551",2382.06398925781,3358.47430419922,236.75421875
"96923",2668.62770996094,3459.78948974609,168.74890625
"6195",1933.88343505859,2541.88515625,103.0465625
"76627",2172.07933349609,3194.10804443359,125.12796875
"103304",3393.57581787109,1923.40784912109,180.30890625
"97089",2853.65565185547,3471.32301025391,172.54203125
"74051",2089.69241943359,2086.9625,172.0453125
"97191",2704.12869873047,3465.21259765625,51.25234375
"79191",1967.28453369141,2835.11274414062,172.6775
"80282",1940.86833496094,2711.40952148438,148.654375
"90765",3236.89877929688,1814.50325927734,143.46140625
"7088",2910.42905273438,1712.24686889648,216.1178125
"97062",2796.70959472656,3472.24501953125,70.1728125
"77828",2031.95716552734,2997.26041259766,223.975
"77827",2026.02770996094,2985.77379150391,75.8625
"76618",2151.07171630859,3171.73681640625,120.25109375
"74553",2177.41964111328,1978.8033203125,176.60609375
"74042",2113.16225585937,2053.84010009766,195.5265625
"74907",2049.48260498047,2149.44351806641,117.586875
"103439",3416.98526611328,1943.55612792969,126.1665625
"80286",1950.86538085937,2771.93114013672,201.8484375
"97194",2716.25198974609,3467.31145019531,94.5571875
"105077",3469.70788574219,3182.42199707031,406.81265625
"7070",2774.67890625,1707.42536010742,260.5515625
"78858",2049.64841308594,3030.46851806641,114.2453125
"105382",3641.54152832031,2900.90328369141,33.1446875
"79431",2286.09367675781,3297.06470947266,102.775625
"8174",3696.83303222656,2540.18038330078,371.59078125
"73878",2324.05356445313,1855.39519042969,230.7484375
"103222",3424.13991699219,1949.99774169922,105.12375
"74050",2097.6970703125,2074.06121826172,296.27015625
"97206",2691.79539794922,3464.46573486328,30.93203125
"97499",2591.94364013672,3444.48575439453,105.25921875
"73904",2368.0701171875,1827.65294189453,50.89109375
"97603",2540.91956787109,3429.53334960937,150.14453125
"79293",1982.76984863281,2886.25032958984,70.5340625
"7090",2929.42061767578,1713.57520141602,461.72265625
"92269",2990.88167724609,1723.8135925293,158.2275
"92251",2655.55003662109,1720.6260925293,326.43453125
"79196",1978.97307128906,2875.79072265625,202.2096875
"90756",3218.64390869141,1803.63089599609,120.3865625
"97599",2526.78084716797,3425.09305419922,223.3428125
"79302",2006.43890380859,2946.45133056641,169.83265625
"97608",2559.37718505859,3435.74523925781,49.13
"90758",3228.65672607422,1808.44721679687,80.78453125
"105381",3639.6634765625,2908.10919189453,104.35609375
"102287",3687.28796386719,2446.10576171875,45.47234375
"90769",3250.80445556641,1820.53958740234,105.0334375
"90738",3206.25125732422,1796.85932617187,174.25796875
"76548",2368.95788574219,3353.08377685547,102.73046875
"79354",1937.52996826172,2698.52110595703,157.45984375
"92291",3041.70736083984,1735.0462097168,118.12875
"97061",2805.4615234375,3473.94709472656,116.68375
"75146",1979.46530761719,2299.91634521484,546.25515625
"73908",2385.730859375,1816.46182861328,282.72328125
"73850",2280.05506591797,1885.39711914062,41.22765625
"96417",2972.82104492188,3459.91524658203,427.35875
"97059",2756.96068115234,3472.21928710937,38.834375
"74452",2063.53665771484,2123.21263427734,258.113125
"74913",2042.55435791016,2158.55134277344,175.25140625
"6107",2482.88590087891,1769.77906494141,84.6228125
"7428",3296.94600830078,1847.87198486328,241.67625
"90272",3161.23031005859,1775.61783447266,247.23046875
"97617",2580.54874267578,3442.73594970703,116.00640625
"75138",1961.28037109375,2357.57108154297,326.389375
"77825",2020.76999511719,2979.46561279297,117.1353125
"97192",2699.91169433594,3466.94580078125,21.44921875
"76522",2325.79984130859,3326.93942871094,70.1728125
"102635",3697.31364746094,2522.39969482422,328.6471875
"80288",1954.02133789062,2794.4048828125,134.2946875
"96922",2642.79547119141,3457.78630371094,53.10375
"76524",2331.49812011719,3330.97775878906,101.6015625
"97060",2767.34143066406,3473.46876220703,66.69578125
"80289",1956.67572021484,2805.82177734375,218.87234375
"78287",1929.84593505859,2584.12243652344,169.74234375
"105396",3661.30112304688,2849.03170166016,544.0425
"78372",2312.48663330078,3318.42178955078,105.485
"96921",2632.26862792969,3455.83250732422,93.021875
"77713",2119.57274169922,3137.47741699219,37.34421875
"7640",3194.0443359375,3389.71989746094,423.52046875
"78286",1929.82580566406,2572.55612792969,79.9265625
"90572",3078.5671875,1744.48450927734,55.85828125
"97063",2780.46040039062,3474.38890380859,48.81390625
"73875",2312.85622558594,1860.46945800781,164.50421875
"90692",3177.94310302734,1782.12149658203,241.2246875
"75177",1945.92973632813,2420.15731201172,184.28265625
"92261",2969.46752929688,1717.79313964844,190.1078125
"92239",2583.91263427734,1734.89420166016,119.3028125
"102859",3604.9861328125,2189.70770263672,309.3203125
"7075",2821.94313964844,1704.20185546875,270.9375
"103246",3498.28415527344,2026.29333496094,624.24
"102275",3685.3111328125,2425.44241943359,100.4275
"96418",2934.58017578125,3467.37329101562,444.47296875
"103226",3432.36806640625,1954.49282226562,117.3159375
"92283",3020.97034912109,1728.14286499023,94.28625
"73830",2249.85433349609,1907.43880615234,354.97328125
"90776",3270.47045898438,1829.81508789062,202.7515625
"78894",2038.983984375,3017.14866943359,184.73421875
"92236",2576.84057617188,1736.32556762695,28.49359375
"104685",3681.2138671875,2775.74348144531,417.424375
"92231",2559.31119384766,1741.39578857422,176.42546875
"90588",3103.40582275391,1751.95002441406,89.22875
"105389",3649.31396484375,2887.86649169922,69.6309375
"73530",2432.24241943359,1790.57542724609,424.15265625
"97541",2612.59577636719,3452.33891601562,117.63203125
"104496",3697.50498046875,2668.95932617188,506.60796875
"104927",3596.26574707031,3007.82377929687,490.5775
"77822",2013.13472900391,2966.88889160156,152.67328125
"103281",3334.98724365234,1872.09781494141,310.99109375
"96926",2653.27458496094,3461.03502197266,64.9346875
"79347",1929.29040527344,2620.84509277344,146.17078125
"97611",2566.3625,3440.36566162109,57.258125
"73912",2399.69152832031,1806.66420898437,99.56953125
"105423",3351.98371582031,3294.89945068359,839.59015625
"90569",3069.78682861328,1740.70018310547,89.63515625
"79295",1986.50748291016,2904.94078369141,183.28921875
"102834",3591.11926269531,2161.40017089844,279.8784375
"75139",1970.75135498047,2319.32440185547,400.8971875
"105388",3646.16589355469,2897.89362792969,64.3025
"80283",1944.03570556641,2755.33538818359,266.55734375
"93900",3274.70323486328,3347.80095214844,332.530625
"102636",3698.17651367188,2511.42440185547,252.55890625
"96420",2951.81695556641,3465.74467773437,336.4140625
"76530",2336.53420410156,3336.2134765625,29.03546875
"77627",2223.82287597656,3250.58344726562,465.831875
"74543",2155.97478027344,1996.37296142578,245.06296875
"102277",3688.88752441406,2438.15029296875,56.9871875
"79346",1928.24263916016,2611.28778076172,64.16703125
"90577",3089.89609375,1746.32956542969,189.2046875
"102633",3697.08579101563,2496.10572509766,84.12609375
"7266",2733.03347167969,1706.42895507812,248.94640625
"90764",3246.93732910156,1814.84483642578,22.03625
"97094",2866.71423339844,3475.29742431641,85.93234375
"102831",3578.72038574219,2138.36508789063,668.17703125
"90563",3054.68397216797,1735.56407470703,240.1409375
"75022",1932.59245605469,2498.10911865234,276.536875
"74995",1936.66544189453,2464.81094970703,142.3325
"7487",3320.40546875,1860.54893798828,266.91859375
"104897",3627.80705566406,2945.36475830078,59.29015625
"79348",1929.46326904297,2644.75113525391,163.69140625
"97605",2550.38702392578,3436.57490234375,133.120625
"92287",3031.8603515625,1729.19862060547,233.05140625
"93898",3291.86634521484,3338.10231933594,798.3625
"6564",2469.07091064453,3406.94692382812,535.1015625
"79465",2296.22332763672,3309.83006591797,89.09328125
"97504",2602.46446533203,3451.45778808594,48.04625
"92742",2527.66674804688,1749.84141845703,157.64046875
"103285",3347.30498046875,1879.37677001953,154.66015625
"92279",3008.98900146484,1723.4978515625,261.9965625
"102824",3562.77416992188,2111.3037109375,752.303125
"74933",2021.86611328125,2190.79946289062,382.383125
"103325",3412.37999267578,1932.86907958984,158.27265625
"97064",2791.35268554687,3477.27238769531,55.76796875
"90589",3112.48314208984,1753.11358642578,105.7559375
"75135",1952.96008300781,2376.69919433594,452.23984375
"79192",1966.98114013672,2853.16528320312,83.268125
"104804",3573.27424316406,3051.99493408203,340.478125
"97501",2595.94503173828,3450.41334228516,47.63984375
"73855",2284.42376708984,1877.38395996094,72.56609375
"76633",2178.25739746094,3208.93946533203,291.348125
"102283",3692.32529296875,2451.04555664062,44.38859375
"96979",2729.44545898437,3473.84375,163.33015625
"6214",1927.726953125,2546.30573730469,72.92734375
"6109",2471.96850585938,1770.20281982422,100.38234375
"7479",3310.30860595703,1852.15705566406,166.53625
"92241",2595.98798828125,1728.67930297852,200.7646875
"7085",2890.53374023437,1704.42473144531,338.17515625
"76550",2360.10697021484,3353.01944580078,172.45171875
"80276",1936.22404785156,2722.36281738281,167.30390625
"76624",2160.533984375,3191.06290283203,302.185625
"104900",3626.82922363281,2951.47952880859,50.033125
"102854",3599.19675292969,2171.29387207031,228.7615625
"74369",1937.46501464844,2448.11143798828,170.82609375
"103233",3450.31435546875,1968.00587158203,251.43
"104916",3613.1474609375,2980.99482421875,61.77375
"96935",2691.06057128906,3469.94383544922,31.02234375
"105073",3446.05854492187,3215.87393798828,490.396875
"73533",2458.15891113281,1775.39122314453,230.7484375
"7068",2761.53026123047,1702.19732055664,197.55859375
"97084",2842.10885009766,3478.39818115234,151.905625
"79422",2272.00268554688,3293.8197265625,112.71
"73840",2265.94270019531,1890.27818603516,72.74671875
"79221",1968.84300537109,2863.06873779297,102.09828125
"74554",2179.71148681641,1967.36774902344,144.0484375
"105074",3461.13857421875,3200.79805908203,190.51421875
"6102",2500.03323974609,1757.95750732422,230.52265625
"92743",2511.48852539062,1753.63819580078,106.026875
"96980",2716.76290283203,3473.71508789062,61.63828125
"7100",2983.88142089844,1716.38667602539,139.4425
"104910",3620.1765625,2967.95035400391,148.78984375
"96982",2744.6865234375,3476.56391601562,114.2453125
"73863",2295.69249267578,1867.27858886719,111.58109375
"79296",1991.43980712891,2926.36302490234,305.6175
"92248",2636.69730224609,1718.03220214844,428.21671875
"74547",2164.41439208984,1982.67978515625,129.5984375
"102279",3684.89899902344,2402.56007080078,293.154375
"78376",2304.03726806641,3318.18770751953,62.54140625
"7083",2871.5091796875,1701.60568237305,426.275
"105394",3657.51015625,2876.16384277344,298.1215625
"73848",2277.329296875,1880.55714111328,31.248125
"73832",2258.27091064453,1895.39624023438,126.1665625
"73844",2271.16741943359,1885.16677246094,103.09171875
"96930",2664.69729003906,3466.99166259766,78.7525
"76535",2343.42239990234,3344.65391845703,90.131875
"96978",2702.8140625,3472.74244384766,104.943125
"79432",2277.28385009766,3299.12039794922,53.05859375
"90768",3262.35229492188,1820.07183837891,158.4984375
"80280",1937.52893066406,2739.76934814453,348.56109375
"92243",2611.75054931641,1722.99036254883,362.64984375
"7077",2830.61517333984,1699.59388427734,111.31015625
"105385",3646.35266113281,2908.06229248047,39.195625
"7261",2700.51370849609,1706.81587524414,523.31578125
"75136",1960.93920898438,2338.30330810547,288.23234375
"96772",2786.18690185547,3479.51774902344,33.5059375
"79345",1925.83645019531,2635.16186523438,191.643125
"74535",2144.58818359375,2003.79240722656,125.03765625
"73532",2446.31535644531,1779.25648193359,238.56046875
"90590",3130.23041992187,1756.92572021484,204.7384375
"6215",1925.07755126953,2557.74068603516,217.3821875
"78872",2101.79392089844,3122.91535644531,142.73890625
"79292",1977.50881347656,2892.46408691406,156.3309375
"78285",1924.43029785156,2595.72464599609,179.85734375
"104801",3557.495703125,3081.47204589844,535.3725
"103298",3393.007421875,1912.15032958984,138.49421875
"74566",2212.49604492187,1933.75228271484,167.62
"97108",2888.84328613281,3477.29521484375,325.125
"102269",3691.41345214844,2430.83502197266,86.56453125
"92280",3015.54661865234,1721.83499755859,72.7015625
"74371",1938.14713134766,2432.72178955078,234.45125
"79352",1930.66335449219,2697.09855957031,156.963125
"79188",1960.88919677734,2842.88165283203,108.4653125
"92772",2544.35816650391,1740.93717041016,206.5446875
"104811",3586.74516601562,3034.77081298828,669.035
"90749",3215.60520019531,1793.93413085938,90.26734375
"104886",3638.62919921875,2929.3423828125,156.73734375
"96773",2778.98970947266,3479.92739257812,46.1496875
"96775",2756.45329589844,3478.90950927734,104.35609375
"90752",3228.92567138672,1800.49091796875,44.3434375
"97496",2572.24318847656,3447.24576416016,132.6690625
"102634",3699.72668457031,2482.11206054688,201.21625
"79294",1985.34018554687,2915.35017089844,247.41109375
"90757",3240.45607910156,1806.49694824219,65.025
"96774",2773.45599365234,3480.07016601563,28.0871875
"7639",3182.81358642578,3401.63338623047,579.08375
"75032",1925.987109375,2524.12086181641,274.55
"74049",2082.38959960937,2081.79360351562,168.3425
"75002",1929.96774902344,2482.73212890625,376.241875
"105387",3643.80598144531,2918.00642089844,79.11375
"78835",2072.7150390625,3083.43518066406,148.06734375
"104890",3634.87392578125,2939.9408203125,151.13796875
"74526",2129.84018554688,2019.15881347656,352.35421875
"102274",3694.69599609375,2444.45826416016,58.9740625
"77711",2121.32171630859,3149.88999023438,245.33390625
"104503",3695.99216308594,2727.06728515625,574.8390625
"97066",2819.46141357422,3481.34516601562,269.08609375
"96932",2658.79958496094,3467.64887695312,35.53796875
"96929",2649.19246826172,3465.90052490234,56.535625
"7096",2958.60450439453,1709.52711791992,89.27390625
"97503",2584.85166015625,3451.37810058594,62.81234375
"73888",2342.74879150391,1833.00673828125,152.5378125
"6213",1924.51019287109,2537.57933349609,96.67953125
"78851",2047.71765136719,3044.80708007812,211.150625
"97601",2535.42880859375,3437.01525878906,113.11640625
"74550",2169.98048095703,1973.07557373047,58.65796875
"77821",2010.90430908203,2976.62985839844,98.75671875
"76527",2331.79259033203,3339.94384765625,51.34265625
"74456",2053.50723876953,2124.38408203125,193.1784375
"6105",2488.36275634766,1759.22109375,135.1075
"76519",2321.28525390625,3333.1189453125,54.95515625
"97065",2799.16496582031,3481.99594726563,70.624375
"102296",3698.89536132813,2466.20610351562,65.2959375
"7072",2791.99080810547,1697.49181518555,330.49859375
"96776",2768.76439208984,3481.01168212891,59.92234375
"79350",1927.66116943359,2686.20938720703,406.54171875
"97114",2861.41937255859,3481.08078613281,147.16421875
"74557",2191.52744140625,1950.91228027344,338.2203125
"92233",2563.75688476562,1733.16245117187,185.27609375
"73898",2359.24161376953,1822.17338867188,200.80984375
"7269",2748.92884521484,1699.47736206055,201.17109375
"76655",2202.38071289063,3239.15078125,414.173125
"97595",2513.11610107422,3429.91497802734,336.685
"103229",3441.51096191406,1953.60297851562,102.18859375
"90261",3189.64658203125,1779.16849365234,178.276875
"76539",2351.25543212891,3352.84035644531,146.80296875
"90600",3146.72843017578,1760.52535400391,202.119375
"77823",2016.71506347656,2990.12817382812,155.9696875
"79349",1924.64445800781,2660.44853515625,202.0290625
"97497",2558.51473388672,3445.30338134766,94.7378125
"74457",2048.65314941406,2130.66922607422,298.25703125
"78284",1921.77114257812,2578.03941650391,80.42328125
"96936",2675.20753173828,3471.99143066406,86.880625
"77707",2112.35853271484,3141.45826416016,82.68109375
"79446",2289.38846435547,3312.11340332031,64.483125
"76514",2313.88012695312,3329.32943115234,91.8478125
"78374",2296.5638671875,3317.3208984375,55.40671875
"104903",3630.26782226562,2955.22069091797,122.3734375
"96928",2634.73271484375,3464.8025390625,212.00859375
"74555",2182.2654296875,1958.74572753906,199.951875
"76620",2138.08555908203,3172.99396972656,234.85765625
"74997",1929.546484375,2469.52351074219,114.9678125
"104506",3694.6611328125,2746.62475585938,290.12890625
"92235",2576.33298339844,1728.57554321289,79.42984375
"78881",2036.12166748047,3027.96624755859,136.77828125
"103241",3496.15541992187,2011.04978027344,306.47546875
"75026",1924.87625732422,2508.85593261719,229.43890625
"96938",2686.41939697266,3474.17557373047,72.38546875
"97507",2606.34300537109,3458.85980224609,123.68296875
"90587",3121.97508544922,1750.16929931641,121.560625
"90754",3237.69088134766,1801.900390625,45.47234375
"103301",3403.96279296875,1917.04965820312,138.539375
"92285",3025.35544433594,1720.70930786133,61.18671875
"103287",3365.15788574219,1884.85549316406,289.94828125
"105392",3655.36398925781,2895.24754638672,102.23375
"74540",2156.19412841797,1985.02122802734,96.815
"7078",2839.365234375,1695.72073974609,166.53625
"105435",3388.51669921875,3275.92448730469,716.58453125
"79439",2280.66953125,3306.90321044922,88.145
"6318",2405.84635009766,3385.02331542969,505.25328125
"96981",2694.16070556641,3476.21735839844,55.31640625
"6108",2471.91226806641,1763.29926757812,142.2421875
"78852",2090.71466064453,3115.176953125,202.7515625
"103322",3411.49263916016,1922.52941894531,94.0153125
"79342",1920.76322021484,2626.10550537109,96.3634375
"74040",2105.51744384766,2044.14790039062,352.26390625
"96933",2655.04099121094,3470.28312988281,27.13890625
"104494",3707.281640625,2659.97788085938,185.5921875
"102638",3705.31352539062,2497.51602783203,184.73421875
"102264",3694.57314453125,2423.58200683594,40.7309375
"96983",2711.13725585937,3478.80305175781,62.36078125
"104521",3693.38198242187,2762.14410400391,204.4675
"90573",3078.25300292969,1734.10158081055,155.69875
"79437",2275.32984619141,3303.91824951172,35.17671875
"80284",1944.12556152344,2797.04847412109,182.11515625
"104797",3539.76647949219,3115.15682373047,521.96109375
"102268",3692.49919433594,2412.43841552734,188.3015625
"105391",3653.20246582031,2904.3537109375,89.22875
"78879",2100.50128173828,3129.36900634766,46.64640625
"96422",2922.91903076172,3478.65260009766,399.90375
"103240",3483.7615234375,1994.11826171875,203.51921875
"77841",2024.64106445312,3010.80977783203,165.40734375
"105393",3658.87687988281,2889.448828125,39.918125
"96985",2721.83758544922,3480.44702148438,53.3746875
"104543",3710.49196777344,2574.87266845703,817.01203125
"79189",1965.06697998047,2872.20623779297,240.00546875
"90759",3250.47097167969,1807.03380126953,105.304375
"102278",3700.76926269531,2456.71872558594,194.6234375
"102288",3687.15556640625,2385.61796875,866.14203125
"74459",2036.55538330078,2146.42742919922,208.48640625
"102816",3526.92060546875,2046.00416259766,655.3075
"80278",1936.63742675781,2765.86389160156,200.71953125
"74451",2058.48604736328,2109.83924560547,240.1409375
"104806",3573.42282714844,3066.72238769531,377.145
"73987",2210.46214599609,1928.36549072266,54.91
"90761",3258.14296875,1810.91109619141,80.739375
"105417",3333.40054931641,3320.54243164062,620.58234375
"96939",2680.56215820312,3475.60932617187,68.095625
"78283",1919.18254394531,2567.45239257812,154.97625
"96777",2762.68220214844,3484.27783203125,67.373125
"102863",3624.89389648438,2206.11730957031,821.84375
"102056",3649.67048339844,2263.47591552734,860.90390625
"76529",2335.03508300781,3346.58509521484,99.56953125
"103434",3422.29735107422,1930.569140625,145.6740625
"7093",2941.97803955078,1702.47518920898,185.09546875
"97508",2595.05850830078,3458.55225830078,77.2171875
"7260",2675.95563964844,1704.0903137207,772.3525
"78861",2038.61875,3037.90124511719,68.0053125
"76644",2181.69807128906,3224.20522460937,316.1840625
"104913",3624.06174316406,2975.93985595703,41.58890625
"103438",3434.04088134766,1941.11881103516,177.32859375
"96416",3030.24086914062,3460.09973144531,1090.8846875
"90567",3070.12259521484,1730.05411987305,74.37234375
"73870",2311.34361572266,1847.76033935547,227.3165625
"7642",3256.3765625,3370.27386474609,349.2384375
"90266",3173.26270751953,1767.61961669922,128.424375
"92741",2520.86156005859,1742.51826171875,229.43890625
"79310",1997.36199951172,2958.20544433594,200.49375
"76625",2147.35317382812,3188.56208496094,261.6353125
"96988",2739.25137939453,3483.36723632812,48.8590625
"90770",3282.10815429688,1824.05704345703,218.51109375
"76762",2304.07897949219,3326.840234375,69.58578125
"74917",2024.98264160156,2165.03217773437,683.07859375
"79426",2258.03018798828,3292.75784912109,264.1640625
"102637",3708.18103027344,2506.03366699219,64.121875
"79444",2283.73791503906,3312.66187744141,63.038125
"73847",2274.42568359375,1873.64674072266,129.37265625
"79344",1921.76180419922,2674.30606689453,328.8278125
"7427",3294.54957275391,1831.38123779297,234.8125
"74941",2001.37189941406,2211.38955078125,355.42484375
"96419",2986.47603759766,3470.42341308594,587.70859375
"105390",3652.87001953125,2910.84720458984,28.1775
"80277",1937.69494628906,2778.2482421875,83.7196875
"96779",2783.12349853516,3486.45844726562,59.10953125
"104549",3710.74887695313,2643.34768066406,519.5678125
"77670",2238.96474609375,3277.79527587891,503.08578125
"78839",2054.95302734375,3066.81701660156,326.93125
"96987",2734.8119140625,3483.49174804687,33.82203125
"79186",1957.78200683594,2855.34216308594,125.39890625
"73864",2295.31978759766,1857.99727783203,136.23640625
"73901",2369.68731689453,1810.42467041016,205.55125
"8247",3710.442578125,2528.64375,179.67671875
"7095",2951.71236572266,1702.61879272461,110.76828125
"7069",2769.61252441406,1693.25696411133,144.5903125
"80279",1939.98845214844,2789.94591064453,83.85515625
"79179",1947.19975585938,2819.37819824219,227.22625
"90748",3222.61396484375,1789.90949707031,143.19046875
"90584",3103.29438476562,1739.57833251953,207.3575
"79185",1953.18150634766,2841.07685546875,101.82734375
"6314",2378.14975585938,3373.97912597656,275.9046875
"79343",1919.33735351562,2652.26583251953,135.1978125
"90566",3062.24058837891,1726.48156738281,88.8675
"92295",3043.43786621094,1721.30488891602,129.37265625
"74044",2088.87396240234,2061.42348632812,116.9546875
"105079",3473.93671875,3199.71646728516,154.25375
"6211",1918.62722167969,2535.72244873047,52.2909375
"77824",2016.525390625,3000.732421875,71.84359375
"96780",2776.90496826172,3486.97517089844,45.9690625
"102265",3699.78188476562,2435.17321777344,96.634375
"77702",2104.51802978516,3139.21975097656,92.61546875
"74939",2006.35070800781,2198.6046875,134.52046875
"102855",3610.79086914063,2173.10240478516,111.49078125
"93901",3271.95111083984,3363.02147216797,371.184375
"97067",2808.5958984375,3487.9318359375,139.03609375
"73909",2384.07879638672,1801.52125244141,158.63390625
"73857",2284.65162353516,1864.627734375,172.81296875
"97096",2868.08157958984,3486.50368652344,75.36578125
"7074",2807.928515625,1691.31126098633,288.3678125
"7102",2993.26026611328,1709.10979614258,191.4625
"104908",3630.85634765625,2966.09969482422,71.39203125
"6104",2479.64486083984,1756.09937744141,64.25734375
"7087",2909.57137451172,1696.11969604492,290.1740625
"74041",2093.94760742188,2053.41385498047,151.905625
"97068",2794.08426513672,3488.10947265625,127.11484375
"75173",1934.90360107422,2407.69597167969,576.6453125
"80271",1925.82254638672,2720.33887939453,226.0521875
"97509",2583.25770263672,3458.02432861328,124.49578125
"78282",1916.37833251953,2604.36077880859,193.5396875
"103288",3379.56741943359,1890.43195800781,168.74890625
"96984",2701.36557617188,3481.33479003906,77.53328125
"90256",3206.00285644531,1780.34056396484,309.09453125
"96778",2752.32241210937,3486.3845703125,66.5603125
"90576",3091.07065429688,1734.11226806641,133.0303125
"79180",1949.22867431641,2832.05349121094,148.51890625
"104921",3623.82766113281,2982.19615478516,118.12875
"73895",2347.45574951172,1821.74008789062,198.46171875
"79298",1988.59035644531,2943.82911376953,383.0153125
"105395",3652.23916015625,2917.34505615234,82.04890625
"7265",2731.16994628906,1694.52428588867,114.29046875
"96464",3171.35166015625,3415.21450195312,448.4015625
"92230",2563.56119384766,1726.38538208008,43.9821875
"103280",3353.99893798828,1869.94770507812,240.99890625
"105083",3499.46577148437,3172.93129882812,729.86046875
"7099",2978.725390625,1705.45350952148,107.87828125
"76516",2317.73521728516,3339.02640380859,42.085625
"6591",2490.80692138672,3428.57896728516,595.65609375
"96940",2658.27331542969,3475.31381835938,49.62671875
"74527",2130.93070068359,2005.50693359375,130.1403125
"102639",3707.81745605469,2479.81066894531,96.13765625
"92771",2537.31806640625,1734.04575805664,194.66859375
"77638",2221.641015625,3265.89735107422,336.09796875
"74034",2114.50739746094,2025.16339111328,419.1403125
"102266",3702.71206054687,2443.70974121094,91.98328125
"7413",3027.81123046875,1715.54217529297,123.41203125
"74054",2069.37231445312,2086.19011230469,283.761875
"76532",2341.00043945312,3354.57584228516,39.2859375
"96990",2713.65239257812,3483.8146484375,22.4878125
"96986",2729.73889160156,3485.50759277344,92.61546875
"7091",2929.06119384766,1697.07158813477,199.590625
"97506",2564.07542724609,3453.93017578125,146.98359375
"73986",2208.73869628906,1924.57161865234,66.289375
"78889",2098.18951416016,3134.01765136719,80.33296875
"102856",3616.59975585937,2180.38509521484,112.9809375
"97088",2848.88208007812,3489.15910644531,121.51546875
"78843",2046.79937744141,3058.85490722656,113.92921875
"76513",2311.62314453125,3335.9478515625,21.26859375
"79464",2293.70777587891,3323.56163330078,98.75671875
"96992",2744.71827392578,3487.11213378906,66.650625
"96941",2666.41970214844,3477.53303222656,111.58109375
"104686",3686.70317382812,2814.43446044922,683.07859375
"75034",1925.53264160156,2450.78698730469,232.96109375
"74447",2059.96400146484,2099.39291992188,320.83515625
"96934",2645.86883544922,3473.96079101563,115.28390625
"90750",3234.55546875,1793.11712646484,169.968125
"7086",2895.30710449219,1692.96041870117,99.65984375
"74529",2137.703515625,1996.43583984375,145.44828125
"104904",3636.27136230469,2958.74727783203,75.50125
"96989",2719.81945800781,3485.06682128906,42.085625
"77712",2121.49997558594,3164.05776367187,389.29203125
"76520",2323.38078613281,3344.17309570312,117.72234375
"103238",3475.11397705078,1977.08111572266,653.5915625
"96465",3158.27377929688,3422.28780517578,454.13640625
"73834",2261.03050537109,1879.57121582031,144.81609375
"102861",3623.14699707031,2192.01490478516,135.46875
"97069",2836.0482421875,3490.25522460938,259.01625
"76537",2346.80247802734,3359.30832519531,63.3090625
"104539",3693.12756347656,2790.72369384766,192.2753125
"104936",3648.66110839844,2931.0955078125,187.0371875
"76553",2360.16175537109,3367.34846191406,168.884375
"90271",3161.24400634766,1757.97701416016,276.35625
"102291",3707.63483886719,2467.77142333984,120.97359375
"79429",2248.64532470703,3290.38693847656,139.03609375
"6212",1914.99978027344,2546.02309570312,144.9515625
"103234",3458.46468505859,1958.91174316406,330.9953125
"75142",1972.40881347656,2270.05760498047,741.64625
"78847",2079.84125976562,3110.92550048828,417.785625
"96931",2627.15493164062,3471.08519287109,252.01703125
"90586",3121.42329101562,1742.16672363281,85.11953125
"7484",3314.54698486328,1839.57701416016,192.9978125
"105076",3466.09123535156,3212.84913330078,192.32046875
"74544",2163.13295898437,1967.30072021484,132.3078125
"96943",2692.81328125,3482.65004882812,42.94359375
"7244",2584.02469482422,1718.47411499023,174.25796875
"102258",3700.80869140625,2423.11239013672,83.49390625
"78904",2024.45533447266,3022.76497802734,116.18703125
"90602",3135.63236083984,1747.21546630859,54.368125
"75134",1953.86590576172,2323.11827392578,238.3346875
"77819",2005.22927246094,2985.844140625,51.0265625
"97115",2902.29636230469,3486.94113769531,371.4553125
"73913",2397.76284179687,1790.54658203125,711.61734375
"78281",1913.45832519531,2589.65822753906,163.87203125
"90562",3052.27861328125,1719.95300292969,123.41203125
"79340",1914.02257080078,2627.11052246094,66.60546875
"76764",2305.47537841797,3333.75603027344,59.56109375
"7076",2827.08090820313,1687.89922485352,156.5115625
"78856",2036.62718505859,3045.42237548828,117.99328125
"103458",3323.28563232422,1844.54025878906,90.62859375
"97500",2546.50122070312,3450.84020996094,223.975
"97093",2861.29340820312,3490.66860351562,54.68421875
"79281",1968.49561767578,2901.90830078125,232.05796875
"78876",2030.79111328125,3035.85759277344,53.645625
"104531",3697.26591796875,2778.47340087891,91.62203125
"78866",2089.65568847656,3126.32780761719,104.7625
"76638",2162.95013427734,3213.48435058594,272.42765625
"103462",3334.40183105469,1851.784765625,221.03984375
"90585",3112.52236328125,1737.62526245117,102.91109375
"78840",2068.16496582031,3096.48981933594,232.32890625
"96781",2771.139453125,3491.26875,99.4340625
"97542",2610.08748779297,3468.77321777344,70.66953125
"73542",2463.54840087891,1758.24844970703,138.178125
"92778",2553.72373046875,1725.61631469727,74.01109375
"7253",2607.5576171875,1711.09088134766,113.38734375
"7098",2969.01368408203,1700.15916748047,192.86234375
"73886",2330.115625,1828.11363525391,418.7790625
"74556",2190.44896240234,1937.70760498047,329.279375
"7097",2960.68820800781,1698.57869873047,97.49234375
"105080",3486.54436035156,3193.31511230469,337.76875
"80275",1933.58792724609,2785.98498535156,113.974375
"92740",2514.91010742187,1737.9979675293,49.310625
"90751",3248.07806396484,1797.28992919922,93.6540625
"104926",3621.55283203125,2995.88974609375,369.60390625
"7641",3213.13634033203,3400.28720703125,785.8090625
"92232",2568.69543457031,1720.81068115234,98.3503125
"79187",1959.04621582031,2877.91966552734,78.7525
"74047",2074.59890136719,2072.39670410156,185.81796875
"105400",3669.0416015625,2883.80678710937,181.57328125
"79339",1912.97044677734,2637.88659667969,110.85859375
"96944",2687.29886474609,3483.97319335937,42.67265625
"105407",3661.79086914063,2904.28502197266,111.67140625
"102839",3605.08947753906,2151.74387207031,379.98984375
"74932",2004.98896484375,2189.56907958984,107.7428125
"78837",2055.944140625,3079.71518554688,356.1021875
"77817",1994.42124023437,2968.0140625,194.12671875
"77820",2008.15363769531,2996.64262695312,124.63125
"103290",3395.28411865234,1896.93831787109,375.519375
"7270",2753.65364990234,1688.04085693359,102.3240625
"8167",3717.59204101562,2544.43328857422,504.44046875
"74542",2155.40181884766,1971.84705810547,114.51625
"74045",2082.15261230469,2060.73846435547,104.89796875
"7267",2741.50960693359,1688.78595581055,144.72578125
"102256",3701.78818359375,2414.51402587891,73.64984375
"79438",2265.51251220703,3307.45832519531,204.96421875
"74989",1920.48638916016,2458.47662353516,132.3078125
"96991",2705.12043457031,3487.07602539063,66.1990625
"73981",2210.06121826172,1917.74194335938,42.04046875
"104512",3704.31203613281,2753.25728759766,109.9103125
"6103",2488.71761474609,1746.31109619141,68.95359375
"103441",3448.31614990234,1944.18491210937,150.68640625
"96423",2963.39135742188,3481.75314941406,275.76921875
"7259",2636.24158935547,1703.20960083008,186.6759375
"90599",3147.10985107422,1748.55334472656,194.57828125
"7456",3305.68880615234,1830.03132324219,162.5625
"104526",3701.64831542969,2767.78157958984,179.22515625
"73982",2219.53178710937,1909.01450195312,686.78140625
"79341",1910.91247558594,2613.50989990234,271.88578125
"105397",3682.30209960938,2846.35262451172,669.44140625
"104930",3615.29321289062,3011.14450683594,384.550625
"76531",2336.51013183594,3357.30202636719,43.39515625
"103242",3499.03371582031,1997.82705078125,225.01359375
"104495",3715.76877441406,2672.28233642578,296.766875
"7071",2782.36729736328,1685.61785888672,276.67234375
"97070",2788.99422607422,3494.00178222656,76.99140625
"6309",2365.37340087891,3374.76749267578,140.84234375
"102860",3623.66040039062,2183.95360107422,80.69421875
"104911",3633.73962402344,2974.72275390625,134.70109375
"96421",2949.06794433594,3484.4853515625,303.58546875
"73866",2291.88596191406,1851.40209960938,101.0596875
"77818",1998.66003417969,2980.00682373047,202.79671875
"90264",3172.00596923828,1758.23184814453,49.62671875
"74533",2145.67517089844,1980.66331787109,82.2746875
"7255",2618.47438964844,1706.31481933594,216.70484375
"74968",1923.71809082031,2432.40407714844,301.1921875
"78280",1910.04421386719,2573.33017578125,177.915625
"73529",2432.32729492187,1769.4177734375,364.54640625
"79182",1948.87236328125,2852.61971435547,88.325625
"96947",2678.89619140625,3484.57333984375,19.2365625
"76757",2295.04731445312,3330.67830810547,55.94859375
"79289",1960.24194335938,2887.78472900391,199.590625
"7245",2590.30361328125,1712.66170043945,146.35140625
"90760",3270.0794921875,1806.97631835938,230.7484375
"74928",2007.58918457031,2179.93477783203,216.70484375
"77842",2015.48073730469,3014.66652832031,35.71859375
"79338",1910.49245605469,2631.51408691406,17.881875
"7080",2843.17176513672,1684.59987182617,169.65203125
"76540",2350.26577148437,3366.88942871094,45.7884375
"7264",2723.13645019531,1688.81106567383,188.93375
"76512",2312.36627197266,3343.09772949219,85.3453125
"73839",2267.55325927734,1868.16552734375,41.95015625
"80270",1922.47567138672,2744.16004638672,338.0396875
"75025",1912.6693359375,2510.50654296875,205.86734375
"102068",3683.6642578125,2333.06489257812,686.4653125
"77834",2011.79539794922,3008.45318603516,65.6571875
"7263",2711.76292724609,1689.78796386719,398.50390625
"73543",2416.61785888672,1776.10965576172,300.69546875
"6315",2384.53409423828,3386.78370361328,169.606875
"7106",3004.66076660156,1703.80258789062,170.10359375
"77700",2102.53082275391,3149.47163085937,178.77359375
"103321",3410.91573486328,1907.17525634766,194.3525
"96782",2761.3744140625,3494.2802734375,117.09015625
"90250",3196.04731445312,1767.52623291016,207.3575
"76525",2329.42105712891,3354.82673339844,88.46109375
"6210",1910.70433349609,2530.32071533203,223.3428125
"7082",2854.34067382813,1684.29876098633,386.8084375
"96942",2653.85709228516,3481.50225830078,97.04078125
"73835",2263.30740966797,1870.66427001953,30.886875
"90762",3282.46197509766,1813.24527587891,91.8478125
"96995",2746.73245849609,3493.45891113281,48.4075
"96314",3134.52254638672,3437.89244384766,467.638125
"90253",3183.87255859375,1761.74930419922,199.72609375
"103432",3432.69989013672,1926.36313476562,206.99625
"96993",2712.75051269531,3490.33076171875,88.9578125
"90571",3073.43688964844,1720.84398803711,160.03375
"97100",2873.74208984375,3494.27861328125,194.03640625
"79181",1950.35218505859,2862.22413330078,71.57265625
"97513",2586.19783935547,3466.92152099609,141.7003125
"97091",2854.71607666016,3495.52414550781,102.45953125
"97502",2531.7681640625,3451.06640625,446.45984375
"79280",1969.65419921875,2917.80616455078,240.90859375
"74546",2166.58421630859,1955.75080566406,176.96734375
"105398",3678.18491210938,2867.55427246094,401.48421875
"96996",2736.97883300781,3493.21735839844,64.121875
"102267",3711.34943847656,2451.76689453125,114.6065625
"105401",3669.65419921875,2893.07108154297,90.131875
"75133",1954.73375244141,2302.24741210938,449.62078125
"79449",2274.57924804687,3318.17401123047,177.6446875
"103431",3440.51756591797,1932.79665527344,30.57078125
"73541",2452.05098876953,1758.36507568359,250.84296875
"74458",2030.80812988281,2133.67971191406,459.6003125
"73824",2244.55386962891,1884.28605957031,468.9025
"79337",1910.81888427734,2664.82263183594,103.81421875
"96945",2674.47270507812,3486.0857421875,92.88640625
"104938",3646.10861816406,2953.73298339844,245.28875
"76628",2137.55202636719,3193.35682373047,186.3146875
"75113",1935.06588134766,2367.77772216797,318.30640625
"79172",1935.75277099609,2814.49713134766,181.39265625
"6101",2475.31226806641,1748.12751464844,186.08890625
"73871",2305.61856689453,1838.52073974609,205.19
"96937",2620.93287353516,3476.30119628906,145.6740625
"97516",2603.76416015625,3472.39733886719,101.64671875
"102640",3715.74387207031,2478.00006103516,114.155
"7241",2573.27310791016,1714.80797119141,124.811875
"79177",1943.08941650391,2842.21510009766,66.289375
"102641",3718.31462402344,2499.99754638672,247.32078125
"97071",2825.91610107422,3497.41838378906,153.03453125
"74562",2195.80794677734,1925.80677490234,187.308125
"104535",3701.70434570312,2784.55310058594,39.24078125
"96950",2694.44396972656,3489.53679199219,69.31484375
"75132",1944.46900634766,2331.81707763672,301.824375
"102259",3710.83894042969,2442.16766357422,70.94046875
"103435",3446.08739013672,1936.94808349609,37.61515625
"102251",3707.98347167969,2425.59162597656,99.2534375
"6209",1907.62930908203,2554.87276611328,220.0915625
"76534",2341.51052246094,3364.5025390625,71.12109375
"7109",3025.29422607422,1706.2325378418,397.194375
"102852",3621.37976074219,2171.63897705078,66.0184375
"96946",2665.94655761719,3485.70681152344,57.7096875
"97073",2813.02976074219,3498.09406738281,131.54015625
"104946",3657.9052734375,2928.47391357422,65.025
"97544",2614.24036865234,3475.77160644531,95.32484375
"103273",3352.14744873047,1856.95656738281,275.3628125
"7101",2983.09699707031,1696.82816772461,150.3703125
"77844",2015.44898681641,3021.28225097656,94.828125
"96948",2682.02288818359,3488.54235839844,76.90109375
"74531",2138.02122802734,1983.56112060547,211.55703125
"102644",3720.67329101562,2516.019921875,142.151875
"97515",2596.3515625,3471.67911376953,154.97625
"76657",2177.98388671875,3237.71350097656,374.7065625
"104958",3660.83876953125,2921.81668701172,91.4865625
"75016",1910.91870117188,2497.17279052734,96.634375
"103443",3422.41916503906,1913.69302978516,209.47984375
"96784",2782.7306640625,3497.95502929687,87.64828125
"75005",1911.90504150391,2487.50549316406,213.49875
"90581",3118.46468505859,1732.98927612305,92.25421875
"6097",2497.58347167969,1738.0305480957,323.99609375
"7643",3262.52329101563,3380.75754394531,154.8859375
"77692",2091.7138671875,3140.27810058594,93.2025
"90248",3222.88374023437,1777.25516357422,217.51765625
"92739",2520.05161132813,1729.72572021484,103.7690625
"77636",2203.99645996094,3262.95845947266,296.54109375
"90753",3259.77365722656,1796.69538574219,213.86
"90603",3135.77596435547,1738.88625488281,112.75515625
"79174",1937.38345947266,2827.95643310547,113.07125
"79184",1949.95270996094,2870.29809570312,92.34453125
"7257",2625.86021728516,1700.16082763672,113.974375
"78900",2020.47282714844,3032.34387207031,174.3934375
"6317",2396.42828369141,3397.31988525391,126.48265625
"92767",2537.89912109375,1723.21687011719,153.21515625
"96994",2721.009375,3494.55834960938,129.19203125
"96783",2753.608203125,3497.43955078125,72.791875
"76528",2334.57895507813,3362.35989990234,26.59703125
"105410",3664.98833007812,2914.45679931641,91.80265625
"92766",2547.24040527344,1719.98454589844,46.55609375
"76510",2307.79793701172,3345.41385498047,65.1153125
"76758",2296.47421875,3337.69537353516,75.4109375
"79335",1906.28956298828,2641.63294677734,105.2140625
"103283",3377.83712158203,1874.40024414062,265.83484375
"7248",2594.18609619141,1706.66573486328,135.51390625
"75108",1935.73741455078,2354.24018554687,281.0525
"92782",2559.53635253906,1716.03928833008,146.7578125
"74987",1913.31140136719,2465.07885742188,302.77265625
"76749",2283.54616699219,3328.71351318359,148.78984375
"104544",3725.1748046875,2605.25083007813,1314.36296875
"7113",3055.08323974609,1711.56527099609,260.05484375
"105414",3324.03519287109,3344.47399902344,406.81265625
"90579",3096.93785400391,1724.04227905273,297.35390625
"102840",3600.93120117187,2130.10581054688,577.7290625
"79436",2241.33627929688,3296.74658203125,76.08828125
"80268",1914.82836914062,2726.88446044922,168.65859375
"104511",3712.08198242187,2745.71727294922,201.758125
"96997",2728.61766357422,3496.15458984375,47.7753125
"74036",2096.45693359375,2030.27521972656,246.50796875
"73980",2202.03934326172,1916.23223876953,147.97703125
"97505",2511.51488037109,3448.33731689453,288.77421875
"97510",2558.72557373047,3463.66263427734,322.09953125
"97072",2802.64340820313,3500.4029296875,137.04921875
"104815",3594.56076660156,3060.76761474609,437.60921875
"90747",3243.68321533203,1785.87033691406,212.6859375
"73843",2276.05533447266,1855.12354736328,187.9403125
"73900",2365.71207275391,1797.05709228516,342.32953125
"97000",2742.35047607422,3497.90439453125,25.0165625
"74534",2144.8587890625,1972.37062988281,144.63546875
"76635",2145.35642089844,3207.60718994141,263.531875
"7104",2995.19144287109,1696.50993652344,85.9775
"96424",2920.18786621094,3494.84846191406,418.869375
"90575",3082.32723388672,1718.51333618164,74.236875
"104826",3610.42272949219,3034.58425292969,618.640625
"105406",3669.03828125,2907.97762451172,50.16859375
"96786",2777.53333740234,3500.39919433594,49.26546875
"96785",2769.95202636719,3500.07255859375,34.9509375
"74367",1971.11638183594,2245.0890625,480.68828125
"74521",2123.11800537109,1996.09530029297,76.8559375
"104924",3633.60307617187,2990.87171630859,157.324375
"7089",2918.80059814453,1683.94763793945,267.2346875
"78857",2033.17779541016,3058.67395019531,211.6925
"77630",2190.41451416016,3253.93488769531,251.65578125
"79333",1903.88793945312,2626.85112304687,153.30546875
"76518",2318.83590087891,3354.77443847656,113.3421875
"87471",2869.54459228516,1679.42827758789,275.31765625
"103243",3499.94970703125,1987.63555908203,177.05765625
"73841",2268.45472412109,1859.60576171875,108.05890625
"87828",2759.13527832031,1679.36239013672,190.74
"80273",1927.4513671875,2799.77071533203,178.41234375
"102825",3559.16125488281,2062.27805175781,671.60890625
"96949",2644.23793945312,3485.71552734375,201.35171875
"74043",2074.74312744141,2056.72607421875,181.166875
"78870",2025.22294921875,3046.31823730469,173.941875
"97517",2574.52797851562,3469.71348876953,174.48375
"6313",2373.73560791016,3388.17802734375,95.23453125
"102250",3713.93015136719,2433.83907470703,144.86125
"7252",2606.35006103516,1701.47079467773,54.4584375
"102282",3719.05173339844,2466.54456787109,147.570625
"76755",2289.48828125,3335.61934814453,41.4534375
"104800",3556.57141113281,3121.36954345703,718.52625
"79183",1949.22535400391,2878.2494140625,91.576875
"7425",3296.63410644531,1814.54144287109,221.7171875
"7084",2885.61365966797,1679.81727294922,492.8353125
"74974",1914.54468994141,2440.70112304687,77.5784375
"104805",3575.00910644531,3095.03095703125,539.6171875
"77715",2126.26420898437,3188.61500244141,277.75609375
"105404",3672.6208984375,2902.01807861328,97.0859375
"97001",2747.36518554687,3499.93186035156,31.74484375
"102642",3721.66730957031,2484.57593994141,131.08859375
"90583",3130.27420654297,1733.05505981445,113.7034375
"73894",2345.66298828125,1806.74700927734,322.6865625
"6310",2365.7724609375,3384.36630859375,59.1546875
"103286",3392.11052246094,1882.39825439453,219.1884375
"105081",3483.71752929688,3211.0908203125,240.45703125
"77646",2221.15625,3283.038671875,162.20125
"90257",3172.81695556641,1749.81236572266,106.43328125
"79178",1939.38270263672,2848.41889648437,112.48421875
"102247",3711.34487304687,2415.72614746094,63.6703125
"96951",2659.62862548828,3489.55795898438,75.7721875
"104548",3726.77934570312,2641.50034179688,140.8875
"80272",1920.45588378906,2773.85982666016,313.51984375
"76526",2333.87421875,3366.07885742188,42.13078125
"79440",2246.03410644531,3304.25567626953,108.78140625
"97074",2794.10169677734,3502.9263671875,117.4965625
"74541",2156.69425048828,1956.34949951172,76.35921875
"74446",2049.39689941406,2091.33618164062,249.75921875
"79482",1901.52574462891,2578.44221191406,141.97125
"87848",2771.80206298828,1677.16994628906,189.97234375
"74368",1977.75181884766,2224.17213134766,819.81171875
"77689",2083.31721191406,3136.74445800781,169.968125
"77835",2006.18303222656,3014.66071777344,116.36765625
"97087",2850.22037353516,3502.67941894531,32.9640625
"80274",1928.07911376953,2809.21887207031,183.56015625
"74519",2114.96186523437,2002.39206542969,220.9946875
"73865",2290.85230712891,1841.19525146484,276.13046875
"76649",2160.04880371094,3226.93286132812,122.32828125
"96998",2702.52395019531,3496.67006835937,134.33984375
"80269",1922.44890136719,2786.29792480469,193.63
"103471",3343.94752197266,1844.38503417969,124.9021875
"7682",3308.87111816406,3358.72104492188,521.103125
"7258",2640.29029541016,1692.57889404297,283.26515625
"79279",1968.77369384766,2935.04564208984,370.23609375
"90597",3147.75378417969,1738.41456298828,122.50890625
"104537",3708.96379394531,2780.03934326172,203.745
"74552",2171.99072265625,1940.07810058594,245.9209375
"89220",2802.56600341797,1675.73401489258,201.35171875
"79176",1942.15205078125,2861.10747070312,94.828125
"7092",2936.15483398437,1683.69799194336,231.96765625
"79330",1905.13284912109,2677.40744628906,127.4309375
"102857",3633.64499511719,2183.08015136719,182.7021875
"78846",2062.1697265625,3108.22546386719,274.41453125
"75028",1904.31024169922,2510.13612060547,68.0053125
"104939",3647.6521484375,2966.96048583984,205.0996875
"104569",3704.62165527344,2800.00479736328,276.7175
"104945",3654.9103515625,2950.64820556641,141.74546875
"76645",2152.57498779297,3219.81888427734,123.0959375
"97092",2861.01553955078,3502.82094726562,54.50359375
"96999",2735.9740234375,3500.69760742188,72.83703125
"104493",3726.08374023438,2667.67830810547,216.25328125
"102851",3628.35739746094,2171.74252929688,60.55453125
"103461",3333.8328125,1836.65264892578,194.03640625
"76760",2297.83865966797,3343.93880615234,67.1925
"74525",2126.10462646484,1988.13671875,153.711875
"90755",3281.28637695312,1802.89399414062,181.6184375
"79285",1956.18140869141,2904.31282958984,235.354375
"79171",1934.23455810547,2836.4234375,124.58609375
"79334",1903.22844238281,2662.55008544922,148.60921875
"77708",2114.33391113281,3177.67042236328,196.65546875
"75001",1907.23356933594,2477.17164306641,89.54484375
"104948",3662.88989257812,2933.00614013672,84.351875
"97085",2845.26086425781,3504.02414550781,55.3615625
"6099",2480.20412597656,1738.30654907227,143.5065625
"96952",2669.29945068359,3492.86042480469,56.174375
"6560",2485.40145263672,3443.10637207031,297.489375
"92738",2505.91040039062,1728.6380065918,281.233125
"104501",3720.66000976563,2719.15249023437,855.12390625
"79332",1902.46643066406,2655.35600585937,147.75125
"7242",2575.82995605469,1706.47481689453,83.5390625
"80266",1908.25684814453,2712.74407958984,504.7565625
"102643",3724.89838867187,2492.09852294922,34.2284375
"6304",2345.03088378906,3375.00115966797,136.2815625
"77642",2210.15771484375,3276.59290771484,93.1121875
"103456",3324.35705566406,1829.29877929687,152.31203125
"79445",2252.06130371094,3311.34890136719,123.50234375
"77659",2232.32453613281,3295.75671386719,149.15109375
"103440",3469.21751708984,1949.35609130859,361.791875
"87823",2745.49481201172,1676.79381713867,159.44671875
"89216",2826.66275634766,1674.1908996582,377.55140625
"6316",2385.51275634766,3398.30539550781,165.0009375
"96787",2765.31271972656,3503.96770019531,45.47234375
"7249",2597.4373046875,1700.28118896484,103.7690625
"8326",3728.85869140625,2532.2263671875,52.561875
"89221",2812.93139648438,1673.94810180664,190.96578125
"79336",1905.50825195312,2696.66795654297,407.3996875
"80267",1915.72962646484,2762.80941162109,297.0378125
"96315",3152.29306640625,3441.10380859375,355.78609375
"104523",3712.74438476562,2770.74329833984,47.91078125
"105419",3341.19000244141,3339.26961669922,441.13140625
"105078",3473.54346923828,3226.20550537109,412.32171875
"104935",3640.14948730469,2987.22248535156,42.85328125
"102649",3728.56733398438,2523.42276611328,183.515
"7121",3070.56647949219,1710.06998901367,63.399375
"74976",1910.38765869141,2445.01773681641,49.5815625
"76763",2304.22631835938,3350.19323730469,70.44375
"76521",2323.17679443359,3362.62158203125,74.4175
"104941",3643.68188476562,2980.30316162109,120.70265625
"96953",2688.32587890625,3497.05397949219,156.10515625
"6142",1899.82034912109,2546.61307373047,86.7903125
"104808",3587.41130371094,3082.52375488281,321.0609375
"103275",3369.92253417969,1860.54520263672,225.37484375
"103433",3447.36903076172,1926.58621826172,224.516875
"75116",1922.88635253906,2380.425,434.62890625
"75021",1902.99560546875,2500.68547363281,39.06015625
"90242",3205.93520507812,1760.94246826172,135.06234375
"6100",2464.96741943359,1742.82165527344,186.405
"97075",2835.64689941406,3505.88974609375,152.76359375
"102263",3721.63618164062,2455.61887207031,110.90375
"7475",3312.8849609375,1820.13699951172,184.779375
"73833",2259.29854736328,1860.53441162109,111.265
"75103",1933.15421142578,2338.9576171875,280.0590625
"96788",2773.45806884766,3505.58178710938,73.10796875
"74512",2106.40749511719,2007.87410888672,87.6934375
"105438",3400.63376464844,3295.11713867187,831.19109375
"97110",2890.68937988281,3503.49040527344,662.713125
"102065",3690.67717285156,2317.71612548828,335.82703125
"77815",1991.96669921875,2993.97475585937,216.8403125
"7094",2953.20256347656,1683.20658569336,512.5234375
"74538",2149.52237548828,1958.71439208984,111.85203125
"76746",2274.64793701172,3330.66315917969,101.28546875
"7412",2542.57453613281,1714.00787963867,30.345
"104545",3731.16547851562,2630.47337646484,438.06078125
"102647",3728.66611328125,2509.52061767578,96.49890625
"6305",2353.09924316406,3382.17158203125,142.01640625
"96789",2759.48038330078,3505.29084472656,61.09640625
"97095",2869.72181396484,3505.36306152344,147.8415625
"87472",2903.11232910156,1676.49301757812,302.50171875
"102845",3625.10473632812,2159.0796875,369.016875
"104951",3660.90144042969,2944.89431152344,202.52578125
"79329",1899.35509033203,2649.24787597656,80.15234375
"97076",2822.6474609375,3507.24401855469,113.7034375
"73528",2415.55494384766,1763.57672119141,110.5425
"97545",2610.61956787109,3484.29650878906,140.30046875
"7645",3279.54051513672,3381.08500976562,290.8965625
"102254",3721.10617675781,2444.28623046875,120.9284375
"75131",1941.84201660156,2306.97242431641,114.20015625
"74922",1994.72338867188,2177.92640380859,262.7190625
"103436",3458.95712890625,1935.66748046875,132.94
"7105",3002.06614990234,1691.07354736328,100.8790625
"87847",2795.21711425781,1671.99721069336,140.39078125
"74938",1983.78461914062,2200.23724365234,629.0265625
"102243",3717.06369628906,2419.84893798828,57.0775
"79291",1947.34294433594,2889.62397460937,108.42015625
"7254",2613.05584716797,1694.1100769043,103.81421875
"73531",2437.60700683594,1752.76765136719,211.19578125
"76523",2328.37121582031,3368.24619140625,55.13578125
"75035",1904.68377685547,2469.95349121094,56.355
"75011",1901.94410400391,2492.25789794922,61.593125
"75015",1899.1921875,2522.88591308594,193.94609375
"79483",1896.75590820313,2592.99970703125,439.86703125
"104957",3671.08359375,2921.93787841797,83.49390625
"102055",3659.25290527344,2228.11998291016,755.05765625
"74444",2053.79237060547,2075.76163330078,332.66609375
"7237",2553.47200927734,1709.25869140625,169.38109375
"7116",3064.33425292969,1705.62689208984,80.60390625
"103326",3413.34226074219,1892.73459472656,218.1046875
"97006",2744.62841796875,3505.60170898437,80.6490625
"97004",2732.56343994141,3504.60021972656,39.8278125
"97511",2523.66224365234,3460.91673583984,161.70453125
"105402",3681.29729003906,2895.48162841797,127.11484375
"104331",3703.06525878906,2824.99471435547,377.7771875
"79455",2262.86477050781,3324.11716308594,191.7334375
"103425",3433.43637695313,1910.17578125,169.606875
"7103",2990.39462890625,1687.73040771484,105.7559375
"97002",2723.67330322266,3504.05900878906,71.21140625
"102645",3729.18117675781,2495.99387207031,55.7228125
"77704",2105.67100830078,3174.00915527344,117.4965625
"73539",2445.83992919922,1748.04637451172,68.456875
"79327",1897.52082519531,2643.95882568359,22.1265625
"74033",2095.8111328125,2017.269140625,150.05421875
"90252",3183.23215332031,1747.49167480469,186.76625
"75124",1915.79810791016,2398.76744384766,309.90734375
"90244",3195.95476074219,1753.11669921875,122.14765625
"96790",2785.85673828125,3508.46713867188,89.09328125
"74959",1911.08782958984,2422.21279296875,198.5971875
"104517",3718.09299316406,2761.55744628906,116.9546875
"89347",2654.36385498047,1684.43821411133,248.22390625
"81296",2396.37744140625,3408.29248046875,363.1465625
"77625",2171.81267089844,3246.71839599609,151.183125
"79331",1896.81505126953,2638.03684082031,69.179375
"78860",2030.71536865234,3069.66314697266,248.49484375
"103244",3496.87800292969,1972.75848388672,296.9475
"7124",3089.00749511719,1711.88941650391,114.6065625
"102244",3720.36325683594,2428.42032470703,72.8821875
"6301",2337.88266601563,3375.93458251953,25.3778125
"87844",2781.18132324219,1670.55920410156,96.0021875
"6311",2365.63736572266,3392.22901611328,67.373125
"90580",3103.27612304688,1716.25666503906,94.828125
"76754",2290.04733886719,3344.98179931641,23.8425
"105399",3687.31411132812,2881.37216796875,336.32375
"103477",3354.30399169922,1844.45911865234,51.0265625
"96958",2671.54252929687,3498.407421875,54.368125
"77813",1972.37436523437,2958.98779296875,621.9821875
"102064",3688.83149414062,2301.93426513672,366.488125
"74978",1906.59150390625,2443.97930908203,20.90734375
"77701",2099.02706298828,3167.73002929687,217.9240625
"104320",3698.81235351563,2845.94920654297,307.28828125
"87334",2975.37540283203,1683.5508605957,290.264375
"97081",2814.16177978516,3510.0451171875,138.178125
"74530",2141.5318359375,1962.34494628906,105.71078125
"7415",2526.58432617188,1715.64821777344,169.245625
"6298",2332.66271972656,3373.62551269531,58.11609375
"87802",2693.86685791016,1677.26810302734,661.31328125
"97003",2712.79699707031,3504.43586425781,120.07046875
"76752",2283.92260742188,3341.55731201172,81.59734375
"74965",1908.14437255859,2431.42935791016,88.50625
"104522",3717.87966308594,2769.32573242187,64.7540625
"74449",2030.98389892578,2107.13962402344,574.8390625
"105075",3461.64326171875,3244.99722900391,872.8703125
"75003",1900.62137451172,2481.41209716797,37.750625
"79328",1894.72885742187,2621.97897949219,252.51375
"74509",2100.25433349609,2009.09432373047,107.78796875
"90269",3159.66436767578,1735.79514770508,155.4278125
"90243",3228.85303955078,1767.09749755859,143.958125
"96956",2656.62623291016,3496.82487792969,70.0825
"73977",2188.08676757813,1915.15998535156,141.20359375
"7235",2537.19998779297,1711.67214355469,82.2746875
"87816",2728.599609375,1672.82407226562,467.32203125
"7256",2623.85744628906,1688.77142944336,88.82234375
"102646",3728.64577636719,2473.66394042969,91.71234375
"77690",2089.78206787109,3157.47109375,320.3384375
"74992",1902.99498291016,2460.95461425781,78.43640625
"77816",1992.37385253906,3003.99421386719,310.62984375
"96426",2976.31318359375,3496.53227539062,694.72890625
"79282",1957.31342773437,2925.5671875,128.74046875
"90263",3168.50968017578,1739.13849487305,177.32859375
"79170",1933.24489746094,2856.24030761719,124.811875
"97520",2571.57393798828,3478.20560302734,83.9003125
"7114",3053.27844238281,1699.78220825195,159.80796875
"75013",1897.57498779297,2505.54412841797,77.5784375
"102028",3643.44240722656,2186.7046875,167.98125
"104510",3721.59260253906,2753.42309570312,57.03234375
"6208",1895.25180664062,2535.78740234375,243.07609375
"80265",1907.83786621094,2750.70728759766,162.42703125
"79173",1937.70407714844,2871.36225585937,102.775625
"105445",3425.42342529297,3279.97796630859,473.91484375
"76759",2296.78051757812,3351.69132080078,61.3221875
"102070",3708.7126953125,2364.68858642578,1194.0215625
"78849",2042.29973144531,3092.01964111328,430.068125
"79447",2238.72236328125,3308.96595458984,37.52484375
"76511",2308.18952636719,3359.50629882812,130.90796875
"73985",2180.42078857422,1921.25815429687,161.659375
"7122",3077.74354248047,1706.19144897461,111.5359375
"78891",2016.42515869141,3050.16087646484,126.57296875
"102648",3731.05134277344,2486.94104003906,63.1284375
"89349",2669.45861816406,1679.41177978516,436.43515625
"105085",3506.41477050781,3199.40539550781,467.77359375
"96955",2632.00487060547,3493.26633300781,219.77546875
"97521",2583.61691894531,3482.11879882812,206.5446875
"7644",3267.37924804688,3392.99704589844,390.7821875
"77652",2210.45633544922,3285.79930419922,91.6671875
"74958",1910.15067138672,2412.63037109375,279.11078125
"102246",3717.74104003906,2402.11203613281,622.84015625
"104940",3652.92646484375,2974.43388671875,93.8346875
"74522",2125.55469970703,1977.35379638672,112.71
"77836",1997.66248779297,3016.62841796875,96.995625
"74460",2062.1962890625,2057.04855957031,283.62640625
"104934",3628.45825195312,3024.26202392578,324.71859375
"104498",3731.56516113281,2692.24135742187,598.5009375
"104507",3724.29409179687,2744.337890625,214.89859375
"77814",1980.68386230469,2983.07603759766,388.29859375
"105447",3441.68403320312,3266.49936523438,611.1446875
"97005",2701.82253417969,3505.15222167969,103.0465625
"96791",2752.52100830078,3510.00942382812,102.8659375
"90596",3149.14167480469,1729.8662109375,130.63703125
"79481",1892.8072265625,2565.69906005859,196.0684375
"87460",2930.21417236328,1674.33709716797,90.26734375
"90582",3123.49578857422,1720.1878112793,433.5
"78916",2003.60875244141,3029.06693115234,192.185
"103276",3380.62141113281,1860.65186767578,123.14109375
"96428",2938.07625732422,3504.18269042969,478.7465625
"90236",3218.05974121094,1759.62886962891,258.70015625
"73827",2246.0984375,1863.12114257813,458.7875
"75014",1895.18291015625,2515.50423583984,90.854375
"96957",2663.54431152344,3500.0244140625,69.04390625
"6312",2374.76220703125,3400.78670654297,125.03765625
"105411",3677.94709472656,2916.83020019531,124.67640625
"74979",1903.43015136719,2445.44750976562,38.2021875
"104949",3668.48420410156,2940.87403564453,77.98484375
"104568",3716.08088378906,2789.50036621094,118.49
"77719",2128.01629638672,3206.19522705078,171.413125
"77683",2078.7015625,3146.51551513672,119.07703125
"80263",1904.07242431641,2739.57780761719,262.5384375
"103473",3350.03718261719,1837.36547851562,96.273125
"96318",3141.87019042969,3453.07249755859,89.22875
"7240",2567.99090576172,1700.13291625977,188.4821875
"6044",2483.96666259766,1727.7478515625,252.0621875
"7246",2585.33974609375,1695.23483276367,55.3615625
"76656",2158.38594970703,3239.26159667969,174.845
"75130",1938.05333251953,2299.75738525391,125.4440625
"79168",1923.15343017578,2829.93720703125,363.959375
"92736",2516.21644287109,1715.70009765625,287.14859375
"73874",2311.34797363281,1815.33935546875,769.41734375
"96322",3126.73081054688,3459.27027587891,436.02875
"96442",3068.7291015625,3477.98459472656,932.16046875
"104929",3638.64580078125,3008.16763916016,173.4
"75106",1923.33065185547,2347.79919433594,120.97359375
"103482",3365.76467285156,1847.89481201172,188.1209375
"76646",2141.15560302734,3221.9482421875,156.42125
"96793",2769.83311767578,3512.60590820312,61.3221875
"103279",3391.93309326172,1867.90239257813,164.14296875
"79326",1896.35394287109,2690.08004150391,114.7871875
"77634",2185.24852294922,3266.16339111328,119.3028125
"104819",3603.57956542969,3071.72838134766,192.2753125
"90246",3243.44664306641,1770.72203369141,357.77296875
"7238",2549.4521484375,1704.36403198242,77.35265625
"79450",2241.92978515625,3314.89831542969,46.3303125
"74996",1898.71115722656,2468.19185791016,49.7621875
"75101",1930.15659179687,2322.16492919922,276.49171875
"74985",1900.77182617187,2452.86280517578,57.43875
"6306",2355.88311767578,3392.03768310547,114.92265625
"79290",1944.19383544922,2899.9509765625,169.38109375
"97112",2850.66218261719,3513.4517578125,125.85046875
"97090",2861.36624755859,3512.98649902344,241.7665625
"77669",2229.04967041016,3304.81826171875,97.22140625
"8151",3738.3365234375,2542.86257324219,399.6328125
"104942",3644.36420898438,2998.29967041016,97.6278125
"77640",2192.27969970703,3273.13729248047,157.324375
"74037",2074.87261962891,2035.44598388672,651.9659375
"7110",3024.60318603516,1689.09993286133,224.20078125
"74539",2152.950390625,1944.15606689453,291.6190625
"105408",3682.72087402344,2909.21485595703,119.57375
"104937",3648.39091796875,2990.45190429688,93.24765625
"96954",2644.96446533203,3498.69047851562,202.841875
"97007",2730.27014160156,3510.58798828125,82.906875
"7424",3300.09926757812,1802.30609130859,117.90296875
"75020",1894.58629150391,2498.71549072266,60.32875
"79323",1892.34113769531,2654.72493896484,68.095625
"7112",3042.03275146484,1693.04259643555,286.0196875
"102255",3729.22849121094,2449.28599853516,63.21875
"73983",2220.6548828125,1880.90971679688,740.743125
"102651",3735.45200195313,2498.04914550781,90.44796875
"104565",3715.35207519531,2802.08538818359,67.50859375
"77673",2068.4583984375,3136.04117431641,371.59078125
"74998",1896.93811035156,2475.03958740234,29.7128125
"81308",2415.82824707031,3424.37503662109,696.3996875
"6563",2489.98825683594,3456.04417724609,410.38
"102652",3736.94572753906,2510.64475097656,83.76484375
"87829",2758.99810791016,1666.04492797852,284.07796875
"96792",2778.85295410156,3514.34243164062,103.0465625
"90601",3142.30577392578,1724.11781616211,101.6015625
"102249",3727.88874511719,2437.89400634766,68.50203125
"73536",2444.2513671875,1741.75334472656,106.25265625
"103460",3325.60300292969,1817.84681396484,146.44171875
"76742",2270.20515136719,3337.82735595703,91.89296875
"79325",1893.80249023438,2678.75362548828,105.84625
"6207",1890.15201416016,2554.88002929687,246.59828125
"102811",3515.30407714844,1984.61697998047,391.23375
"74919",1994.173046875,2162.07108154297,707.73390625
"6308",2365.69422607422,3398.86258544922,15.895
"96794",2761.76475830078,3513.70036621094,69.76640625
"79453",2247.70131835937,3321.06932373047,135.83
"73525",2399.42133789062,1762.58560791016,547.2034375
"96959",2621.22609863281,3494.83103027344,104.40125
"7234",2532.24110107422,1708.25979614258,46.6915625
"77657",2216.50200195312,3295.95115966797,227.36171875
"105415",3332.64372558594,3357.1712890625,127.9728125
"77632",2176.22578125,3259.87139892578,150.28
"74455",2008.76789550781,2134.28815917969,381.3896875
"89219",2840.41694335937,1664.014453125,295.18640625
"97527",2592.84468994141,3488.71418457031,219.5496875
"7250",2599.22716064453,1689.06807861328,162.87859375
"73978",2195.9982421875,1900.80482177734,306.74640625
"102850",3637.43845214844,2163.79702148437,139.12640625
"7243",2579.28370361328,1694.00227050781,112.890625
"92737",2505.74106445313,1716.63694458008,107.06546875
"75010",1894.18349609375,2489.58525390625,93.6540625
"97546",2613.41921386719,3493.75234375,103.99484375
"7125",3087.38801269531,1704.35095825195,81.1909375
"102827",3570.98156738281,2054.26945800781,249.985
"103282",3404.45440673828,1875.02467041016,82.86171875
"103418",3426.12110595703,1893.45697021484,251.971875
"79322",1890.13686523437,2643.92873535156,76.53984375
"7423",3293.51239013672,1796.39904785156,135.42359375
"7120",3070.56481933594,1699.19440917969,68.456875
"73540",2419.13029785156,1752.04071044922,119.88984375
"97077",2797.07420654297,3516.00756835938,146.5771875
"76515",2311.30646972656,3367.31671142578,95.41515625
"76753",2288.94624023437,3352.39377441406,71.66296875
"104112",3618.27028808594,3051.47717285156,278.4334375
"87335",2998.06372070312,1681.35395507812,71.7984375
"79480",1888.47484130859,2575.68510742187,197.8746875
"73825",2255.25731201172,1851.14270019531,116.18703125
"76750",2281.96839599609,3347.81942138672,45.9690625
"75096",1939.64189453125,2285.17934570312,400.9875
"74453",2014.79052734375,2122.06505126953,182.8828125
"78854",2046.21811523437,3107.38666992187,294.46390625
"74969",1900.79818115234,2437.06351318359,91.71234375
"76517",2317.91596679687,3371.97718505859,109.32328125
"102057",3689.584375,2282.79847412109,474.32125
"76761",2297.17854003906,3358.44462890625,75.7721875
"97524",2551.75623779297,3478.42017822266,330.40828125
"79286",1947.44379882812,2916.20473632812,217.3821875
"103428",3460.46641845703,1924.34812011719,128.83078125
"75004",1894.24990234375,2482.06765136719,45.5175
"79169",1929.80982666016,2865.16676025391,96.3634375
"6300",2335.63605957031,3383.2291015625,91.89296875
"74364",1953.74409179687,2246.50123291016,273.78234375
"74035",2082.14638671875,2021.51146240234,192.004375
"7108",3014.02985839844,1683.99028320313,324.62828125
"104516",3726.6224609375,2759.51005859375,69.0890625
"97528",2601.81970214844,3492.19594726562,64.66375
"103437",3477.42180175781,1940.72722167969,271.3890625
"73892",2347.60910644531,1788.68305664062,586.62484375
"97008",2720.76346435547,3512.28881835938,75.681875
"7471",3310.74190673828,1805.90655517578,175.43203125
"79324",1891.23194580078,2672.05157470703,141.3390625
"105429",3370.12465820312,3332.6275390625,912.92390625
"97514",2513.44875488281,3466.74180908203,131.08859375
"97523",2566.26662597656,3483.1572265625,156.7825
"104947",3677.77692871094,2929.92281494141,187.71453125
"102846",3624.54028320312,2136.88879394531,693.91609375
"102650",3735.92099609375,2478.44934082031,109.82
"96463",3216.5560546875,3425.89719238281,642.0315625
"6297",2326.32860107422,3378.24219970703,83.94546875
"78909",2004.43426513672,3040.97315673828,274.730625
"96961",2674.58435058594,3506.74057617188,280.82671875
"90234",3208.71928710937,1749.58430175781,147.16421875
"87470",2915.94471435547,1667.38415527344,227.72296875
"7107",3006.01898193359,1681.71337890625,80.24265625
"77709",2113.63913574219,3197.18597412109,329.32453125
"103481",3359.95205078125,1838.68675537109,75.54640625
"102241",3726.21115722656,2414.50904541016,117.3159375
"6303",2343.30349121094,3388.84437255859,112.529375
"103422",3441.38499755859,1904.97222900391,129.869375
"102272",3734.07739257812,2461.19720458984,265.0671875
"97009",2743.80684814453,3515.00151367187,90.44796875
"80264",1910.9759765625,2799.81761474609,398.639375
"75114",1913.30123291016,2369.79356689453,76.26890625
"104803",3574.23132324219,3123.54434814453,461.4065625
"7422",3284.43963623047,1789.02650146484,278.74953125
"103442",3450.82194824219,1913.53406982422,176.15453125
"77672",2235.99555664062,3315.17327880859,31.65453125
"78892",2014.95841064453,3060.34095458984,106.61390625
"77837",1994.47270507813,3023.84428710937,52.60703125
"77649",2195.91419677734,3281.46318359375,140.6165625
"80831",1887.79812011719,2636.42150878906,53.645625
"74516",2104.95133056641,1991.55892333984,296.8571875
"77838",1990.1720703125,3016.05649414063,33.776875
"97012",2736.22781982422,3514.84877929687,44.43375
"104334",3714.30161132813,2820.83975830078,97.58265625
"102034",3655.2291015625,2194.47504882812,294.8703125
"103284",3413.89073486328,1880.060546875,244.61140625
"97079",2807.27835693359,3518.26330566406,126.03109375
"74982",1897.25167236328,2448.02884521484,41.95015625
"103464",3334.99035644531,1820.30010986328,62.27046875
"75110",1915.89771728516,2357.17886962891,122.644375
"104529",3724.88178710938,2775.49300537109,138.72
"76654",2145.15118408203,3232.99429931641,177.78015625
"73828",2265.70031738281,1840.81237792969,317.22265625
"105090",3545.53469238281,3163.15754394531,710.44328125
"74545",2163.11199951172,1928.14406738281,206.95109375
"78865",2025.39290771484,3078.75104980469,159.2209375
"73984",2171.14985351562,1920.27056884766,126.8890625
"102240",3728.86408691406,2423.61873779297,165.9040625
"74993",1895.21403808594,2459.03256835938,36.26046875
"77671",2230.52990722656,3311.96357421875,64.3025
"104313",3709.75942382812,2840.21793212891,49.53640625
"87459",2865.48218994141,1661.83746948242,593.94015625
"96425",3036.34049072266,3492.391015625,606.94515625
"104492",3742.23125,2653.88656005859,701.0959375
"76739",2255.13176269531,3331.72379150391,139.8940625
"81292",2369.12182617188,3405.33366699219,73.153125
"89331",2633.75177001953,1677.83867797852,362.0628125
"76744",2272.40029296875,3344.64271240234,83.04234375
"77653",2202.24291992188,3288.98555908203,102.775625
"90262",3264.48746337891,1775.78094482422,662.0809375
"7023",3108.83349609375,1707.50556640625,205.32546875
"75099",1929.15406494141,2306.81304931641,124.9925
"102027",3646.17211914062,2172.67117919922,231.6515625
"90251",3181.69484863281,1735.09082641602,117.225625
"97011",2732.2021484375,3516.01254882813,22.62328125
"75112",1912.98061523437,2363.086328125,111.62625
"96321",3160.61086425781,3453.17791748047,154.7053125
"73534",2464.037109375,1728.3319152832,333.253125
"7247",2589.5283203125,1687.29368286133,141.11328125
"104110",3615.77673339844,3063.02687988281,187.48875
"96430",2954.885546875,3509.33540039062,321.15125
"7111",3032.68524169922,1685.27866821289,112.39390625
"74363",1945.34038085938,2259.40853271484,428.7134375
"7118",3067.32232666016,1694.30514526367,41.31796875
"103468",3343.72277832031,1824.28427734375,217.7434375
"79166",1920.12322998047,2844.19047851562,121.921875
"74443",2043.49919433594,2069.53210449219,305.30140625
"7115",3056.44290771484,1691.10405273438,102.73046875
"102653",3739.79870605469,2487.05247802734,106.8396875
"79283",1954.52602539062,2943.96234130859,231.78703125
"97111",2837.85324707031,3519.96953125,364.63671875
"8246",3743.68347167969,2530.74965820312,169.83265625
"74523",2124.93089599609,1965.32056884766,270.4859375
"6307",2358.35010986328,3400.60242919922,98.84703125
"105403",3693.16408691406,2897.88677978516,174.664375
"104952",3669.14619140625,2959.3447265625,216.70484375
"79321",1889.46346435547,2688.29599609375,70.75984375
"79175",1930.68887939453,2880.34494628906,323.4090625
"97522",2534.82990722656,3477.44276123047,296.405625
"80832",1886.21287841797,2653.67156982422,82.4553125
"104571",3718.769921875,2813.14763183594,163.7365625
"75023",1887.92429199219,2503.54384765625,54.05203125
"104318",3714.01564941406,2831.90096435547,86.92578125
"96966",2691.31997070312,3512.60217285156,215.3953125
"73538",2428.19744873047,1742.66228027344,243.97921875
"90233",3230.75848388672,1756.49283447266,90.9446875
"77699",2099.3572265625,3185.49702148437,195.57171875
"79167",1923.00712890625,2857.10421142578,131.99171875
"74963",1897.85659179687,2428.39666748047,97.6278125
"74528",2135.47143554688,1952.97211914062,231.33546875
"96795",2768.84449462891,3519.8267578125,88.55140625
"77631",2166.94820556641,3258.56776123047,143.00984375
"74994",1891.66981201172,2466.91934814453,91.3059375
"104566",3723.4615234375,2795.49207763672,86.158125
"7021",3099.52686767578,1702.66641845703,116.63859375
"103277",3396.473828125,1861.91545410156,59.9675
"7251",2608.91313476562,1681.12692871094,350.6834375
"79479",1883.46407470703,2606.47685546875,427.4490625
"97078",2817.54663085938,3521.41552734375,158.1371875
"97010",2712.92379150391,3515.83657226562,93.15734375
"74505",2089.23795166016,2005.24504394531,157.324375
"104827",3608.14458007812,3079.10009765625,153.8925
"96320",3178.05205078125,3448.07729492187,687.639375
"75019",1887.63999023437,2496.42032470703,47.4140625
"77839",1988.05246582031,3020.11495361328,38.2925
"6206",1883.97062988281,2541.44729003906,171.955
"80262",1899.25631103516,2764.68580322266,319.7965625
"76747",2277.11700439453,3351.22025146484,60.55453125
"75121",1904.42230224609,2389.26948242187,231.24515625
"73527",2409.04920654297,1750.31871337891,139.66828125
"77718",2125.05208740234,3216.88227539062,276.175625
"87846",2794.24820556641,1657.48142700195,423.88171875
"7236",2545.63690185547,1696.87651977539,239.46359375
"96468",3265.68630371094,3406.16291503906,434.1321875
"97082",2788.34552001953,3521.94760742188,172.00015625
"74975",1893.90002441406,2443.3681640625,71.2565625
"75000",1889.15861816406,2477.05771484375,97.58265625
"75029",1885.58243408203,2511.71949462891,136.59765625
"96796",2754.76221923828,3520.44184570312,93.33796875
"90239",3195.54802246094,1738.10390625,241.72140625
"97014",2725.87861328125,3518.19067382812,38.87953125
"87843",2781.37431640625,1657.5232421875,147.52546875
"104540",3726.72124023437,2786.76276855469,115.28390625
"103278",3405.95601806641,1867.77684326172,97.22140625
"102810",3501.86469726562,1958.26241455078,323.4090625
"80260",1892.36458740234,2729.25018310547,408.1221875
"76741",2261.25877685547,3341.00863037109,97.9890625
"104954",3666.13591308594,2972.81834716797,188.79828125
"104301",3712.46215820312,2846.17478027344,78.210625
"73535",2447.06387939453,1731.83287353516,338.44609375
"104323",3700.38327636719,2885.63212890625,166.53625
"102066",3707.51696777344,2315.92730712891,282.99421875
"74437",2057.79895019531,2043.54111328125,244.34046875
"102655",3746.06123046875,2520.95224609375,203.1128125
"87469",2933.10533447266,1663.5233581543,385.76984375
"76751",2284.39990234375,3358.20120849609,55.451875
"103457",3323.38959960937,1806.32512207031,174.16765625
"97013",2702.66444091797,3516.79655761719,125.12796875
"7123",3080.69447021484,1694.39645385742,154.97625
"8318",3319.32263183594,3375.72747802734,361.791875
"78867",2049.34688720703,3124.49291992188,575.06484375
"104956",3660.57272949219,2986.20335693359,284.9359375
"104818",3600.965234375,3094.17016601562,262.7190625
"105409",3689.56984863281,2917.36560058594,153.66671875
"102060",3702.035546875,2297.27358398437,60.37390625
"104950",3680.64775390625,2940.68913574219,226.72953125
"97512",2499.89378662109,3469.06644287109,398.45875
"79159",1909.77319335938,2820.70051269531,188.3015625
"74517",2110.96483154297,1975.49317626953,263.21578125
"73858",2284.84855957031,1820.36610107422,807.80015625
"105084",3499.68615722656,3225.38787841797,728.59609375
"96964",2656.36309814453,3510.48879394531,219.64
"97518",2517.41569824219,3475.50618896484,212.91171875
"90598",3147.49002685547,1716.38636474609,191.10125
"103415",3436.19555664062,1891.55692138672,142.10671875
"78905",2003.92127685547,3053.92071533203,135.1978125
"87834",2765.03028564453,1656.50151977539,103.90453125
"80830",1887.46235351562,2703.93985595703,151.22828125
"7233",2531.10140380859,1699.28831176758,170.0584375
"74537",2151.19083251953,1931.61420898437,149.96390625
"78884",2014.57346191406,3072.47690429688,135.06234375
"104575",3724.67094726562,2804.75969238281,101.01453125
"104289",3706.67858886719,2870.23314208984,424.78484375
"102253",3738.62746582031,2445.72849121094,183.515
"81304",2396.81219482422,3425.73698730469,462.580625
"74984",1890.22215576172,2452.53513183594,77.488125
"87331",2972.67453613281,1668.16650390625,458.83265625
"102656",3745.81884765625,2502.00384521484,227.81328125
"77666",2218.34124755859,3309.65969238281,151.0928125
"79284",1946.73325195312,2936.85583496094,90.89953125
"73975",2181.56359863281,1901.80299072266,125.66984375
"6294",2321.86153564453,3384.35157470703,76.90109375
"77678",2072.52702636719,3158.42879638672,204.78359375
"104944",3648.39174804687,3014.40712890625,114.29046875
"75127",1898.31458740234,2403.39761962891,146.98359375
"74350",1950.12287597656,2233.2388671875,276.76265625
"104816",3595.26218261719,3105.68334960938,143.82265625
"79275",1932.49865722656,2900.05701904297,206.40921875
"80828",1882.52629394531,2665.18765869141,135.87515625
"78903",2006.72818603516,3060.88029785156,16.57234375
"75007",1884.85072021484,2488.5376953125,85.5259375
"77628",2155.13038330078,3253.03674316406,213.5890625
"81295",2361.96489257812,3408.38793945312,70.12765625
"7117",3064.50047607422,1687.87681274414,68.3665625
"78897",2009.1078125,3065.38928222656,36.8475
"104508",3737.78908691406,2745.25886230469,269.35703125
"77624",2145.21281738281,3243.33582763672,119.25765625
"96960",2621.00550537109,3505.24892578125,108.87171875
"97080",2801.56243896484,3525.52067871094,66.60546875
"97016",2736.11534423828,3522.30205078125,82.59078125
"78220",2226.62895507812,3317.65521240234,70.03734375
"97532",2605.87110595703,3502.04191894531,137.1846875
"104968",3641.41162109375,3029.17816162109,307.64953125
"96963",2639.74617919922,3509.18142089844,135.87515625
"6302",2344.78020019531,3399.09729003906,144.319375
"5859",2485.27839355469,1713.60757446289,353.121875
"7239",2566.08981933594,1687.2400390625,274.14359375
"96325",3150.89562988281,3463.49765625,207.8090625
"103430",3482.15947265625,1932.98715820312,61.63828125
"79457",2237.52352294922,3326.55178222656,123.4571875
"76756",2293.56064453125,3367.21876220703,211.4215625
"97531",2592.7490234375,3499.11298828125,117.225625
"73974",2172.50640869141,1908.69969482422,129.4178125
"89338",2639.34400634766,1670.04175415039,79.33953125
"104525",3734.19816894531,2767.97042236328,122.46375
"80826",1880.07403564453,2642.01955566406,102.64015625
"90237",3240.97799072266,1755.82586669922,155.9696875
"103475",3354.24049072266,1824.17595214844,138.94578125
"87333",2997.98880615234,1671.19587402344,346.93546875
"87845",2774.94598388672,1653.94072875977,160.75625
"103426",3472.29025878906,1922.42648925781,80.739375
"78874",2025.54066162109,3093.74827880859,215.35015625
"97018",2746.808203125,3523.86840820312,61.954375
"102245",3739.13132324219,2436.91555175781,71.48234375
"104502",3742.00920410156,2724.04310302734,285.8390625
"103444",3466.06965332031,1916.24448242187,118.5803125
"89218",2836.30971679687,1653.16792602539,129.9596875
"79287",1941.76315917969,2929.06160888672,187.26296875
"96327",3135.18100585938,3470.15529785156,170.01328125
"104514",3736.57592773438,2758.96199951172,103.2271875
"87825",2743.98676757812,1655.36618041992,414.0828125
"97326",2911.16201171875,3521.78864746094,274.14359375
"103490",3381.37263183594,1843.16938476562,324.4025
"102815",3519.44699707031,1971.73354492187,190.1078125
"103465",3338.42667236328,1812.40336914063,85.8871875
"87468",2893.09287109375,1655.81701660156,499.2475
"97529",2571.90347900391,3494.86257324219,216.0275
"104814",3590.77602539062,3115.59925537109,229.25828125
"6204",1879.82687988281,2526.32326660156,193.088125
"105405",3698.07690429688,2904.13083496094,101.330625
"77643",2174.25911865234,3273.95346679688,205.4609375
"6296",2327.01279296875,3390.16129150391,84.351875
"78227",2244.5345703125,3333.71867675781,104.3109375
"105444",3426.84700927734,3300.10362548828,566.8915625
"102049",3671.43098144531,2208.0443359375,240.72796875
"80829",1883.26734619141,2695.30061035156,84.48734375
"103274",3397.59484863281,1854.94757080078,190.74
"105086",3522.05053710938,3205.62413330078,580.93515625
"104802",3570.52917480469,3145.09483642578,314.2875
"96433",2924.76989746094,3520.97600097656,375.20328125
"105088",3538.96462402344,3185.73525390625,238.6959375
"97526",2546.60415039062,3488.28171386719,118.71578125
"80824",1879.66044921875,2658.06143798828,50.89109375
"90232",3210.90861816406,1739.53579101562,184.5084375
"80825",1877.81062011719,2625.06832275391,344.451875
"104943",3656.92744140625,3002.84227294922,267.37015625
"102067",3716.10620117188,2329.78566894531,566.80125
"102029",3659.78540039062,2182.375,102.8659375
"80827",1881.96018066406,2685.21557617188,99.20828125
"77811",1960.94190673828,2977.41988525391,511.57515625
"7460",3307.80778808594,1791.65577392578,210.789375
"90268",3162.06599121094,1718.23775024414,212.00859375
"75117",1902.3896484375,2372.48198242187,221.85265625
"74972",1888.88552246094,2439.59379882812,64.3928125
"75104",1910.94899902344,2338.85240478516,493.1965625
"77661",2201.65377197266,3299.66824951172,78.39125
"103445",3487.90776367187,1935.88911132812,103.7690625
"96798",2770.5318359375,3526.90524902344,123.8184375
"80820",1878.69548339844,2651.08400878906,52.96828125
"96962",2626.09658203125,3508.78505859375,99.34375
"89348",2657.28531494141,1664.73444213867,293.2446875
"75097",1923.79819335937,2296.08927001953,153.2603125
"103424",3460.33671875,1908.52869873047,60.69
"105416",3338.15689697266,3368.66600341797,423.70109375
"90258",3174.05003662109,1722.69298706055,260.68703125
"105440",3412.01849365234,3313.73205566406,319.9771875
"6299",2333.75551757812,3395.37044677734,69.36
"102654",3747.85710449219,2487.35047607422,121.01875
"102040",3667.02658691406,2196.00135498047,179.9928125
"77658",2194.20361328125,3293.72136230469,100.38234375
"80259",1896.21282958984,2781.77296142578,218.2853125
"104300",3719.88139648437,2839.15314941406,86.74515625
"80823",1877.39910888672,2635.78878173828,67.14734375
"74511",2100.47907714844,1980.8287109375,94.9184375
"104538",3733.44611816406,2783.90771484375,69.22453125
"102242",3739.5185546875,2426.73319091797,224.74265625
"6291",2308.62137451172,3380.21446533203,124.450625
"75024",1880.08150634766,2504.27639160156,57.39359375
"96970",2683.13913574219,3519.19133300781,100.06625
"78219",2228.22934570313,3322.57238769531,56.355
"7020",3094.08944091797,1693.30749511719,192.23015625
"104284",3715.93395996094,2853.81398925781,77.3075
"7030",3136.10322265625,1707.41000366211,143.3259375
"103484",3367.13803710938,1830.22991943359,263.4415625
"74366",1965.95931396484,2188.61781005859,354.07015625
"79478",1876.00665283203,2578.38348388672,241.2246875
"7027",3123.82159423828,1702.86999511719,199.6809375
"104546",3753.25178222656,2629.09191894531,627.80734375
"7119",3071.33056640625,1686.24830322266,73.74015625
"73537",2417.99392089844,1738.61969604492,181.66359375
"89341",2645.41125488281,1665.96005249023,76.72046875
"96431",2972.21031494141,3515.63444824219,319.57078125
"102058",3703.22463378906,2284.47813720703,121.4703125
"89217",2827.8703125,1650.50814819336,66.289375
"96969",2674.96743164062,3518.49282226562,96.45375
"74960",1891.26618652344,2418.96448974609,180.57984375
"87801",2694.64484863281,1657.98103027344,340.116875
"77812",1971.40856933594,3003.1728515625,242.89546875
"102829",3581.20688476563,2046.003125,643.38625
"77840",1977.75430908203,3016.09820556641,225.961875
"97547",2612.49263916016,3507.20998535156,80.1975
"77696",2096.23218994141,3194.89309082031,123.14109375
"7231",2516.83422851562,1698.6157409668,201.71296875
"104121",3634.11274414062,3050.09613037109,340.3878125
"77665",2208.96634521484,3307.88996582031,96.7246875
"73826",2254.58059082031,1835.35980224609,248.49484375
"90270",3278.82893066406,1772.40812988281,181.7990625
"97015",2721.5505859375,3524.83669433594,128.10828125
"79164",1913.88892822266,2856.61737060547,142.10671875
"102286",3747.0357421875,2469.00284423828,285.34234375
"102053",3680.31115722656,2222.91622314453,342.96171875
"96429",3000.67784423828,3511.13583984375,825.45625
"73979",2196.9677734375,1881.42934570312,345.58078125
"88651",2582.31452636719,1678.93967285156,137.3653125
"6292",2314.97852783203,3385.74050292969,94.78296875
"90247",3187.57283935547,1726.60971069336,94.15078125
"74440",2040.33057861328,2057.02344970703,187.2178125
"79162",1907.22028808594,2834.22020263672,183.65046875
"97519",2519.07502441406,3482.03413085937,90.80921875
"74991",1883.60643310547,2461.21442871094,154.20859375
"79278",1925.12030029297,2893.25971679687,234.8125
"74498",2075.77346191406,2008.36842041016,257.8421875
"104807",3584.164453125,3130.94221191406,131.2240625
"87332",3039.61037597656,1676.07123413086,213.00203125
"80821",1878.02332763672,2675.96248779297,95.68609375
"104312",3725.42548828125,2827.60281982422,179.67671875
"104497",3751.98923339844,2676.53399658203,828.2559375
"96467",3243.90069580078,3427.35916748047,517.17453125
"104107",3614.46936035156,3086.25827636719,136.14609375
"104530",3737.43298339844,2776.58767089844,74.37234375
"89215",2814.54423828125,1648.39891967773,609.74484375
"103419",3451.62110595703,1896.32738037109,261.49984375
"104176",3697.1181640625,2918.46981201172,113.3421875
"104117",3624.34272460938,3070.69555664062,106.4784375
"78924",1989.22993164062,3042.01656494141,138.0878125
"77680",2076.44603271484,3173.67152099609,383.0153125
"90230",3232.82371826172,1745.84272460937,153.30546875
"104279",3716.27180175781,2862.71076660156,179.13484375
"96324",3164.91689453125,3464.00856933594,155.156875
"76743",2267.82303466797,3356.19013671875,94.105625
"74450",2006.42645263672,2106.84411621094,534.96609375
"77651",2179.89410400391,3285.09456787109,155.156875
"104563",3733.93793945312,2795.98306884766,102.5046875
"75095",1924.41411132813,2283.23032226563,223.02671875
"76748",2279.34306640625,3364.38217773438,124.450625
"75030",1876.01204833984,2516.00518798828,142.7840625
"96466",3258.15666503906,3420.81400146484,630.78765625
"79165",1916.39161376953,2872.00660400391,201.80328125
"97019",2741.45710449219,3528.77043457031,57.30328125
"96797",2749.09195556641,3529.43200683594,31.609375
"81300",2363.43765869141,3416.54739990234,45.698125
"81299",2354.76043701172,3411.85040283203,96.49890625
"74503",2085.43079833984,1993.44672851562,250.93328125
"77685",2085.65367431641,3186.31879882812,199.45515625
"81307",2375.71762695313,3423.36669921875,478.114375
"103320",3409.59611816406,1858.6279296875,54.6390625
"80598",1880.96616210937,2714.78088378906,207.49296875
"103324",3419.18165283203,1866.46469726562,214.6728125
"103429",3480.16977539063,1922.11707763672,149.4671875
"73972",2158.51004638672,1913.51290283203,227.5875
"104959",3684.57277832031,2953.05335693359,256.17140625
"78228",2247.03642578125,3341.82625732422,92.7509375
"76740",2261.04088134766,3352.24622802734,106.25265625
"73952",2237.09312744141,1845.11072998047,244.2953125
"87362",3057.10738525391,1678.64291992187,185.00515625
"96965",2630.92099609375,3514.35695800781,44.614375
"102666",3754.71604003906,2513.15968017578,216.0275
"6205",1872.56265869141,2560.25416259766,267.9571875
"97021",2731.74768066406,3528.95803222656,76.585
"105131",3484.65385742187,3253.64581298828,400.21984375
"77843",1980.63198242187,3029.22879638672,289.40640625
"6288",2301.41878662109,3380.6458984375,96.0021875
"97280",2845.72425537109,3532.25883789062,342.465
"6203",1872.94802246094,2545.19052734375,153.8021875
"77717",2127.09822998047,3234.98441162109,340.3878125
"87327",2944.02044677734,1655.37084960938,213.0471875
"74967",1885.24998779297,2430.31207275391,152.13140625
"96799",2759.83731689453,3531.40302734375,99.9759375
"104499",3751.44096679687,2703.50427246094,538.21734375
"104282",3722.1533203125,2848.62019042969,65.566875
"105102",3565.48188476562,3161.33240966797,399.40703125
"75100",1913.49588623047,2311.59658203125,558.08609375
"97017",2709.92098388672,3527.30908203125,177.96078125
"75008",1876.83569335938,2489.24201660156,92.34453125
"104953",3678.88217773438,2969.09088134766,155.69875
"77664",2201.573046875,3306.63115234375,55.5421875
"6285",2294.55155029297,3376.72813720703,78.70734375
"77633",2153.48558349609,3262.5224609375,126.79875
"105142",3452.80666503906,3285.17010498047,564.58859375
"102817",3520.74523925781,1963.20054931641,79.294375
"96967",2638.47864990234,3516.81025390625,69.31484375
"74520",2120.85791015625,1950.23472900391,217.06609375
"102844",3610.86682128906,2082.36428222656,444.3375
"80258",1885.98688964844,2756.46616210938,430.74546875
"78907",2000.85517578125,3067.29182128906,141.92609375
"96427",3029.25971679687,3508.99008789063,544.4940625
"105427",3358.71959228516,3361.30694580078,499.2475
"74981",1881.48309326172,2449.36547851562,117.40625
"104570",3732.25827636719,2812.73757324219,156.73734375
"102813",3511.47202148438,1952.35391845703,166.6265625
"79163",1907.81026611328,2851.22518310547,97.4471875
"7032",3147.25802001953,1705.95072631836,105.16890625
"103421",3462.10478515625,1902.19644775391,64.16703125
"102061",3710.20642089844,2289.66633300781,235.67046875
"77626",2137.61179199219,3247.43952636719,130.90796875
"76745",2272.58747558594,3362.54625244141,95.23453125
"103459",3324.50024414062,1794.70755615234,142.7840625
"105441",3409.80031738281,3323.06254882812,211.2409375
"104821",3608.85844726562,3101.02017822266,50.34921875
"87467",2912.90642089844,1650.45938110352,344.13578125
"103463",3336.19168701172,1802.16622314453,175.4771875
"75018",1874.83354492188,2500.4310546875,131.675625
"96800",2765.94357910156,3532.81831054687,42.26625
"89326",2616.95140380859,1666.27517089844,93.42828125
"74999",1877.35698242188,2475.24669189453,244.43078125
"79477",1870.43620605469,2598.60169677734,263.9834375
"78901",2007.88220214844,3080.48342285156,154.75046875
"81293",2336.58483886719,3404.23651123047,72.791875
"79160",1905.07640380859,2843.50068359375,118.44484375
"79158",1899.93552246094,2824.41967773438,66.0184375
"78214",2227.91744384766,3329.89388427734,86.158125
"77655",2183.71412353516,3292.60158691406,96.3634375
"104116",3624.81047363281,3076.67689208984,88.686875
"80059",2059.48961181641,3157.31752929687,348.6965625
"78919",1992.58386230469,3055.14466552734,157.5953125
"102841",3603.34880371094,2068.59038085937,621.57578125
"74441",2029.67818603516,2063.96995849609,209.4346875
"87365",3069.72747802734,1679.63112792969,47.00765625
"80822",1876.54454345703,2701.39504394531,49.671875
"97533",2557.80128173828,3499.13374023437,187.0371875
"77693",2096.31312255859,3203.56221923828,209.93140625
"80817",1871.67239990234,2648.92891845703,86.2484375
"74970",1882.0029296875,2438.32294921875,34.45421875
"97281",2889.0205078125,3531.9990234375,741.78171875
"78208",2216.15440673828,3321.03487548828,75.50125
"7025",3116.96369628906,1693.97477416992,165.3621875
"80818",1872.20074462891,2659.51614990234,72.11453125
"102248",3742.86501464844,2408.56713867188,350.8640625
"76737",2251.50349121094,3348.92487792969,124.811875
"7024",3109.45563964844,1691.19671020508,29.12578125
"102039",3674.74091796875,2196.17276611328,35.6734375
"79288",1943.84852294922,2957.36104736328,438.19625
"73973",2171.83342285156,1896.43529052734,143.5065625
"6201",1870.8533203125,2535.49978027344,103.99484375
"75088",1924.04866943359,2272.56381835938,234.58671875
"97282",2823.45014648437,3535.40275878906,346.57421875
"104164",3709.96320800781,2895.41708984375,226.7746875
"97020",2695.68659667969,3527.89677734375,137.13953125
"73521",2366.49898681641,1757.01370849609,346.39359375
"90228",3228.25559082031,1738.97808227539,199.1390625
"103472",3347.10451660156,1807.78564453125,104.08515625
"81294",2344.75612792969,3410.31517333984,104.35609375
"97534",2592.91151123047,3509.05815429687,258.7453125
"96432",2942.80583496094,3526.94841308594,430.7003125
"78887",2013.33311767578,3091.82913818359,227.09078125
"102025",3660.26228027344,2165.03861083984,570.45890625
"7421",3293.99134521484,1773.96203613281,372.49390625
"104817",3601.11672363281,3115.89248046875,64.66375
"105093",3551.30083007812,3183.62789306641,95.95703125
"89330",2628.2763671875,1662.29245605469,156.19546875
"73976",2181.72525634766,1886.85224609375,270.53109375
"96971",2668.40421142578,3524.33366699219,159.62734375
"103478",3355.42978515625,1813.16247558594,56.71625
"79274",1926.73542480469,2915.60853271484,483.4428125
"104172",3704.86984863281,2911.15122070313,115.5096875
"102847",3621.32995605469,2094.59527587891,604.68734375
"103423",3471.99205322266,1908.73331298828,122.77984375
"96469",3237.00357666016,3436.67119140625,268.1378125
"79155",1895.23790283203,2812.44227294922,255.6746875
"75120",1890.73638916016,2386.37666015625,119.07703125
"73963",2208.84515380859,1862.93873291016,363.64328125
"96802",2783.83840332031,3535.57956542969,308.7784375
"74338",1943.36271972656,2220.89415283203,503.53734375
"96801",2752.60588378906,3534.07961425781,103.36265625
"74365",1964.84161376953,2173.68823242188,366.44296875
"6295",2326.56662597656,3400.46214599609,96.1828125
"105432",3379.93265380859,3349.16290283203,257.751875
"102657",3756.10932617187,2487.83109130859,122.9153125
"104964",3656.47380371094,3023.65606689453,166.2653125
"7230",2502.14890136719,1696.03129272461,303.31453125
"87458",2862.18013916016,1644.00427856445,288.819375
"88652",2569.36011962891,1675.22164916992,183.10859375
"89323",2601.88216552734,1667.06986694336,358.94703125
"80261",1890.68305664062,2795.98784179687,513.6975
"103412",3446.77905273438,1884.13228759766,186.6759375
"104520",3745.78439941406,2765.12283935547,112.57453125
"90235",3205.86859130859,1726.7952331543,122.41859375
"77706",2111.58697509766,3224.24486083984,290.85140625
"75122",1888.11437988281,2393.41800537109,87.19671875
"74462",2064.9521484375,2010.71090087891,187.669375
"96968",2626.16900634766,3518.196484375,68.9084375
"104187",3696.34370117187,2937.64503173828,218.55625
"74326",1951.14553222656,2200.28165283203,309.18484375
"80816",1870.90789794922,2671.42133789062,95.41515625
"78223",2236.94724121094,3340.62409667969,81.77796875
"104181",3701.19592285156,2925.39224853516,105.53015625
"102281",3753.56430664063,2458.58059082031,212.956875
"74436",2046.61883544922,2034.86098632812,326.4796875
"87330",3023.00258789062,1665.04821166992,341.38125
"104820",3608.50068359375,3108.03101806641,92.88640625
"87794",2673.76776123047,1652.46256713867,527.19921875
"102050",3684.929296875,2213.23419189453,59.245
"104536",3742.72224121094,2784.24202880859,128.92109375
"74532",2138.55559082031,1925.62145996094,356.14734375
"97283",2802.9447265625,3537.55224609375,360.03078125
"5851",2491.77188720703,1698.51872558594,129.73390625
"96974",2649.69300537109,3523.16823730469,145.62890625
"80814",1868.35104980469,2640.77630615234,57.8903125
"103174",3399.96326904297,1843.64647216797,144.13875
"97525",2521.78190917969,3491.29780273437,264.1640625
"74454",1988.76031494141,2124.48369140625,663.57109375
"87328",2991.23923339844,1657.99400024414,321.0609375
"79476",1866.74484863281,2591.16772460938,99.38890625
"8185",3762.41791992187,2550.41545410156,477.1209375
"90241",3198.39187011719,1722.38699951172,121.24453125
"6293",2318.7103515625,3397.83328857422,87.6934375
"77648",2165.96394042969,3281.42520751953,138.40390625
"97537",2577.69057617187,3508.08903808594,147.97703125
"96328",3151.12327880859,3476.70855712891,198.82296875
"78211",2218.50871582031,3327.3150390625,52.96828125
"74977",1877.60538330078,2443.68525390625,27.68078125
"5853",2484.40266113281,1700.46660766602,92.16390625
"74510",2104.73862304688,1960.66175537109,263.7125
"87457",2846.54022216797,1641.44317626953,385.49890625
"87826",2760.46112060547,1642.45545654297,475.26953125
"89336",2641.93426513672,1656.78551025391,224.29109375
"104527",3745.76489257812,2773.93557128906,50.16859375
"101745",3732.41931152344,2347.41237792969,407.0384375
"104274",3724.71369628906,2859.80113525391,69.22453125
"104809",3584.55708007812,3145.00186767578,115.37421875
"90249",3187.87000732422,1716.96295776367,151.31859375
"80819",1871.72012939453,2694.57470703125,126.256875
"102063",3719.94448242187,2303.55852050781,367.1203125
"7022",3108.17607421875,1686.98489379883,124.1796875
"81306",2365.16671142578,3425.47800292969,29.1709375
"104509",3750.65612792969,2749.12287597656,169.065
"75126",1885.11821289063,2399.21008300781,68.32140625
"96319",3207.09752197266,3454.13188476562,729.67984375
"90245",3261.04056396484,1751.80040283203,420.2240625
"75118",1890.35745849609,2374.8734375,204.24171875
"77663",2189.50205078125,3303.78481445312,114.2453125
"80050",2039.50216064453,3137.24022216797,229.8453125
"96331",3138.17841796875,3482.30681152344,315.95828125
"105087",3539.24477539062,3203.42214355469,348.5159375
"77698",2099.85153808594,3214.18389892578,171.18734375
"80257",1884.01711425781,2776.27141113281,140.39078125
"75128",1883.40430908203,2406.12691650391,186.6759375
"79273",1932.82425537109,2941.06868896484,232.7353125
"5850",2474.41370849609,1703.29790039063,179.6315625
"77641",2155.81374511719,3273.21822509766,134.97203125
"87342",3077.88029785156,1677.21943969727,230.07109375
"96326",3169.85295410156,3470.69484863281,114.20015625
"104955",3678.99963378906,2984.16281738281,294.73484375
"78202",2208.89163818359,3321.00852050781,86.02265625
"74504",2086.77054443359,1979.82680664062,211.150625
"87361",3048.99212646484,1669.0350769043,110.67796875
"104283",3730.88408203125,2841.82060546875,163.104375
"104547",3764.61015625,2615.37072753906,475.6759375
"80054",2047.18909912109,3149.10328369141,264.11890625
"104813",3594.2681640625,3132.99914550781,190.60453125
"7232",2523.79899902344,1685.43970336914,271.5696875
"74524",2127.32587890625,1934.23455810547,347.88375
"74360",1926.74102783203,2252.61206054688,219.27875
"75012",1869.78065185547,2493.415234375,35.35734375
"102257",3752.69812011719,2436.61630859375,304.714375
"78193",2200.95235595703,3314.76737060547,71.708125
"7028",3132.22468261719,1694.02281494141,87.55796875
"96803",2767.80419921875,3538.73842773437,78.39125
"81305",2360.24206542969,3424.03885498047,52.96828125
"81302",2352.79979248047,3419.97147216797,99.75015625
"77810",1958.83952636719,3001.99393310547,294.8703125
"104120",3627.7169921875,3082.12552490234,83.58421875
"87796",2685.18693847656,1648.27762451172,136.19125
"104963",3663.40744628906,3017.8552734375,98.1696875
"73526",2409.25838623047,1730.28768310547,550.04828125
"104960",3670.01196289062,3004.72053222656,226.00703125
"105136",3475.22292480469,3273.36535644531,438.42203125
"75109",1893.42086181641,2357.13902587891,374.255
"103323",3416.68125,1853.90789794922,56.71625
"6282",2287.51829833984,3380.45166015625,91.3059375
"97328",2906.53100585938,3535.87590332031,131.85625
"104572",3741.27458496094,2803.93272705078,168.29734375
"87341",3101.14365234375,1682.94033813477,19.9590625
"87804",2705.85920410156,1645.12011108398,518.89046875
"103178",3410.26640625,1848.18865966797,127.340625
"97536",2567.43599853516,3507.80556640625,125.35375
"5845",2454.34885253906,1709.80239257812,369.016875
"79153",1892.88981933594,2822.18303222656,34.4090625
"96975",2657.83005371094,3527.57138671875,127.11484375
"8147",3764.26359863281,2532.26704101562,362.37890625
"104277",3728.8703125,2852.87330322266,63.62515625
"87321",2955.05239257812,1649.03548583984,228.851875
"79473",1864.12117919922,2568.94445800781,61.99953125
"6040",2436.55924072266,1717.1065612793,466.37375
"79876",1979.09405517578,3043.45965576172,193.94609375
"74354",1931.23880615234,2238.05954589844,260.641875
"96713",2727.07019042969,3536.76491699219,168.9746875
"73961",2195.71311035156,1867.74571533203,78.43640625
"96977",2681.50450439453,3531.46486816406,182.7925
"102252",3746.60244140625,2397.55241699219,185.863125
"6289",2303.02374267578,3391.41242675781,84.93890625
"80949",2439.68718261719,3463.81848144531,781.79015625
"90238",3247.81866455078,1742.5498046875,234.04484375
"88649",2543.27138671875,1678.00199584961,635.619375
"8376",3336.74991455078,3385.1748046875,255.584375
"77637",2147.89064941406,3268.05991210938,77.44296875
"6286",2295.45882568359,3386.76585693359,50.25890625
"80944",2418.74846191406,3454.71916503906,807.98078125
"87364",3091.53383789062,1679.28654174805,226.1425
"104310",3737.17607421875,2824.15177001953,87.91921875
"7031",3141.83677978516,1696.04114990234,112.93578125
"103405",3438.87587890625,1871.08968505859,391.64015625
"89214",2830.50145263672,1638.15264282227,228.67125
"104500",3758.06499023437,2717.32818603516,295.2315625
"77629",2135.81052246094,3256.43715820312,118.26421875
"103480",3364.63223876953,1812.68393554687,151.0928125
"78898",2021.39877929687,3115.24813232422,620.3565625
"7033",3153.11920166016,1699.90609741211,128.28890625
"96715",2741.46789550781,3538.79279785156,146.125625
"74431",2055.27634277344,2016.04415283203,186.04375
"78213",2221.71572265625,3334.20883789063,57.12265625
"105130",3500.09704589844,3250.74572753906,384.550625
"102038",3679.5703125,2191.08251953125,64.66375
"104133",3640.09636230469,3064.75572509766,269.71828125
"88646",2579.67446289062,1667.0655090332,211.82796875
"7039",3169.26982421875,1705.83731689453,93.97015625
"6199",1863.47869873047,2552.74091796875,114.335625
"75031",1865.20941162109,2521.26684570312,161.0271875
"104111",3619.29252929687,3099.54699707031,126.39234375
"105099",3563.49301757813,3178.42371826172,152.7184375
"81298",2338.28380126953,3414.12274169922,47.0528125
"103486",3371.79415283203,1817.00635986328,112.75515625
"7035",3161.26870117187,1702.39238891602,113.29703125
"103448",3501.89375,1929.85755615234,599.44921875
"105098",3558.3955078125,3185.21251220703,41.1825
"103427",3490.80805664062,1918.37716064453,208.57671875
"87466",2929.94024658203,1643.97532958984,176.33515625
"78218",2228.30695800781,3340.33232421875,107.0203125
"103028",3519.55947265625,1948.38552246094,109.82
"79161",1903.13879394531,2865.85572509766,196.15875
"104299",3736.14428710938,2833.01472167969,91.1253125
"78224",2240.84985351562,3350.05150146484,69.04390625
"75027",1865.59913330078,2508.73660888672,79.9265625
"74980",1872.68447265625,2448.11413574219,72.61125
"105089",3550.35827636719,3195.8041015625,94.7378125
"74490",2328.98319091797,1769.97060546875,539.526875
"104114",3624.592578125,3092.51748046875,138.13296875
"96972",2620.73344726562,3522.78100585938,149.4671875
"76738",2253.60524902344,3359.93897705078,127.02453125
"102828",3571.15795898438,2009.45437011719,509.49796875
"104504",3757.46774902344,2732.42149658203,387.57609375
"96973",2635.25670166016,3525.8232421875,162.06578125
"104823",3609.27722167969,3116.78917236328,65.6571875
"103417",3465.04118652344,1892.43929443359,145.08703125
"77676",2072.47452392578,3187.57532958984,148.5640625
"87323",2966.40765380859,1648.46864624023,286.42609375
"74820",2147.33366699219,1909.15914306641,215.5759375
"79475",1861.71644287109,2575.7888671875,138.76515625
"74506",2093.46159667969,1966.47956542969,165.76859375
"97530",2535.08017578125,3501.09313964844,418.82421875
"7469",3308.70676269531,1774.06973876953,150.86703125
"102043",3683.68002929688,2196.38153076172,80.69421875
"6280",2278.60637207031,3378.23244628906,158.4984375
"97285",2860.40397949219,3542.32602539063,342.96171875
"75006",1867.44273681641,2481.09210205078,116.141875
"80810",1862.72249755859,2643.63135986328,62.7671875
"74971",1873.19144287109,2438.88262939453,78.6621875
"102826",3561.19868164062,1995.59206542969,472.695625
"74990",1869.94604492188,2460.33143310547,176.42546875
"78920",1990.37045898437,3069.21781005859,131.99171875
"81297",2331.19576416016,3411.8501953125,75.36578125
"7751",3290.74947509766,3416.53702392578,728.95734375
"79157",1898.15500488281,2853.25036621094,117.225625
"80815",1865.85002441406,2686.51859130859,255.0425
"73962",2185.82937011719,1872.39104003906,81.95859375
"102047",3688.940234375,2206.845703125,172.9484375
"96317",3225.35301513672,3451.08549804687,390.73703125
"79877",1983.86430664063,3058.35084228516,57.57421875
"8381",3325.78686523438,3395.76224365234,393.26578125
"103492",3379.42215576172,1820.06789550781,159.31125
"80592",1873.38381347656,2745.57740478516,335.3303125
"74518",2111.11320800781,1945.11625976563,179.0896875
"103034",3527.73989257812,1954.88192138672,145.44828125
"74964",1874.45233154297,2427.19533691406,159.17578125
"77667",2190.58052978516,3311.63465576172,112.529375
"81776",2324.07888183594,3408.33813476562,58.56765625
"73946",2247.16820068359,1822.27880859375,369.6490625
"7482",3321.97514648437,1780.68317871094,392.136875
"102658",3765.14265136719,2494.82263183594,241.7665625
"80812",1862.51228027344,2657.53413085937,92.3896875
"87339",3066.56239013672,1668.5164855957,146.26109375
"80811",1860.61596679688,2622.89310302734,410.60578125
"104201",3690.95317382812,2970.07244873047,173.53546875
"97540",2583.30895996094,3516.23957519531,72.02421875
"102660",3763.39990234375,2476.99981689453,202.25484375
"87344",3057.45249023438,1665.89105224609,32.37703125
"75017",1864.12283935547,2499.56258544922,89.22875
"73971",2157.9142578125,1896.43715820312,270.215
"102031",3676.89870605469,2178.01812744141,298.88921875
"103182",3429.03260498047,1858.01782226562,244.34046875
"104264",3725.09013671875,2879.76015625,294.28328125
"80813",1862.66418457031,2664.03862304687,76.8559375
"97284",2843.090625,3544.53403320313,179.18
"103470",3344.04422607422,1794.26159667969,96.1828125
"103455",3516.9513671875,1941.69467773437,119.34796875
"77635",2138.86687011719,3264.64891357422,107.3815625
"75085",1916.94880371094,2263.72182617187,281.1428125
"79223",1907.77125244141,2889.25126953125,439.1896875
"77660",2178.14139404297,3301.88912353516,169.29078125
"104186",3707.08864746094,2931.80128173828,116.18703125
"103420",3479.05269775391,1902.69947509766,191.05609375
"90231",3216.94868164062,1722.87539672852,272.06640625
"74497",2073.45754394531,1987.10679931641,154.25375
"73950",2231.08854980469,1833.33773193359,322.18984375
"103165",3395.04879150391,1830.38431396484,257.9325
"97376",2613.22850341797,3523.67749023438,126.12140625
"79154",1891.23858642578,2834.41402587891,173.3096875
"6290",2308.71724853516,3400.18656005859,124.3603125
"75009",1864.55634765625,2489.97601318359,49.4009375
"103476",3356.47443847656,1802.245703125,181.9796875
"74438",2030.95671386719,2043.06610107422,395.93
"78198",2201.87498779297,3323.07645263672,73.4240625
"75107",1891.40729980469,2343.14909667969,240.99890625
"104541",3750.10744628906,2788.27662353516,137.41046875
"97327",2922.50004882812,3539.64777832031,259.60328125
"90229",3229.69390869141,1728.30099487305,211.82796875
"77656",2168.46123046875,3293.95980224609,129.2371875
"104174",3714.31115722656,2914.12642822266,206.40921875
"96435",2982.39807128906,3530.98881835937,534.15328125
"78221",2231.90845947266,3347.37781982422,34.31875
"104810",3589.04614257812,3150.88504638672,208.8928125
"77716",2125.01037597656,3251.54156494141,110.5425
"104270",3730.41674804688,2865.60068359375,44.74984375
"77687",2082.29476318359,3203.94758300781,108.96203125
"87464",2909.35119628906,1638.24364013672,171.63890625
"6418",2263.1947265625,3370.60153808594,219.59484375
"97367",2599.72915039062,3521.37900390625,221.85265625
"104163",3720.98291015625,2895.55986328125,160.16921875
"96717",2700.3935546875,3539.1111328125,192.32046875
"80809",1862.33671875,2674.38865966797,103.67875
"74956",1875.10249023437,2412.54072265625,162.69796875
"77809",1960.82258300781,3020.06079101562,232.14828125
"87842",2789.52879638672,1633.49310302734,267.2346875
"101740",3735.45490722656,2329.48269042969,354.7475
"75123",1878.78969726562,2393.28041992187,72.56609375
"87318",2943.08474121094,1641.65692138672,183.9665625
"102659",3768.63520507812,2513.59028320312,324.44765625
"77705",2109.2384765625,3235.58310546875,42.76296875
"80807",1859.42376708984,2636.50098876953,58.6128125
"104518",3755.56977539062,2764.74930419922,146.44171875
"87329",3037.60096435547,1659.20892333984,246.8240625
"104148",3661.78630371094,3035.21594238281,217.42734375
"80808",1860.08388671875,2650.81112060547,82.77140625
"96712",2688.16629638672,3538.11130371094,97.6278125
"77647",2157.02316894531,3284.49815673828,129.5984375
"104825",3608.23464355469,3124.99428710937,135.87515625
"75092",1908.12735595703,2283.90372314453,269.9440625
"104197",3697.25720214844,2960.53796386719,150.77671875
"80596",1874.73787841797,2768.29809570312,119.70921875
"96329",3177.56832275391,3475.43542480469,45.698125
"6202",1859.56135253906,2532.87528076172,165.22671875
"87326",2999.65435791016,1650.4974609375,114.9678125
"87813",2719.53785400391,1637.28054199219,276.35625
"79152",1887.18510742188,2825.06029052734,102.09828125
"87324",2982.70748291016,1647.2372253418,202.07421875
"81301",2338.02108154297,3419.71871337891,60.91578125
"102819",3539.69094238281,1964.17506103516,495.95109375
"104550",3772.3298828125,2585.37108154297,669.7575
"73516",2353.62530517578,1750.63310546875,319.2546875
"78910",1996.22416992188,3086.24852294922,288.68390625
"87366",3110.46958007813,1678.809765625,33.82203125
"102280",3762.89562988281,2453.47457275391,208.30578125
"81772",2313.31422119141,3405.42456054688,66.3796875
"96722",2714.03588867188,3542.0197265625,165.1815625
"96804",2775.96365966797,3546.65239257812,175.5675
"6284",2292.11921386719,3392.17858886719,65.38625
"87455",2875.1880859375,1633.73693847656,670.52515625
"104324",3745.59099121094,2816.65969238281,150.86703125
"74442",2014.905078125,2062.96971435547,640.45109375
"81312",2356.97321777344,3430.99719238281,55.22609375
"102832",3590.30952148437,2027.07340087891,639.4125
"78207",2213.60834960937,3335.47097167969,48.90421875
"78206",2208.62912597656,3331.46127929688,79.24921875
"102054",3701.66906738281,2226.73894042969,357.3665625
"7040",3181.16650390625,1704.2496887207,213.679375
"104962",3672.577734375,3017.11629638672,64.3928125
"104822",3604.903125,3132.24896240234,86.29359375
"7420",3290.2337890625,1757.45489501953,291.03203125
"96976",2643.7025390625,3532.65935058594,134.8365625
"73965",2191.69636230469,1861.46409912109,57.48390625
"105433",3384.122265625,3361.01372070312,278.93015625
"89325",2610.05096435547,1653.26556396484,336.4140625
"89337",2641.27684326172,1646.96911010742,129.508125
"73958",2208.31618652344,1847.3189453125,392.18203125
"102059",3727.40522460938,2295.18697509766,216.07265625
"104130",3640.47570800781,3077.50032958984,129.2371875
"101754",3746.75061035156,2363.06910400391,644.5603125
"88648",2512.14968261719,1679.83916625977,216.6596875
"102298",3766.05698242188,2466.56013183594,80.60390625
"104144",3658.340234375,3046.32010498047,430.47453125
"87363",3105.44677734375,1675.63834838867,116.7740625
"80597",1875.36811523437,2782.13653564453,122.283125
"78210",2218.13559570313,3340.53569335937,54.95515625
"7026",3126.41081542969,1682.44498901367,115.28390625
"104562",3750.30417480469,2802.48610839844,137.95234375
"74427",2059.47985839844,1998.62932128906,213.90515625
"103409",3459.52780761719,1879.21324462891,110.4521875
"74983",1865.96312255859,2449.77678222656,56.49046875
"75033",1858.60531005859,2514.78767089844,43.2596875
"80595",1863.03377685547,2708.85765380859,489.1325
"87465",2927.25971679687,1636.88096313477,69.67609375
"97539",2570.91236572266,3517.54113769531,64.9346875
"81774",2320.04553222656,3411.59951171875,51.25234375
"73964",2181.39654541016,1869.21578369141,90.17703125
"7042",3196.96517333984,1709.53977661133,163.5559375
"87820",2738.89320068359,1633.23442993164,369.1975
"77710",2114.61053466797,3245.57019042969,167.48453125
"104265",3735.61137695312,2860.17985839844,94.87328125
"5846",2456.87830810547,1699.45526123047,160.8465625
"105097",3561.652734375,3192.41821289062,147.34484375
"77694",2094.10137939453,3223.06531982422,126.1665625
"97535",2545.24074707031,3510.69506835938,254.0490625
"79853",1974.20074462891,3052.39233398438,150.7315625
"103467",3337.88297119141,1784.95974121094,168.92953125
"6287",2300.23156738281,3399.73333740234,82.13921875
"78222",2234.5669921875,3354.10166015625,60.509375
"74357",1921.59350585938,2238.87156982422,84.66796875
"104532",3756.13713378906,2778.16274414062,134.1140625
"74333",1932.49409179687,2212.19763183594,206.9059375
"77639",2141.12862548828,3273.27238769531,66.1990625
"103414",3474.2720703125,1892.04127197266,66.51515625
"6200",1855.90361328125,2548.77397460937,162.69796875
"104137",3652.10427246094,3059.78127441406,193.94609375
"105442",3416.78833007812,3337.74642333984,712.43015625
"77807",1940.16505126953,2985.26287841797,155.74390625
"81313",2362.62210693359,3436.64338378906,134.88171875
"87841",2800.28889160156,1629.6123840332,324.221875
"104515",3760.75153808594,2755.58129882812,159.35640625
"81310",2343.79780273437,3426.36328125,125.85046875
"105092",3553.391796875,3203.55350341797,56.58078125
"97286",2817.98740234375,3550.00590820312,194.2621875
"79472",1855.09822998047,2560.90888671875,90.854375
"77808",1945.14282226562,2996.96303710937,348.425625
"87359",3051.40246582031,1658.73712768555,131.99171875
"102261",3762.46315917969,2431.64061279297,214.89859375
"96714",2663.95354003906,3538.33666992188,281.45890625
"74495",2342.12913818359,1753.47716064453,336.45921875
"97538",2555.9533203125,3514.77490234375,141.790625
"74445",1997.45330810547,2085.14234619141,809.33546875
"74430",2044.40356445312,2015.98023681641,262.58359375
"97372",2608.17229003906,3527.87436523438,48.226875
"79151",1890.70920410156,2851.94735107422,177.8253125
"87319",2976.01103515625,1642.50941162109,34.90578125
"96438",2961.526171875,3539.28005371094,610.64796875
"87831",2763.32281494141,1630.22913208008,270.26015625
"74314",1950.93489990234,2169.34879150391,332.0790625
"73522",2371.87436523438,1737.04524536133,261.95140625
"104126",3636.11240234375,3088.99255371094,145.99015625
"104192",3706.18095703125,2949.30638427734,268.54421875
"79150",1880.63869628906,2814.51746826172,172.4065625
"96806",2752.46975097656,3548.68110351562,258.655
"96440",3105.64558105469,3505.80258789063,950.990625
"96434",3042.203125,3523.64553222656,363.3271875
"102260",3756.26662597656,2394.61684570312,382.69921875
"96805",2767.8423828125,3549.82287597656,94.78296875
"87357",3061.85107421875,1660.62047119141,50.16859375
"80586",1863.62084960938,2727.73778076172,514.73609375
"77703",2103.5640625,3236.25235595703,127.7921875
"78225",2240.18931884766,3360.27578125,107.51703125
"103494",3389.03798828125,1818.50734863281,268.950625
"6281",2283.98258056641,3391.19681396484,83.990625
"80805",1855.105078125,2644.99434814453,45.20140625
"79276",1921.80600585937,2945.64989013672,165.76859375
"77798",1930.95906982422,2967.82086181641,114.20015625
"5852",2468.326953125,1692.83528442383,204.5578125
"89333",2630.03260498047,1646.11568603516,96.273125
"89340",2651.10621337891,1642.19149169922,317.1775
"79875",1979.42795410156,3065.571484375,83.22296875
"104271",3741.0923828125,2848.49899902344,198.10046875
"103407",3455.05493164062,1872.06647949219,124.22484375
"74327",1936.36806640625,2198.90393066406,126.48265625
"77801",1934.75045166016,2976.87369384766,186.1340625
"105146",3472.33259277344,3291.56544189453,312.34578125
"104119",3623.85795898437,3109.80219726562,231.1096875
"77650",2147.92385253906,3282.42960205078,59.5159375
"97288",2793.54450683594,3551.18627929688,173.941875
"103169",3414.52574462891,1837.67489013672,137.32015625
"75723",1860.84506835937,2468.71958007813,148.97046875
"76736",2249.42684326172,3367.62446289062,61.45765625
"7029",3136.89636230469,1683.36336669922,187.2178125
"80806",1856.46951904297,2669.21436767578,61.00609375
"104212",3686.40517578125,2996.87546386719,176.15453125
"104961",3680.11401367188,3010.07993164063,136.6428125
"87367",3120.61209716797,1677.66519165039,147.2996875
"8316",3369.18355712891,3375.91715087891,402.4325
"96728",2722.07249755859,3547.12553710937,66.289375
"104167",3722.50070800781,2908.746484375,50.25890625
"5849",2485.06506347656,1686.05997924805,210.20234375
"96436",3018.21241455078,3530.0333984375,446.36953125
"81303",2328.52706298828,3419.81126708984,57.84515625
"73520",2363.16726074219,1740.21604003906,122.7346875
"73524",2398.28994140625,1722.35680541992,220.04640625
"80040",2024.88157958984,3138.95910644531,374.20984375
"79277",1915.08237304687,2930.50594482422,418.64359375
"79474",1852.69328613281,2586.60561523437,487.19078125
"104180",3716.81591796875,2925.82658691406,66.87640625
"105112",3582.69978027344,3170.30866699219,197.28765625
"7037",3173.19464111328,1696.27813720703,105.98171875
"75736",1858.46025390625,2481.37806396484,103.36265625
"78216",2226.73354492187,3351.70543212891,62.4059375
"77686",2085.06369628906,3217.43884277344,169.245625
"104108",3617.84362792969,3121.01676025391,100.65328125
"96330",3188.71066894531,3476.97003173828,608.20953125
"74515",2105.51910400391,1938.84149169922,82.184375
"7458",3304.38247070312,1760.55378417969,101.4209375
"74487",2309.40953369141,1770.27254638672,416.92765625
"97325",2900.55963134766,3548.79357910156,185.6825
"87369",3092.55275878906,1667.54456787109,141.56484375
"6198",1853.1162109375,2541.21320800781,58.16125
"7036",3162.97264404297,1691.66611938477,53.7359375
"96334",3127.70573730469,3500.62248535156,508.95609375
"74966",1864.57170410156,2433.73531494141,93.24765625
"105149",3462.42374267578,3302.80345458984,310.31375
"104552",3777.91630859375,2567.37395019531,483.9846875
"90267",3283.17791748047,1747.92414550781,226.81984375
"101722",3728.41875,2283.96120605469,128.605
"74507",2097.22205810547,1947.26678466797,133.52703125
"74502",2080.70329589844,1966.16392822266,222.4396875
"7034",3155.68103027344,1688.63529663086,113.1615625
"105094",3547.08112792969,3215.82309570313,199.77125
"75119",1873.31346435547,2386.36669921875,183.56015625
"80051",2042.89635009766,3165.86422119141,434.80953125
"104967",3673.67426757812,3026.5412109375,98.93734375
"78190",2188.99072265625,3322.04279785156,167.48453125
"74819",2135.0671875,1907.11009521484,215.71140625
"103164",3406.09152832031,1828.80405273437,197.10703125
"96724",2736.17552490234,3549.9818359375,196.6103125
"73970",2161.98994140625,1881.14608154297,287.87109375
"75746",1856.16550292969,2494.26129150391,100.969375
"73831",2259.12609863281,1802.58084716797,641.53484375
"73523",2384.86923828125,1727.41125488281,287.23890625
"102044",3695.40363769531,2197.66171875,119.88984375
"87322",3009.60014648437,1645.79143676758,286.60671875
"74514",2111.71148681641,1930.67954101562,126.48265625
"76284",1854.87556152344,2505.25090332031,125.2634375
"74988",1860.13161621094,2458.02672119141,54.05203125
"74323",1940.34206542969,2184.60064697266,289.49671875
"104812",3592.79270019531,3159.04948730469,184.73421875
"73967",2185.05469970703,1860.05877685547,20.9525
"105107",3576.60534667969,3180.57341308594,190.920625
"80593",1868.20225830078,2770.89291992188,64.79921875
"103474",3352.23045654297,1789.30208740234,123.32171875
"78192",2197.11490478516,3329.62265625,94.15078125
"104551",3778.82192382812,2610.93333740234,380.8478125
"77789",1925.30457763672,2961.08374023438,118.44484375
"96723",2726.95439453125,3549.79631347656,55.49703125
"80804",1851.86549072266,2636.58233642578,45.74328125
"73959",2191.16033935547,1854.39411621094,59.92234375
"102262",3763.03757324219,2413.10144042969,212.27953125
"81775",2315.99371337891,3414.91671142578,69.540625
"87456",2927.499609375,1631.77660522461,42.085625
"7744",3310.09423828125,3417.43890380859,604.14546875
"105133",3504.03410644531,3264.64932861328,176.831875
"77721",2121.44249267578,3260.08078613281,132.17234375
"105137",3489.89704589844,3278.85881347656,294.0575
"86481",3146.33995361328,1683.75640869141,50.89109375
"96332",3169.23745117187,3486.96853027344,486.19734375
"77662",2163.97652587891,3301.60689697266,94.5571875
"88642",2580.51823730469,1653.88635864258,341.69734375
"97353",2582.19893798828,3525.92700195312,255.08765625
"6278",2273.38497314453,3388.13610839844,122.68953125
"102238",3726.98188476562,2274.74194335938,254.27484375
"75094",1897.50754394531,2290.98553466797,226.54890625
"104297",3749.62641601562,2829.39039306641,276.898125
"87454",2884.44428710937,1627.29864501953,46.60125
"74973",1861.24890136719,2443.26315917969,107.29125
"102052",3705.0072265625,2216.79813232422,116.45796875
"78923",1983.40610351562,3079.31218261719,206.5446875
"88643",2559.20909423828,1659.16160888672,529.6828125
"104260",3735.16064453125,2880.54644775391,38.111875
"74986",1859.81369628906,2451.66147460938,23.61671875
"104966",3678.03881835938,3021.67010498047,32.73828125
"74962",1863.83812255859,2425.26291503906,42.76296875
"103447",3496.28989257813,1905.90316162109,170.14875
"80801",1852.19254150391,2659.31776123047,60.01265625
"77790",1921.70660400391,2955.62286376953,67.1021875
"74474",2275.05405273438,1789.44569091797,424.649375
"97289",2806.91976318359,3555.05361328125,165.76859375
"77726",2130.39447021484,3270.37666015625,65.16046875
"79149",1884.66748046875,2847.65128173828,77.44296875
"104209",3695.10397949219,2986.54825439453,199.77125
"86608",2948.50390625,1633.50825195312,86.11296875
"104828",3608.91240234375,3139.09108886719,134.70109375
"73966",2176.31978759766,1865.61324462891,73.83046875
"74655",2072.32843017578,1972.5578125,68.14078125
"103487",3370.94560546875,1800.18959960937,124.5409375
"80058",2056.8671875,3187.878515625,447.99515625
"80802",1853.10521240234,2675.61468505859,98.26
"80587",1865.25900878906,2764.69493408203,37.57
"90240",3250.56103515625,1727.78250732422,389.11140625
"79851",1964.31596679688,3046.95905761719,179.13484375
"81316",2350.48013916016,3436.4470703125,165.5428125
"75115",1874.21306152344,2371.23458251953,369.78453125
"7049",3219.81826171875,1712.81350097656,158.95
"96727",2707.74700927734,3549.54604492187,82.8165625
"74957",1865.19965820312,2414.33016357422,157.0534375
"103416",3486.28994140625,1895.28459472656,147.570625
"78179",2176.80911865234,3314.74039306641,141.20359375
"77674",2067.38946533203,3201.45755615234,294.28328125
"87463",2912.95477294922,1628.65437011719,188.34671875
"102036",3690.99592285156,2182.44534912109,276.13046875
"97287",2853.30743408203,3554.998828125,176.470625
"77583",2154.59934082031,3294.82059326172,85.20984375
"80940",2383.17629394531,3453.96711425781,624.28515625
"78911",2000.23842773437,3108.95780029297,514.64578125
"103411",3473.46751708984,1882.67135009766,176.109375
"104185",3718.61428222656,2931.73819580078,50.34921875
"78199",2205.809765625,3339.65788574219,24.20375
"97292",2832.53306884766,3555.75876464844,267.5959375
"90259",3274.39320068359,1739.65376586914,212.00859375
"104203",3700.70368652344,2975.86701660156,105.07859375
"7489",3318.95345458984,1765.24517822266,165.22671875
"81309",2331.24100341797,3426.17796630859,54.05203125
"103176",3430.64254150391,1844.88328857422,143.41625
"104564",3759.66413574219,2793.10622558594,120.16078125
"6283",2289.53684082031,3400.70286865234,81.3715625
"78203",2209.661328125,3342.97093505859,54.4584375
"89329",2617.99958496094,1643.61134033203,264.66078125
"80594",1869.59990234375,2789.99384765625,188.43703125
"80799",1848.93718261719,2617.71320800781,221.31078125
"75742",1853.97409667969,2487.20853271484,39.2859375
"104166",3729.67590332031,2902.00687255859,163.3753125
"96729",2679.4291015625,3546.70634765625,150.05421875
"75125",1867.53570556641,2398.27126464844,100.83390625
"104258",3740.68605957031,2867.89481201172,111.5359375
"78212",2218.340625,3350.18991699219,131.54015625
"103029",3522.40913085937,1930.97629394531,385.58921875
"75129",1866.10838623047,2405.09367675781,63.21875
"104505",3769.47524414062,2742.71135253906,323.36390625
"6419",2263.709375,3383.95894775391,145.08703125
"87356",3068.62928466797,1656.70634155273,63.08328125
"87838",2780.05137939453,1623.44147949219,233.14171875
"103170",3424.82099609375,1839.37924804687,122.1928125
"96721",2698.14611816406,3549.49250488281,58.88375
"81311",2335.70620117187,3429.46258544922,42.67265625
"102046",3702.66267089844,2206.31341552734,120.2059375
"6415",2252.32215576172,3376.05349121094,95.550625
"87368",3060.84315185547,1654.50559692383,41.0921875
"104178",3723.08508300781,2921.95032958984,76.35921875
"80585",1862.86485595703,2758.58099365234,150.86703125
"87453",2897.45721435547,1626.21362915039,362.4240625
"74359",1911.29866943359,2245.51530761719,337.226875
"79847",1956.3712890625,3034.55520019531,300.19875
"74461",2063.32623291016,1981.25578613281,212.82140625
"101741",3748.75649414062,2338.11716308594,176.24484375
"8149",3780.43767089844,2533.19652099609,225.55546875
"5854",2496.74779052734,1676.34682006836,217.42734375
"73968",2167.88245849609,1870.81077880859,141.8809375
"97290",2874.73258056641,3555.08889160156,295.18640625
"97338",2562.61324462891,3523.45004882813,135.33328125
"5839",2412.16241455078,1710.25156860352,181.70875
"104528",3764.50224609375,2774.55169677734,82.22953125
"104573",3757.93757324219,2805.61654052734,117.09015625
"78226",2241.2607421875,3368.59295654297,97.5375
"77645",2139.32777099609,3282.06893310547,93.56375
"76297",1849.70687255859,2525.01361083984,212.1440625
"77644",2134.78579101562,3277.66225585937,36.89265625
"80833",1847.62731933594,2604.7021484375,260.5515625
"97329",2915.28044433594,3552.00307617187,310.35890625
"96730",2716.48918457031,3552.19357910156,31.83515625
"96718",2629.57066650391,3539.30329589844,160.80140625
"86607",2974.36312255859,1635.36358032227,147.570625
"80803",1848.91145019531,2643.02249755859,54.50359375
"81739",2297.40079345703,3407.16751708984,96.0925
"102528",3666.3654296875,2129.80822753906,989.05734375
"79156",1889.70958251953,2872.94106445312,259.2871875
"78195",2200.04362792969,3336.87131347656,58.20640625
"87320",3021.79420166016,1644.35446777344,311.53296875
"96725",2690.11531982422,3549.40617675781,92.9315625
"96807",2760.97410888672,3555.99948730469,122.1025
"74418",2054.66187744141,1990.87431640625,99.7953125
"80800",1849.02102050781,2651.19274902344,80.87484375
"78217",2228.18327636719,3359.47600097656,70.0825
"77695",2094.24249267578,3235.9001953125,188.391875
"87462",2934.66463623047,1629.07283325195,99.2534375
"103483",3363.18292236328,1791.71491699219,129.4178125
"102295",3773.64846191406,2454.51901855469,98.440625
"80956",2448.32186279297,3485.72175292969,701.32171875
"87811",2720.32414550781,1626.15458984375,115.419375
"105100",3564.42934570312,3202.69333496094,104.04
"96716",2638.65919189453,3541.71716308594,97.31171875
"87337",3085.39063720703,1659.95952148438,123.68296875
"87797",2681.18637695313,1630.71088867187,291.52875
"80942",2367.89642333984,3448.72683105469,273.46625
"77800",1926.43638916016,2974.82132568359,18.965625
"77681",2076.69609375,3216.41535644531,109.0071875
"87317",2997.70388183594,1638.61945800781,145.08703125
"81773",2319.35885009766,3421.75987548828,82.8165625
"79855",1968.05650634766,3059.49302978516,52.1103125
"104129",3637.19357910156,3101.57985839844,163.1946875
"104109",3617.49208984375,3131.96694335937,46.10453125
"79872",1947.07939453125,3019.92984619141,254.45546875
"97377",2614.89841308594,3537.57839355469,144.63546875
"7041",3192.44270019531,1697.43837890625,175.2965625
"77794",1922.20257568359,2965.98680419922,8.53453125
"102661",3777.62619628906,2480.01175537109,264.02859375
"89212",2817.81785888672,1620.80162353516,441.7184375
"104218",3689.69934082031,3006.40185546875,116.4128125
"104188",3718.89318847656,2938.61352539062,196.20390625
"87360",3105.09503173828,1665.18434448242,136.05578125
"7038",3173.48267822266,1689.4742980957,101.91765625
"104553",3781.05192871094,2665.31237792969,682.62703125
"7045",3206.86821289062,1703.41608276367,155.7890625
"80571",1864.00102539063,2776.13092041016,46.82703125
"5841",2419.04459228516,1705.1501159668,148.42859375
"104135",3649.33969726563,3082.69205322266,140.66171875
"74961",1860.70395507812,2420.1724609375,85.39046875
"103048",3536.55656738281,1942.58306884766,224.33625
"96335",3146.84422607422,3500.36059570312,453.86546875
"77654",2144.37755126953,3289.59898681641,105.665625
"104115",3625.08647460937,3122.18800048828,58.16125
"104533",3764.66452636719,2784.62407226562,47.2334375
"79471",1845.76213378906,2566.980078125,265.11234375
"104261",3736.89426269531,2889.91014404297,147.8415625
"104524",3767.91469726562,2768.59713134766,74.10140625
"87448",2844.85205078125,1620.57345581055,593.895
"77797",1923.77889404297,2971.71890869141,10.5665625
"102271",3772.71088867187,2437.64519042969,186.76625
"89346",2661.87170410156,1632.12824707031,348.56109375
"86489",3153.36635742187,1680.81793212891,73.6046875
"79143",1874.77958984375,2827.75223388672,144.27421875
"105436",3401.7498046875,3361.96104736328,634.174375
"77724",2122.01005859375,3268.33238525391,110.76828125
"101724",3738.72043457031,2293.87877197266,216.208125
"78204",2210.76408691406,3348.53079833984,24.565
"105108",3577.13784179687,3189.73208007812,128.92109375
"8171",3783.94267578125,2543.35335693359,123.59265625
"5843",2429.06010742187,1699.60664672852,230.25171875
"79147",1879.69448242187,2847.59587402344,40.32453125
"105134",3513.14919433594,3263.40732421875,123.23140625
"6279",2278.54162597656,3398.22882080078,89.4996875
"75698",1857.30520019531,2433.09055175781,36.07984375
"104555",3784.28881835938,2636.48065185547,378.45453125
"75712",1854.03780517578,2453.7408203125,64.61859375
"79145",1876.63232421875,2837.71690673828,109.68453125
"74435",2020.77414550781,2031.78326416016,448.6725
"103179",3443.75922851562,1850.283984375,263.7125
"104259",3747.27023925781,2859.97731933594,75.8625
"6197",1845.48302001953,2541.93143310547,173.3096875
"102305",3777.67434082031,2465.26396484375,144.2290625
"80584",1856.53011474609,2743.79481201172,305.25625
"79146",1877.66162109375,2842.45001220703,52.923125
"97291",2785.41015625,3560.13244628906,167.439375
"104513",3771.43298339844,2756.84343261719,90.854375
"96808",2766.5375,3559.43310546875,56.40015625
"96720",2657.29838867187,3547.8037109375,147.52546875
"75732",1850.68511962891,2475.03004150391,74.5078125
"104200",3709.70131835937,2967.19830322266,186.3146875
"105096",3554.75354003906,3218.86408691406,106.70421875
"86482",3144.51149902344,1676.09458007812,96.0925
"104965",3686.11340332031,3019.10059814453,117.40625
"75086",1899.35467529297,2265.77502441406,247.998125
"78175",2169.35252685547,3315.26936035156,68.0053125
"81315",2339.70551757812,3436.71228027344,84.89375
"102662",3782.00319824219,2498.90723876953,431.28734375
"87452",2927.73576660156,1624.98345336914,14.1790625
"74329",1923.56784667969,2203.9869140625,172.27109375
"87819",2734.85300292969,1621.71253051758,107.60734375
"103491",3382.93068847656,1801.73852539062,229.0325
"74493",2328.97862548828,1748.71853027344,162.87859375
"80577",1866.73032226562,2800.4279296875,154.38921875
"102236",3729.86557617188,2263.15675048828,313.88109375
"73957",2182.76741943359,1852.12779541016,74.959375
"96323",3244.22919921875,3461.16077880859,757.4509375
"89334",2632.99971923828,1635.43237304688,172.7678125
"74501",2084.12819824219,1949.68044433594,326.07328125
"75718",1851.41123046875,2466.02680664062,85.435625
"104152",3677.22534179688,3037.40299072266,189.2046875
"73960",2177.10213623047,1856.85135498047,95.00875
"89213",2798.39901123047,1618.23263549805,29.3515625
"87325",3051.46658935547,1647.30498046875,240.72796875
"87450",2920.65374755859,1623.84105834961,120.79296875
"77802",1927.63647460938,2985.75096435547,34.90578125
"87830",2760.912890625,1619.46748046875,103.498125
"6421",2267.78588867188,3392.73494873047,33.235
"77781",1914.25416259766,2954.61369628906,97.4471875
"87340",3116.29133300781,1665.70978393555,176.96734375
"105448",3440.66179199219,3333.43479003906,630.78765625
"78181",2179.27507324219,3325.11201171875,64.3928125
"75735",1849.00504150391,2480.57973632812,46.19484375
"103466",3336.89683837891,1769.52921142578,145.8546875
"76288",1846.15538330078,2508.93292236328,156.10515625
"104829",3610.81452636719,3148.13022460938,248.6303125
"75105",1873.67309570312,2346.53643798828,394.665625
"87800",2693.85316162109,1625.02225952148,208.1703125
"74489",2317.16412353516,1754.53820800781,131.99171875
"87351",3078.08387451172,1653.64791870117,266.19609375
"5844",2444.85296630859,1690.5174987793,309.90734375
"80588",1858.99876708984,2767.73675537109,69.04390625
"96733",2720.92864990234,3557.62893066406,98.93734375
"103161",3423.15295410156,1830.74768066406,57.1678125
"74805",2145.15325927734,1884.57139892578,241.63109375
"88647",2508.00551757812,1666.77228393555,129.5984375
"96437",3028.98060302734,3538.503515625,175.25140625
"80795",1847.53331298828,2690.09373779297,308.5978125
"103469",3346.88018798828,1775.30178222656,185.32125
"103402",3459.99742431641,1861.56848144531,260.641875
"74481",2292.40911865234,1769.23536376953,242.71484375
"86604",2983.81459960937,1631.69276733398,108.69109375
"80578",1861.47655029297,2782.34945068359,46.059375
"81752",2306.71883544922,3419.13848876953,119.88984375
"87451",2883.126953125,1619.25020751953,170.19390625
"97370",2599.24044189453,3538.34040527344,350.8640625
"81745",2301.23471679688,3415.87918701172,65.25078125
"103160",3417.58188476563,1825.85270996094,86.4290625
"105118",3596.40437011719,3169.35241699219,144.680625
"76295",1844.64609375,2518.52738037109,37.389375
"104266",3753.367578125,2846.75936279297,235.76078125
"77806",1930.71046142578,2995.53302001953,123.50234375
"74508",2096.46149902344,1933.57423095703,155.47296875
"88645",2522.63232421875,1661.5969543457,439.23484375
"77791",1919.50627441406,2970.48354492187,30.29984375
"78196",2199.41007080078,3343.33264160156,60.69
"74818",2117.32655029297,1911.32149658203,388.6146875
"103410",3485.51630859375,1884.48735351563,39.69234375
"75745",1846.34671630859,2495.61431884766,105.07859375
"77596",2154.96789550781,3304.91724853516,100.47265625
"87809",2707.93564453125,1622.30375366211,202.5709375
"77793",1921.1294921875,2974.82941894531,25.9196875
"90254",3266.89074707031,1727.63091430664,113.47765625
"78215",2227.7205078125,3365.89499511719,88.686875
"102270",3773.36042480469,2419.6611328125,219.68515625
"75220",1949.20314941406,2144.92913818359,328.015
"79148",1880.71049804688,2862.72176513672,175.1159375
"80046",2030.22624511719,3165.51787109375,145.2225
"105106",3574.30354003906,3198.69962158203,134.33984375
"79222",1889.02144775391,2889.93712158203,481.2753125
"97297",2821.94189453125,3563.11491699219,90.5834375
"73955",2188.31607666016,1844.73470458984,147.88671875
"104113",3622.96645507812,3132.75198974609,60.870625
"105151",3467.7244140625,3311.99864501953,327.65375
"77720",2106.85552978516,3257.83023681641,230.11625
"78200",2205.47690429688,3348.9037109375,30.93203125
"7048",3219.65141601562,1704.16865234375,102.27890625
"104136",3647.7716796875,3094.12554931641,123.005625
"80798",1844.85133056641,2672.46619873047,153.4409375
"75740",1846.70281982422,2487.19794921875,29.26125
"80797",1842.40571289062,2637.06025390625,133.0303125
"77728",2128.59486083984,3280.36727294922,124.450625
"77668",2161.80151367188,3311.88637695312,121.01875
"96734",2705.40017089844,3557.43967285156,108.05890625
"86597",2957.16888427734,1626.18270874023,220.31734375
"104168",3736.221484375,2905.76318359375,61.09640625
"5847",2464.17739257812,1681.06716308594,275.04671875
"78186",2186.11159667969,3333.49725341797,109.82
"75093",1890.81047363281,2282.05866699219,174.664375
"77795",1923.16318359375,2981.46361083984,36.48625
"104175",3732.33837890625,2917.36809082031,175.025625
"80796",1843.30447998047,2658.85727539063,76.1334375
"8203",3788.59816894531,2557.576953125,269.85375
"73938",2231.86156005859,1809.34224853516,646.23109375
"105103",3567.02956542969,3209.04654541016,104.26578125
"87824",2749.11353759766,1617.62315063477,167.30390625
"75702",1851.98024902344,2441.58100585937,97.0859375
"75693",1854.15629882813,2427.96647949219,88.64171875
"80936",2351.63726806641,3446.823046875,54.2778125
"104125",3633.83840332031,3117.80041503906,129.869375
"103451",3510.32983398438,1907.06589355469,174.52890625
"80032",2017.33533935547,3149.36558837891,290.7159375
"79860",1970.51457519531,3075.92546386719,225.19421875
"96732",2679.17862548828,3554.64147949219,82.13921875
"103406",3472.78353271484,1870.50593261719,171.051875
"7052",3234.28590087891,1709.85323486328,224.6975
"104206",3706.67858886719,2983.25844726562,57.48390625
"80952",2401.92734375,3472.53409423828,851.60171875
"105138",3507.35939941406,3275.81014404297,89.048125
"73517",2356.40129394531,1729.53168945312,105.12375
"104519",3773.90952148438,2764.75698242187,76.22375
"74810",2135.85908203125,1890.31304931641,147.570625
"96726",2647.75103759766,3550.09887695312,184.8696875
"75715",1848.96997070312,2458.47185058594,22.939375
"77585",2144.26569824219,3297.20395507813,69.22453125
"104150",3662.90981445312,3070.92839355469,289.94828125
"74324",1928.52403564453,2183.78052978516,152.266875
"80384",1867.50333251953,2819.65233154297,85.796875
"97336",2555.60614013672,3529.64243164063,137.86203125
"74814",2129.16387939453,1896.55751953125,115.91609375
"75064",1859.58853759766,2394.65710449219,74.19171875
"96316",3277.24949951172,3448.28605957031,840.31265625
"87837",2773.53505859375,1615.41597290039,125.03765625
"78201",2209.52104492187,3354.11680908203,36.125
"74425",2040.04710693359,1997.74176025391,148.15765625
"81742",2293.27073974609,3413.63361816406,62.36078125
"74651",2062.84582519531,1968.92186279297,152.80875
"102663",3787.61784667969,2518.46906738281,242.8503125
"102045",3708.39519042969,2198.49158935547,134.926875
"81771",2314.11669921875,3426.56146240234,80.69421875
"6576",2251.71059570312,3385.95009765625,106.43328125
"102051",3716.18671875,2216.61883544922,249.081875
"81314",2332.51309814453,3437.37551269531,18.42375
"102830",3576.63273925781,1980.24226074219,648.7146875
"79859",1965.19232177734,3068.6361328125,104.80765625
"80794",1841.46378173828,2652.8765625,33.6865625
"97294",2803.30415039062,3565.20090332031,99.524375
"75061",1861.00319824219,2385.49553222656,121.96703125
"104534",3771.55874023437,2781.47288818359,107.06546875
"74513",2104.97581787109,1920.55217285156,248.720625
"77675",2066.28857421875,3215.24494628906,240.5925
"87355",3096.10466308594,1655.33671264648,152.04109375
"102220",3729.31274414062,2248.98233642578,472.515
"78209",2217.04591064453,3360.76760253906,81.05546875
"97296",2867.38825683594,3564.05041503906,118.12875
"104561",3769.32873535156,2793.10020751953,67.68921875
"96741",2737.42873535156,3562.39357910156,201.35171875
"104824",3607.5759765625,3159.07687988281,84.93890625
"97300",2842.446484375,3565.21791992187,125.895625
"74334",1913.27529296875,2216.38952636719,507.24015625
"5837",2393.82038574219,1709.26356811523,261.545
"81738",2280.82620849609,3406.58604736328,83.40359375
"77799",1925.01010742187,2990.64946289062,20.59125
"75711",1848.66387939453,2451.67205810547,37.16359375
"97298",2813.85070800781,3565.82180175781,83.5390625
"79856",1958.20825195312,3057.55998535156,136.5525
"104196",3717.50031738281,2961.78536376953,155.4278125
"101742",3759.51181640625,2342.97104492188,213.679375
"103485",3368.00069580078,1785.1892578125,67.50859375
"75719",1847.05788574219,2462.36782226562,25.96484375
"102514",3651.73405761719,2086.70974121094,907.68578125
"104131",3642.74597167969,3107.35305175781,39.1053125
"81777",2325.13577880859,3434.22329101562,183.65046875
"104216",3700.37248535156,3001.15659179688,111.03921875
"6196",1839.36617431641,2551.82741699219,112.39390625
"97299",2856.69290771484,3565.17392578125,139.48765625
"5855",2480.05906982422,1672.50023803711,233.32234375
"81740",2286.48194580078,3410.76466064453,59.3353125
"86503",3170.39914550781,1680.19111938477,148.42859375
"87835",2766.19779052734,1614.41220092773,64.121875
"102033",3703.11589355469,2183.67344970703,195.616875
"104256",3746.91787109375,2881.70129394531,281.955625
"86606",3037.17056884766,1638.68887329102,288.68390625
"105104",3566.16047363281,3213.90021972656,33.235
"96736",2697.47811279297,3559.33349609375,75.8625
"73969",2160.67613525391,1864.48309326172,120.52203125
"7467",3312.26240234375,1748.97689208984,274.68546875
"77697",2096.81469726562,3251.74617919922,164.36875
"80381",1863.80284423828,2811.81162109375,250.03015625
"102838",3601.60522460938,2010.61813964844,650.791875
"86603",2998.90936279297,1630.20101318359,159.491875
"8214",3322.66141357422,1754.97482910156,161.2078125
"86496",3161.23695068359,1676.12124633789,121.96703125
"97295",2793.48868408203,3566.44643554687,124.9925
"104237",3688.23840332031,3027.87805175781,155.20203125
"74325",1921.22972412109,2195.00194091797,135.78484375
"79863",1979.81373291016,3096.73572998047,411.644375
"79272",1906.58548583984,2949.56121826172,159.4015625
"78187",2189.02517089844,3339.95961914062,62.8575
"77805",1933.69064941406,3011.66040039062,102.053125
"80576",1856.27611083984,2778.66245117188,57.258125
"96809",2761.2880859375,3565.38933105469,91.98328125
"75111",1865.11021728516,2360.25327148438,156.963125
"5834",2374.74249267578,1717.1391418457,340.07171875
"105032",3782.85568847656,2725.96079101563,405.9546875
"80589",1854.60640869141,2771.46837158203,49.71703125
"77729",2120.48354492187,3277.48441162109,53.96171875
"80793",1839.17795410156,2647.22912597656,72.65640625
"74420",2047.17145996094,1984.67902832031,264.75109375
"79144",1873.05219726562,2851.20090332031,127.9728125
"104142",3660.99025878906,3079.5333984375,68.99875
"102276",3772.97775878906,2394.91090087891,193.088125
"86594",2940.78002929688,1620.212890625,229.61953125
"102284",3770.6763671875,2383.69114990234,247.7271875
"87840",2795.16253662109,1612.24061279297,119.031875
"77688",2084.59407958984,3239.62600097656,21.133125
"103446",3501.85971679688,1893.87055664062,164.95578125
"7044",3202.26854248047,1691.8987487793,76.99140625
"87812",2724.49093017578,1616.07391357422,217.291875
"77786",1917.13411865234,2977.26632080078,32.46734375
"96740",2722.94677734375,3563.30002441406,48.63328125
"87449",2930.23845214844,1618.55429077148,57.48390625
"6420",2265.68848876953,3398.84390869141,87.6934375
"101757",3767.8076171875,2369.14652099609,547.0228125
"102273",3775.72780761719,2406.65505371094,118.670625
"104560",3768.40817871094,2807.86708984375,299.79234375
"77682",2081.15029296875,3236.30236816406,95.00875
"74429",2028.80577392578,2007.84899902344,435.2159375
"97346",2573.18096923828,3537.434375,351.81234375
"101719",3744.26079101562,2284.24114990234,53.0134375
"102304",3784.1103515625,2456.67639160156,105.07859375
"74653",2066.61064453125,1959.74410400391,113.38734375
"74802",2148.74147949219,1873.42199707031,91.26078125
"75102",1872.36219482422,2328.11036376953,680.95625
"104154",3676.94353027344,3052.34896240234,155.879375
"6416",2254.45856933594,3391.49169921875,46.9625
"80568",1844.63343505859,2714.18509521484,188.1209375
"104170",3739.47373046875,2909.83928222656,23.48125
"103057",3544.17211914062,1937.40068359375,53.23921875
"104223",3697.31945800781,3012.43092041016,86.02265625
"97293",2895.16080322266,3564.77922363281,626.45265625
"90265",3284.81794433594,1731.4599609375,104.44640625
"104194",3723.42416992188,2953.07493896484,182.1603125
"86483",3145.41939697266,1668.73988037109,108.8265625
"104255",3751.87094726563,2871.930859375,123.77328125
"87338",3124.59771728516,1661.49309082031,179.04453125
"77784",1913.23441162109,2969.5580078125,53.23921875
"80939",2355.92379150391,3453.83720703125,135.288125
"7453",3303.23177490234,1741.69212646484,194.9846875
"103147",3401.12973632813,1806.12839355469,233.72875
"102667",3791.64538574219,2528.92161865234,90.4028125
"75725",1844.25595703125,2466.23391113281,30.48046875
"103408",3483.96115722656,1875.52126464844,112.8003125
"80049",2043.27486572266,3191.38186035156,285.74875
"80789",1837.18784179687,2629.34260253906,109.0071875
"105116",3594.08181152344,3181.93079833984,157.27921875
"105139",3501.32846679688,3287.31917724609,293.92203125
"75738",1841.92364501953,2485.21613769531,52.78765625
"105091",3544.925,3241.61590576172,434.08703125
"103032",3528.01630859375,1919.31431884766,124.49578125
"103489",3376.17281494141,1787.88638916016,97.2665625
"80590",1856.89742431641,2789.47982177734,56.355
"96810",2769.36163330078,3567.36906738281,76.53984375
"76296",1838.56037597656,2522.10875244141,60.46421875
"78194",2199.33868408203,3350.62944335937,46.6915625
"78173",2164.18155517578,3320.82797851563,40.7309375
"7419",3293.21190185547,1735.62529296875,104.1303125
"107690",3344.8662109375,3412.72572021484,1033.40078125
"77788",1918.59962158203,2983.05756835937,29.57734375
"77595",2147.98714599609,3306.22420654297,74.19171875
"77783",1911.05255126953,2965.64564208984,51.52328125
"74361",1896.20473632812,2251.61638183594,129.0565625
"75223",1936.80676269531,2156.94182128906,547.60984375
"7047",3215.40556640625,1696.25956420898,91.1253125
"8184",3793.04572753906,2544.96744384766,111.806875
"105020",3793.40390625,2625.83157958984,304.4434375
"74353",1900.50474853516,2239.79752197266,129.91453125
"101737",3757.14235839844,2323.11931152344,456.62
"103413",3494.46123046875,1884.63552246094,201.71296875
"105126",3606.06647949219,3166.74825439453,67.55375
"77691",2088.06878662109,3245.74388427734,101.9628125
"6413",2240.31403808594,3382.54677734375,219.41421875
"5856",2492.32969970703,1665.14782104492,51.70390625
"80044",2029.92658691406,3175.00815429688,147.1190625
"79850",1948.93544921875,3046.73576660156,154.5246875
"6412",2231.402734375,3376.08752441406,117.18046875
"73949",2194.69584960937,1831.85085449219,413.04421875
"80937",2346.93549804687,3449.96032714844,45.02078125
"80016",2000.23386230469,3133.18819580078,449.6659375
"103479",3361.74107666016,1777.11280517578,197.01671875
"80792",1838.45433349609,2664.61033935547,93.383125
"76291",1838.66164550781,2512.05484619141,74.3271875
"87348",3069.27570800781,1643.84448852539,147.4803125
"6193",1836.70701904297,2540.79464111328,91.7575
"80790",1835.81468505859,2616.07857666016,144.09359375
"104155",3672.61467285156,3062.99305419922,173.26453125
"104221",3707.30612792969,2994.03763427734,145.041875
"105101",3561.36967773437,3224.28843994141,144.5
"81737",2270.87108154297,3404.42431640625,66.47
"96742",2712.74553222656,3564.07490234375,76.043125
"104321",3767.43823242188,2819.57160644531,171.90984375
"96719",2616.2833984375,3549.1650390625,278.11734375
"77588",2139.4267578125,3299.41735839844,55.7228125
"96812",2753.62418212891,3567.67038574219,92.7509375
"102301",3784.29379882813,2445.39915771484,230.79359375
"77679",2073.36104736328,3230.40134277344,205.009375
"75076",1851.20952148438,2411.17918701172,126.03109375
"74478",2279.11043701172,1768.97596435547,353.3025
"86600",2987.48458251953,1624.80955200195,38.9246875
"105124",3603.38823242187,3172.11782226562,27.5453125
"96811",2777.5310546875,3569.21474609375,208.1703125
"86510",3182.59237060547,1680.9676574707,156.28578125
"104184",3733.6615234375,2931.72429199219,199.54546875
"77787",1918.87292480469,2987.10357666016,30.39015625
"86596",2965.92039794922,1621.05033569336,208.1703125
"96737",2667.4693359375,3558.86574707031,249.66890625
"74469",2258.81917724609,1782.3603515625,133.3915625
"105016",3795.36953125,2598.13955078125,504.66625
"81317",2334.53890380859,3444.35563964844,94.7378125
"75067",1852.88212890625,2400.8814453125,112.529375
"104554",3781.30966796875,2755.68360595703,145.3128125
"96731",2628.817578125,3552.37578125,126.84390625
"73518",2360.03350830078,1721.10017089844,82.0940625
"81757",2308.74796142578,3429.43249511719,32.15125
"75699",1846.48699951172,2436.03110351563,81.77796875
"103162",3434.46795654297,1829.51439208984,125.21828125
"87798",2684.25911865234,1617.80877685547,116.503125
"105025",3788.9779296875,2703.93798828125,716.04265625
"87354",3102.45974121094,1652.07917480469,32.37703125
"96356",2952.28594970703,3560.74255371094,350.05125
"81747",2293.1173828125,3420.10386962891,56.0840625
"75713",1843.38479003906,2455.77492675781,47.18828125
"89332",2624.11165771484,1627.61168823242,266.91859375
"104556",3779.41625976562,2768.390234375,49.35578125
"80581",1856.31968994141,2797.39523925781,78.6621875
"74485",2303.66684570313,1752.56282958984,188.6628125
"77803",1926.80120849609,3006.21944580078,127.8825
"103167",3442.02062988281,1835.18092041016,111.67140625
"101728",3752.8529296875,2301.79792480469,357.50203125
"7055",3244.86856689453,1707.80864868164,158.8596875
"6417",2256.76639404297,3396.48233642578,66.51515625
"103155",3423.208984375,1819.88133544922,104.581875
"97301",2832.86260986328,3570.69643554687,108.51046875
"74812",2120.46154785156,1896.54091796875,68.86328125
"77589",2133.62492675781,3295.8716796875,79.33953125
"78191",2190.5330078125,3346.66831054688,97.58265625
"97303",2848.33796386719,3570.44409179688,68.99875
"89343",2647.60598144531,1622.71194458008,110.9940625
"103035",3524.00122070312,1911.18287353516,199.590625
"75098",1877.26546630859,2300.17491455078,665.4225
"105095",3555.0021484375,3234.38260498047,283.80703125
"78176",2170.362109375,3329.79385986328,135.51390625
"104308",3766.99289550781,2828.41525878906,189.2046875
"88644",2499.61446533203,1660.10810546875,164.188125
"78205",2210.06142578125,3362.77431640625,80.55875
"81753",2300.40609130859,3425.67286376953,25.1971875
"96739",2689.04265136719,3563.24108886719,137.094375
"75747",1837.84713134766,2495.56140136719,103.859375
"75089",1885.64718017578,2273.384765625,101.4209375
"104162",3747.05400390625,2897.87370605469,186.8565625
"80938",2340.3388671875,3449.08874511719,72.069375
"97302",2825.91153564453,3571.40864257812,44.56921875
"80574",1848.69521484375,2763.76898193359,120.88328125
"74492",2330.98865966797,1735.35520629883,257.4809375
"104123",3633.75,3131.85695800781,83.94546875
"102285",3783.6986328125,2428.29187011719,211.6925
"7057",3255.02996826172,1711.72796630859,197.784375
"77778",1906.21568603516,2961.9943359375,78.88796875
"104208",3715.69655761719,2981.26273193359,214.98890625
"103066",3563.36477050781,1953.62041015625,617.015
"77792",1921.28782958984,2997.07717285156,93.383125
"73956",2165.34221191406,1852.99937744141,184.1471875
"74496",2342.80316162109,1728.33388671875,219.098125
"80562",1839.48051757813,2705.423828125,171.955
"90260",3278.27921142578,1723.45188598633,190.24328125
"79848",1940.42341308594,3037.23054199219,129.73390625
"87461",2920.86873779297,1612.90996704102,166.67171875
"103524",3333.67364501953,1755.24107666016,240.36671875
"86490",3156.32537841797,1668.36582641602,86.47421875
"104138",3652.62846679687,3103.25993652344,113.974375
"96439",3043.57192382812,3545.32260742188,526.83796875
"103152",3414.47365722656,1811.17049560547,259.69359375
"80392",1863.06843261719,2833.34820556641,179.76703125
"87444",2876.08581542969,1608.98006591797,319.525625
"74340",1903.18278808594,2223.22459716797,158.72421875
"6408",2220.52456054687,3372.262109375,132.036875
"104140",3659.79494628906,3092.04952392578,159.31125
"87358",3139.69683837891,1661.97982788086,198.10046875
"5838",2401.45378417969,1698.00023803711,215.846875
"79470",1832.09468994141,2597.61079101562,387.93734375
"80388",1860.27252197266,2823.54187011719,61.8640625
"77725",2106.93833007813,3271.48917236328,214.401875
"104122",3629.66684570313,3139.72464599609,181.03140625
"105045",3785.25710449219,2747.23797607422,110.04578125
"89210",2802.59816894531,1606.78938598633,198.2359375
"104263",3761.49362792969,2854.99539794922,100.65328125
"75727",1838.57365722656,2476.09669189453,144.5
"73515",2350.71691894531,1723.23482055664,74.6884375
"79271",1897.17966308594,2941.78048095703,259.01625
"87347",3058.65029296875,1637.33895874023,205.32546875
"103177",3460.87336425781,1848.60100097656,182.38609375
"80580",1849.37504882813,2774.45914306641,37.750625
"103495",3389.45053710938,1791.75081787109,122.46375
"78197",2201.16070556641,3357.87810058594,102.82078125
"105023",3794.194140625,2679.91137695312,600.80390625
"5842",2421.40471191406,1688.52520751953,166.85234375
"78174",2164.51254882813,3327.19862060547,43.75640625
"87443",2856.41732177734,1607.16914672852,191.1915625
"97385",2539.86142578125,3533.85258789062,592.85640625
"75084",1888.13762207031,2260.92861328125,137.275
"8373",3387.63826904297,3389.20234375,860.99421875
"104191",3731.43442382813,2946.49117431641,137.455625
"96443",3017.92333984375,3552.0537109375,413.9925
"104134",3647.04494628906,3114.11092529297,150.0090625
"90255",3268.05285644531,1716.66859130859,187.17265625
"73953",2178.55767822266,1839.74240722656,99.9759375
"77608",2157.55607910156,3321.38516845703,58.703125
"104127",3639.52692871094,3126.12651367187,156.46640625
"96354",2972.08040771484,3560.77077636719,508.7303125
"96748",2723.47429199219,3569.14543457031,69.6309375
"79858",1955.66613769531,3068.55686035156,114.8775
"77785",1916.01392822266,2989.32424316406,33.55109375
"96745",2706.41680908203,3567.48403320312,39.015
"87807",2706.84450683594,1611.84653320312,118.0384375
"105114",3592.42829589844,3192.58298339844,173.76125
"80572",1842.5642578125,2739.01854248047,155.47296875
"76293",1833.96402587891,2515.40690917969,34.72515625
"107697",3328.38127441406,3428.9630859375,415.30203125
"87827",2757.2904296875,1607.53106079102,129.2371875
"73519",2361.7748046875,1716.43274536133,40.279375
"7050",3225.98511962891,1695.76162109375,128.92109375
"75708",1841.50777587891,2446.70238037109,135.33328125
"5840",2411.68408203125,1692.20681152344,90.17703125
"80582",1851.05678710937,2787.12634277344,68.50203125
"80565",1840.52869873047,2726.56737060547,168.56828125
"7043",3197.26607666016,1682.93463134766,232.1934375
"6194",1832.60622558594,2531.11136474609,146.6675
"96833",2746.97110595703,3571.5041015625,117.09015625
"81762",2311.88544921875,3435.57486572266,93.56375
"77730",2114.55491943359,3281.09940185547,78.25578125
"104145",3665.73125,3084.6234375,58.0709375
"102042",3717.30068359375,2196.37468261719,82.8165625
"105135",3524.96743164062,3271.54271240234,517.490625
"104558",3780.10729980469,2783.64291992188,84.21640625
"69617",2443.33724365234,1678.05034790039,158.45328125
"103060",3545.33505859375,1929.42114257812,177.78015625
"86605",3024.32739257812,1627.6307800293,278.1625
"96738",2678.10305175781,3564.70617675781,137.04921875
"75691",1843.66452636719,2428.42053222656,183.0634375
"104559",3777.98271484375,2794.93302001953,140.21015625
"96749",2740.85882568359,3571.54145507812,40.77609375
"89211",2831.4263671875,1605.18391113281,272.96953125
"88650",2587.76481933594,1631.6145324707,709.44984375
"103062",3555.15405273438,1940.27213134766,244.15984375
"73954",2170.51131591797,1845.16572265625,97.40203125
"75060",1851.3365234375,2386.9228515625,106.07203125
"74488",2314.184765625,1741.72844238281,221.03984375
"81754",2295.23864746094,3426.20162353516,48.226875
"77804",1931.41644287109,3024.96945800781,240.411875
"104171",3746.51237792969,2909.87414550781,128.28890625
"74642",2062.38181152344,1954.14937744141,107.29125
"80406",1866.28872070312,2854.84058837891,152.80875
"87350",3110.88254394531,1650.08294067383,130.8628125
"87817",2732.92099609375,1607.99995117187,104.44640625
"86593",2975.09068603516,1617.63280029297,227.54234375
"101721",3752.66491699219,2287.44545898437,145.2225
"77735",2122.44149169922,3290.39088134766,171.3228125
"105125",3606.40100097656,3176.44377441406,90.44796875
"104179",3742.91896972656,2920.82038574219,112.66484375
"69613",2456.64298095703,1671.90029907227,130.41125
"80570",1842.71201171875,2749.34637451172,125.48921875
"89345",2660.61828613281,1616.47691650391,229.39375
"80791",1834.02897949219,2682.98328857422,172.18078125
"102237",3746.29655761719,2267.74106445313,204.9190625
"87447",2909.60603027344,1608.74328613281,227.27140625
"81748",2282.18919677734,3418.79193115234,111.85203125
"74348",1896.01112060547,2233.35964355469,95.2796875
"97305",2866.19916992187,3574.03334960937,78.52671875
"89335",2636.33704833984,1620.27016601562,176.33515625
"6192",1830.04294433594,2549.83315429687,75.5915625
"103450",3512.498828125,1893.13282470703,110.13609375
"87822",2743.82863769531,1606.4963684082,171.3228125
"104118",3622.78134765625,3154.69946289062,230.79359375
"102035",3714.69340820312,2186.81384277344,99.524375
"105113",3586.13713378906,3203.78986816406,199.54546875
"77782",1909.24132080078,2978.82811279297,134.4753125
"105043",3789.02524414063,2741.55090332031,52.561875
"74824",2153.35546875,1858.88504638672,94.3765625
"87345",3089.87554931641,1642.97539672852,136.77828125
"86590",2950.73972167969,1613.25922241211,181.9796875
"78180",2175.97364501953,3340.38026123047,160.395
"80026",2010.06593017578,3158.92829589844,207.40265625
"79854",1947.14123535156,3057.48693847656,116.141875
"77607",2149.91624755859,3317.49645996094,103.09171875
"105015",3800.88332519531,2583.89541015625,246.01125
"80787",1835.050390625,2698.19737548828,83.13265625
"103454",3517.47390136719,1897.88315429687,48.72359375
"81741",2270.82957763672,3411.92178955078,110.94890625
"79467",1829.02298583984,2580.23165283203,187.62421875
"80788",1830.62980957031,2647.7666015625,158.3178125
"96359",2930.03508300781,3569.05246582031,886.55265625
"75722",1836.46069335938,2467.42590332031,87.01609375
"73922",2242.02399902344,1786.93989257812,278.9753125
"75049",1856.13873291016,2358.55451660156,229.935625
"74432",2013.24782714844,2015.20369873047,238.6959375
"75714",1837.64334716797,2456.83348388672,70.0825
"104257",3761.58618164062,2866.86593017578,236.7090625
"87445",2899.24395751953,1606.94886474609,116.63859375
"104273",3767.57810058594,2845.67880859375,179.22515625
"96746",2696.4158203125,3568.95991210937,76.585
"103493",3384.78612060547,1784.48348388672,75.681875
"86504",3174.16728515625,1670.94581298828,90.3125
"75739",1833.91754150391,2486.67998046875,83.49390625
"104557",3783.98666992188,2774.5892578125,157.14375
"102048",3725.18850097656,2209.31145019531,236.3478125
"87833",2765.46400146484,1604.42802124023,64.16703125
"102209",3733.74328613281,2230.38194580078,610.10609375
"81760",2302.74774169922,3432.82191162109,53.284375
"74322",1913.30413818359,2189.27294921875,286.33578125
"74815",2108.98405761719,1900.53110351562,139.21671875
"105105",3570.79064941406,3223.86593017578,222.9815625
"101714",3751.02177734375,2277.63621826172,126.3471875
"77684",2080.72487792969,3248.81143798828,73.19828125
"97308",2803.37034912109,3576.33723144531,260.46125
"87353",3121.53576660156,1651.78335571289,52.60703125
"97307",2817.84172363281,3576.47004394531,127.02453125
"79468",1828.34377441406,2571.24169921875,202.5709375
"103171",3454.69447021484,1838.26071777344,181.0765625
"80039",2018.26087646484,3172.03917236328,180.3540625
"5858",2486.349609375,1659.11481323242,154.38921875
"75052",1852.04727783203,2372.90988769531,207.67359375
"97306",2846.64584960938,3576.22849121094,54.77453125
"79469",1828.26512451172,2563.86479492187,68.77296875
"104228",3705.87756347656,3014.70948486328,177.915625
"74448",1953.79742431641,2107.28052978516,737.26609375
"7745",3308.50401611328,3444.58162841797,347.11609375
"87839",2786.75924072266,1602.96947021484,226.4134375
"80591",1852.17075195312,2807.43586425781,102.54984375
"96750",2728.39665527344,3573.02314453125,63.17359375
"86598",3003.89066162109,1620.72940673828,256.4875
"102527",3687.95700683594,2128.67247314453,630.6521875
"77796",1925.50836181641,3018.02543945312,127.29546875
"80781",1828.34501953125,2624.08094482422,46.28515625
"74468",2262.72760009766,1771.36368408203,206.635
"80946",2368.38679199219,3470.15073242188,280.55578125
"82277",2321.90158691406,3445.03609619141,108.96203125
"74797",2145.40954589844,1864.13238525391,141.02296875
"74358",1888.85729980469,2247.55709228516,88.28046875
"96813",2765.14462890625,3575.76779785156,82.906875
"5830",2360.86918945312,1712.98294067383,39.4665625
"103488",3377.20128173828,1777.96508789062,132.8496875
"74342",1896.54818115234,2227.00228271484,49.62671875
"87446",2844.04583740234,1602.65217285156,111.03921875
"5857",2469.93419189453,1664.45148925781,83.0875
"103828",3683.56879882812,3059.528515625,70.5340625
"80569",1841.95394287109,2758.55733642578,112.4390625
"88639",2559.60317382812,1635.68544311523,670.11875
"104046",3616.86081542969,3166.38426513672,100.06625
"104240",3694.73251953125,3038.75062255859,179.360625
"102510",3647.03249511719,2057.34427490234,383.24109375
"75091",1876.75185546875,2280.72141113281,151.0025
"97304",2880.53544921875,3575.33159179687,242.89546875
"74414",2034.97906494141,1983.54410400391,160.98203125
"80943",2344.43841552734,3458.28787841797,98.3503125
"74643",2053.07331542969,1960.84188232422,108.14921875
"74652",2069.29594726562,1941.64757080078,263.2609375
"6191",1827.52407226562,2559.06611328125,167.12328125
"75081",1842.12763671875,2417.70961914062,75.50125
"80945",2355.79056396484,3464.54708251953,93.51859375
"78188",2190.32133789062,3355.26646728516,78.4815625
"105449",3440.91641845703,3354.26331787109,514.28453125
"6577",2255.61839599609,3404.24543457031,108.42015625
"97333",2557.81145019531,3543.762890625,201.26140625
"74433",2006.67796630859,2021.32967529297,132.3078125
"80785",1829.75926513672,2666.34541015625,124.31515625
"80430",1869.94562988281,2878.67399902344,177.23828125
"97310",2855.86096191406,3577.08596191406,85.435625
"80783",1829.01551513672,2656.64698486328,70.75984375
"102290",3785.04128417969,2400.93208007812,159.53703125
"103403",3484.71528320312,1862.96072998047,122.644375
"103181",3476.38669433594,1855.23477783203,200.26796875
"103154",3430.82951660156,1816.63074951172,48.27203125
"96752",2714.79001464844,3572.98247070312,104.35609375
"88641",2512.06418457031,1648.83045654297,229.89046875
"103140",3398.8279296875,1792.10007324219,154.93109375
"80784",1827.74923095703,2638.73223876953,83.40359375
"80057",2034.24361572266,3195.97592773438,320.29328125
"74499",2079.86927490234,1928.75666503906,392.0465625
"89209",2810.39073486328,1601.13821411133,196.38453125
"69618",2428.73015136719,1679.67211303711,182.07
"6414",2245.32770996094,3397.69425048828,136.50734375
"73930",2213.75091552734,1804.88161621094,360.03078125
"69610",2464.00452880859,1665.44613037109,69.901875
"77723",2090.66713867187,3262.58305664062,163.60109375
"74480",2287.07565917969,1753.73884277344,124.1796875
"74500",2089.48282470703,1917.98619384766,179.9025
"104222",3713.02868652344,3003.42934570312,69.4503125
"78184",2182.34055175781,3349.57379150391,60.32875
"6190",1827.3970703125,2540.53150634766,69.85671875
"102835",3593.009765625,1979.40388183594,151.544375
"79270",1897.21597900391,2957.81364746094,94.28625
"80573",1848.22082519531,2797.83642578125,69.85671875
"77780",1911.14012451172,2991.05184326172,94.06046875
"73951",2172.58443603516,1837.79234619141,28.85484375
"75066",1845.10118408203,2396.22906494141,75.63671875
"80583",1844.84178466797,2782.24340820312,112.8003125
"103531",3358.04017333984,1763.02222900391,318.26125
"87352",3133.44946289062,1653.23786010742,147.07390625
"74483",2294.8771484375,1748.33627929687,185.2309375
"75214",1937.13588867187,2133.71478271484,431.91953125
"77593",2128.35164794922,3301.80487060547,125.4440625
"6402",2207.28107910156,3370.29337158203,99.9759375
"80780",1825.89068603516,2611.98048095703,95.911875
"80055",2053.60062255859,3221.59151611328,248.9915625
"77677",2072.13128662109,3243.27647705078,104.40125
"80782",1826.35034179688,2631.91812744141,98.03421875
"80786",1830.71800537109,2692.04898681641,66.650625
"96338",3147.26154785156,3521.82060546875,721.55171875
"80399",1858.49615478516,2843.60153808594,125.66984375
"8190",3803.81931152344,2550.04627685547,242.89546875
"102026",3711.28054199219,2170.13155517578,492.38375
"7465",3306.01253662109,1730.39559326172,183.87625
"76299",1827.42280273437,2523.93907470703,64.844375
"103526",3343.64537353516,1752.95130615234,183.28921875
"87810",2720.49431152344,1604.37946166992,133.34640625
"81759",2294.54241943359,3431.73305664062,34.99609375
"76287",1828.615625,2506.05649414063,181.6184375
"80778",1825.49909667969,2618.62629394531,28.94515625
"105047",3791.55988769531,2751.97689208984,33.37046875
"74806",2121.31134033203,1883.31258544922,213.679375
"76294",1827.50518798828,2518.21921386719,78.03
"102321",3797.84067382813,2469.734765625,732.073125
"105035",3794.88103027344,2732.06435546875,37.79578125
"102664",3802.49699707031,2516.37166748047,298.43765625
"96816",2785.77746582031,3579.59985351562,89.54484375
"74464",2250.60451660156,1775.84984130859,70.263125
"80575",1841.69184570312,2773.00277099609,86.158125
"96735",2630.01558837891,3562.71232910156,352.35421875
"7053",3241.67899169922,1695.82688598633,73.7853125
"74800",2131.58874511719,1872.71975097656,250.0753125
"77602",2137.45054931641,3312.21571044922,190.8303125
"96744",2659.67282714844,3567.96879882812,190.06265625
"87806",2701.64946289062,1605.58961181641,59.47078125
"103039",3531.71098632812,1905.85024414062,54.729375
"96751",2700.70773925781,3573.7021484375,89.1384375
"87343",3104.08648681641,1642.16524047852,172.9484375
"96753",2735.50938720703,3577.17145996094,125.715
"104298",3774.94172363281,2834.50076904297,216.569375
"102299",3789.66606445312,2412.20329589844,163.78171875
"79864",1963.13310546875,3095.54477539063,239.82484375
"86601",3051.41429443359,1627.58585205078,110.94890625
"6410",2229.97956542969,3389.31668701172,69.58578125
"6406",2221.87385253906,3383.44367675781,106.70421875
"81756",2287.09620361328,3428.25627441406,83.13265625
"87836",2774.61810302734,1599.60682373047,217.4725
"105052",3790.76176757812,2762.80401611328,106.70421875
"80013",1995.03902587891,3146.28537597656,123.2765625
"74352",1888.16791992187,2238.79271240234,42.85328125
"103404",3495.75947265625,1869.46086425781,175.07078125
"79265",1871.96479492187,2894.72999267578,305.8884375
"102032",3720.748828125,2187.22971191406,37.389375
"86492",3155.55444335938,1658.86029052734,184.8696875
"79871",1936.30975341797,3048.35026855469,95.95703125
"74476",2268.171875,1762.8833984375,43.03390625
"7051",3232.78885498047,1690.76330566406,157.18890625
"75078",1839.75838623047,2412.00137939453,85.435625
"97356",2582.63410644531,3553.49680175781,455.4459375
"81750",2275.83992919922,3421.69678955078,44.43375
"97309",2823.30363769531,3581.12429199219,76.35921875
"104146",3668.84694824219,3093.61297607422,69.6309375
"5848",2475.33385009766,1658.20463256836,101.9628125
"77614",2154.86579589844,3329.52242431641,120.5671875
"104204",3727.61730957031,2977.28873291016,183.7859375
"7046",3213.84771728516,1681.89526977539,363.8690625
"80941",2335.90583496094,3457.90479736328,79.2040625
"87442",2895.83835449219,1601.31616210938,82.8165625
"74417",2024.81206054688,1990.37668457031,142.2421875
"75228",1919.06820068359,2164.12178955078,437.24796875
"101743",3774.58229980469,2338.77188720703,515.81984375
"104241",3702.6166015625,3032.29780273437,213.99546875
"74646",2044.53679199219,1964.91984863281,217.96921875
"87439",2888.41434326172,1600.3604309082,122.1025
"104198",3733.8208984375,2963.79768066406,190.8303125
"103163",3450.88524169922,1828.091015625,113.613125
"5833",2371.58176269531,1702.0881652832,100.47265625
"104183",3748.69672851562,2925.36942138672,99.4340625
"82276",2311.80161132813,3445.0201171875,70.805
"87799",2689.45250244141,1605.28933105469,262.49328125
"96814",2755.23370361328,3580.27097167969,164.0978125
"81743",2261.52004394531,3413.40783691406,95.41515625
"105127",3609.05102539062,3184.91866455078,187.0371875
"80420",1862.51829833984,2868.33848876953,281.594375
"87683",3079.55747070313,1633.17456054688,219.098125
"103156",3440.38890380859,1819.10147705078,202.97734375
"97366",2602.98928222656,3559.23305664062,281.27828125
"80779",1826.06251220703,2673.47370605469,137.0040625
"86589",2983.29829101562,1611.57094726562,236.076875
"79141",1899.87637939453,2974.08400878906,145.08703125
"80018",1999.15725097656,3155.06365966797,94.0153125
"82287",2329.66800537109,3455.54094238281,89.770625
"104574",3783.19145507812,2808.34978027344,96.815
"79873",1975.49836425781,3119.36947021484,451.92375
"105150",3505.31574707031,3303.01761474609,326.88609375
"103449",3507.19919433594,1878.19307861328,212.1440625
"75717",1830.50924072266,2461.97395019531,105.2140625
"104214",3719.94738769531,2997.82362060547,146.71265625
"103838",3694.25729980469,3050.75791015625,250.21078125
"89327",2618.6142578125,1616.47670898437,234.3609375
"7748",3290.97733154297,3461.01219482422,174.07734375
"105143",3518.68125,3290.12276611328,287.60015625
"77737",2111.03974609375,3289.90424804687,77.17203125
"74823",2154.37231445312,1848.33081054688,120.2059375
"81767",2304.89868164062,3441.71516113281,53.284375
"107699",3324.35145263672,3442.1779296875,278.47859375
"86602",3063.00301513672,1628.07300415039,98.8921875
"8156",3806.52993164062,2533.52004394531,349.5996875
"6189",1822.67019042969,2549.12592773437,74.55296875
"102037",3724.65766601562,2191.13273925781,43.84671875
"105031",3798.8591796875,2725.33491210937,107.69765625
"105156",3478.2830078125,3328.92829589844,881.58546875
"75692",1835.36457519531,2425.72630615234,92.43484375
"96815",2774.04119873047,3582.12038574219,109.05234375
"5831",2361.88333740234,1705.72473754883,116.9546875
"104193",3740.93757324219,2949.32796630859,144.86125
"80560",1830.76199951172,2724.25705566406,145.58375
"103142",3412.68712158203,1796.21248779297,150.05421875
"87795",2675.01495361328,1606.19006958008,361.61125
"79466",1821.57241210937,2590.76264648437,152.40234375
"80567",1845.42823486328,2806.16356201172,52.96828125
"104238",3707.5505859375,3025.96492919922,93.1121875
"81763",2297.95590820313,3438.04102783203,58.56765625
"104124",3633.85375976562,3152.40740966797,39.96328125
"80036",2020.91920166016,3186.97456054687,85.435625
"79866",1966.62337646484,3106.96851806641,140.165
"105042",3796.35234375,2745.33709716797,92.25421875
"75729",1828.27612304688,2472.31776123047,52.15546875
"97311",2835.84549560547,3583.18330078125,180.94109375
"96355",3010.83966064453,3563.923828125,248.90125
"104143",3662.90234375,3107.92248535156,194.9846875
"105019",3808.14982910156,2623.62772216797,550.4546875
"86599",3042.73645019531,1622.3741027832,170.87125
"105120",3597.84621582031,3201.86948242188,59.83203125
"77731",2098.85378417969,3278.93414306641,95.23453125
"75068",1839.15325927734,2400.82666015625,50.033125
"75053",1844.26114501953,2376.01541748047,77.66875
"86513",3192.60041503906,1670.24927368164,289.2709375
"75743",1825.75227050781,2492.62416992187,143.055
"104189",3746.08571777344,2937.82598876953,158.09203125
"102833",3586.0736328125,1962.30883789062,293.19953125
"87441",2935.36646728516,1602.7848815918,218.05953125
"104567",3787.16794433594,2797.89058837891,91.035
"103173",3469.21876220703,1841.02882080078,156.7825
"87815",2729.35249023437,1599.0960144043,58.341875
"74491",2323.08776855469,1725.53942871094,103.9496875
"80556",1828.18896484375,2711.98704833984,92.84125
"104269",3772.80842285156,2856.92657470703,116.72890625
"7060",3267.87937011719,1704.39474487305,201.396875
"7058",3255.94948730469,1698.36651000977,95.73125
"102511",3659.14831542969,2064.03449707031,171.45828125
"105109",3575.3888671875,3230.604296875,126.39234375
"89342",2649.68927001953,1609.00818481445,157.36953125
"5828",2350.269921875,1710.39859619141,157.09859375
"104052",3619.82419433594,3173.9498046875,96.0925
"96754",2683.2541015625,3575.49387207031,169.56171875
"6399",2197.38634033203,3369.26428222656,108.05890625
"7418",3292.29943847656,1717.12513427734,385.22796875
"74808",2110.12666015625,1887.96330566406,131.90140625
"97314",2860.68184814453,3583.26298828125,109.278125
"79998",1978.94360351562,3128.56735839844,133.6625
"105059",3789.77770996094,2787.64016113281,138.13296875
"75083",1876.4546875,2260.16556396484,153.75703125
"87336",3119.08143310547,1642.58972167969,138.67484375
"87818",2735.45169677734,1598.14298095703,25.106875
"80566",1840.66047363281,2790.15695800781,81.100625
"6403",2208.12817382812,3377.87322998047,54.368125
"104041",3630.10595703125,3159.89222412109,59.9675
"87438",2875.54896240234,1596.73931884766,112.2584375
"69609",2451.86878662109,1663.50903930664,85.75171875
"96755",2720.6740234375,3580.12612304687,83.3584375
"103523",3330.17486572266,1738.49113769531,237.56703125
"79857",1940.03638916016,3063.48861083984,170.690625
"80947",2344.19541015625,3466.29564208984,65.566875
"79849",1927.15150146484,3038.97080078125,230.25171875
"75087",1872.56494140625,2270.24976806641,153.30546875
"104156",3677.67482910156,3085.65024414063,197.8746875
"103833",3689.42956542969,3064.67313232422,136.371875
"104328",3782.851953125,2821.09874267578,74.05625
"73943",2187.41917724609,1817.37366943359,217.2015625
"87832",2760.44016113281,1596.03188476562,151.0928125
"77777",1907.15035400391,2997.4087890625,139.48765625
"80056",2059.54792480469,3237.63443603516,243.61796875
"104139",3651.03305664063,3129.64376220703,219.1884375
"69612",2440.20037841797,1667.68153076172,180.21859375
"97316",2792.42182617187,3584.73928222656,101.19515625
"82281",2315.61291503906,3450.65447998047,64.66375
"89321",2601.42686767578,1617.54792480469,402.74859375
"74434",1994.59161376953,2026.04638671875,707.2371875
"96743",2640.81926269531,3569.72897949219,281.09765625
"87436",2863.42650146484,1595.47863769531,215.16953125
"80387",1847.20916748047,2822.67111816406,266.8734375
"74335",1892.90932617187,2214.63328857422,241.90203125
"6404",2211.52111816406,3381.37429199219,78.07515625
"105111",3585.7548828125,3219.68399658203,206.9059375
"77734",2103.96519775391,3286.41688232422,94.42171875
"103150",3433.17033691406,1809.38707275391,140.4359375
"97312",2845.0263671875,3584.75380859375,100.1565625
"102842",3605.81662597656,1984.99259033203,322.6865625
"88640",2500.88448486328,1645.01012573242,147.16421875
"87808",2711.62077636719,1599.53305053711,140.75203125
"5835",2379.29215087891,1694.53134155273,226.865
"6188",1821.06440429687,2532.050390625,108.4653125
"5836",2390.82006835938,1688.95155639648,224.6975
"105037",3799.32651367188,2739.21402587891,94.33140625
"104169",3758.25383300781,2908.57465820312,142.82921875
"105026",3802.96267089844,2713.93067626953,116.00640625
"80004",1982.57021484375,3136.17232666016,155.3375
"104165",3760.99392089844,2900.58266601562,98.62125
"79269",1886.20354003906,2948.87889404297,262.3578125
"96747",2650.43302001953,3571.87556152344,149.51234375
"7747",3301.84429931641,3458.45244140625,188.07578125
"86500",3166.85554199219,1658.04556884766,140.345625
"79524",1819.61965332031,2622.14250488281,54.368125
"73928",2218.74383544922,1791.99091796875,71.6178125
"6411",2234.52735595703,3398.95140380859,122.9153125
"87821",2743.57401123047,1596.29439697266,122.825
"97313",2805.43620605469,3585.64406738281,71.5275
"77611",2142.2822265625,3324.21345214844,134.79140625
"102311",3800.22424316406,2443.03654785156,430.61
"78183",2181.43846435547,3358.35103759766,85.48078125
"74494",2332.30889892578,1718.34130249023,145.53859375
"104243",3763.49245605469,2894.14831542969,143.00984375
"69616",2408.48267822266,1680.22235107422,154.25375
"80407",1854.77346191406,2855.04063720703,143.64203125
"77722",2079.14171142578,3261.22504882812,155.83421875
"78189",2190.97958984375,3366.28077392578,83.31328125
"74795",2135.81840820312,1860.73466796875,114.155
"86584",2950.2802734375,1602.60330200195,28.9
"86507",3183.11926269531,1663.83359985352,80.51359375
"87682",3093.61422119141,1633.06000976562,137.275
"81751",2268.99552001953,3423.16478271484,84.84859375
"74343",1886.25002441406,2228.78778076172,72.3403125
"86587",2997.23052978516,1610.0696472168,191.23671875
"74355",1879.17900390625,2247.10200195312,142.874375
"102223",3751.95187988281,2250.27227783203,181.57328125
"102665",3807.57873535156,2500.43499755859,654.35921875
"103063",3555.60769042969,1922.81372070312,307.83015625
"6041",2341.32915039062,1712.80374755859,80.42328125
"97318",2872.36602783203,3584.67702636719,150.77671875
"77779",1914.41146240234,3016.68112792969,168.70375
"87440",2923.73686523437,1598.84740600586,237.38640625
"80052",2043.30288085937,3220.69565429688,208.8025
"105011",3811.526171875,2565.07650146484,438.24140625
"103054",3542.5875,1908.28009033203,263.84796875
"96817",2782.55198974609,3586.04790039062,32.10609375
"73944",2177.37357177734,1823.38198242187,123.4571875
"78524",2069.98013916016,3252.14897460937,148.654375
"103535",3382.56794433594,1769.96915283203,93.24765625
"7491",3312.28522949219,1725.4631652832,75.0496875
"75704",1827.55001220703,2451.05385742187,177.6446875
"73948",2161.90963134766,1836.1494140625,151.49921875
"75697",1830.32413330078,2432.23162841797,56.0840625
"81758",2277.93338623047,3429.92556152344,92.61546875
"73947",2170.11204833984,1829.05494384766,138.2684375
"103037",3529.12446289062,1893.67258300781,246.73375
"103534",3376.10993652344,1765.32279052734,120.07046875
"74463",2248.30623779297,1769.11043701172,86.74515625
"78177",2172.60892333984,3352.47906494141,72.11453125
"80777",1823.74202880859,2699.02641601562,154.02796875
"80029",2012.17329101562,3181.39332275391,151.95078125
"102314",3789.95244140625,2379.54055175781,412.86359375
"74318",1905.58856201172,2180.14665527344,347.6128125
"77281",2164.68499755859,3345.91169433594,180.21859375
"104227",3717.62980957031,3014.02467041016,177.1028125
"102195",3737.90405273438,2211.46488037109,200.80984375
"102312",3798.37524414062,2422.97563476562,192.4559375
"102836",3598.09274902344,1971.94002685547,32.73828125
"75062",1837.41051025391,2391.60075683594,165.81375
"80948",2348.24224853516,3471.23585205078,58.92890625
"74648",2033.88854980469,1969.31781005859,203.745
"86583",2956.68764648437,1602.27562866211,125.6246875
"86592",3033.74193115234,1616.34607543945,131.5853125
"80014",1999.99729003906,3165.08270263672,99.47921875
"80042",2026.95511474609,3201.57687988281,53.5553125
"104219",3756.608203125,2919.59270019531,60.73515625
"77600",2123.7548828125,3309.2193359375,102.1434375
"80557",1828.92005615234,2742.14129638672,192.54625
"74423",2010.88646240234,1998.92877197266,251.74609375
"105117",3593.91538085938,3213.34427490234,110.000625
"80579",1840.41995849609,2803.94766845703,49.5815625
"104141",3660.51794433594,3119.56702880859,130.90796875
"104128",3643.13154296875,3146.35385742188,252.28796875
"89208",2820.59488525391,1591.82245483398,333.11765625
"78185",2185.97587890625,3364.38736572266,46.64640625
"80561",1832.69670410156,2765.6875,155.56328125
"79522",1817.95721435547,2632.29788818359,127.92765625
"81746",2263.21879882812,3421.27510986328,22.216875
"102210",3748.74362792969,2237.39527587891,194.03640625
"96756",2702.78957519531,3581.38452148438,162.06578125
"7054",3245.69075927734,1689.34864501953,136.50734375
"82288",2322.96076660156,3458.10775146484,107.06546875
"75734",1822.65338134766,2482.10085449219,133.0303125
"79264",1873.41888427734,2920.98432617187,348.3353125
"87437",2907.6341796875,1595.84273071289,99.163125
"74349",1881.5115234375,2236.18875732422,73.19828125
"104281",3779.4951171875,2846.76828613281,66.7409375
"105036",3802.63852539063,2734.46971435547,54.1875
"103134",3405.08173828125,1784.56939697266,115.91609375
"73931",2203.27117919922,1800.864453125,166.53625
"105030",3804.52819824219,2721.19344482422,49.53640625
"96333",3261.59028320312,3482.47697753906,846.0475
"88637",2533.42250976562,1631.93400878906,570.594375
"97334",2555.92924804687,3553.79438476562,257.97765625
"89339",2636.68900146484,1607.41256713867,215.9371875
"82280",2305.91614990234,3448.49897460937,37.52484375
"97315",2850.14504394531,3587.46940917969,52.1103125
"75508",2237.64305419922,1775.13120117187,135.06234375
"104262",3770.56472167969,2879.08800048828,304.94015625
"69614",2420.85561523437,1672.32955322266,175.8384375
"77732",2092.20319824219,3278.55064697266,94.9184375
"104335",3787.46220703125,2816.25938720703,61.36734375
"5773",2488.65203857422,1645.93659667969,153.30546875
"103496",3392.01734619141,1774.69229736328,123.05078125
"81765",2288.40378417969,3438.16512451172,111.40046875
"86588",3021.50450439453,1612.67847900391,206.31890625
"73921",2222.84172363281,1785.58001708984,219.32390625
"79861",1944.09713134766,3078.34929199219,432.64203125
"80693",1816.67308349609,2615.44771728516,97.67296875
"102041",3731.70170898437,2193.49016113281,147.70609375
"82226",2241.12232666016,3407.05089111328,104.62703125
"104211",3729.14631347656,2991.89105224609,179.76703125
"74809",2098.27604980469,1894.13078613281,304.94015625
"81744",2251.51511230469,3414.32320556641,104.62703125
"101727",3770.90588378906,2300.29008789062,410.2896875
"74639",2055.55732421875,1940.99782714844,229.52921875
"77776",1908.24937744141,3008.52332763672,173.98703125
"80953",2353.6201171875,3475.54416503906,99.02765625
"74477",2276.87420654297,1748.21239013672,151.22828125
"80009",1991.18746337891,3154.54755859375,78.97828125
"79525",1818.0005859375,2650.74554443359,172.2259375
"103045",3536.45322265625,1898.84708251953,116.90953125
"87432",2852.66350097656,1591.47351074219,138.40390625
"102030",3727.51147460938,2183.17810058594,104.220625
"80559",1829.54427490234,2753.86905517578,135.649375
"102310",3797.70993652344,2409.91643066406,91.17046875
"6139",1817.10389404297,2541.00714111328,84.12609375
"77587",2108.43516845703,3296.13875732422,68.95359375
"86582",2945.45108642578,1599.10607910156,101.691875
"75701",1827.16713867187,2439.64733886719,137.32015625
"80692",1816.05529785156,2568.57922363281,33.73171875
"103529",3353.83312988281,1748.27879638672,120.7478125
"79137",1888.27416992188,2963.345703125,68.68265625
"102233",3759.32297363281,2263.06066894531,234.631875
"77257",2155.17956542969,3340.24018554687,155.7890625
"105121",3603.37951660156,3203.78032226562,154.56984375
"80398",1848.68546142578,2844.74497070313,74.73359375
"103030",3523.98918457031,1885.19520263672,84.03578125
"74791",2144.42092285156,1848.45822753906,96.995625
"75046",1843.87744140625,2352.93986816406,359.94046875
"102849",3632.74311523438,2014.88494873047,733.4278125
"105049",3800.86008300781,2754.59350585938,113.4325
"80035",2019.93763427734,3195.52893066406,83.40359375
"104049",3630.24956054687,3168.04919433594,113.11640625
"103401",3497.198828125,1859.0861328125,125.0828125
"73935",2191.61812744141,1808.2654296875,164.14296875
"105054",3798.7662109375,2766.96540527344,156.46640625
"104157",3676.28071289062,3097.15699462891,118.26421875
"69604",2464.39155273437,1653.48740234375,93.021875
"96342",3126.99332275391,3539.4763671875,613.221875
"80043",2029.93675537109,3208.79357910156,104.71734375
"75687",1829.485546875,2421.23267822266,84.351875
"102524",3698.26242675781,2121.27502441406,236.03171875
"75055",1837.72241210938,2378.25081787109,143.64203125
"86506",3178.20603027344,1658.09589233398,182.7925
"5774",2477.59581298828,1648.41479492188,134.74625
"103830",3687.001171875,3079.07644042969,295.9540625
"76290",1817.89827880859,2513.77788085937,156.42125
"75077",1830.65595703125,2413.50631103516,38.06671875
"75090",1864.60013427734,2278.64995117187,137.7265625
"87805",2702.41251220703,1596.05201416016,108.01375
"75070",1832.46614990234,2403.37603759766,134.33984375
"101749",3786.60556640625,2352.89442138672,414.12796875
"87814",2728.65148925781,1593.26793212891,80.51359375
"6185",1815.33043212891,2554.93813476562,73.01765625
"74411",2025.24971923828,1975.61561279297,102.91109375
"80434",1859.70889892578,2886.83470458984,87.8740625
"7492",3317.48795166016,1724.51179199219,94.1959375
"96441",3098.98212890625,3549.06625976563,680.1434375
"79862",1949.32309570312,3091.44501953125,293.47046875
"77590",2111.29125976562,3301.12648925781,118.670625
"87349",3127.73894042969,1639.15662231445,164.910625
"104267",3776.6728515625,2866.30106201172,109.7296875
"81749",2256.93054199219,3420.34749755859,45.65296875
"103145",3428.79125976562,1799.33212890625,212.05375
"86595",3060.44014892578,1619.44776611328,87.46765625
"103453",3518.94812011719,1878.27214355469,149.42203125
"87670",3069.98231201172,1621.6807800293,98.03421875
"79852",1928.74047851562,3055.21335449219,153.57640625
"105132",3554.95109863281,3263.95206298828,878.56
"96837",2778.86312255859,3590.13229980469,49.80734375
"80396",1844.85797119141,2836.94700927734,186.8565625
"102317",3797.1458984375,2395.50108642578,102.053125
"105014",3816.20034179687,2583.99501953125,468.4509375
"79267",1874.95369873047,2934.42681884766,192.95265625
"80563",1831.94506835938,2780.01921386719,163.7365625
"103180",3491.66220703125,1851.51416015625,94.6475
"87435",2890.28492431641,1591.10288085937,52.60703125
"96761",2735.45833740234,3587.96372070313,227.09078125
"97319",2797.65795898438,3590.99765625,74.959375
"75995",1859.859765625,2288.60030517578,156.46640625
"82279",2296.24781494141,3446.39119873047,82.13921875
"88653",2569.04614257812,1618.84678955078,195.075
"74482",2293.89910888672,1734.40279541016,266.91859375
"74817",2082.29517822266,1906.83118896484,338.5815625
"6407",2220.08690185547,3395.51591796875,134.33984375
"104294",3784.72211914062,2840.80791015625,66.51515625
"75731",1819.88299560547,2474.69136962891,90.5834375
"80554",1820.59748535156,2710.8392578125,67.50859375
"79135",1888.97143554688,2971.85670166016,194.57828125
"69603",2455.63464355469,1654.57200317383,142.10671875
"87434",2878.18612060547,1589.89449462891,100.4275
"75721",1821.01397705078,2464.754296875,86.2484375
"104205",3737.37114257812,2980.59202880859,108.8265625
"96336",3205.741796875,3512.14147949219,729.4540625
"69615",2399.11649169922,1678.27924194336,139.5328125
"104182",3758.37875976563,2926.91129150391,79.42984375
"6400",2198.60904541016,3379.51221923828,116.141875
"103527",3346.66789550781,1740.43704833984,115.6
"80564",1834.81796875,2797.89038085938,145.89984375
"79259",1863.69763183594,2904.69549560547,178.7284375
"96760",2715.26772460937,3586.81779785156,154.66015625
"6405",2211.89029541016,3390.07102050781,125.715
"77621",2144.33210449219,3334.50932617187,102.64015625
"75071",1829.51273193359,2406.84680175781,25.60359375
"96759",2674.11390380859,3582.03654785156,150.41546875
"80691",1812.82048339844,2607.22620849609,143.6871875
"87433",2839.52045898437,1587.66677246094,297.2184375
"80950",2338.48696289062,3471.51704101562,70.66953125
"105110",3580.20954589844,3237.12124023437,202.0290625
"75205",1928.74774169922,2121.38438720703,361.11453125
"97321",2808.90032958984,3592.05227050781,72.47578125
"96758",2687.96707763672,3584.10427246094,104.80765625
"79523",1816.00030517578,2673.89040527344,115.82578125
"74471",2263.80753173828,1752.22166748047,295.54765625
"80966",2406.73681640625,3505.446484375,712.97203125
"80404",1846.38614501953,2848.78226318359,9.1215625
"6183",1813.24071044922,2546.69276123047,44.11765625
"104199",3745.5615234375,2963.13797607422,115.3290625
"80962",2398.80666503906,3501.97219238281,25.468125
"103061",3551.75654296875,1909.50694580078,89.4996875
"79521",1816.64340820312,2683.67744140625,175.20625
"74465",2251.85274658203,1759.98331298828,123.366875
"101713",3768.49367675781,2279.22706298828,359.03734375
"6409",2225.37947998047,3400.84252929688,67.1925
"80690",1812.20767822266,2580.54998779297,174.34828125
"104160",3673.2484375,3108.37944335937,101.7821875
"96357",3020.48911132813,3571.25466308594,120.3865625
"79999",1979.96501464844,3145.07698974609,98.079375
"88638",2515.83294677734,1632.44969482422,231.1096875
"7746",3317.23892822266,3457.81535644531,272.69859375
"103522",3330.09185791016,1729.0626953125,141.38421875
"78178",2172.13494873047,3359.61275634766,66.60546875
"104315",3788.57741699219,2830.87457275391,145.2225
"104202",3742.14782714844,2972.60626220703,85.074375
"102507",3649.1728515625,2032.57038574219,658.4684375
"75222",1913.86112060547,2148.94049072266,199.90671875
"80957",2359.72409667969,3483.58305664062,233.05140625
"80380",1836.38142089844,2810.46979980469,112.2584375
"97317",2851.28432617187,3592.24650878906,56.2646875
"88633",2795.258203125,1586.56027832031,310.2234375
"87346",3140.13781738281,1640.46119384766,296.405625
"80408",1846.41665039062,2851.75767822266,13.6371875
"79520",1814.03634033203,2660.93039550781,180.7153125
"80017",2000.60885009766,3176.06422119141,179.94765625
"89324",2612.94212646484,1606.68998413086,162.78828125
"80549",1819.67298583984,2718.03146972656,65.7475
"97360",2587.54028320312,3567.191015625,167.078125
"80558",1831.47296142578,2789.60246582031,34.09296875
"86577",2965.41384277344,1597.39103393555,177.14796875
"80045",2032.04598388672,3217.69927978516,170.37453125
"74789",2137.02596435547,1849.54147949219,110.361875
"97324",2824.81956787109,3593.36960449219,337.8590625
"74640",2044.18380126953,1946.67016601562,286.8325
"96362",2962.59406738281,3582.61179199219,609.02234375
"81761",2271.79973144531,3433.88275146484,81.05546875
"87665",3104.22946777344,1628.40316772461,226.81984375
"104268",3773.51315917969,2887.97398681641,101.6015625
"104339",3794.03227539062,2811.60721435547,97.04078125
"104276",3782.41740722656,2857.78217773437,73.4240625
"74339",1880.47683105469,2222.92058105469,81.14578125
"103532",3371.06098632812,1753.82288818359,249.57859375
"97386",2504.903515625,3544.573046875,1353.64890625
"96838",2772.23121337891,3592.74953613281,60.5996875
"96757",2660.84904785156,3581.77797851562,189.65625
"75082",1867.09887695312,2258.77227783203,108.73625
"73933",2194.90295410156,1800.04807128906,96.40859375
"88606",2746.97670898437,1587.94381103516,107.15578125
"105044",3806.44858398438,2748.35028076172,58.92890625
"102909",3730.776171875,2177.95815429687,67.23765625
"96840",2784.26838378906,3593.31689453125,34.31875
"79517",1811.90075683594,2634.92902832031,66.06359375
"6186",1812.79952392578,2526.88481445312,124.27
"104195",3751.55095214844,2951.88854980469,151.58953125
"105058",3798.93181152344,2790.24556884766,115.419375
"105057",3800.47783203125,2782.82052001953,145.44828125
"87659",3078.29699707031,1620.56287231445,111.084375
"78182",2179.13748779297,3367.03656005859,78.88796875
"86591",3050.92849121094,1613.42067260742,127.47609375
"103135",3419.78117675781,1787.75793457031,165.58796875
"74413",2015.29812011719,1981.92296142578,212.05375
"77612",2130.07904052734,3324.40706787109,72.5209375
"75511",2225.55773925781,1776.30908203125,102.27890625
"102928",3739.72607421875,2197.39733886719,156.7825
"75073",1826.83220214844,2409.11125488281,54.8196875
"96818",2751.88952636719,3592.23903808594,235.48984375
"74486",2309.37965087891,1721.64376831055,339.25890625
"80964",2388.46638183594,3499.29353027344,449.214375
"104132",3642.58825683594,3159.25264892578,114.0646875
"80419",1848.69189453125,2864.94388427734,45.698125
"103175",3484.69619140625,1840.54052734375,228.80671875
"103128",3403.51787109375,1775.20487060547,190.96578125
"74782",2148.89172363281,1837.30280761719,102.775625
"104225",3728.00703125,3009.5611328125,116.36765625
"103157",3459.04470214844,1818.24276123047,365.4946875
"77736",2092.29056396484,3288.06790771484,69.540625
"105070",3797.22392578125,2802.38836669922,156.01484375
"97322",2874.96209716797,3592.94045410156,250.2559375
"5832",2363.83609619141,1691.53175048828,209.57015625
"79870",1958.90925292969,3116.37869873047,164.32359375
"74627",2060.09930419922,1925.99084472656,147.16421875
"73940",2181.19317626953,1809.48128662109,33.00921875
"77601",2115.57135009766,3311.66350097656,104.26578125
"97323",2789.26192626953,3594.62094726563,43.71125
"80411",1846.33260498047,2858.50974121094,46.37546875
"74344",1875.94626464844,2230.83662109375,58.20640625
"7056",3254.10754394531,1685.36520385742,114.0646875
"103452",3513.20190429688,1866.40244140625,135.60421875
"97364",2596.8197265625,3571.05212402344,60.4190625
"97369",2611.83334960938,3574.28486328125,341.2909375
"74351",1871.68194580078,2241.88226318359,107.7428125
"79519",1815.01022949219,2694.01253662109,70.85015625
"88597",2721.7896484375,1588.56138916016,156.55671875
"80689",1809.47775878906,2592.94616699219,176.33515625
"97320",2859.62308349609,3594.23330078125,83.990625
"82291",2313.18140869141,3461.06594238281,109.23296875
"80007",1987.45563964844,3160.92069091797,138.04265625
"82284",2299.17840576172,3453.00443115234,62.9478125
"80053",2048.64982910156,3240.96927490234,165.22671875
"73925",2209.50133056641,1786.67094726563,44.29828125
"105154",3510.38876953125,3316.28911132812,436.88671875
"80951",2330.32667236328,3470.98392333984,116.09671875
"104177",3765.35100097656,2918.98985595703,112.4390625
"96839",2764.66359863281,3594.25114746094,199.41
"81372",2242.39359130859,3416.63953857422,68.23109375
"79136",1892.89064941406,2991.49385986328,271.25359375
"5829",2353.74608154297,1695.8432800293,112.39390625
"86498",3160.89184570312,1645.19440307617,113.974375
"87430",2901.17575683594,1587.53645019531,140.11984375
"88616",2758.83292236328,1585.39028320312,190.78515625
"74479",2279.17497558594,1738.36434326172,123.8184375
"88632",2773.42133789062,1584.64176025391,135.649375
"7059",3265.36091308594,1690.18660888672,204.9190625
"79518",1815.31756591797,2702.03586425781,51.9296875
"74484",2300.54575195313,1725.21268920898,116.54828125
"75503",2236.51975097656,1766.61480712891,62.0446875
"82294",2322.312890625,3466.84453125,79.79109375
"104051",3636.99602050781,3169.84527587891,94.15078125
"75744",1813.73585205078,2490.70399169922,94.5571875
"80687",1809.42235107422,2624.59829101562,76.765625
"74654",2067.34464111328,1916.33516845703,172.2259375
"96358",3037.50260009766,3570.9595703125,638.0578125
"80551",1818.37889404297,2728.36199951172,185.09546875
"77727",2076.95964355469,3273.70319824219,300.2890625
"82289",2305.352734375,3457.36026611328,79.61046875
"88631",2782.08527832031,1583.94584350586,128.01796875
"104242",3720.02541503906,3029.63781738281,208.30578125
"104088",3615.58540039062,3199.37156982422,155.65359375
"104190",3759.01252441406,2938.24165039062,202.5709375
"102521",3697.34104003906,2105.80340576172,277.620625
"103521",3326.37041015625,1722.97459106445,65.79265625
"79260",1862.35850830078,2914.20943603516,110.90375
"80027",2010.89434814453,3194.91903076172,65.43140625
"75696",1821.16256103516,2430.48140869141,82.50046875
"76282",1812.43843994141,2500.61221923828,198.5971875
"74798",2116.16029052734,1865.31711425781,265.38328125
"79268",1874.63391113281,2948.61887207031,162.6528125
"104288",3787.34682617187,2849.70987548828,93.383125
"102509",3662.30676269531,2046.408203125,239.46359375
"102837",3598.23759765625,1957.49521484375,282.00078125
"79131",1878.86066894531,2959.64666748047,63.21875
"103166",3475.64315185547,1830.26104736328,238.8765625
"105024",3816.187890625,2693.77658691406,627.671875
"103539",3392.57308349609,1765.29145507812,86.74515625
"96365",2938.89097900391,3588.66264648437,459.51
"80429",1850.23542480469,2877.07091064453,206.58984375
"77606",2122.21612548828,3320.08256835937,152.13140625
"75079",1823.27884521484,2416.04552001953,50.8459375
"103847",3713.11501464844,3044.78363037109,165.994375
"80971",2457.31389160156,3530.90747070312,1060.22359375
"104071",3625.54799804687,3187.06254882812,392.90453125
"79805",1916.663671875,3044.56428222656,155.7890625
"81755",2257.31071777344,3428.12055664062,144.5
"5771",2493.59453125,1635.39491577148,55.94859375
"103842",3700.42062988281,3069.32239990234,236.7090625
"6184",1809.30344238281,2538.01138916016,66.15390625
"81365",2235.5896484375,3413.35740966797,70.21796875
"69611",2407.29711914062,1668.84644165039,89.00296875
"104149",3662.80356445313,3133.20853271484,194.171875
"79799",1909.28178710938,3030.05783691406,249.081875
"97337",2557.64169921875,3563.34360351563,180.57984375
"102315",3804.96315917969,2404.73093261719,157.4146875
"5826",2344.21657714844,1699.38709106445,150.1896875
"74803",2106.74014892578,1873.66687011719,208.983125
"5824",2329.40196533203,1707.34629516602,171.90984375
"87803",2690.14022216797,1590.237109375,284.0328125
"74321",1888.90399169922,2193.53643798828,222.349375
"75193",1942.5587890625,2086.07369384766,597.28171875
"86580",3001.86796875,1599.80147705078,324.4025
"7064",3280.60633544922,1696.36021118164,239.82484375
"88595",2738.02618408203,1585.22032470703,91.89296875
"77280",2163.46042480469,3358.08624267578,72.7015625
"86541",3229.45816650391,1671.4552734375,388.7953125
"86493",3155.18298339844,1641.42283935547,127.6115625
"75036",1846.62873535156,2311.72856445312,412.9990625
"74822",2153.56630859375,1829.68414306641,99.163125
"103827",3681.22092285156,3104.21265869141,54.59390625
"80552",1822.61042480469,2764.06448974609,61.99953125
"7749",3294.67263183594,3475.77720947266,448.491875
"69606",2432.94632568359,1657.24641113281,167.03296875
"80037",2021.1638671875,3210.46037597656,35.71859375
"73926",2202.09786376953,1789.73020019531,60.82546875
"73945",2162.94805908203,1821.29744873047,53.82625
"76289",1810.13497314453,2513.02147216797,61.27703125
"75706",1816.62805175781,2452.17052001953,159.17578125
"104173",3769.86579589844,2911.95805664062,77.26234375
"73942",2169.12155761719,1816.02873535156,78.1203125
"81769",2277.98775634766,3442.53216552734,74.55296875
"105161",3459.36822509766,3364.68660888672,271.97609375
"82278",2283.95767822266,3446.36131591797,74.05625
"86576",2976.24532470703,1594.72700195312,192.8171875
"86578",2986.13404541016,1596.33558959961,133.16578125
"79140",1896.12712402344,3004.31420898438,142.6034375
"7228",2501.78823242187,1631.47414550781,195.84265625
"79997",1978.75766601562,3152.78260498047,62.81234375
"80402",1840.45399169922,2848.00738525391,68.95359375
"77586",2096.51462402344,3296.99664306641,96.86015625
"80383",1832.99304199219,2818.12934570312,73.19828125
"103065",3558.09294433594,1908.27531738281,67.68921875
"87429",2915.30472412109,1586.35701293945,194.4428125
"79257",1853.50510253906,2893.52720947266,102.1434375
"80688",1806.84890136719,2568.63566894531,217.9240625
"105119",3596.19311523438,3227.27319335938,65.07015625
"8317",3446.96602783203,3375.45998535156,544.4940625
"80548",1817.81942138672,2739.67513427734,160.34984375
"80033",2015.60192871094,3204.36428222656,145.89984375
"89344",2655.59174804687,1593.9359375,605.7259375
"5821",2317.59182128906,1712.35353393555,174.3934375
"103172",3494.46870117187,1844.37216796875,54.8196875
"80022",2005.01656494141,3190.69891357422,98.03421875
"86501",3171.93997802734,1646.37269897461,176.65125
"102216",3761.73850097656,2241.94202880859,227.99390625
"74792",2129.03127441406,1850.22318115234,123.18625
"87667",3117.83029785156,1627.5776550293,136.8234375
"75991",1855.44291992188,2278.64206542969,23.0296875
"105128",3611.98327636719,3208.04982910156,74.77875
"80686",1806.6052734375,2617.21391601562,46.5109375
"69601",2445.24455566406,1651.11161499023,185.63734375
"74811",2085.68791503906,1892.70657958984,181.9796875
"77733",2081.55910644531,3282.33912353516,90.71890625
"75057",1827.33087158203,2383.83662109375,171.5034375
"74784",2141.40628662109,1838.59752197266,88.9578125
"75987",1857.99312744141,2270.17028808594,85.255
"69607",2423.0677734375,1659.94177856445,149.33171875
"107696",3382.51834716797,3424.02847900391,461.00015625
"78512",2060.23896484375,3259.47171630859,317.85484375
"87666",3064.66815185547,1611.92985229492,76.90109375
"79992",1967.82180175781,3138.03294677734,148.5640625
"87431",2934.38489990234,1587.43123779297,194.0815625
"96841",2776.81303710937,3598.34384765625,75.0496875
"74362",1862.70942382812,2254.98795166016,74.1465625
"74331",1879.80924072266,2209.69764404297,312.0296875
"77598",2105.51287841797,3307.75279541016,114.83234375
"105056",3806.53076171875,2778.93720703125,133.5721875
"104330",3796.30710449219,2826.61212158203,99.6146875
"6396",2185.37593994141,3378.87969970703,151.67984375
"75688",1819.28409423828,2422.92458496094,65.566875
"82282",2289.80142822266,3451.91474609375,64.7540625
"86585",3035.91984863281,1604.55938110352,198.4165625
"105123",3603.82858886719,3219.80041503906,155.92453125
"87428",2893.24187011719,1583.10279541016,111.1746875
"74416",2003.97502441406,1988.33884277344,82.77140625
"102843",3615.25751953125,1974.105078125,317.85484375
"105039",3813.28386230469,2740.9212890625,101.9628125
"102196",3751.24921875,2211.55888671875,349.870625
"87427",2880.15859375,1582.05606689453,160.3046875
"6182",1805.80300292969,2555.84748535156,138.49421875
"75993",1849.98225097656,2292.41015625,250.6171875
"102024",3726.83911132812,2155.8955078125,542.6878125
"75200",1929.01004638672,2105.18811035156,348.5159375
"76298",1807.50653076172,2521.06223144531,21.855625
"103183",3506.36372070312,1853.61384277344,188.07578125
"77623",2140.13107910156,3340.95239257812,136.371875
"102910",3738.837890625,2181.86180419922,62.315625
"75726",1812.68165283203,2466.34617919922,90.26734375
"89395",2581.56683349609,1607.14548950195,226.4134375
"74421",1996.75002441406,1997.72453613281,199.81640625
"104229",3727.93979492188,3021.58211669922,103.72390625
"79142",1900.95880126953,3019.34733886719,84.17125
"103144",3448.00881347656,1802.71469726562,247.41109375
"105018",3824.83024902344,2609.98642578125,709.85625
"80555",1825.47419433594,2792.44008789062,80.60390625
"86547",3244.90093994141,1675.64021606445,227.8584375
"80955",2343.06588134766,3482.78784179688,119.07703125
"102523",3709.85695800781,2121.11959228516,134.565625
"75494",2239.68400878906,1759.38233642578,93.56375
"80412",1842.10314941406,2861.74019775391,40.279375
"8209",3316.97766113281,1713.00587158203,192.4559375
"104161",3676.14125976562,3117.99112548828,96.7246875
"96770",2720.19133300781,3595.55893554688,92.52515625
"103041",3534.29294433594,1880.18298339844,100.78875
"105053",3809.88801269531,2765.69497070312,164.2784375
"5772",2464.65032958984,1642.02630615234,214.1309375
"75224",1901.76978759766,2157.39442138672,110.000625
"104217",3737.04243164062,3002.81280517578,162.15609375
"105027",3817.50356445312,2716.01500244141,297.17328125
"102512",3676.18815917969,2061.14603271484,597.37203125
"101731",3785.03754882812,2306.70762939453,269.35703125
"105033",3815.65954589844,2730.91988525391,239.28296875
"87426",2866.60341796875,1580.40649414062,132.62390625
"82219",2221.57647705078,3407.7462890625,147.1190625
"80685",1804.42528076172,2600.69349365234,76.72046875
"104272",3779.09792480469,2892.79819335938,131.63046875
"97387",2532.41873779297,3560.05607910156,493.15140625
"7065",3303.48909912109,1704.90524291992,245.33390625
"86573",2949.06566162109,1587.9225402832,131.9465625
"74316",1890.63179931641,2180.87172851562,201.93875
"80553",1821.12562255859,2773.60270996094,149.1059375
"89392",2557.56844482422,1612.28668212891,169.47140625
"79134",1883.97768554687,2983.19556884766,209.16375
"77739",2088.83142089844,3292.82155761719,54.4584375
"89393",2568.31173095703,1609.44719238281,115.780625
"96771",2728.68282470703,3596.82397460938,105.5753125
"75504",2226.28862304687,1767.93898925781,106.88484375
"75212",1911.17976074219,2136.94606933594,161.79484375
"96473",2844.65988769531,3600.13225097656,217.42734375
"74346",1868.63701171875,2234.29576416016,43.891875
"103530",3361.16064453125,1738.94954833984,213.2278125
"89328",2624.46236572266,1596.82585449219,329.46
"8191",3825.32248535156,2551.96002197266,518.98078125
"80006",1988.56877441406,3172.17053222656,97.5375
"79867",1944.27041015625,3103.66003417969,74.1465625
"75733",1809.77119140625,2480.67042236328,135.42359375
"80394",1833.56185302734,2833.03526611328,154.8859375
"75700",1815.32005615234,2437.74334716797,84.39703125
"6401",2202.04432373047,3393.90100097656,144.319375
"86521",3203.50307617187,1656.06209716797,286.7421875
"75492",2246.97686767578,1753.04427490234,78.07515625
"80954",2334.83233642578,3479.76490478516,77.5784375
"5769",2488.69624023437,1632.44004516602,91.53171875
"86487",3148.98852539062,1635.08519287109,107.69765625
"77617",2127.59212646484,3331.53121337891,130.6821875
"80012",1997.87768554688,3185.67196044922,50.52984375
"74475",2268.09696044922,1738.91759033203,41.4534375
"80047",2033.21763916016,3231.52153320312,121.2896875
"79252",1852.0935546875,2899.56229248047,54.05203125
"96344",3145.27828369141,3545.78039550781,394.89140625
"96470",2806.79483642578,3601.23583984375,153.30546875
"80048",2038.58782958984,3238.16817626953,78.933125
"104309",3794.6822265625,2841.81624755859,46.19484375
"96478",2893.52471923828,3598.31687011719,229.70984375
"103852",3721.35354003906,3039.13411865234,53.10375
"80541",1810.42259521484,2709.78090820312,106.52359375
"96767",2694.4169921875,3594.21669921875,91.8478125
"107694",3399.18299560547,3415.76422119141,694.864375
"79868",1948.4125,3111.97845458984,210.789375
"103826",3680.52946777344,3113.76187744141,34.18328125
"74336",1872.66330566406,2220.94001464844,58.703125
"75056",1825.56944580078,2377.46639404297,41.8146875
"7066",3293.00583496094,1697.79157714844,232.78046875
"102322",3813.71923828125,2426.64437255859,534.9209375
"96472",2786.20454101562,3601.26945800781,84.713125
"79263",1863.93565673828,2935.64143066406,40.279375
"104158",3673.79379882813,3125.08393554687,122.32828125
"101744",3794.70007324219,2335.91102294922,283.80703125
"79261",1859.45883789062,2923.17469482422,32.91890625
"73936",2173.49565429687,1806.89227294922,102.09828125
"69635",2377.81253662109,1676.87786254883,274.6403125
"80684",1803.05606689453,2610.02274169922,33.776875
"104247",3761.00512695312,2949.54606933594,63.038125
"104280",3789.77314453125,2862.51694335938,137.63625
"79266",1867.09866943359,2944.97607421875,102.54984375
"103137",3436.96171875,1791.00395507813,130.41125
"80409",1837.7431640625,2853.97855224609,71.2565625
"102230",3771.57451171875,2258.28481445312,189.34015625
"105046",3814.73400878906,2749.06311035156,74.28203125
"104207",3748.53237304687,2981.45925292969,106.93
"74641",2026.86691894531,1954.18776855469,310.90078125
"88593",2703.69353027344,1583.36665649414,248.359375
"103038",3531.33081054688,1874.18815917969,61.05125
"96764",2687.24470214844,3594.08181152344,110.723125
"76283",1806.91281738281,2495.17271728516,29.1709375
"87654",3074.00756835938,1610.87824707031,62.676875
"104296",3793.3939453125,2850.27536621094,56.71625
"103075",3579.56706542969,1925.84807128906,670.97671875
"107701",3366.12368164062,3439.14067382812,540.38484375
"79515",1807.14689941406,2687.54664306641,77.35265625
"6181",1803.29720458984,2546.9419921875,103.09171875
"96768",2700.66104736328,3595.81708984375,123.005625
"89207",2817.15545654297,1577.07819213867,463.70953125
"104275",3785.68044433594,2878.19545898437,110.9940625
"80390",1830.17015380859,2825.69177246094,82.31984375
"103538",3390.40699462891,1756.35213623047,167.30390625
"102526",3718.67736816406,2132.61015625,469.7153125
"73920",2202.76815185547,1782.89450683594,39.60203125
"79513",1803.28952636719,2636.76453857422,308.10109375
"96471",2798.1966796875,3602.34897460938,111.40046875
"6180",1803.78280029297,2532.33697509766,89.22875
"75509",2212.93204345703,1775.14738769531,82.50046875
"81770",2271.83978271484,3444.65197753906,80.06203125
"6397",2191.99643554688,3388.42227783203,116.5934375
"78518",2041.90316162109,3244.23916015625,57.980625
"73932",2183.15651855469,1797.91497802734,131.495
"81370",2242.73641357422,3425.57470703125,174.89015625
"77282",2164.46129150391,3366.25649414062,108.78140625
"88582",2730.75075683594,1580.14688720703,77.62359375
"102905",3736.83532714844,2169.51978759766,161.1175
"80008",1992.06547851563,3180.75187988281,46.059375
"96769",2708.77838134766,3597.30500488281,135.1978125
"104235",3756.9169921875,2962.9904296875,114.92265625
"104278",3779.38596191406,2900.498828125,126.03109375
"86579",3022.01396484375,1597.75180664062,223.74921875
"5770",2477.32437744141,1634.26849975586,203.1128125
"104044",3653.51872558594,3158.65997314453,223.47828125
"104338",3802.33347167969,2817.77946777344,133.120625
"79516",1807.66818847656,2700.13602294922,54.4584375
"6390",2171.81184082031,3372.78111572266,106.16234375
"69641",2391.63354492188,1668.98340454102,218.60140625
"79256",1855.11275634766,2914.6865234375,8.67
"79993",1972.14443359375,3152.49373779297,74.01109375
"80546",1815.50744628906,2757.57535400391,117.7675
"103528",3348.49116210937,1727.96719970703,261.0934375
"80038",2020.42551269531,3218.90289306641,105.34953125
"86586",3056.92248535156,1605.42805786133,109.68453125
"87647",3088.08258056641,1613.57029418945,227.45203125
"80543",1809.81746826172,2720.5046875,132.17234375
"96474",2792.21907958984,3603.12592773438,12.7340625
"75705",1811.73287353516,2444.58983154297,41.1825
"101750",3800.95346679688,2354.09326171875,134.06890625
"104226",3734.70700683594,3016.13597412109,56.30984375
"104246",3766.27114257812,2940.13381347656,29.93859375
"69608",2408.38348388672,1660.98954467773,167.8909375
"76285",1804.42279052734,2508.18896484375,63.44453125
"101755",3804.43481445312,2368.52645263672,314.3778125
"96762",2667.42015380859,3592.77277832031,148.33828125
"74626",2048.1513671875,1926.33636474609,128.24375
"104244",3771.49274902344,2926.22502441406,112.34875
"74341",1867.83598632813,2227.51651611328,70.03734375
"79512",1803.73859863281,2665.07850341797,186.26953125
"82292",2294.41770019531,3459.93350830078,74.64328125
"80959",2351.46066894531,3491.72072753906,94.28625
"79127",1871.12247314453,2960.71746826172,63.94125
"102325",3809.31774902344,2390.01115722656,392.136875
"82301",2314.10321044922,3471.559375,63.1284375
"105050",3815.13161621094,2757.95635986328,74.959375
"104287",3777.3037109375,2909.93598632812,116.45796875
"87425",2849.55091552734,1576.03146362305,305.66265625
"80000",1980.29102783203,3165.95324707031,52.4715625
"74804",2091.91059570312,1878.32340087891,219.7303125
"103064",3557.00263671875,1898.06473388672,209.4346875
"74312",1893.1890625,2166.31817626953,260.32578125
"79996",1976.53264160156,3160.66751708984,46.10453125
"74793",2119.08880615234,1851.54798583984,196.56515625
"87657",3067.80086669922,1607.22590332031,23.70703125
"81323",2228.75520019531,3417.68253173828,127.8825
"104151",3663.88681640625,3145.26188964844,177.6446875
"96361",3012.82894287109,3584.75795898437,598.049375
"88625",2786.12236328125,1575.55198974609,73.55953125
"74785",2133.59919433594,1837.98990478516,35.80890625
"75219",1901.92086181641,2147.32121582031,129.28234375
"81766",2259.07297363281,3438.42576904297,99.524375
"8059",3328.41447753906,1714.60107421875,104.44640625
"77266",2148.62028808594,3354.77526855469,289.13546875
"74821",2154.64665527344,1819.39221191406,115.23875
"105129",3613.821484375,3215.30616455078,79.15890625
"103829",3684.76162109375,3112.21917724609,41.363125
"86519",3190.83255615234,1647.13159790039,271.07296875
"103068",3569.50610351562,1911.17789306641,224.38140625
"73929",2189.07933349609,1790.96162109375,41.6340625
"75074",1816.62805175781,2407.93773193359,127.65671875
"96477",2882.69178466797,3602.28630371094,184.59875
"80545",1812.84600830078,2749.85230712891,123.95390625
"81768",2264.82998046875,3442.50498046875,100.1565625
"79845",1918.13270263672,3064.68475341797,273.1953125
"101720",3784.16264648437,2288.45981445313,112.168125
"88584",2746.17174072266,1577.10485839844,129.82421875
"6393",2175.23342285156,3377.60324707031,44.795
"88636",2524.58570556641,1617.14647827148,234.85765625
"102335",3822.45124511719,2466.35572509766,494.05453125
"79253",1850.79510498047,2906.78438720703,99.75015625
"86569",2958.93985595703,1584.94038085937,169.92296875
"80416",1838.23353271484,2865.89453125,110.6328125
"76292",1802.27413330078,2518.91357421875,104.44640625
"104210",3747.08596191406,2991.94106445312,203.4740625
"97343",2566.40504150391,3574.030859375,474.2309375
"75051",1823.53990478516,2370.98203125,153.48609375
"88630",2765.30421142578,1575.55614013672,136.68796875
"103036",3526.91604003906,1865.65869140625,172.135625
"73923",2194.63255615234,1785.76844482422,104.89796875
"74356",1858.33345947266,2249.119921875,174.303125
"80967",2370.68548583984,3502.83588867187,405.27734375
"105115",3593.0263671875,3242.31275634766,349.0578125
"75709",1809.25114746094,2449.05295410156,29.441875
"74422",1988.11430664063,2000.12097167969,126.03109375
"77738",2078.25518798828,3288.64958496094,97.5375
"75047",1826.86374511719,2355.14683837891,526.20578125
"89320",2590.38641357422,1599.19935913086,187.1275
"75982",1848.25817871094,2278.29301757812,66.47
"105153",3536.84045410156,3304.16955566406,464.70296875
"103126",3423.76119384766,1776.64090576172,196.92640625
"73939",2164.78377685547,1809.36383056641,38.9246875
"74347",1862.31741943359,2237.38012695312,90.35765625
"86499",3166.2201171875,1636.61264038086,19.2365625
"79986",1964.69448242187,3145.53477783203,64.25734375
"75063",1818.09583740234,2394.09306640625,234.58671875
"77622",2128.46993408203,3338.54620361328,64.3928125
"80379",1823.34359130859,2810.85329589844,173.35484375
"88575",2723.51828613281,1577.76134643555,64.25734375
"74466",2252.214453125,1743.68140869141,107.87828125
"89390",2552.76291503906,1607.96415405273,119.8446875
"82300",2307.12474365234,3469.87659912109,78.6621875
"77599",2098.5337890625,3310.37438964844,54.32296875
"79807",1907.99807128906,3048.09543457031,143.055
"104056",3643.72961425781,3177.93583984375,276.8078125
"80683",1798.75190429687,2600.49053955078,95.50546875
"104304",3797.89877929688,2848.04204101562,16.8884375
"79250",1844.54108886719,2891.61782226562,39.42140625
"96834",2750.10444335937,3603.96721191406,220.904375
"103536",3384.46301269531,1747.86313476562,166.175
"103846",3715.02294921875,3061.84152832031,359.94046875
"79258",1856.72954101563,2928.68848876953,76.94625
"104233",3756.29650878906,2973.27758789062,161.3884375
"96476",2819.08414306641,3606.15861816406,199.72609375
"96339",3225.42523193359,3519.65866699219,731.57640625
"74470",2259.40479736328,1738.43635253906,65.38625
"87648",3102.6427734375,1614.69442749023,327.15703125
"88580",2736.82132568359,1576.12318725586,42.76296875
"88577",2713.32824707031,1578.1345703125,128.6953125
"103193",3519.90810546875,1857.09290771484,98.21484375
"80002",1981.58283691406,3172.01219482422,45.56265625
"103525",3337.62917480469,1717.57877197266,65.8378125
"96763",2650.19790039062,3592.99108886719,345.58078125
"75207",1909.43618164062,2127.34061279297,214.94375
"75728",1804.85692138672,2473.61123046875,69.76640625
"79511",1801.93131103516,2677.27172851562,124.1796875
"80386",1824.64951171875,2820.31452636719,53.05859375
"105067",3811.09245605469,2794.00706787109,85.796875
"75510",2204.00372314453,1776.871875,114.74203125
"89322",2603.97998046875,1594.97602539062,203.15796875
"80041",2025.31965332031,3230.33306884766,77.98484375
"97362",2593.92628173828,3582.25900878906,355.24421875
"75720",1806.10535888672,2462.350390625,47.32375
"75038",1833.01649169922,2325.29702148437,445.42125
"103848",3719.7095703125,3054.14421386719,111.76171875
"103168",3497.41796875,1835.60446777344,148.3834375
"82285",2282.39090576172,3456.21413574219,116.503125
"80544",1813.27619628906,2766.24406738281,79.7459375
"96353",3116.10539550781,3561.29953613281,408.98015625
"88635",2510.07178955078,1619.26463012695,105.62046875
"82295",2297.79653320312,3465.64755859375,86.6096875
"75694",1810.17274169922,2430.84560546875,81.0103125
"74473",2269.76437988281,1730.83636474609,184.6890625
"87658",3124.88015136719,1620.71705932617,210.11203125
"82307",2316.20974121094,3476.36075439453,41.76953125
"80682",1797.97536621094,2616.25579833984,165.633125
"79846",1922.04569091797,3077.25960693359,348.60625
"79129",1872.65106201172,2973.23649902344,255.44890625
"79514",1802.83194580078,2693.07662353516,84.4421875
"103845",3703.68864746094,3085.05653076172,220.6334375
"103151",3471.18770751953,1812.10889892578,199.5003125
"96766",2676.66743164062,3597.71921386719,163.60109375
"103089",3411.89522705078,1765.68491210937,210.83453125
"79988",1967.42191162109,3152.67427978516,29.93859375
"80547",1817.02462158203,2788.21187744141,180.48953125
"74629",2039.06636962891,1931.43491210937,110.4521875
"88612",2775.87650146484,1572.91036987305,45.47234375
"103187",3515.64523925781,1851.78850097656,36.8475
"75979",1849.63092041016,2267.79128417969,170.87125
"79138",1890.02459716797,3014.02653808594,143.7775
"5825",2330.64978027344,1694.66207885742,164.05265625
"77591",2087.48814697266,3301.56788330078,59.064375
"102215",3770.43522949219,2238.75992431641,195.978125
"82227",2208.28588867188,3406.99237060547,135.9203125
"103133",3435.37834472656,1782.69010009766,129.146875
"101715",3784.18588867188,2278.07823486328,127.47609375
"73937",2165.76824951172,1805.44855957031,17.65609375
"79255",1850.87105712891,2916.83393554687,98.1696875
"97214",2736.49012451172,3604.76823730469,136.91375
"5827",2342.40534667969,1687.87411499023,182.56671875
"69638",2358.89962158203,1679.40814819336,176.15453125
"87424",2914.11293945312,1576.34575195313,162.743125
"97210",2724.90264892578,3603.96928710937,27.59046875
"75690",1810.12667236328,2424.97384033203,44.74984375
"80400",1829.51335449219,2846.08118896484,91.035
"86502",3172.58806152344,1636.2669128418,96.45375
"74816",2062.11743164062,1904.02718505859,183.28921875
"96360",3087.05950927734,3571.05004882812,456.75546875
"73941",2158.95745849609,1810.71727294922,83.5390625
"81764",2252.05009765625,3438.39422607422,73.74015625
"103184",3505.6025390625,1841.19691162109,67.23765625
"102503",3642.56293945312,1996.10360107422,354.2959375
"102520",3712.57629394531,2108.46837158203,150.32515625
"104159",3678.78422851562,3129.25653076172,37.61515625
"104245",3770.261328125,2943.04489746094,133.9334375
"96480",2863.27791748047,3607.1177734375,177.50921875
"74439",1953.10327148438,2046.84129638672,943.99140625
"75710",1805.45520019531,2454.00665283203,72.11453125
"82310",2321.23026123047,3480.64229736328,126.84390625
"80025",2008.75565185547,3212.25625,94.9184375
"102907",3747.57321777344,2179.92958984375,229.213125
"75080",1811.11488037109,2416.86937255859,107.0203125
"75493",2226.89125976562,1757.94796142578,158.36296875
"97388",2543.34111328125,3571.47297363281,154.25375
"6042",2281.95490722656,1721.6052734375,229.3034375
"80410",1831.48271484375,2855.16971435547,43.6209375
"74412",2000.800390625,1977.39343261719,177.14796875
"77584",2081.45596923828,3296.64676513672,55.04546875
"80435",1840.17197265625,2885.83093261719,200.90015625
"103855",3727.32595214844,3043.12471923828,87.5128125
"96820",2771.75931396484,3607.58510742187,128.46953125
"87423",2878.51483154297,1572.80173339844,136.05578125
"74813",2069.26025390625,1895.4203125,141.47453125
"80426",1836.62027587891,2874.19323730469,74.959375
"79978",1950.95150146484,3129.67862548828,273.69203125
"103084",3612.75109863281,1955.80185546875,309.59125
"74620",2051.60428466797,1914.66484375,183.92140625
"86295",3263.93940429687,1674.87405395508,269.71828125
"89389",2546.00815429688,1606.77600097656,156.91796875
"80681",1795.92922363281,2583.45837402344,258.79046875
"104098",3623.18559570312,3210.47033691406,96.13765625
"77609",2106.63784179687,3322.35635986328,112.21328125
"96475",2849.76196289062,3608.19853515625,106.4784375
"104153",3673.13513183594,3139.37850341797,111.40046875
"104091",3628.53876953125,3203.47028808594,91.53171875
"103834",3695.02055664062,3103.64633789063,490.89359375
"75737",1800.8943359375,2488.40675048828,132.759375
"75501",2215.17885742187,1765.70607910156,131.5853125
"86488",3146.35198974609,1625.82515258789,156.06
"5822",2320.51473388672,1698.41755981445,115.91609375
"104213",3748.0783203125,2999.8326171875,54.8196875
"96765",2632.30141601562,3592.44738769531,571.9490625
"79865",1931.65052490234,3098.25581054687,278.9753125
"6178",1796.78420410156,2542.93541259766,69.67609375
"104325",3803.8330078125,2837.133984375,182.20546875
"77279",2156.74011230469,3368.01999511719,53.87140625
"86566",2938.01171875,1577.71901245117,116.81921875
"80550",1817.54757080078,2800.49226074219,153.2603125
"96819",2781.63205566406,3608.721484375,63.3090625
"80537",1802.245703125,2707.75883789062,92.48
"79507",1796.93382568359,2647.51010742188,186.26953125
"79802",1898.97657470703,3037.84064941406,141.790625
"87652",3064.67977294922,1600.85982666016,66.5603125
"78509",2033.91241455078,3245.48552246094,54.729375
"78502",2043.82749023437,3257.18817138672,208.1703125
"82323",2329.42541503906,3486.61616210937,98.21484375
"7692",3318.81794433594,3476.52718505859,580.39328125
"69602",2415.28724365234,1651.14710083008,145.71921875
"104285",3794.55356445313,2874.53979492188,136.010625
"87638",3081.49051513672,1604.97016601562,85.39046875
"74328",1872.49666748047,2199.24301757813,184.5084375
"74337",1863.4158203125,2221.91888427734,80.016875
"6179",1796.4484375,2531.17652587891,126.66328125
"104292",3783.27487792969,2911.26597900391,12.32765625
"96483",2837.49195556641,3609.80390625,97.85359375
"74779",2135.23839111328,1828.67435302734,113.83890625
"74774",2141.86220703125,1822.80196533203,148.69953125
"104456",3811.3568359375,2809.97320556641,254.00390625
"6391",2173.37342529297,3383.20004882813,77.26234375
"79130",1881.13902587891,3001.37697753906,194.533125
"104336",3807.75720214844,2826.32532958984,126.5278125
"89206",2799.68002929688,1569.20458984375,228.26484375
"79994",1973.50596923828,3167.27784423828,32.15125
"6398",2192.18527832031,3398.28505859375,68.456875
"75203",1911.56844482422,2114.70640869141,91.39625
"103138",3449.65050048828,1790.32474365234,119.43828125
"80020",1998.98729248047,3202.89877929688,176.60609375
"70023",2449.72178955078,1636.48003540039,174.303125
"104084",3634.48544921875,3198.44063720703,79.2040625
"103046",3536.35734863281,1867.30847167969,43.57578125
"75201",1915.11163330078,2107.4953125,116.7740625
"80031",2014.59110107422,3223.45732421875,90.0415625
"105069",3816.23354492187,2789.21212158203,60.91578125
"74634",2028.59099121094,1938.57897949219,210.74421875
"74320",1876.85706787109,2186.79329833984,147.52546875
"77597",2089.99145507812,3308.62416992187,117.8578125
"80960",2346.12056884766,3496.69206542969,79.88140625
"103540",3403.04410400391,1754.99080810547,185.72765625
"87422",2894.77979736328,1571.74763793945,188.3015625
"74781",2123.78850097656,1838.10341796875,133.61734375
"86575",3014.87197265625,1588.29597167969,184.55359375
"79262",1856.09100341797,2940.79102783203,222.16875
"101729",3793.61640625,2297.96524658203,49.0396875
"86565",2948.4375,1577.2580078125,89.09328125
"86497",3161.14066162109,1628.90505371094,121.4703125
"79510",1799.54442138672,2698.51508789062,37.57
"103153",3482.29602050781,1816.59837646484,127.701875
"8065",3345.02081298828,1716.69888916016,87.06125
"101752",3809.05668945312,2355.41931152344,31.970625
"105122",3606.31135253906,3235.39530029297,205.0996875
"88623",2786.74346923828,1568.69149780273,79.655625
"104234",3766.69448242187,2960.50247802734,195.1653125
"104224",3745.18591308594,3011.57760009766,142.513125
"86571",2987.61884765625,1582.97029418945,138.72
"79983",1958.01463623047,3145.64642333984,100.246875
"77259",2130.28012695313,3347.78435058594,224.38140625
"79987",1964.17132568359,3155.10972900391,31.38359375
"104215",3748.91296386719,3003.66612548828,11.19875
"105064",3819.76013183594,2774.36472167969,138.0878125
"102517",3709.16467285156,2095.57663574219,219.68515625
"73927",2175.44779052734,1792.97850341797,165.31703125
"80958",2335.27788085937,3491.753515625,65.07015625
"82224",2201.16734619141,3406.43725585938,73.01765625
"79124",1862.43363037109,2959.27209472656,151.0928125
"89388",2563.53753662109,1599.32044677734,48.27203125
"96479",2792.79183349609,3611.25986328125,160.07890625
"87641",3073.73405761719,1601.14475097656,91.1253125
"103158",3490.20417480469,1822.70961914062,142.0615625
"86567",2968.58411865234,1579.44754638672,162.15609375
"102235",3784.18381347656,2265.85367431641,262.31265625
"86568",2978.37987060547,1580.96036376953,70.7146875
"81373",2246.33542480469,3438.75385742187,77.53328125
"74807",2074.19382324219,1885.76899414062,162.4721875
"103188",3513.56008300781,1843.82431640625,82.22953125
"79247",1840.72086181641,2898.24827880859,97.58265625
"75988",1836.42915039062,2295.02760009766,81.5521875
"79991",1968.18413085938,3161.81904296875,53.05859375
"96364",3073.58090820313,3578.4236328125,409.838125
"107705",3358.49360351562,3455.17819824219,392.9496875
"105055",3821.51242675781,2766.94071044922,62.2253125
"86581",3049.85831298828,1595.02894287109,288.32265625
"81367",2235.81625976563,3431.76584472656,94.51203125
"70026",2428.13498535156,1643.64298706055,127.74703125
"6395",2182.60804443359,3392.66958007812,131.7659375
"77619",2113.19774169922,3332.77591552734,244.8371875
"69640",2349.35745849609,1679.7231628418,43.03390625
"79813",1905.919140625,3057.09306640625,168.70375
"101725",3792.62529296875,2291.19658203125,75.7721875
"104286",3790.34672851562,2895.64577636719,46.10453125
"104303",3783.00966796875,2918.25627441406,97.40203125
"103832",3688.73852539062,3120.49547119141,76.1334375
"75703",1803.61387939453,2440.24375,136.50734375
"77605",2097.81286621094,3318.37966308594,152.5378125
"86570",3002.98380126953,1584.65763549805,244.9275
"74424",1981.88623046875,1996.91541748047,80.15234375
"78514",2054.02084960938,3272.63177490234,77.9396875
"6387",2160.15007324219,3374.97521972656,50.43953125
"75216",1895.08662109375,2143.20755615234,128.28890625
"74647",2007.93408203125,1961.77032470703,549.32578125
"6177",1793.03889160156,2554.36496582031,167.800625
"102920",3756.79455566406,2191.12672119141,290.1740625
"103533",3375.04038085938,1733.94417724609,282.7684375
"75981",1838.79632568359,2284.57982177734,167.48453125
"88608",2773.45661621094,1567.76274414063,84.8034375
"81320",2212.52032470703,3416.24504394531,116.4128125
"6562",2471.41982421875,3553.14484863281,499.8796875
"104317",3805.80610351562,2843.80822753906,40.41484375
"97213",2716.70832519531,3607.85529785156,176.831875
"5767",2482.70079345703,1622.23423461914,98.9825
"81327",2221.51837158203,3422.90247802734,123.2765625
"104311",3804.58754882812,2848.90532226562,82.4553125
"79509",1794.63865966797,2663.13757324219,143.6871875
"74428",1972.39075927734,2009.559375,403.83234375
"80005",1985.89488525391,3189.01676025391,62.90265625
"76286",1795.02381591797,2510.42478027344,232.23859375
"74345",1856.63283691406,2231.61212158203,63.038125
"80679",1792.13701171875,2568.42462158203,141.20359375
"88694",2627.30081787109,1583.98485717773,97.2665625
"103980",3616.37895507812,3225.66450195312,197.73921875
"82290",2275.21861572266,3458.79982910156,74.10140625
"104147",3667.72509765625,3155.04290771484,154.20859375
"104293",3786.69895019531,2910.01214599609,36.2153125
"7067",3314.59139404297,1696.81032104492,263.30609375
"82302",2295.78732910156,3471.34604492188,43.66609375
"101746",3807.70366210937,2341.88883056641,145.35796875
"79139",1890.52139892578,3028.24639892578,233.05140625
"104043",3662.02412109375,3163.72739257813,89.4996875
"104343",3776.9052734375,2938.55604248047,133.61734375
"86574",3031.34508056641,1589.55727539062,185.7728125
"82222",2194.59831542969,3403.51413574219,38.473125
"79251",1848.02264404297,2924.61550292969,95.05390625
"73934",2163.59842529297,1800.45231933594,81.28125
"104302",3803.08469238281,2856.06267089844,100.56296875
"105022",3835.13566894531,2671.38709716797,576.19375
"5819",2308.47569580078,1700.35143432617,164.188125
"88565",2734.22629394531,1569.38181152344,108.6459375
"80010",1990.10234375,3195.65966796875,226.0521875
"80415",1828.40955810547,2862.27684326172,102.6853125
"104230",3742.59938964844,3022.38916015625,141.3390625
"96481",2899.14497070312,3609.85122070312,244.06953125
"75724",1798.58381347656,2468.02231445313,70.03734375
"74315",1880.10931396484,2172.69110107422,116.503125
"88563",2722.4470703125,1570.15959472656,70.94046875
"80538",1802.54722900391,2741.37990722656,242.71484375
"80034",2019.56451416016,3234.1935546875,76.043125
"75966",1847.54970703125,2254.81301269531,106.07203125
"88688",2616.87960205078,1585.27645874023,143.055
"87420",2863.98701171875,1567.03362426758,200.44859375
"103139",3460.72166748047,1795.10744628906,131.0434375
"5768",2463.93687744141,1627.84794921875,143.73234375
"78517",2026.01463623047,3242.31898193359,91.80265625
"96371",2951.54780273437,3604.46650390625,187.44359375
"86546",3248.51053466797,1662.05598754883,151.8153125
"80535",1800.001171875,2725.08485107422,188.34671875
"77277",2147.94916992187,3366.62836914062,115.3290625
"5813",2287.53967285156,1711.92967529297,227.4971875
"96349",3190.81242675781,3542.28659667969,399.58765625
"87421",2926.25075683594,1571.68123168945,183.56015625
"104326",3781.43999023437,2928.35977783203,85.30015625
"86527",3207.48890380859,1643.81605834961,186.8565625
"79508",1795.23922119141,2684.23857421875,104.6721875
"82304",2302.48854980469,3476.38254394531,73.9659375
"104291",3790.09313964844,2902.84794921875,59.8771875
"75054",1813.07303466797,2377.37674560547,135.15265625
"74415",1989.25753173828,1983.81159667969,175.8384375
"104290",3795.24418945312,2886.52321777344,169.83265625
"80542",1808.30444335938,2778.45264892578,163.64625
"86509",3183.03044433594,1633.87203369141,190.37875
"89385",2569.05299072266,1595.32434692383,126.79875
"103129",3443.66688232422,1780.94755859375,43.84671875
"75730",1796.93154296875,2476.14027099609,93.97015625
"104295",3801.58432617188,2865.44483642578,143.46140625
"75513",2186.30085449219,1780.80748291016,121.87671875
"80023",2006.05789794922,3218.3921875,41.9953125
"101732",3800.17609863281,2308.39289550781,322.415625
"96370",2937.22521972656,3606.97375488281,332.6209375
"8042",3329.97232666016,1703.88289794922,175.07078125
"102218",3781.842578125,2250.28825683594,106.88484375
"75969",1851.37947998047,2241.05322265625,99.4340625
"80397",1820.62114257813,2838.00100097656,189.61109375
"69605",2395.88333740234,1654.34072265625,174.61921875
"70024",2436.35939941406,1637.17813110352,286.5615625
"7061",3286.05206298828,1679.29774780273,487.6875
"97215",2727.14759521484,3610.99174804687,78.88796875
"75689",1803.52547607422,2423.02357177734,74.19171875
"75487",2232.31561279297,1746.23120117188,314.33265625
"103058",3550.71853027344,1875.73002929688,502.86
"88703",2639.19334716797,1579.66606445313,354.8378125
"74467",2254.830859375,1731.00061645508,91.62203125
"78515",2069.33039550781,3293.35986328125,172.6775
"75974",1842.90230712891,2263.74008789063,86.92578125
"8165",3838.92912597656,2537.17467041016,772.21703125
"77592",2080.01101074219,3304.59497070312,75.27546875
"80680",1789.66483154297,2600.25043945312,131.495
"103051",3542.87470703125,1867.4466796875,54.14234375
"82297",2285.98825683594,3468.11496582031,97.356875
"69630",2363.93881835938,1668.81033325195,197.2425
"75191",1920.44239501953,2088.14951171875,140.39078125
"105028",3832.84340820312,2715.1091796875,394.71078125
"104239",3738.95451660156,3034.72370605469,299.88265625
"80965",2354.4103515625,3506.08647460937,359.44375
"69627",2375.88385009766,1662.71164550781,149.78328125
"104408",3818.41623535156,2802.37425537109,109.68453125
"79981",1952.25783691406,3144.51046142578,43.530625
"75507",2195.10051269531,1772.44755859375,65.566875
"75741",1794.06175537109,2490.36739501953,100.969375
"102513",3703.69445800781,2077.43942871094,834.08109375
"104232",3760.50458984375,2987.49952392578,197.061875
"103143",3469.96271972656,1800.20474853516,141.5196875
"74790",2104.44768066406,1849.78448486328,191.5528125
"75998",1828.95118408203,2306.73709716797,200.44859375
"78503",2057.38660888672,3281.36834716797,294.01234375
"5766",2492.72523193359,1615.7666809082,261.40953125
"80678",1789.56024169922,2619.90544433594,164.86546875
"80001",1975.85716552734,3179.909765625,50.575
"105063",3822.14577636719,2784.95506591797,130.953125
"79990",1967.72281494141,3168.23907470703,39.556875
"82315",2311.48493652344,3483.70051269531,86.29359375
"102508",3677.81096191406,2034.16455078125,622.02734375
"103190",3512.17426757812,1836.63542480469,30.20953125
"104319",3785.05290527344,2924.58063964844,16.7078125
"79869",1932.548046875,3113.64151611328,201.93875
"75716",1796.79582519531,2460.64582519531,111.806875
"104057",3657.76208496094,3175.43647460937,169.8778125
"74771",2144.65230712891,1812.44653320312,155.518125
"104079",3644.21728515625,3194.54819335938,143.5065625
"102504",3660.19006347656,2007.31339111328,383.105625
"75072",1805.02584228516,2406.58698730469,197.46828125
"80539",1804.025390625,2767.27294921875,135.649375
"105013",3841.38325195312,2573.31295166016,523.67703125
"97371",2607.06724853516,3594.97456054687,337.3171875
"79984",1959.94664306641,3157.79918212891,55.9034375
"97389",2526.7279296875,3574.95930175781,148.15765625
"96482",2874.65662841797,3614.54116210937,268.8603125
"79128",1870.18842773437,2991.29837646484,156.10515625
"86484",3144.4853515625,1617.35192260742,202.3
"8370",3474.50366210938,3376.50028076172,987.79296875
"97211",2685.65510253906,3608.18234863281,198.73265625
"74796",2089.73994140625,1862.97338867188,169.7875
"74330",1863.27698974609,2204.40444335937,117.6771875
"102211",3778.6318359375,2235.20573730469,161.0271875
"88634",2503.50317382812,1611.25645141602,184.2375
"101751",3815.48356933594,2358.63752441406,111.58109375
"6388",2161.795703125,3382.03814697266,95.00875
"87644",3063.818359375,1593.40863037109,101.8725
"103185",3507.41584472656,1831.36857910156,70.985625
"103859",3731.57512207031,3052.86506347656,193.49453125
"86294",3261.41140136719,1664.80520629883,105.9365625
"75500",2202.85572509766,1765.05301513672,147.2996875
"80422",1827.54918212891,2872.0802734375,114.9678125
"105051",3827.76789550781,2760.22392578125,186.4953125
"102330",3825.710546875,2407.17177734375,440.40890625
"104080",3641.18874511719,3199.94888916016,37.52484375
"101735",3806.89184570312,2322.94333496094,409.9284375
"103849",3718.94008789062,3077.46546630859,273.3759375
"81368",2238.10354003906,3439.55841064453,36.89265625
"102519",3722.21391601562,2108.0099609375,76.90109375
"80677",1787.83284912109,2583.79061279297,81.59734375
"102525",3732.04619140625,2126.93760986328,204.82875
"101718",3794.70131835937,2280.95528564453,123.50234375
"75185",1926.75161132812,2073.72711181641,385.58921875
"5814",2294.31373291016,1704.17965087891,213.27296875
"96337",3262.4427734375,3514.40593261719,505.38875
"74799",2083.43881835938,1868.44215087891,136.8234375
"89386",2555.46253662109,1595.69227905273,39.2859375
"102200",3772.86154785156,2218.32796630859,391.00796875
"75483",2243.44716796875,1735.99654541016,182.38609375
"88695",2581.98291015625,1589.06586914062,172.09046875
"103835",3687.27717285156,3132.51645507813,200.313125
"86539",3236.96477050781,1652.94079589844,224.155625
"82228",2196.20928955078,3409.93811035156,39.556875
"80378",1811.09039306641,2808.59921875,120.6575
"82283",2256.26959228516,3452.00045166016,112.21328125
"103192",3522.01733398438,1844.05694580078,125.6246875
"96484",2823.37294921875,3617.23227539063,288.23234375
"103096",3429.86143798828,1766.34669189453,210.74421875
"79132",1879.40789794922,3014.76634521484,67.14734375
"87651",3129.99986572266,1611.53909301758,136.371875
"75707",1796.92531738281,2449.51468505859,120.7478125
"79995",1972.14381103516,3177.67042236328,89.770625
"88671",2597.56202392578,1585.21731567383,180.94109375
"80405",1821.31259765625,2852.11979980469,99.2534375
"80003",1978.55242919922,3186.95277099609,215.66625
"79246",1839.00031738281,2911.90887451172,199.09390625
"104096",3633.28225097656,3211.62954101562,62.4059375
"102137",3837.43581542969,2484.43358154297,398.05234375
"104231",3755.67768554687,3003.95769042969,109.0975
"80534",1794.04328613281,2709.23367919922,120.43171875
"97217",2736.04084472656,3614.60217285156,86.4290625
"87418",2910.69322509766,1566.18891601562,172.81296875
"6394",2174.50170898438,3393.75034179688,69.36
"74766",2151.46704101562,1804.53194580078,102.5046875
"80961",2336.27023925781,3499.42136230469,88.5965625
"82286",2264.91734619141,3458.15382080078,215.89203125
"75225",1883.98474121094,2153.73854980469,237.65734375
"89387",2539.46174316406,1599.26711425781,231.78703125
"105017",3843.13928222656,2596.77573242188,626.6784375
"97390",2540.00565185547,3580.44736328125,141.61
"69639",2337.01170654297,1679.3280456543,162.92375
"96531",2914.93928222656,3613.04287109375,766.5725
"103044",3531.9359375,1852.64866943359,135.69453125
"81371",2242.79742431641,3444.02277832031,35.53796875
"102522",3726.46184082031,2113.74808349609,71.0759375
"78500",2029.19632568359,3252.90496826172,147.16421875
"87419",2937.07310791016,1568.67655639648,49.49125
"6384",2152.91428222656,3376.58266601562,64.3025
"105148",3557.24916992187,3301.44005126953,841.12546875
"75059",1806.93605957031,2385.82030029297,139.12640625
"80389",1813.78192138672,2825.02127685547,232.69015625
"88571",2748.24486083984,1563.35108642578,339.394375
"105140",3576.56467285156,3280.95621337891,679.2403125
"74786",2111.10885009766,1839.72974853516,114.2453125
"6389",2167.82414550781,3389.20441894531,73.875625
"105040",3831.82241210937,2744.97954101562,505.43390625
"79506",1792.15714111328,2698.99362792969,93.06703125
"79502",1787.36427001953,2636.17082519531,194.6234375
"75213",1890.39066162109,2138.55559082031,71.03078125
"6176",1787.35244140625,2540.42172851563,115.1484375
"5765",2473.34664306641,1619.24875488281,172.45171875
"79243",1833.28107910156,2897.81020507812,51.25234375
"88604",2776.28427734375,1561.48538208008,100.6984375
"89168",2814.10886230469,1560.6932800293,255.4940625
"96487",2841.72576904297,3618.36533203125,37.57
"82308",2295.54743652344,3478.01157226563,54.8196875
"80987",2322.246484375,3493.1015625,93.2025
"78513",2045.11473388672,3272.519921875,199.41
"87417",2879.50926513672,1562.6549621582,196.6103125
"88560",2703.54598388672,1566.68042602539,331.8984375
"80536",1799.40455322266,2755.93823242188,157.73078125
"96822",2768.30515136719,3617.77846679687,136.77828125
"79503",1787.93245849609,2655.40477294922,145.26765625
"80021",1994.26539306641,3210.66540527344,132.8496875
"88615",2785.50374755859,1560.92601318359,46.059375
"102142",3840.8876953125,2507.0384765625,433.4096875
"87625",3085.76604003906,1596.70383300781,150.3703125
"82296",2277.25458984375,3467.33282470703,79.294375
"74319",1869.32203369141,2183.33125,138.49421875
"74794",2094.43112792969,1854.65081787109,238.92171875
"96489",2835.23704833984,3618.80734863281,58.0709375
"96821",2779.39644775391,3618.403515625,157.324375
"74638",2012.59310302734,1944.94215087891,181.889375
"96490",2806.38892822266,3619.00158691406,205.14484375
"86558",2945.53803710937,1568.65331420898,92.16390625
"74472",2264.26947021484,1720.04358520508,219.820625
"79123",1860.05255126953,2973.9939453125,152.58296875
"80969",2388.48173828125,3526.58234863281,583.10265625
"80024",2006.20357666016,3226.55061035156,62.676875
"74332",1857.675,2211.00252685547,136.4621875
"79505",1789.24315185547,2677.54814453125,88.37078125
"103537",3390.62841796875,1736.15903320312,256.80359375
"102901",3751.91079101562,2162.82479248047,391.95625
"79809",1893.00416259766,3047.95681152344,189.9271875
"5823",2324.251953125,1684.57455444336,72.3403125
"81332",2220.51397705078,3430.33458251953,78.88796875
"87416",2848.84265136719,1560.5203125,333.5240625
"89391",2519.60295410156,1603.1697265625,444.0665625
"75990",1826.53524169922,2300.68728027344,88.50625
"79504",1790.09315185547,2690.59219970703,74.77875
"105155",3534.69428710937,3326.33056640625,865.19375
"103050",3542.01391601562,1860.24990234375,126.12140625
"103851",3713.74711914062,3092.60567626953,223.3428125
"75962",1843.15838623047,2248.74389648438,63.8509375
"96347",3204.39375,3543.13784179687,106.25265625
"97218",2743.52088623047,3617.12145996094,102.91109375
"97350",2577.19750976562,3591.81196289062,499.789375
"74776",2125.00726318359,1824.99420166016,194.84921875
"75208",1893.82407226562,2128.78557128906,119.6640625
"88579",2759.88919677734,1561.09379272461,172.54203125
"102922",3766.92524414062,2196.14952392578,277.44
"97266",2703.33763427734,3613.71772460938,103.54328125
"81364",2230.6291015625,3438.004296875,110.22640625
"75506",2189.74069824219,1771.02521972656,41.9953125
"104305",3794.39211425781,2909.05029296875,86.65484375
"102501",3653.45522460937,1991.16940917969,144.54515625
"82225",2186.96076660156,3406.29697265625,85.48078125
"78508",2034.5912109375,3262.21014404297,80.2878125
"75204",1899.46798095703,2117.32406005859,207.67359375
"80540",1804.76540527344,2791.69384765625,165.7234375
"6145",1786.77366943359,2524.95882568359,185.501875
"74625",2031.40640869141,1920.70947265625,352.08328125
"74617",2042.33210449219,1908.1171875,137.22984375
"70025",2417.95511474609,1638.91849365234,168.65859375
"102124",3832.91645507812,2430.13464355469,508.7303125
"79830",1914.40814208984,3090.33562011719,318.48703125
"96377",2960.00775146484,3609.82839355469,235.535
"104092",3640.18435058594,3206.76300048828,59.064375
"70022",2451.20493164063,1625.58526000977,188.97890625
"86563",2978.32072753906,1572.24298706055,110.94890625
"79979",1950.37646484375,3150.39592285156,84.75828125
"86572",3038.40157470703,1583.66506958008,168.74890625
"96485",2860.90264892578,3619.22902832031,164.0978125
"96367",3048.15063476562,3593.55844726563,850.3825
"75040",1819.25379638672,2323.89688720703,219.098125
"102131",3837.34035644531,2459.22825927734,357.0053125
"82320",2304.47160644531,3485.03984375,60.2384375
"80028",2009.99558105469,3233.43901367187,101.01453125
"8043",3341.72208251953,1703.6423828125,179.0896875
"86556",2958.06184082031,1568.81206665039,171.00671875
"101747",3816.91130371094,2347.09196777344,124.811875
"86564",2992.21623535156,1574.12124633789,102.6853125
"103149",3483.02482910156,1804.46533203125,165.4525
"104063",3655.21955566406,3187.07562255859,120.79296875
"74600",2062.00018310547,1885.44215087891,120.9284375
"8071",3367.50327148438,1719.19140625,304.8046875
"8057",3352.54298095703,1709.8112121582,219.098125
"102848",3633.58356933594,1962.73819580078,636.74828125
"75194",1911.11356201172,2093.45889892578,220.58828125
"5820",2315.54609375,1687.52952880859,109.0975
"86548",3229.67958984375,1645.50298461914,311.62328125
"77274",2129.54571533203,3360.18717041016,95.86671875
"87630",3113.72244873047,1602.60921630859,334.9690625
"96352",3178.84664306641,3554.68505859375,500.511875
"86542",3246.84000244141,1653.12289428711,107.24609375
"103127",3445.11993408203,1773.21372070312,193.99125
"79972",1939.41320800781,3134.85104980469,105.53015625
"77594",2071.14287109375,3304.24114990234,79.9265625
"107700",3392.48509521484,3444.46479492187,540.02359375
"79133",1879.46206054687,3024.48448486328,131.0434375
"73924",2165.58044433594,1788.0646484375,181.84421875
"80675",1783.39462890625,2607.94526367187,80.4684375
"96363",3107.65831298828,3579.07939453125,422.7528125
"104409",3824.99958496094,2800.51467285156,63.53484375
"86523",3198.44416503906,1631.7708984375,149.15109375
"80676",1783.44256591797,2562.77220458984,83.67453125
"75972",1850.66478271484,2222.41340332031,245.24359375
"103091",3418.11417236328,1752.31982421875,220.40765625
"102334",3826.04340820312,2382.96317138672,451.743125
"79254",1848.66159667969,2952.06079101562,222.21390625
"104047",3670.99602050781,3166.23796386719,123.366875
"81374",2247.04348144531,3451.43662109375,98.5309375
"75043",1814.38455810547,2336.77264404297,247.9078125
"69619",2381.41009521484,1653.05254516602,215.5759375
"80994",2328.34652099609,3499.94597167969,68.14078125
"74605",2052.44328613281,1894.03823242187,127.16
"103086",3616.43291015625,1939.22374267578,614.35078125
"80963",2342.18392333984,3507.31042480469,145.17734375
"102228",3792.22478027344,2257.13266601563,117.99328125
"103831",3682.21328125,3149.61668701172,254.27484375
"75048",1808.54537353516,2360.05716552734,135.288125
"86528",3214.81911621094,1637.93630371094,225.239375
"77613",2091.62255859375,3326.27100830078,92.34453125
"80674",1782.60709228516,2584.73627929687,54.6390625
"104327",3792.29367675781,2922.4294921875,91.17046875
"82309",2289.24776611328,3478.28031005859,60.64484375
"102518",3721.77106933594,2095.90534667969,162.96890625
"75490",2212.78076171875,1750.93110351562,275.40796875
"76400",1788.07294921875,2481.6248046875,49.9428125
"104220",3772.11157226562,2977.18227539062,250.12046875
"103159",3504.32214355469,1820.82866210938,269.98921875
"104410",3827.07312011719,2794.96684570312,62.18015625
"103077",3596.954296875,1915.14898681641,519.79359375
"78488",2018.86060791016,3247.49597167969,57.8
"104345",3779.17014160156,2959.68651123047,184.73421875
"70027",2403.32478027344,1642.53026733398,240.54734375
"103071",3571.42192382812,1886.54615478516,794.38875
"104306",3801.05639648438,2896.82780761719,136.95890625
"97267",2712.40187988281,3617.420703125,141.1584375
"75198",1902.35955810547,2106.08542480469,108.78140625
"5818",2308.22937011719,1689.66065063477,64.66375
"96486",2851.77780761719,3621.93591308594,188.52734375
"105021",3845.5759765625,2660.45268554687,354.7475
"97265",2692.98572998047,3615.48205566406,248.90125
"104307",3807.36540527344,2876.62391357422,169.56171875
"80532",1791.98199462891,2733.24638671875,128.55984375
"88690",2625.25218505859,1574.22127075195,79.88140625
"81335",2211.48231201172,3428.24921875,82.906875
"6392",2173.37176513672,3399.46937255859,81.3715625
"81369",2238.98114013672,3447.44622802734,42.26625
"80968",2365.50579833984,3520.01892089844,322.8671875
"80427",1821.90070800781,2874.9025390625,85.30015625
"74801",2071.00009765625,1872.68986816406,271.29875
"86508",3181.84716796875,1623.67224121094,19.91390625
"89382",2570.88787841797,1585.59624633789,120.5671875
"80030",2011.95,3240.07320556641,68.50203125
"76411",1785.62982177734,2498.57686767578,262.31265625
"105062",3831.44182128906,2776.425390625,182.8828125
"102217",3790.06118164062,2247.20970458984,48.72359375
"77271",2121.74899902344,3356.20653076172,111.9875
"75965",1832.2314453125,2269.75400390625,177.735
"104344",3783.68078613281,2949.97854003906,136.91375
"75961",1843.2482421875,2237.66484375,142.10671875
"81326",2199.56052246094,3420.06796875,126.256875
"6175",1782.02437744141,2552.42922363281,154.66015625
"79248",1842.12141113281,2938.94929199219,185.63734375
"96348",3200.48657226562,3548.77573242188,126.12140625
"77262",2113.77651367187,3349.16954345703,145.403125
"88551",2712.39461669922,1561.05944824219,96.40859375
"97216",2663.50716552734,3612.28002929688,669.6671875
"88550",2732.38663330078,1559.23763427734,184.91484375
"77603",2075.52651367187,3312.10281982422,98.7115625
"104332",3790.72399902344,2931.27314453125,78.79765625
"79501",1784.37038574219,2671.99014892578,103.4078125
"86505",3172.53514404297,1619.54166870117,247.1853125
"80382",1806.19127197266,2816.60802001953,80.92
"101756",3824.54885253906,2366.18397216797,232.28375
"6382",2141.82111816406,3374.60085449219,171.54859375
"82306",2282.38260498047,3476.02955322266,54.05203125
"88716",2653.62135009766,1568.30042724609,335.01421875
"77620",2097.47066650391,3334.33065185547,100.8790625
"86495",3161.53059082031,1615.40891723633,198.4165625
"104078",3651.60954589844,3197.53605957031,38.0215625
"75514",2172.71268310547,1779.16268310547,130.7725
"86285",3273.41827392578,1662.68809204102,107.87828125
"88682",2611.66608886719,1575.63271484375,195.43625
"80417",1817.1638671875,2861.74434814453,98.93734375
"97212",2621.26781005859,3605.64895019531,304.66921875
"87415",2903.93804931641,1559.22103271484,192.13984375
"96345",3216.61727294922,3542.84814453125,379.5834375
"103841",3701.69604492188,3122.25004882812,236.5284375
"77258",2104.72969970703,3341.63699951172,137.41046875
"75498",2198.31478271484,1759.22814941406,22.53296875
"79241",1825.31025390625,2890.57275390625,192.8171875
"101726",3806.200390625,2293.891015625,186.3146875
"86512",3186.58629150391,1624.3333984375,25.468125
"75695",1793.16817626953,2428.67329101562,246.32734375
"102892",3733.78935546875,2114.40841064453,102.775625
"89384",2550.93259277344,1589.4399230957,74.959375
"104322",3796.74372558594,2915.87540283203,56.6259375
"79874",1930.09205322266,3125.67308349609,266.783125
"8358",3494.40561523438,3369.90593261719,558.13125
"75958",1835.88295898437,2255.42083740234,93.8346875
"79982",1954.49323730469,3164.10777587891,106.388125
"103981",3632.99670410156,3223.25831298828,355.0184375
"77610",2083.75736083984,3321.71616210938,117.948125
"102214",3788.25576171875,2238.51401367188,111.58109375
"87621",3092.37698974609,1592.85341186523,95.41515625
