"cell_id","ours_dominant","published_dominant","dominant_agreement","weight_L1"
"94867","Stromal","Stromal",TRUE,0.0711089108602219
"94863","Stromal","Stromal",TRUE,0
"94869","Stromal","Stromal",TRUE,0
"94866","Stromal","Stromal",TRUE,0.152231723602722
"94868","Stromal","Stromal",TRUE,0.0597851409981651
"94874","Stromal","Stromal",TRUE,0
"94861","Stromal","Stromal",TRUE,0.0598689207281879
"94027","Stromal","Stromal",TRUE,0
"94870","Stromal","Stromal",TRUE,0
"94862","Stromal","Stromal",TRUE,0.0663154244854409
"94025","Stromal","Stromal",TRUE,0.080473199106665
"7405","Stromal","Stromal",TRUE,0
"94024","Stromal","Stromal",TRUE,0
"94877","Stromal","Stromal",TRUE,0.0541019148586498
"94865","Stromal","Stromal",TRUE,0
"94879","Stromal","Stromal",TRUE,0
"7389","Stromal","Stromal",TRUE,0
"94028","Stromal","Stromal",TRUE,0.0283410719729664
"94880","CD8+_T_Cells","CD8+_T_Cells",TRUE,0.0643044187243964
"94876","Stromal","Stromal",TRUE,0
"94882","Stromal","Stromal",TRUE,0.0541165589427065
"94871","Stromal","Stromal",TRUE,0.0703043736364378
"94881","Stromal","Stromal",TRUE,0.0207841784964568
"94021","Stromal","Stromal",TRUE,0.116971252087187
"94864","Stromal","Stromal",TRUE,0.0708810865219425
"94873","Stromal","Stromal",TRUE,0
"94883","Stromal","Stromal",TRUE,0.0408393393500645
"7403","Stromal","Stromal",TRUE,0
"7374","Stromal","Stromal",TRUE,0
"94019","Stromal","Stromal",TRUE,0
"94875","Stromal","Stromal",TRUE,0.051273837008308
"7364","Stromal","Stromal",TRUE,0
"7369","Stromal","Stromal",TRUE,0
"94026","Stromal","Stromal",TRUE,0
"94020","Stromal","Stromal",TRUE,0
"94872","Stromal","Stromal",TRUE,0
"94878","Stromal","Stromal",TRUE,0
"94022","Stromal","Stromal",TRUE,0
"94856","Stromal","Stromal",TRUE,0.0384881394757185
"93922","Stromal","Stromal",TRUE,0.0935367752191468
"94857","Stromal","Stromal",TRUE,0.684311880694989
"7404","Stromal","Stromal",TRUE,0.0811335099413857
"93939","Stromal","Stromal",TRUE,0
"93925","Stromal","Stromal",TRUE,0.0570032999667323
"93916","Stromal","Stromal",TRUE,0.14064289431851
"94859","Stromal","Stromal",TRUE,0.0507140850801738
"7379","Stromal","Stromal",TRUE,0
"94018","Stromal","Stromal",TRUE,0.156403078635666
"93902","Stromal","Stromal",TRUE,0.0669608333219229
"93919","CD8+_T_Cells","CD8+_T_Cells",TRUE,0.04490633152136
"94015","Stromal","Stromal",TRUE,0.082241040475064
"93928","CD4+_T_Cells","Stromal",FALSE,0.0642793516089196
"95706","Macrophages_1","Stromal",FALSE,0.076290906918588
"90827","Stromal","Stromal",TRUE,0
"93911","Macrophages_1","Macrophages_1",TRUE,0.0128493224538808
"90833","Stromal","Stromal",TRUE,0
"94848","Stromal","Stromal",TRUE,0
"93913","Macrophages_1","Macrophages_1",TRUE,0.0534314953408454
"93905","Macrophages_1","Macrophages_1",TRUE,0.0817502039152136
"93934","Macrophages_1","Macrophages_1",TRUE,0.0337564018396304
"7392","Stromal","Stromal",TRUE,0
"94023","Stromal","Stromal",TRUE,0.0524716600162344
"7353","Stromal","Stromal",TRUE,0
"93950","Stromal","Stromal",TRUE,0.053514623560185
"7398","Stromal","Stromal",TRUE,0
"93941","Macrophages_1","Macrophages_1",TRUE,0.0613738025604774
"93909","Macrophages_1","Macrophages_1",TRUE,0.234922415029072
"7646","Stromal","Stromal",TRUE,0.829546631884468
"94858","Stromal","Stromal",TRUE,0
"94016","Stromal","Stromal",TRUE,0
"7381","Stromal","Stromal",TRUE,0.050098370768099
"7359","Stromal","Stromal",TRUE,0
"93923","Macrophages_1","Macrophages_1",TRUE,0.0598778263242685
"7378","Stromal","Stromal",TRUE,0
"90878","Stromal","Stromal",TRUE,0
"95707","Stromal","Stromal",TRUE,0.0434343707678776
"93914","Stromal","Stromal",TRUE,0.0575414381754185
"94012","Stromal","Stromal",TRUE,0
"93929","CD4+_T_Cells","CD4+_T_Cells",TRUE,0.054821691339794
"93903","CD4+_T_Cells","CD4+_T_Cells",TRUE,0.0613645190245299
"94850","Stromal","Stromal",TRUE,0
"94860","Stromal","Stromal",TRUE,0.102941131362282
"93964","Stromal","Stromal",TRUE,0.0392419980508507
"93951","IRF7+_DCs","IRF7+_DCs",TRUE,0.0483595551793586
"90836","Stromal","Stromal",TRUE,0
"7367","Stromal","Stromal",TRUE,0
"93945","CD4+_T_Cells","CD4+_T_Cells",TRUE,0.0607205752990264
"90847","Stromal","Stromal",TRUE,0
"7375","Macrophages_2","Macrophages_1",FALSE,1.13981200329268
"93947","Stromal","Stromal",TRUE,0.0213025045423876
"93915","Macrophages_2","Macrophages_1",FALSE,1.49393498494915
"95705","Stromal","Stromal",TRUE,0
"93906","Stromal","Stromal",TRUE,0.0186808931393587
"95691","Stromal","Stromal",TRUE,0.102326515272927
"94851","Stromal","Stromal",TRUE,0
"90832","Stromal","Stromal",TRUE,0
"93938","CD8+_T_Cells","CD8+_T_Cells",TRUE,0.0399473341673461
"93963","CD4+_T_Cells","CD4+_T_Cells",TRUE,0.0502990902495216
"93948","CD4+_T_Cells","CD4+_T_Cells",TRUE,0.0675724763633589
"94849","Stromal","Stromal",TRUE,0.11063251846538
"93926","CD8+_T_Cells","CD8+_T_Cells",TRUE,0.0523532665595064
"93962","Stromal","Stromal",TRUE,0
"93932","Stromal","Stromal",TRUE,0.0370502381882568
"93921","CD8+_T_Cells","Stromal",FALSE,0.0526524538910965
"90886","Stromal","Stromal",TRUE,0.0341140695820796
"95696","Stromal","Stromal",TRUE,0
"90851","Stromal","Stromal",TRUE,0.110779493803735
"91545","Stromal","Stromal",TRUE,0.0316533610448073
"93961","Stromal","Stromal",TRUE,0
"7377","Stromal","Stromal",TRUE,0
"94008","Stromal","Stromal",TRUE,0
"93936","CD8+_T_Cells","CD8+_T_Cells",TRUE,0.0588310988227164
"94011","Stromal","Stromal",TRUE,0.0422675321294122
"94852","Stromal","Stromal",TRUE,0.0694489622746594
"93917","Stromal","Stromal",TRUE,0.250514278350124
"94009","Stromal","Stromal",TRUE,0
"7388","Stromal","Stromal",TRUE,0
"93927","Stromal","Stromal",TRUE,0.046172013506721
"94885","Stromal","Stromal",TRUE,0
"93940","Stromal","Stromal",TRUE,0.0356600185029594
"95700","Stromal","Stromal",TRUE,0.0439151968570762
"95694","Macrophages_2","Macrophages_2",TRUE,0.0821276898819333
"93960","CD4+_T_Cells","CD4+_T_Cells",TRUE,0.0476912504497998
"90877","Stromal","Stromal",TRUE,0.0421318034592782
"90820","Stromal","Stromal",TRUE,0
"91539","Stromal","Stromal",TRUE,0
"93933","Stromal","Stromal",TRUE,0.164580979911253
"93907","CD4+_T_Cells","Stromal",FALSE,0.0716915845782076
"95704","Stromal","Stromal",TRUE,0.0354628342477585
"93956","Stromal","Stromal",TRUE,0.0194977482921887
"93924","Stromal","Stromal",TRUE,0.0266594170844532
"90864","Stromal","Stromal",TRUE,0.0437624019948035
"93972","Stromal","Stromal",TRUE,0.0400179836080841
"94014","Stromal","Stromal",TRUE,0.10747375696889
"95688","Stromal","Stromal",TRUE,0.0645889498135216
"95703","CD8+_T_Cells","CD8+_T_Cells",TRUE,0.0197901019701099
"93942","CD8+_T_Cells","CD8+_T_Cells",TRUE,0.0804586116202679
"93937","Macrophages_2","Macrophages_1",FALSE,1.44112216299933
"93976","Stromal","Stromal",TRUE,0.0552385758042714
"93954","Stromal","Stromal",TRUE,0.0247540500488425
"93912","Stromal","Stromal",TRUE,0
"90840","Stromal","Stromal",TRUE,0.0679692690690723
"90882","Stromal","Stromal",TRUE,0.0466689644159858
"7365","Macrophages_1","Macrophages_1",TRUE,0.0673560103893319
"93920","Stromal","Stromal",TRUE,0.0191121027258903
"93931","Stromal","Stromal",TRUE,0.0223197328799438
"95680","Stromal","Stromal",TRUE,0
"93935","CD4+_T_Cells","CD4+_T_Cells",TRUE,0.0603199166176269
"93946","Stromal","Stromal",TRUE,0.0480932774833747
"93959","CD8+_T_Cells","CD8+_T_Cells",TRUE,0.0475202308884433
"95708","Stromal","Stromal",TRUE,0.0605760601543434
"90828","Stromal","Stromal",TRUE,0.134477058275611
"94002","Stromal","Stromal",TRUE,0.111449705544604
"90824","Stromal","Stromal",TRUE,0
"95674","Stromal","Stromal",TRUE,0
"93949","CD8+_T_Cells","CD8+_T_Cells",TRUE,0.0512987943945223
"7384","Stromal","Stromal",TRUE,0
"95699","CD8+_T_Cells","CD8+_T_Cells",TRUE,0.0447532074247533
"90879","Stromal","Stromal",TRUE,0
"94853","Stromal","Stromal",TRUE,0.866680849438288
"94854","Macrophages_1","Macrophages_1",TRUE,0.0741618518465806
"91540","Stromal","Stromal",TRUE,0
"93971","CD8+_T_Cells","CD8+_T_Cells",TRUE,0.0529465166152657
"91529","Stromal","Stromal",TRUE,0
"93953","CD8+_T_Cells","CD8+_T_Cells",TRUE,0.0353084916977026
"90884","Stromal","Stromal",TRUE,0
"93975","Macrophages_2","Stromal",FALSE,0.100813927904176
"95697","CD8+_T_Cells","CD8+_T_Cells",TRUE,0.0511631758053051
"95682","Stromal","Stromal",TRUE,0.0412379805033853
"94895","Stromal","Stromal",TRUE,0
"94884","IRF7+_DCs","IRF7+_DCs",TRUE,0.0416111662020704
"93952","Stromal","Stromal",TRUE,0.0257435919698879
"95702","CD8+_T_Cells","CD8+_T_Cells",TRUE,0.0451828894751454
"93943","Stromal","Stromal",TRUE,0
"93910","Stromal","Stromal",TRUE,0.0479824598037918
"90848","Macrophages_2","Stromal",FALSE,0.143944889698223
"93930","Stromal","Stromal",TRUE,0.061042389271643
"7401","Stromal","Stromal",TRUE,0.00929664658504065
"93958","CD4+_T_Cells","Stromal",FALSE,0.0513265316590775
"95681","Stromal","Stromal",TRUE,0.0345871949280403
"95686","Macrophages_1","Macrophages_1",TRUE,0.194852682511411
"93904","Stromal","Stromal",TRUE,0.00727289463032293
"94890","Stromal","Stromal",TRUE,0
"94855","Macrophages_1","Stromal",FALSE,0.0750712322745563
"91548","Stromal","Stromal",TRUE,0
"90844","Stromal","Stromal",TRUE,0.0589595772987694
"95698","CD8+_T_Cells","CD8+_T_Cells",TRUE,0.0449413080821986
"90880","Stromal","Stromal",TRUE,0
"7380","Stromal","Stromal",TRUE,0
"93957","Stromal","Stromal",TRUE,0.0140666890514227
"90869","Stromal","Stromal",TRUE,0
"94897","Stromal","Stromal",TRUE,0.0457652069280114
"95701","CD8+_T_Cells","CD8+_T_Cells",TRUE,0.0597301111732417
"93969","Stromal","Stromal",TRUE,0.0209618499246122
"90830","Stromal","Stromal",TRUE,0
"95679","Stromal","Stromal",TRUE,0
"7400","Stromal","Stromal",TRUE,0.0415144780853522
"93970","Stromal","Stromal",TRUE,0.0548086613545424
"93974","Macrophages_1","Stromal",FALSE,0.0667470469909665
"93955","Stromal","Stromal",TRUE,0
"95689","Stromal","Stromal",TRUE,0.0544544244186033
"94003","Stromal","Stromal",TRUE,0.0417674787311077
"7373","Stromal","Stromal",TRUE,0
"90825","Stromal","Stromal",TRUE,0.38920868725534
"91533","Stromal","Stromal",TRUE,0
"95693","Macrophages_1","Macrophages_1",TRUE,0.0616565592453293
"95673","Stromal","Stromal",TRUE,0.0550311517457654
"94007","Stromal","Stromal",TRUE,0
"7368","Stromal","Stromal",TRUE,0
"95675","Stromal","Stromal",TRUE,0.0349763569489859
"90883","Stromal","Stromal",TRUE,0
"95685","Macrophages_1","Macrophages_1",TRUE,0.0700900529883972
"94906","Stromal","Stromal",TRUE,0
"90837","Stromal","Stromal",TRUE,0.0774711207868899
"93944","Stromal","Stromal",TRUE,0.0386445367766875
"95678","Stromal","Stromal",TRUE,0.0508511450824357
"7354","Stromal","Stromal",TRUE,0.138681621406967
"95669","Stromal","Stromal",TRUE,0.0452643091858775
"90846","Stromal","Stromal",TRUE,0.0439040123608341
"93997","Stromal","Stromal",TRUE,0.0147749939264737
"94770","Stromal","Stromal",TRUE,0.0349615449764857
"95690","Stromal","Stromal",TRUE,0.0366881814399773
"93966","CD8+_T_Cells","CD8+_T_Cells",TRUE,0.0592070324729461
"95683","Macrophages_1","Macrophages_1",TRUE,0.000220804222262283
"7382","Stromal","Stromal",TRUE,0
"94892","B_Cells","B_Cells",TRUE,0.459840283188298
"94751","Stromal","Stromal",TRUE,0.0768268010138409
"93967","Stromal","Stromal",TRUE,0
"90842","Stromal","Stromal",TRUE,0.0626207479189191
"94765","Stromal","Stromal",TRUE,0.0342855647804973
"90839","Stromal","Stromal",TRUE,0.069417635281024
"94847","Stromal","Stromal",TRUE,0.0412576176613018
"94638","Stromal","Stromal",TRUE,0.0356110713299896
"94891","Macrophages_1","Macrophages_1",TRUE,0.0884026974611617
"95695","Stromal","Stromal",TRUE,0
"7394","Stromal","Stromal",TRUE,0.104151768803353
"94900","Stromal","Stromal",TRUE,0
"94777","Macrophages_1","Macrophages_1",TRUE,0.0562576289152968
"90850","Stromal","Stromal",TRUE,0
"93977","Stromal","Stromal",TRUE,0.0380612245889626
"91528","Macrophages_2","Macrophages_2",TRUE,0.132296431685561
"95687","Stromal","Stromal",TRUE,0.0560904502182517
"91509","Stromal","Stromal",TRUE,0
"93973","Stromal","Stromal",TRUE,0.0474497137499753
"95672","Stromal","Stromal",TRUE,0.0726663626513253
"94846","Stromal","Stromal",TRUE,0.0390038385861659
"90876","Stromal","Stromal",TRUE,0
"95667","Stromal","Stromal",TRUE,0.0585430677704271
"91520","Stromal","Stromal",TRUE,0
"90841","Stromal","Stromal",TRUE,0.0723866616367898
"94753","Myoepi_ACTA2+","Myoepi_ACTA2+",TRUE,0.0533464442363349
"91535","Stromal","Stromal",TRUE,0.839045329563333
"94757","Myoepi_ACTA2+","Myoepi_ACTA2+",TRUE,0.0487081246706497
"94899","CD4+_T_Cells","CD4+_T_Cells",TRUE,0.652920498627986
"95684","Macrophages_1","Macrophages_1",TRUE,0.0666118763326141
"94915","Stromal","Stromal",TRUE,0.0360589079946472
"94919","Stromal","Stromal",TRUE,0
"94647","Myoepi_ACTA2+","Myoepi_ACTA2+",TRUE,0.0668142940085416
"91526","Macrophages_2","Stromal",FALSE,0.15113134511423
"93968","Stromal","Stromal",TRUE,0.0496034062674664
"91546","Stromal","Stromal",TRUE,0.88072929672346
"95663","Stromal","Stromal",TRUE,0
"7402","Macrophages_2","Stromal",FALSE,0.129650218101823
"90881","Stromal","Stromal",TRUE,0
"93965","Stromal","Stromal",TRUE,0
"94744","Myoepi_ACTA2+","Myoepi_ACTA2+",TRUE,0.0794653210771197
"94902","Stromal","Stromal",TRUE,0
"95677","CD8+_T_Cells","CD8+_T_Cells",TRUE,0.0189913615874481
"91531","Macrophages_2","Macrophages_1",FALSE,1.35990886033633
"94893","Stromal","Stromal",TRUE,0.0368667985260324
"90849","Stromal","Stromal",TRUE,0.0302078745986929
"94626","Stromal","Stromal",TRUE,0.0559902219602734
"90838","Macrophages_2","Macrophages_2",TRUE,0.127508623842145
"94630","Stromal","Stromal",TRUE,0.0263704437300116
"94759","Myoepi_ACTA2+","Myoepi_ACTA2+",TRUE,0
"91498","Stromal","Stromal",TRUE,0
"94844","Stromal","Stromal",TRUE,0
"91541","Stromal","Stromal",TRUE,0.10556476705776
"94843","Stromal","Stromal",TRUE,0
"94740","Myoepi_ACTA2+","Myoepi_ACTA2+",TRUE,0.113816568212781
"94845","Macrophages_1","Macrophages_1",TRUE,0.0696016092696579
"94780","Stromal","Stromal",TRUE,0.0654376861873707
"95671","B_Cells","B_Cells",TRUE,0.058829569283543
"91534","Macrophages_2","Macrophages_2",TRUE,0.130870025354403
"94797","Stromal","Stromal",TRUE,0.172074384921323
"91512","Stromal","Stromal",TRUE,0.0433198766574524
"7399","Stromal","Stromal",TRUE,0.178587130822099
"94907","CD4+_T_Cells","CD4+_T_Cells",TRUE,0.076953174182477
"94619","Stromal","Stromal",TRUE,0.0542356361631694
"95666","Stromal","Stromal",TRUE,0
"95670","B_Cells","B_Cells",TRUE,0.0779020683271783
"94764","Myoepi_ACTA2+","Myoepi_ACTA2+",TRUE,0
"90834","Macrophages_1","Stromal",FALSE,0.105848851295276
"91522","Macrophages_2","Macrophages_2",TRUE,0.0960728787090765
"90874","Stromal","Stromal",TRUE,0.0344785437929286
"93987","Stromal","Stromal",TRUE,0.0801289566488474
"7366","Stromal","Stromal",TRUE,0
"94786","Stromal","Stromal",TRUE,0.0280030135264394
"90863","Stromal","Stromal",TRUE,0
"90885","Stromal","Stromal",TRUE,0
"93994","Stromal","Stromal",TRUE,0.121564194478517
"94889","Stromal","Stromal",TRUE,0.0622919087287678
"94921","Stromal","Stromal",TRUE,0.113879714693533
"90821","Stromal","Stromal",TRUE,0
"94842","Macrophages_1","Macrophages_1",TRUE,0.0635941984153237
"94752","Myoepi_ACTA2+","Myoepi_ACTA2+",TRUE,0.0227870563350409
"90862","Macrophages_1","Stromal",FALSE,0.0682403084693436
"90871","Stromal","Stromal",TRUE,0
"94612","CD8+_T_Cells","CD8+_T_Cells",TRUE,0.0412027189657388
"94888","Macrophages_1","Macrophages_1",TRUE,0.0611200687713638
"94901","Macrophages_2","Macrophages_2",TRUE,0.0892455289964135
"91501","Macrophages_2","Macrophages_2",TRUE,0.109663152062283
"95665","Stromal","Stromal",TRUE,0.0462639638798645
"91513","Macrophages_2","Stromal",FALSE,0.139153823492693
"94621","Stromal","Stromal",TRUE,0.0232654055512758
"94625","Stromal","Stromal",TRUE,0.0285528362611513
"94920","Stromal","Stromal",TRUE,0.0941019767530846
"7593","Stromal","Stromal",TRUE,0
"94640","Stromal","Stromal",TRUE,0.0645998413711748
"94913","Endothelial","Endothelial",TRUE,0.0702096440799217
"94839","Macrophages_1","Macrophages_1",TRUE,0.0865907729739622
"94841","Macrophages_1","Macrophages_1",TRUE,0.0562950926514433
"95668","CD4+_T_Cells","CD4+_T_Cells",TRUE,0.0278751636300531
"94750","Myoepi_ACTA2+","Myoepi_ACTA2+",TRUE,0.0450679903471198
"94763","DCIS 2","DCIS 2",TRUE,0.0131557415876158
"91524","Macrophages_2","Macrophages_2",TRUE,0.077171718872064
"94646","Myoepi_ACTA2+","Myoepi_ACTA2+",TRUE,0.0509734861576945
"91536","Stromal","Stromal",TRUE,0.0430803703655085
"94910","CD4+_T_Cells","CD4+_T_Cells",TRUE,0.0695858206421462
"94773","Stromal","Stromal",TRUE,0.0698434849168865
"94610","CD8+_T_Cells","CD8+_T_Cells",TRUE,0.055062180762682
"94933","Stromal","Stromal",TRUE,0
"94886","Stromal","Stromal",TRUE,0.0623120569375568
"90891","Stromal","Stromal",TRUE,0
"94840","Stromal","Stromal",TRUE,0.158271859265118
"91514","Stromal","Stromal",TRUE,0.103874540764179
"94838","Stromal","Stromal",TRUE,0
"90860","Stromal","Stromal",TRUE,0
"91504","Stromal","Stromal",TRUE,0
"93985","Stromal","Stromal",TRUE,0
"94615","Stromal","Stromal",TRUE,0
"90875","Stromal","Stromal",TRUE,0.017263412218111
"94784","Stromal","Stromal",TRUE,0
"90889","Stromal","Stromal",TRUE,0
"94000","Stromal","Stromal",TRUE,0
"95664","Stromal","Stromal",TRUE,0.0375813771011391
"94778","Stromal","Stromal",TRUE,0.0932802036224844
"94794","Macrophages_1","Macrophages_1",TRUE,0.0823253374074964
"94903","Stromal","Stromal",TRUE,0
"95465","Stromal","Stromal",TRUE,0.072946269962702
"94618","Stromal","Stromal",TRUE,0.0228772099472241
"94837","Macrophages_1","Macrophages_1",TRUE,0.353736992892291
"94649","Myoepi_ACTA2+","Myoepi_ACTA2+",TRUE,0.0569010725572968
"90826","Stromal","Stromal",TRUE,0.953090641485853
"90861","Stromal","Stromal",TRUE,0.0631057448169939
"94896","Stromal","Stromal",TRUE,0.054927231577306
"94602","CD4+_T_Cells","CD4+_T_Cells",TRUE,0.074929207638802
"94627","Stromal","Stromal",TRUE,0.0224621975084174
"94911","CD4+_T_Cells","CD4+_T_Cells",TRUE,0.0398191258919305
"95662","Stromal","Stromal",TRUE,0.0513320164896097
"92228","Stromal","Stromal",TRUE,0
"94917","Endothelial","Endothelial",TRUE,0.0285158267182727
"91543","Stromal","Stromal",TRUE,0.0135013773014454
"93995","Stromal","Stromal",TRUE,0.032991389690963
"94755","Myoepi_ACTA2+","Myoepi_ACTA2+",TRUE,0.0545054321637421
"90887","Stromal","Stromal",TRUE,0
"90818","Stromal","Stromal",TRUE,0.0999964912998009
"94604","CD4+_T_Cells","CD4+_T_Cells",TRUE,0.0473664575871171
"94769","DCIS 2","DCIS 2",TRUE,0.0149012588223376
"91527","Macrophages_1","Macrophages_1",TRUE,0.0457528452842949
"94608","Stromal","Stromal",TRUE,0
"94937","Stromal","Stromal",TRUE,0.0240092353287791
"94834","Stromal","Stromal",TRUE,0
"90857","Macrophages_1","Macrophages_1",TRUE,0.09436069883303
"90888","Stromal","Stromal",TRUE,0
"94772","Myoepi_ACTA2+","Myoepi_ACTA2+",TRUE,0.0452723028205045
"90858","Macrophages_1","Macrophages_1",TRUE,0.0711692722233778
"91511","B_Cells","B_Cells",TRUE,0.0435866304121585
"94746","Myoepi_ACTA2+","Myoepi_ACTA2+",TRUE,0.0332811185540862
"94613","Stromal","Stromal",TRUE,0.0576144090475593
"95470","Stromal","Stromal",TRUE,0.0678553919733761
"94595","Stromal","Stromal",TRUE,0.0539198819393733
"90823","Stromal","Stromal",TRUE,0.127680268725178
"7360","Stromal","Stromal",TRUE,0
"91478","Stromal","Stromal",TRUE,0
"90870","Macrophages_1","Stromal",FALSE,0.0818775836375515
"93984","Stromal","Stromal",TRUE,0
"94762","DCIS 2","DCIS 2",TRUE,0.0551776169745828
"94835","Stromal","Stromal",TRUE,0.0386054032644283
"94785","Stromal","Stromal",TRUE,0.728013268498379
"7383","Stromal","Stromal",TRUE,0.0422582680793195
"94779","Myoepi_ACTA2+","Myoepi_ACTA2+",TRUE,0.0741726537856727
"94600","CD8+_T_Cells","CD8+_T_Cells",TRUE,0.051929635927703
"94799","Stromal","Stromal",TRUE,0.0362671915961567
"91517","Stromal","Stromal",TRUE,0
"94916","Endothelial","Endothelial",TRUE,0
"90890","B_Cells","B_Cells",TRUE,0.0682288823381648
"90859","Endothelial","Endothelial",TRUE,0.0836107165313471
"94792","Macrophages_1","Macrophages_1",TRUE,0.0357179113535664
"94642","Myoepi_ACTA2+","Myoepi_ACTA2+",TRUE,0.0454171494469682
"90845","Stromal","Stromal",TRUE,0.0732355491471625
"94601","Stromal","Stromal",TRUE,0.0757822072229811
"91505","Stromal","Stromal",TRUE,0.449881081592699
"94833","Macrophages_1","Macrophages_1",TRUE,0.073645794895296
"94925","Stromal","Stromal",TRUE,0
"94898","Stromal","Stromal",TRUE,0
"94904","CD4+_T_Cells","CD4+_T_Cells",TRUE,0.0539985878352435
"94931","Stromal","Stromal",TRUE,0
"94761","Myoepi_ACTA2+","Myoepi_ACTA2+",TRUE,0.0636546050479925
"94633","Stromal","Stromal",TRUE,0.0549370711136692
"90855","Macrophages_1","Macrophages_1",TRUE,0.228359993774132
"94960","Stromal","Stromal",TRUE,0
"94908","Stromal","Stromal",TRUE,0
"90867","Macrophages_1","Macrophages_1",TRUE,0.0463683341187004
"94836","Stromal","Stromal",TRUE,0
"94832","Stromal","Stromal",TRUE,0.075833314035157
"95480","Stromal","Stromal",TRUE,0.0518673140452702
"93993","Stromal","Stromal",TRUE,0
"95474","Macrophages_1","Macrophages_1",TRUE,0.0459103681082463
"94924","Endothelial","Endothelial",TRUE,0.0383484065661291
"94589","Stromal","Stromal",TRUE,0.0360852291911949
"94593","CD4+_T_Cells","CD4+_T_Cells",TRUE,0.0451683176424676
"90831","Stromal","Stromal",TRUE,0.0562309760918663
"90865","Endothelial","Endothelial",TRUE,0.0898907033376261
"94754","Myoepi_KRT15+","Myoepi_KRT15+",TRUE,0.0609341991286208
"91486","Stromal","Stromal",TRUE,0
"94788","Stromal","Stromal",TRUE,0.0717133694209667
"94605","Stromal","Stromal",TRUE,0.0658921933692284
"93996","Stromal","Stromal",TRUE,0.0608916931238162
"90853","Macrophages_2","Macrophages_2",TRUE,0.158857908036911
"94599","CD8+_T_Cells","CD8+_T_Cells",TRUE,0.0494936293914367
"94644","Myoepi_ACTA2+","Myoepi_ACTA2+",TRUE,0.0284940962826984
"93986","Stromal","Stromal",TRUE,0
"90872","Macrophages_1","Macrophages_1",TRUE,0.0592943604916157
"94597","Stromal","Stromal",TRUE,0.0635029126636639
"91518","CD4+_T_Cells","CD4+_T_Cells",TRUE,0.0509938135840026
"94774","Myoepi_ACTA2+","Myoepi_ACTA2+",TRUE,0
"95475","Macrophages_1","Macrophages_1",TRUE,0.0570277825814947
"94928","Stromal","Stromal",TRUE,0.119652932381739
"95469","CD4+_T_Cells","CD4+_T_Cells",TRUE,0.0679116253677008
"94781","Myoepi_ACTA2+","Myoepi_ACTA2+",TRUE,0.0443006768945317
"94798","Stromal","Stromal",TRUE,0.0436223463192633
"94614","Stromal","Stromal",TRUE,0.0345580088416657
"7406","Stromal","Stromal",TRUE,0.043669082294973
"90856","Macrophages_1","Macrophages_1",TRUE,0.211496238666982
"94831","Stromal","Stromal",TRUE,0
"94607","Stromal","Stromal",TRUE,0
"94758","Myoepi_ACTA2+","Myoepi_ACTA2+",TRUE,0.0402590382523423
"94768","DCIS 2","DCIS 2",TRUE,0.0155972317107378
"94964","B_Cells","B_Cells",TRUE,0.0656360871767404
"91506","Macrophages_1","Macrophages_1",TRUE,0.0919503364375509
"91525","Perivascular-Like","Perivascular-Like",TRUE,0.0637540567904482
"90819","Stromal","Stromal",TRUE,0.0762667221527992
"91474","Stromal","Stromal",TRUE,0.0571470694698495
"94923","Endothelial","Endothelial",TRUE,0.0102851128573669
"7376","Stromal","Stromal",TRUE,0
"94929","Endothelial","Endothelial",TRUE,0.0169025133834068
"95467","Stromal","Stromal",TRUE,0.133533653029928
"92226","Stromal","Stromal",TRUE,0
"94830","Stromal","Stromal",TRUE,0.0759054528211
"93982","Stromal","Stromal",TRUE,0
"90854","Stromal","Stromal",TRUE,0.0627452454514302
"91530","Endothelial","Endothelial",TRUE,0.558702194862712
"94639","Myoepi_ACTA2+","Myoepi_ACTA2+",TRUE,0.0123805491676601
"93978","Stromal","Stromal",TRUE,0
"90817","Stromal","Stromal",TRUE,0
"94743","Myoepi_ACTA2+","Myoepi_ACTA2+",TRUE,0.0200590672916022
"93792","Stromal","Stromal",TRUE,0.0682608806701746
"95487","Stromal","Stromal",TRUE,0
"94590","CD4+_T_Cells","CD4+_T_Cells",TRUE,0.0734982565850715
"94894","Stromal","Stromal",TRUE,0
"90835","Stromal","Stromal",TRUE,0.017023735867739
"91510","CD8+_T_Cells","CD8+_T_Cells",TRUE,0.0324823856393459
"94632","Myoepi_ACTA2+","Myoepi_ACTA2+",TRUE,0.0326725934818359
"93980","Stromal","Stromal",TRUE,0
"90866","Stromal","Stromal",TRUE,0.0529556800705682
"94645","Myoepi_ACTA2+","Myoepi_ACTA2+",TRUE,0.0548133149003466
"94793","Stromal","Stromal",TRUE,0.0126188701514252
"95483","Macrophages_1","Macrophages_1",TRUE,0.0712737022851913
"92227","Stromal","Stromal",TRUE,0.0507941850125908
"90822","Macrophages_1","Stromal",FALSE,1.17578431741681
"94912","Stromal","Stromal",TRUE,0.0473536493155024
"91485","Macrophages_2","Macrophages_2",TRUE,0.117902592369861
"95472","B_Cells","B_Cells",TRUE,0.348444002207523
"94748","Myoepi_KRT15+","Myoepi_KRT15+",TRUE,0.0345637899482876
"94905","Stromal","Stromal",TRUE,0
"90829","B_Cells","B_Cells",TRUE,0.0459585531752612
"94775","Myoepi_ACTA2+","Myoepi_ACTA2+",TRUE,0
"94909","Stromal","Stromal",TRUE,0
"95466","Stromal","Stromal",TRUE,0.104229565337962
"91494","Stromal","Stromal",TRUE,0.0272542549761121
"94591","Stromal","Stromal",TRUE,0
"91538","Stromal","Stromal",TRUE,0.0430775660674104
"95479","Stromal","Stromal",TRUE,0.055247406310362
"94930","Endothelial","Endothelial",TRUE,0
"94827","Stromal","Stromal",TRUE,0.0465766550070871
"90843","Stromal","Stromal",TRUE,0.065654876595507
"94829","Macrophages_2","Macrophages_2",TRUE,0.095479319147254
"90852","Stromal","Stromal",TRUE,0.0739263097278725
"93989","Stromal","Stromal",TRUE,0.0764800481259852
"94641","DCIS 2","DCIS 2",TRUE,0.0118509689806339
"94742","Myoepi_KRT15+","Myoepi_KRT15+",TRUE,0.0545123628130329
"91477","Stromal","Stromal",TRUE,0
"94594","Stromal","Stromal",TRUE,0
"90868","Stromal","Stromal",TRUE,0.0492718820897038
"94760","Myoepi_KRT15+","Myoepi_KRT15+",TRUE,0.0373709585056228
"91493","B_Cells","B_Cells",TRUE,0.0366560696968644
"94628","Stromal","Stromal",TRUE,0.0481878659127876
"91476","IRF7+_DCs","IRF7+_DCs",TRUE,0.0426879086665173
"94826","CD4+_T_Cells","Stromal",FALSE,0.0548053219175554
"91507","Macrophages_2","Macrophages_2",TRUE,0.0927263715090635
"94766","Myoepi_KRT15+","DCIS 2",FALSE,0.0401699605094189
"94622","Stromal","Stromal",TRUE,0
"94828","Stromal","Stromal",TRUE,0.0538360588505616
"94936","Stromal","Stromal",TRUE,0.063941565128613
"93785","B_Cells","B_Cells",TRUE,0.0803860231995887
"94926","Macrophages_1","Stromal",FALSE,0.0751383597250223
"91542","Macrophages_2","Macrophages_2",TRUE,0.208862508240706
"94609","Stromal","Stromal",TRUE,0.0431966791411323
"94941","B_Cells","B_Cells",TRUE,0.0384630322091471
"95490","Stromal","Stromal",TRUE,0.0410540087634682
"94787","DCIS 2","DCIS 2",TRUE,0.0265195468665936
"90815","CD4+_T_Cells","CD4+_T_Cells",TRUE,0.071850610529238
"94745","Myoepi_KRT15+","Myoepi_KRT15+",TRUE,0.565010682134307
"94631","Myoepi_ACTA2+","Myoepi_ACTA2+",TRUE,0.0308288314411392
"94800","Stromal","Stromal",TRUE,0.0157232907946989
"94791","Myoepi_ACTA2+","Myoepi_ACTA2+",TRUE,0.0256209218332867
"94771","DCIS 2","DCIS 2",TRUE,0.0198699733986874
"94741","Myoepi_KRT15+","Myoepi_KRT15+",TRUE,0.0302611930676425
"91521","Endothelial","Endothelial",TRUE,0.0213360937142092
"93801","Stromal","Stromal",TRUE,0.165390304567507
"91500","Macrophages_2","Macrophages_2",TRUE,0.115051862315508
"90873","Stromal","Stromal",TRUE,0.0723955103933401
"92225","Stromal","Stromal",TRUE,0.0629497724313312
"91532","Endothelial","Endothelial",TRUE,0
"94616","Stromal","Stromal",TRUE,0
"94636","Myoepi_ACTA2+","Myoepi_ACTA2+",TRUE,0.0413354122739394
"95477","Stromal","Stromal",TRUE,0
"94918","Stromal","Stromal",TRUE,0
"94825","Stromal","Stromal",TRUE,0
"91181","Stromal","Stromal",TRUE,0
"94033","Stromal","Stromal",TRUE,0.0722967914282254
"94934","Endothelial","Endothelial",TRUE,0.077796121890419
"90900","Stromal","Stromal",TRUE,0.201715071116552
"90816","Stromal","Stromal",TRUE,0.0698792962364261
"94598","Stromal","Stromal",TRUE,0.0512449169134318
"91516","Endothelial","Endothelial",TRUE,0.0964986116558292
"91544","B_Cells","B_Cells",TRUE,0.0323328507313944
"94795","Stromal","Stromal",TRUE,0.0114015663820054
"94756","Myoepi_KRT15+","Myoepi_KRT15+",TRUE,0.0348134361968237
"95496","Stromal","Stromal",TRUE,0.0655432732297401
"91479","Stromal","Stromal",TRUE,0.0322415865576793
"93979","Stromal","Stromal",TRUE,0.0734240988145925
"94822","Stromal","Stromal",TRUE,0.0716879782585171
"95488","Stromal","Stromal",TRUE,0.063640791901012
"94824","Stromal","Stromal",TRUE,0
"95463","Stromal","Stromal",TRUE,0.0347579428555977
"90912","Stromal","Stromal",TRUE,0.0935969170424882
"91547","Stromal","Stromal",TRUE,0.0150271678764617
"94648","Myoepi_KRT15+","Myoepi_KRT15+",TRUE,0.0537112490670236
"91088","Macrophages_2","Macrophages_2",TRUE,0.105227191610504
"94823","Stromal","Stromal",TRUE,0
"94629","Myoepi_ACTA2+","Myoepi_ACTA2+",TRUE,0.0441355619255426
"91451","Stromal","Stromal",TRUE,0.0320842072907743
"95491","CD4+_T_Cells","CD4+_T_Cells",TRUE,0.0608463713155613
"91508","Endothelial","Endothelial",TRUE,0.0434299828267742
"94887","Stromal","Stromal",TRUE,0
"95485","B_Cells","B_Cells",TRUE,0.0608191841908789
"95504","Macrophages_1","Macrophages_1",TRUE,0.0744658626800901
"94783","DCIS 2","DCIS 2",TRUE,0
"94932","Stromal","Stromal",TRUE,0.0268539478826489
"91487","Stromal","Stromal",TRUE,0
"94635","Myoepi_KRT15+","DCIS 2",FALSE,0.0386332723384293
"90925","Stromal","Stromal",TRUE,0.0374210889544093
"91465","Stromal","Stromal",TRUE,0.115132121391535
"94789","Myoepi_ACTA2+","Myoepi_ACTA2+",TRUE,0
"91083","B_Cells","B_Cells",TRUE,0.0500801174256092
"91497","CD4+_T_Cells","CD4+_T_Cells",TRUE,0.00568006251714293
"91537","Stromal","Stromal",TRUE,0.0684062279725653
"7358","Stromal","Stromal",TRUE,0.00566986172210933
"93796","Stromal","Stromal",TRUE,0.0436245805179219
"94747","Myoepi_KRT15+","Myoepi_KRT15+",TRUE,0.0311963261044709
"94624","Stromal","Stromal",TRUE,0.0535625246308925
"94939","B_Cells","B_Cells",TRUE,0.0627942704322181
"94603","Stromal","Stromal",TRUE,0
"94767","DCIS 2","DCIS 2",TRUE,0
"91499","Perivascular-Like","Perivascular-Like",TRUE,0.0673603900062321
"94914","Stromal","Stromal",TRUE,0.0241946160540641
"93818","Stromal","Stromal",TRUE,0
"93991","Stromal","Stromal",TRUE,0.0766396083452424
"93787","Stromal","Stromal",TRUE,0.0444007595059001
"91523","Endothelial","Endothelial",TRUE,0.0642996377785493
"95471","Stromal","Stromal",TRUE,0.580176552874539
"91071","Stromal","Stromal",TRUE,0.0625914314144155
"91471","Macrophages_2","Macrophages_2",TRUE,0.040617363368979
"94821","Stromal","Stromal",TRUE,0
"94801","Stromal","Stromal",TRUE,0.0168719043925238
"91068","IRF7+_DCs","IRF7+_DCs",TRUE,0.0593196710681405
"7592","Stromal","Stromal",TRUE,0
"91090","Stromal","Stromal",TRUE,0.0541512202757247
"91463","IRF7+_DCs","IRF7+_DCs",TRUE,0.0335770544646787
"94818","Stromal","Stromal",TRUE,0
"91176","Stromal","Stromal",TRUE,0
"90909","Stromal","Stromal",TRUE,0
"94940","CD4+_T_Cells","CD4+_T_Cells",TRUE,0.0543076632725824
"91495","Macrophages_1","Macrophages_1",TRUE,0.05148809648242
"95486","B_Cells","B_Cells",TRUE,0.0808383180910771
"91519","Endothelial","Endothelial",TRUE,0.0188848951027163
"94643","Myoepi_KRT15+","Myoepi_KRT15+",TRUE,0
"91454","Stromal","Stromal",TRUE,0.0812011693736976
"94927","Stromal","Stromal",TRUE,0
"95478","Stromal","Stromal",TRUE,0.0314722650066805
"95505","Macrophages_1","Macrophages_1",TRUE,0.0649839598951898
"90932","Macrophages_1","Macrophages_1",TRUE,0.0764444291865516
"95500","Stromal","Stromal",TRUE,0.286805371765732
"95495","Macrophages_2","Stromal",FALSE,0.142358557844377
"94790","DCIS 2","DCIS 2",TRUE,0.0226057189748992
"91489","Stromal","Stromal",TRUE,0.135043179205803
"94820","Stromal","Stromal",TRUE,0
"94817","Stromal","Stromal",TRUE,0
"91180","Stromal","Stromal",TRUE,0.17148874320792
"91179","Stromal","Stromal",TRUE,0.0367583388740986
"94776","DCIS 2","DCIS 2",TRUE,0.0264626422271209
"94634","DCIS 2","DCIS 2",TRUE,0.0422961477889607
"94749","Myoepi_KRT15+","Myoepi_KRT15+",TRUE,0.0204967966449848
"91502","Endothelial","Endothelial",TRUE,0.0453883396270938
"91488","Stromal","Stromal",TRUE,0
"94637","Myoepi_KRT15+","Myoepi_KRT15+",TRUE,0.00573145687276285
"95509","Stromal","Stromal",TRUE,0.0454091395094041
"91087","Stromal","Stromal",TRUE,0
"95489","Stromal","Stromal",TRUE,0.142584704626339
"91069","IRF7+_DCs","IRF7+_DCs",TRUE,0.0138360801723132
"94819","Stromal","Stromal",TRUE,0.0489397135636483
"90924","Stromal","Stromal",TRUE,0
"95502","Stromal","Stromal",TRUE,0.064116941882003
"7386","Stromal","Stromal",TRUE,0.127075233192945
"91458","Stromal","Stromal",TRUE,0.0989330886445118
"91496","Stromal","Stromal",TRUE,0.028589523255795
"94944","Stromal","Stromal",TRUE,0.0459596313305318
"94623","Myoepi_ACTA2+","Myoepi_ACTA2+",TRUE,0.0290227529244428
"91081","B_Cells","B_Cells",TRUE,0.0545251113715146
"91483","Stromal","Stromal",TRUE,0.08268515188134
"94782","Myoepi_ACTA2+","Myoepi_ACTA2+",TRUE,0.00560945659768969
"93790","Stromal","Stromal",TRUE,0
"94962","B_Cells","B_Cells",TRUE,0.0543068257950924
"91159","Stromal","Stromal",TRUE,0.039042089661292
"94611","Stromal","Stromal",TRUE,0.128671596132154
"94942","Macrophages_1","Macrophages_1",TRUE,0.0830523627112262
"94617","Stromal","Stromal",TRUE,0.0846274830981629
"91050","Macrophages_1","Macrophages_1",TRUE,0.0289350752070637
"91178","Stromal","Stromal",TRUE,0.0817516432264837
"94592","Stromal","Stromal",TRUE,0.0354858833195384
"95473","Stromal","Stromal",TRUE,0.0511563884822381
"94521","Myoepi_KRT15+","Myoepi_KRT15+",TRUE,0
"94803","Stromal","Stromal",TRUE,0.0441147280693772
"94796","Myoepi_ACTA2+","Myoepi_ACTA2+",TRUE,0.0414478862024691
"94529","Myoepi_ACTA2+","Myoepi_ACTA2+",TRUE,0.0281548888994733
"91089","Stromal","Stromal",TRUE,0.0357588882429049
"91435","Stromal","Stromal",TRUE,0
"92198","Stromal","Stromal",TRUE,0.0676657559877072
"91459","B_Cells","B_Cells",TRUE,0.0558840903609822
"95499","Stromal","Stromal",TRUE,0.0537869899704528
"90895","Stromal","Stromal",TRUE,0.0500254129400329
"91503","Stromal","Stromal",TRUE,0.0613345157254865
"90306","Stromal","Stromal",TRUE,0.00932340322722092
"91067","Macrophages_2","Macrophages_1",FALSE,1.47689911663871
"91472","Stromal","Stromal",TRUE,0.117765553078281
"94948","Stromal","Stromal",TRUE,0
"93983","Macrophages_2","Stromal",FALSE,0.10405757443844
"91464","Stromal","Stromal",TRUE,0.0551592486694332
"90282","Macrophages_1","Macrophages_1",TRUE,0.0629246227567019
"94816","Stromal","Stromal",TRUE,0
"94938","Stromal","Stromal",TRUE,0
"91047","Macrophages_2","Macrophages_1",FALSE,1.72203288354461
"93800","Macrophages_2","Macrophages_2",TRUE,0.125287098027857
"93981","Stromal","Stromal",TRUE,0
"91490","Perivascular-Like","Perivascular-Like",TRUE,0.0745885787950881
"95510","Macrophages_1","Stromal",FALSE,0.0713314917245571
"94531","DCIS 2","DCIS 2",TRUE,0.00268855239687477
"91515","Perivascular-Like","Perivascular-Like",TRUE,0.0285788615063767
"94463","Myoepi_KRT15+","Myoepi_KRT15+",TRUE,0.0453196793503258
"91078","IRF7+_DCs","IRF7+_DCs",TRUE,0.0237655618592438
"94465","Myoepi_KRT15+","Myoepi_KRT15+",TRUE,0
"95506","Stromal","Stromal",TRUE,0.0604207818910793
"93826","Stromal","Stromal",TRUE,0.0221848011331093
"91456","CD8+_T_Cells","CD8+_T_Cells",TRUE,0.0383902076995533
"91172","B_Cells","B_Cells",TRUE,0.056052499520603
"90914","CD4+_T_Cells","CD4+_T_Cells",TRUE,0.0652824692765327
"91447","Stromal","Stromal",TRUE,0.104902289784169
"94804","Myoepi_ACTA2+","Myoepi_ACTA2+",TRUE,0
"94807","Myoepi_ACTA2+","Myoepi_ACTA2+",TRUE,0
"91053","CD8+_T_Cells","CD8+_T_Cells",TRUE,0.051737521465081
"93810","Stromal","Stromal",TRUE,0.0865432725754599
"94806","Myoepi_ACTA2+","Myoepi_ACTA2+",TRUE,0.0105989536879899
"94815","Stromal","Stromal",TRUE,0.033513054471176
"91455","CD4+_T_Cells","CD4+_T_Cells",TRUE,0.0305780132727864
"91177","Macrophages_1","Macrophages_1",TRUE,0.0761585543187446
"94805","Myoepi_ACTA2+","Myoepi_ACTA2+",TRUE,0
"94517","Myoepi_KRT15+","Myoepi_KRT15+",TRUE,0.275276351860042
"94620","Myoepi_ACTA2+","Myoepi_ACTA2+",TRUE,0.0232268147320162
"91156","Macrophages_2","Stromal",FALSE,0.129377996771175
"95481","Stromal","Stromal",TRUE,0.0380874298118063
"95961","Stromal","Stromal",TRUE,0.0599809260053694
"91163","Stromal","Stromal",TRUE,0.0631927226180383
"95958","Stromal","Stromal",TRUE,0
"93789","Stromal","Stromal",TRUE,0.0723134653288465
"91065","Stromal","Stromal",TRUE,0.0274835007785532
"90927","Mast_Cells","Mast_Cells",TRUE,0.0198910368258976
"95514","Macrophages_1","Macrophages_1",TRUE,0.0842252306449529
"94532","Myoepi_KRT15+","Myoepi_KRT15+",TRUE,0.0311340476824414
"95503","Stromal","Stromal",TRUE,0.0408466017637655
"91063","Macrophages_2","Stromal",FALSE,0.14866708656174
"90941","Stromal","Stromal",TRUE,0.0330324364832581
"95494","Stromal","Stromal",TRUE,0
"91167","CD4+_T_Cells","CD4+_T_Cells",TRUE,0.041784377857975
"94606","Stromal","Stromal",TRUE,0.319482029399677
"91468","Stromal","Stromal",TRUE,0.0196560680120309
"90292","Stromal","Stromal",TRUE,0.0261820105398027
"93827","Stromal","Stromal",TRUE,0.119162413525478
"7370","Stromal","Stromal",TRUE,0
"91473","Perivascular-Like","Perivascular-Like",TRUE,0
"95957","Macrophages_2","Macrophages_2",TRUE,0.106796619492002
"90917","Stromal","Stromal",TRUE,0
"94538","Myoepi_ACTA2+","Myoepi_ACTA2+",TRUE,0
"94467","Myoepi_KRT15+","Myoepi_KRT15+",TRUE,0.0485043512498837
"95468","Stromal","Stromal",TRUE,0
"94949","Stromal","Stromal",TRUE,0.0220878104733024
"92183","Stromal","Stromal",TRUE,0.0507011496195678
"91174","Macrophages_1","Stromal",FALSE,0.0894676616249479
"91448","B_Cells","B_Cells",TRUE,0.0422995970351334
"91080","B_Cells","Stromal",FALSE,0.0675976420133159
"91481","Perivascular-Like","Perivascular-Like",TRUE,0
"91173","CD4+_T_Cells","CD4+_T_Cells",TRUE,0.0485939154479658
"91585","Stromal","Stromal",TRUE,0.0511943283214891
"91055","B_Cells","B_Cells",TRUE,0.0507678245097986
"91444","Macrophages_2","Macrophages_2",TRUE,0.145676405948932
"91170","Stromal","Stromal",TRUE,0.0378630120610987
"91492","Stromal","Stromal",TRUE,0.00670109059225141
"91453","Stromal","Stromal",TRUE,0
"7395","Stromal","Stromal",TRUE,0.122876603484578
"94802","Stromal","Stromal",TRUE,0.0213177707199068
"94812","Myoepi_ACTA2+","Myoepi_ACTA2+",TRUE,0.136279204358289
"95513","B_Cells","B_Cells",TRUE,0.0733908204520079
"94935","Stromal","Stromal",TRUE,0
"94468","Myoepi_KRT15+","Myoepi_KRT15+",TRUE,0
"91475","Perivascular-Like","Perivascular-Like",TRUE,0.04148487960099
"91038","Macrophages_2","Macrophages_2",TRUE,0.156459999816749
"94470","Myoepi_ACTA2+","Myoepi_ACTA2+",TRUE,0.011941660883977
"90894","CD8+_T_Cells","CD8+_T_Cells",TRUE,0.0872895784837638
"93798","Stromal","Stromal",TRUE,0.0244690097318263
"94462","Myoepi_ACTA2+","Myoepi_ACTA2+",TRUE,0.056451100048253
"7391","Macrophages_1","Macrophages_1",TRUE,0.10597534756602
"94466","DCIS 2","DCIS 2",TRUE,0.0267058255918677
"90333","Stromal","Stromal",TRUE,0
"91638","CD8+_T_Cells","CD8+_T_Cells",TRUE,0.318793491577958
"94596","Stromal","Stromal",TRUE,0
"94518","Myoepi_ACTA2+","Myoepi_ACTA2+",TRUE,0.0319626822163219
"94808","Myoepi_ACTA2+","Myoepi_ACTA2+",TRUE,0.174121416820195
"91162","Endothelial","Endothelial",TRUE,0.02450237508375
"94813","Myoepi_ACTA2+","Myoepi_ACTA2+",TRUE,0
"94530","Myoepi_ACTA2+","Myoepi_ACTA2+",TRUE,0.123698153856704
"91450","IRF7+_DCs","IRF7+_DCs",TRUE,0.0447061929512089
"95528","Stromal","Stromal",TRUE,0
"94473","Myoepi_ACTA2+","Myoepi_ACTA2+",TRUE,0.041428720547392
"90933","Stromal","Stromal",TRUE,0.0311974653443314
"91484","Perivascular-Like","Perivascular-Like",TRUE,0
"94946","Stromal","Stromal",TRUE,0
"94811","Myoepi_ACTA2+","Myoepi_ACTA2+",TRUE,0.0480039531318264
"94945","Stromal","Stromal",TRUE,0
"95519","CD8+_T_Cells","CD8+_T_Cells",TRUE,0.0688429102806263
"94814","Myoepi_ACTA2+","Myoepi_ACTA2+",TRUE,0.00202132233995017
"93797","Stromal","Stromal",TRUE,0.0427622985239168
"90309","Macrophages_1","Macrophages_1",TRUE,0.017051394070401
"91632","CD8+_T_Cells","CD8+_T_Cells",TRUE,0.0927939113066424
"95482","Stromal","Stromal",TRUE,0.0502892703564847
"91617","IRF7+_DCs","IRF7+_DCs",TRUE,0.0823819726165386
"91051","B_Cells","B_Cells",TRUE,0.0673086108234017
"94951","Stromal","Stromal",TRUE,0.0164341825333496
"91148","Macrophages_2","Macrophages_2",TRUE,0.039722789873499
"90303","Macrophages_2","Macrophages_2",TRUE,0.0524353931096948
"95507","CD8+_T_Cells","CD8+_T_Cells",TRUE,0.0577375513515039
"94527","Myoepi_ACTA2+","Myoepi_ACTA2+",TRUE,0.0118394219244981
"94464","Stromal","Stromal",TRUE,0.0479048003228106
"91171","Macrophages_2","CD4+_T_Cells",FALSE,1.03693331233967
"94943","Stromal","Stromal",TRUE,0
"90277","CD4+_T_Cells","CD4+_T_Cells",TRUE,0.015159511783742
"91045","B_Cells","B_Cells",TRUE,0.020659361613205
"90899","Macrophages_1","Macrophages_1",TRUE,0.0672914944187681
"94475","Myoepi_ACTA2+","Myoepi_ACTA2+",TRUE,0.0278567142176729
"90920","Stromal","Stromal",TRUE,0.0397457993725784
"91470","Endothelial","Endothelial",TRUE,0.0677073853839947
"95476","Stromal","Stromal",TRUE,0.0741834122797091
"91141","CD8+_T_Cells","CD8+_T_Cells",TRUE,0.0269536483909958
"95956","Stromal","Stromal",TRUE,0.0624810714136273
"95492","Stromal","Stromal",TRUE,0
"91161","Endothelial","Endothelial",TRUE,0.0191419630084979
"91462","Endothelial","Endothelial",TRUE,0.0364569550304342
"95512","Stromal","Stromal",TRUE,0.0387395892024385
"93812","Macrophages_1","Macrophages_1",TRUE,0.0607180059678072
"91073","B_Cells","B_Cells",TRUE,0.148411729848075
"91446","B_Cells","B_Cells",TRUE,0.0716059125917008
"95959","Stromal","Stromal",TRUE,0.0513032994210225
"94810","Myoepi_ACTA2+","Myoepi_ACTA2+",TRUE,0.0278485507473513
"94519","Myoepi_KRT15+","Myoepi_KRT15+",TRUE,0.0479322813774957
"91136","Stromal","Stromal",TRUE,0.0683118891823138
"91039","Macrophages_1","Macrophages_1",TRUE,0.0431853281493526
"91452","Stromal","Stromal",TRUE,0.112199777821076
"91079","B_Cells","B_Cells",TRUE,0.037321803905774
"7397","Stromal","Stromal",TRUE,0
"95954","Stromal","Stromal",TRUE,0.0548379738459893
"91582","Stromal","Stromal",TRUE,0.0988058956737333
"91441","CD8+_T_Cells","CD8+_T_Cells",TRUE,0.0654628544475208
"94469","Myoepi_ACTA2+","Myoepi_ACTA2+",TRUE,0
"91175","Macrophages_1","Macrophages_1",TRUE,0.0398500466855318
"90295","CD4+_T_Cells","CD4+_T_Cells",TRUE,0.791568940320306
"91086","Stromal","Stromal",TRUE,0.350120669357358
"93817","B_Cells","B_Cells",TRUE,0.072775037057257
"94956","B_Cells","B_Cells",TRUE,0.0904488162487475
"94477","Myoepi_ACTA2+","Myoepi_ACTA2+",TRUE,0.0380368989007835
"94809","Myoepi_ACTA2+","Myoepi_ACTA2+",TRUE,0
"90930","CD8+_T_Cells","CD8+_T_Cells",TRUE,0.872144892431496
"91058","B_Cells","B_Cells",TRUE,0.0377309508803463
"91164","Perivascular-Like","Perivascular-Like",TRUE,0.0207732933021131
"94537","Myoepi_ACTA2+","Myoepi_ACTA2+",TRUE,0.00339812733657395
"94476","Myoepi_ACTA2+","Myoepi_ACTA2+",TRUE,0
"95952","Stromal","Stromal",TRUE,0.0613992285374184
"92213","Stromal","Stromal",TRUE,0.0406939315946123
"91581","Macrophages_2","Macrophages_1",FALSE,1.10742354134647
"93990","Stromal","Stromal",TRUE,0
"93802","Stromal","Stromal",TRUE,0.121366937166258
"90915","Stromal","Stromal",TRUE,0.0415397768598062
"92206","Macrophages_1","Macrophages_1",TRUE,0.00591903102228358
"95501","Stromal","Stromal",TRUE,0
"91168","CD4+_T_Cells","CD4+_T_Cells",TRUE,0.0553338019164202
"90943","B_Cells","B_Cells",TRUE,0.0542168329339376
"95527","Macrophages_1","Macrophages_1",TRUE,0.0875477709628287
"95520","CD8+_T_Cells","CD8+_T_Cells",TRUE,0.00618987157313955
"94543","DCIS 2","DCIS 2",TRUE,0.0125963600825668
"7357","Macrophages_1","Macrophages_1",TRUE,0.0849378726940906
"91466","Perivascular-Like","Perivascular-Like",TRUE,0
"91139","CD4+_T_Cells","CD4+_T_Cells",TRUE,0.433677099304868
"91480","Macrophages_2","Macrophages_2",TRUE,0.0971409712503384
"90936","Macrophages_1","Macrophages_1",TRUE,0.0334742823665191
"95511","B_Cells","B_Cells",TRUE,0.0741174474227051
"94588","Stromal","Stromal",TRUE,0.0368629459410219
"91146","Endothelial","Endothelial",TRUE,0.0153220097307721
"94289","Macrophages_1","Macrophages_1",TRUE,0.00545989170465785
"95951","Stromal","Stromal",TRUE,0
"93988","Stromal","Stromal",TRUE,0.0330754965364397
"95524","Stromal","Stromal",TRUE,0.0447447056725961
"91457","Perivascular-Like","Perivascular-Like",TRUE,0.0700765069915277
"91443","IRF7+_DCs","IRF7+_DCs",TRUE,0.0718144444591326
"93840","Stromal","Stromal",TRUE,0.0578135952243366
"90901","B_Cells","B_Cells",TRUE,0.00258883224322548
"91149","CD8+_T_Cells","CD8+_T_Cells",TRUE,0.00869273166551693
"91157","Endothelial","Endothelial",TRUE,0
"90928","Macrophages_2","Macrophages_2",TRUE,0.130636548051555
"90329","Endothelial","Endothelial",TRUE,0.266615848620898
"91082","B_Cells","B_Cells",TRUE,0.435064248530814
"91482","Stromal","Stromal",TRUE,0.351615658435227
"91142","CD4+_T_Cells","CD4+_T_Cells",TRUE,0.0265054547933846
"91169","CD4+_T_Cells","CD4+_T_Cells",TRUE,0.00437479364815396
"94479","Myoepi_ACTA2+","Myoepi_ACTA2+",TRUE,0.0310631798393883
"92189","CD4+_T_Cells","CD4+_T_Cells",TRUE,0.0604375629984889
"91467","Perivascular-Like","Perivascular-Like",TRUE,0.950707004748468
"91621","B_Cells","Stromal",FALSE,0.0724649246597879
"91439","B_Cells","B_Cells",TRUE,0.0808999863505004
"93835","Stromal","Stromal",TRUE,0
"94284","DCIS 2","DCIS 2",TRUE,0.0664806361024357
"95949","Stromal","Stromal",TRUE,0.0907848766279601
"91135","CD4+_T_Cells","CD4+_T_Cells",TRUE,0.0262524734402967
"95537","Stromal","Stromal",TRUE,0
"94480","Myoepi_KRT15+","Myoepi_KRT15+",TRUE,0.0407461314921849
"94287","Myoepi_ACTA2+","Myoepi_ACTA2+",TRUE,0.00546129551188355
"92200","CD8+_T_Cells","CD8+_T_Cells",TRUE,0.00209292660933338
"91438","Stromal","Stromal",TRUE,0
"94524","Myoepi_ACTA2+","Myoepi_ACTA2+",TRUE,0.610441199138028
"94954","B_Cells","B_Cells",TRUE,0.0539040235115104
"91070","Stromal","Stromal",TRUE,0.05427646410462
"91614","B_Cells","B_Cells",TRUE,0
"91044","Stromal","Stromal",TRUE,0.0922933845731471
"95484","CD8+_T_Cells","CD8+_T_Cells",TRUE,0.061774295734835
"95498","Stromal","Stromal",TRUE,0.0522954132759831
"91578","Stromal","Stromal",TRUE,0
"94474","Myoepi_ACTA2+","Myoepi_ACTA2+",TRUE,0.0296045390002201
"91635","Macrophages_2","Macrophages_1",FALSE,1.71327225067275
"90908","Stromal","Stromal",TRUE,0.0619830811744085
"95540","Stromal","Stromal",TRUE,0.0354169799507262
"90330","Stromal","Stromal",TRUE,0.0248854895746078
"94947","Stromal","Stromal",TRUE,0
"94961","Endothelial","Endothelial",TRUE,0.0603143281674447
"7387","Stromal","Stromal",TRUE,0.0185871917588987
"94478","Myoepi_ACTA2+","Myoepi_ACTA2+",TRUE,0.0402261166148871
"90332","Stromal","Stromal",TRUE,0.0429579355594497
"90331","Macrophages_2","Macrophages_2",TRUE,0.103098867424402
"91064","B_Cells","B_Cells",TRUE,0.0549726467593144
"93799","Stromal","Stromal",TRUE,0
"91084","B_Cells","B_Cells",TRUE,0.0439193873516181
"91460","Perivascular-Like","Perivascular-Like",TRUE,0.0765017650041802
"94952","Stromal","Stromal",TRUE,0.0128602960785841
"91610","Stromal","Stromal",TRUE,0.0582640566011592
"95955","Stromal","Stromal",TRUE,0
"94290","Myoepi_ACTA2+","Myoepi_ACTA2+",TRUE,0.0642384768667998
"94029","Stromal","Stromal",TRUE,0.115298256094435
"95515","CD4+_T_Cells","CD4+_T_Cells",TRUE,0.0182429206350675
"91166","CD4+_T_Cells","CD4+_T_Cells",TRUE,0.0408657831036925
"94291","Myoepi_ACTA2+","Myoepi_ACTA2+",TRUE,0.0621401969268078
"91445","Stromal","Stromal",TRUE,0.0734483530590026
"95521","Stromal","Stromal",TRUE,0.0556919314628911
"94528","Myoepi_KRT15+","Myoepi_KRT15+",TRUE,0.0314354755327279
"90944","Perivascular-Like","Perivascular-Like",TRUE,0.0127532241709801
"95947","B_Cells","B_Cells",TRUE,0.0705743863677019
"95530","Stromal","Stromal",TRUE,0.0425886162656534
"94472","Stromal","Stromal",TRUE,0.0627090103645389
"94285","Myoepi_ACTA2+","Myoepi_ACTA2+",TRUE,0.0696512378165568
"94958","Stromal","Stromal",TRUE,0.0735566131538665
"90923","Macrophages_1","Macrophages_1",TRUE,0.0400930000738622
"91138","Perivascular-Like","Perivascular-Like",TRUE,0.027762303812386
"95493","Stromal","Stromal",TRUE,0
"90898","Stromal","Stromal",TRUE,0.0609097761473423
"95960","B_Cells","B_Cells",TRUE,0.0497142049511361
"91077","Macrophages_2","Macrophages_2",TRUE,0.113106735242607
"94286","Myoepi_ACTA2+","DCIS 2",FALSE,0.0305199431066363
"90302","Endothelial","Endothelial",TRUE,0.176350226312632
"95953","Stromal","Stromal",TRUE,0
"95516","Stromal","Stromal",TRUE,0.0184238064663466
"91143","Endothelial","Endothelial",TRUE,0
"94536","Myoepi_ACTA2+","Myoepi_ACTA2+",TRUE,0.0670636587898633
"91623","Stromal","Stromal",TRUE,0.0510348870462632
"92192","CD4+_T_Cells","CD4+_T_Cells",TRUE,0.00557887191147889
"91158","CD4+_T_Cells","CD4+_T_Cells",TRUE,0.01389052837933
"94485","Myoepi_ACTA2+","Myoepi_ACTA2+",TRUE,0.016897951411581
"95950","Stromal","Stromal",TRUE,0.0189117138246846
"91122","Macrophages_2","Macrophages_1",FALSE,2
"92218","Perivascular-Like","Perivascular-Like",TRUE,0.0414123564301302
"90906","Macrophages_2","Macrophages_2",TRUE,0.0649796557584368
"92205","CD4+_T_Cells","CD4+_T_Cells",TRUE,0
"90278","Perivascular-Like","Perivascular-Like",TRUE,0.0364428410852485
"90328","Endothelial","Endothelial",TRUE,0
"91129","LAMP3+_DCs","LAMP3+_DCs",TRUE,0.551606128031581
"94481","Myoepi_ACTA2+","Myoepi_ACTA2+",TRUE,0.630690239355829
"93992","Stromal","Stromal",TRUE,0.043753127464902
"95946","Stromal","Stromal",TRUE,0.117929407999942
"92187","CD4+_T_Cells","CD4+_T_Cells",TRUE,0
"91147","Perivascular-Like","Perivascular-Like",TRUE,0.046526578038508
"93809","Stromal","Stromal",TRUE,0
"91144","Endothelial","Endothelial",TRUE,0
"94471","Stromal","Stromal",TRUE,0.0692279897603316
"91613","B_Cells","B_Cells",TRUE,0.00451696457316569
"90937","Endothelial","Endothelial",TRUE,0.0468416144828359
"94542","Myoepi_ACTA2+","Myoepi_KRT15+",FALSE,0.063103291492899
"94295","Myoepi_ACTA2+","Myoepi_ACTA2+",TRUE,0.00460997362454882
"94959","Stromal","Stromal",TRUE,0.114186415154468
"91573","Stromal","Stromal",TRUE,0
"94486","Myoepi_KRT15+","Myoepi_KRT15+",TRUE,0.0674120211949142
"91160","CD4+_T_Cells","CD4+_T_Cells",TRUE,0.0372091064508139
"94296","Myoepi_ACTA2+","Myoepi_ACTA2+",TRUE,0.00323793345235622
"91134","Perivascular-Like","Perivascular-Like",TRUE,0.0750128125927408
"91631","Stromal","Stromal",TRUE,0
"94955","Stromal","Stromal",TRUE,0.00562028523546726
"95541","Stromal","Stromal",TRUE,0
"94293","Myoepi_ACTA2+","Myoepi_ACTA2+",TRUE,0.00227256164597917
"93819","B_Cells","B_Cells",TRUE,0.0646425161443809
"91606","Stromal","Stromal",TRUE,0.0835303357837472
"91040","Macrophages_1","Macrophages_1",TRUE,0.0318304945531964
"93788","Stromal","Stromal",TRUE,0.0577428321536585
"94298","DCIS 2","DCIS 2",TRUE,0.0192991589634032
"92214","Perivascular-Like","Perivascular-Like",TRUE,0.021092644028172
"95939","Stromal","Stromal",TRUE,0.101323058606951
"95523","CD8+_T_Cells","CD8+_T_Cells",TRUE,0.0612093686027397
"91461","Stromal","Stromal",TRUE,0.0353177255125821
"91075","B_Cells","B_Cells",TRUE,0.0589613412612517
"94950","Stromal","Stromal",TRUE,0.0814751686380837
"94535","Myoepi_KRT15+","Myoepi_KRT15+",TRUE,0
"94525","Myoepi_KRT15+","Myoepi_KRT15+",TRUE,0.0269722432067496
"93824","Macrophages_2","Macrophages_1",FALSE,1.25726761409872
"91577","Stromal","Stromal",TRUE,0
"90929","Perivascular-Like","Perivascular-Like",TRUE,0.029911057738374
"91133","CD4+_T_Cells","CD4+_T_Cells",TRUE,0.0117502654493672
"91437","Macrophages_2","Macrophages_2",TRUE,0.123324220451062
"93794","Stromal","Stromal",TRUE,0.0314540084060475
"95508","Stromal","Stromal",TRUE,0
"94482","DCIS 2","DCIS 2",TRUE,0.020777177537987
"95535","B_Cells","B_Cells",TRUE,0.0625587377316527
"91061","Stromal","Stromal",TRUE,0.0597027841825378
"95538","Stromal","Stromal",TRUE,0.183492043176458
"90921","Stromal","Stromal",TRUE,0.0587515513981635
"94301","Myoepi_ACTA2+","Myoepi_ACTA2+",TRUE,0.0622266345715141
"91576","Macrophages_2","Stromal",FALSE,0.107738679247552
"94300","DCIS 2","DCIS 2",TRUE,0
"91150","CD4+_T_Cells","CD4+_T_Cells",TRUE,0
"95552","Stromal","Stromal",TRUE,0
"7393","Stromal","Stromal",TRUE,0.10175787943126
"90325","Endothelial","Endothelial",TRUE,0.0686347810746347
"95517","Endothelial","Endothelial",TRUE,0.0204952648931427
"92210","CD4+_T_Cells","CD4+_T_Cells",TRUE,0.0187057723720468
"91622","Stromal","Stromal",TRUE,0.0624609172609406
"91469","Stromal","Stromal",TRUE,0.0465007881310435
"94030","Stromal","Stromal",TRUE,0.105842784829218
"92191","CD4+_T_Cells","CD4+_T_Cells",TRUE,0.0086430145852549
"91440","Macrophages_2","Macrophages_2",TRUE,0.107520200540782
"91085","CD8+_T_Cells","CD8+_T_Cells",TRUE,0.0601715301851649
"95945","Macrophages_2","Stromal",FALSE,0.137989396843247
"95529","Stromal","Stromal",TRUE,0.0408678328138449
"90322","Endothelial","Endothelial",TRUE,0.0564522203053299
"92204","CD4+_T_Cells","CD4+_T_Cells",TRUE,0.00883612164701675
"91637","Macrophages_1","Macrophages_1",TRUE,0.675578856495461
"92179","CD4+_T_Cells","CD4+_T_Cells",TRUE,0.0253587456161946
"91145","CD4+_T_Cells","CD4+_T_Cells",TRUE,0.00652780285517002
"91608","Macrophages_1","Stromal",FALSE,0.0909609059039753
"93448","Stromal","Stromal",TRUE,0.201355099635733
"93839","Stromal","Stromal",TRUE,0
"90905","Stromal","Stromal",TRUE,0.0577911781302949
"95795","Macrophages_2","Stromal",FALSE,0.150143002206392
"94292","DCIS 2","DCIS 2",TRUE,0.0275934159293781
"90893","Macrophages_2","Stromal",FALSE,0.115979750564993
"93830","Stromal","Stromal",TRUE,0.0750191708390933
"95526","CD8+_T_Cells","CD8+_T_Cells",TRUE,0.0631379830948801
"91630","Stromal","Stromal",TRUE,0.0440051716007975
"91152","B_Cells","B_Cells",TRUE,0.0225372541025225
"91117","Perivascular-Like","Stromal",FALSE,0.0513416743220917
"95948","Stromal","Stromal",TRUE,0.0804334301274534
"94491","Myoepi_KRT15+","Myoepi_KRT15+",TRUE,0.0591155837503819
"95791","B_Cells","B_Cells",TRUE,0.0748589554649253
"91116","Perivascular-Like","Perivascular-Like",TRUE,0.0299367721104151
"91128","Perivascular-Like","Perivascular-Like",TRUE,0.0062453995619072
"94483","Macrophages_1","Macrophages_1",TRUE,0.0137081622994295
"90276","Endothelial","Endothelial",TRUE,0.0178461207851083
"94540","DCIS 2","DCIS 2",TRUE,0.013955316870257
"91119","Stromal","Stromal",TRUE,0.0530231288007328
"93786","B_Cells","B_Cells",TRUE,0.0565056120685726
"93822","Stromal","Stromal",TRUE,0
"93783","Stromal","Stromal",TRUE,0
"95941","Stromal","Stromal",TRUE,0.0889453424196679
"91072","Macrophages_1","Macrophages_1",TRUE,0.0539995992531591
"90904","Stromal","Stromal",TRUE,0
"94957","Stromal","Stromal",TRUE,0
"91121","Macrophages_1","Macrophages_1",TRUE,0.0609665851877359
"91624","B_Cells","B_Cells",TRUE,0.0742407611573292
"91054","IRF7+_DCs","IRF7+_DCs",TRUE,0.0469039128708298
"90940","Endothelial","Endothelial",TRUE,0.0443922754152508
"91611","Stromal","Stromal",TRUE,0.0769721339016131
"91042","Macrophages_2","Macrophages_2",TRUE,0.162505881366851
"91137","CD4+_T_Cells","CD4+_T_Cells",TRUE,0.0184907946363622
"91442","Stromal","Stromal",TRUE,0.0622158809091396
"95553","Macrophages_1","Macrophages_1",TRUE,0.00634367691017956
"90298","Endothelial","Endothelial",TRUE,0
"94489","Myoepi_ACTA2+","Myoepi_ACTA2+",TRUE,0.00801013311782883
"90326","Endothelial","Endothelial",TRUE,0.0633028200008568
"95942","Stromal","Stromal",TRUE,0.125622396427093
"93999","Stromal","Stromal",TRUE,0
"95789","Stromal","Stromal",TRUE,0.0897886088473778
"94523","Myoepi_KRT15+","Myoepi_KRT15+",TRUE,0
"91127","CD4+_T_Cells","CD4+_T_Cells",TRUE,0.0532675456896744
"92193","CD4+_T_Cells","CD4+_T_Cells",TRUE,0
"90896","Stromal","Stromal",TRUE,0.0594831746906514
"94302","Myoepi_ACTA2+","Myoepi_ACTA2+",TRUE,0.010501484378737
"91049","CD8+_T_Cells","CD8+_T_Cells",TRUE,0.0414724341363313
"95935","Stromal","Stromal",TRUE,0
"94534","Myoepi_KRT15+","Myoepi_KRT15+",TRUE,0.0394803847036436
"93811","Stromal","Stromal",TRUE,0.0435688567737802
"94492","Myoepi_ACTA2+","Myoepi_KRT15+",FALSE,1.20171275769116
"90327","Stromal","Stromal",TRUE,0
"95938","Stromal","Stromal",TRUE,0
"92219","Endothelial","Endothelial",TRUE,0.166718006105915
"94299","Myoepi_ACTA2+","Myoepi_ACTA2+",TRUE,0.480955732222082
"94294","Stromal","Stromal",TRUE,0.109826616443124
"91572","Stromal","Stromal",TRUE,0.0551013558757232
"91571","Macrophages_2","Stromal",FALSE,0.13944373615764
"91057","CD8+_T_Cells","CD8+_T_Cells",TRUE,0.0677910075913821
"91620","Macrophages_2","Macrophages_2",TRUE,0.121575139261651
"94484","Stromal","Stromal",TRUE,0.0502019932815415
"94001","Stromal","Stromal",TRUE,0
"92211","Perivascular-Like","Perivascular-Like",TRUE,0.0297450063653379
"95522","Endothelial","Endothelial",TRUE,0.00424901882424614
"94487","Myoepi_ACTA2+","Myoepi_ACTA2+",TRUE,0.0478239457654943
"91115","Perivascular-Like","Perivascular-Like",TRUE,0.0362350647936181
"94493","Myoepi_ACTA2+","Myoepi_ACTA2+",TRUE,0
"91140","CD4+_T_Cells","CD4+_T_Cells",TRUE,0.00735429716734909
"92181","CD8+_T_Cells","CD8+_T_Cells",TRUE,0.0495541699509552
"95525","Endothelial","Endothelial",TRUE,0
"91125","CD4+_T_Cells","CD4+_T_Cells",TRUE,0.0534797149304642
"94288","Stromal","Stromal",TRUE,0.0707433344226374
"90274","Macrophages_1","Macrophages_1",TRUE,0.00377242648507453
"95802","Macrophages_1","Macrophages_1",TRUE,0.0962243234889457
"94303","DCIS 2","DCIS 2",TRUE,0.00133170626548848
"92197","Perivascular-Like","Perivascular-Like",TRUE,0.0336224713164297
"95533","Macrophages_1","Macrophages_1",TRUE,0.00562522548841798
"94953","Stromal","Stromal",TRUE,0.0415353046134493
"91132","CD4+_T_Cells","CD4+_T_Cells",TRUE,0.527279541482963
"94309","Myoepi_KRT15+","Myoepi_KRT15+",TRUE,0.0435683873742591
"90903","B_Cells","Stromal",FALSE,0.0689526384372262
"91436","Stromal","Stromal",TRUE,0.0956822237441643
"95937","Stromal","Stromal",TRUE,0
"94963","Stromal","Stromal",TRUE,0
"90324","Stromal","Stromal",TRUE,0
"93828","Stromal","Stromal",TRUE,0.0265993840880469
"91628","Stromal","Stromal",TRUE,0.0741355514791165
"91636","CD4+_T_Cells","CD4+_T_Cells",TRUE,0
"91130","CD4+_T_Cells","CD4+_T_Cells",TRUE,0.0493734901488585
"90305","Perivascular-Like","Perivascular-Like",TRUE,0.0216632302164831
"94490","Myoepi_ACTA2+","Myoepi_ACTA2+",TRUE,0.00320654799462015
"94310","Myoepi_KRT15+","Myoepi_KRT15+",TRUE,0
"91569","CD8+_T_Cells","CD8+_T_Cells",TRUE,0.0673643158091513
"95556","Macrophages_1","Macrophages_1",TRUE,0.077009018038677
"91615","Stromal","Stromal",TRUE,0.45581932212111
"91570","Macrophages_2","Macrophages_2",TRUE,0.0239832188062397
"94004","Stromal","Stromal",TRUE,0
"95943","Stromal","Stromal",TRUE,0.0365376258420465
"95944","Stromal","Stromal",TRUE,0
"90321","Stromal","Stromal",TRUE,0.0971812448889404
"92188","CD4+_T_Cells","CD4+_T_Cells",TRUE,0
"91449","Stromal","Stromal",TRUE,0.0240387158775659
"90931","Stromal","Stromal",TRUE,0.0513341457195722
"94500","Myoepi_KRT15+","Myoepi_KRT15+",TRUE,0
"95543","Stromal","Stromal",TRUE,0.0582206703577487
"91111","Stromal","Stromal",TRUE,0.042617307852901
"93449","Stromal","Stromal",TRUE,0.119731394061874
"93795","Stromal","Stromal",TRUE,0
"95547","Stromal","Stromal",TRUE,0
"91131","LAMP3+_DCs","LAMP3+_DCs",TRUE,0.0374646742634409
"94496","Myoepi_KRT15+","Myoepi_KRT15+",TRUE,0.0289132630429594
"91123","CD4+_T_Cells","CD4+_T_Cells",TRUE,0.0820977165959175
"90919","Stromal","Stromal",TRUE,0.0234093640106003
"91056","Stromal","Stromal",TRUE,0.63745802455662
"91639","Macrophages_1","Macrophages_1",TRUE,0.0146700633892026
"95934","Stromal","Stromal",TRUE,0
"91155","B_Cells","B_Cells",TRUE,0.0528559858727708
"91113","Perivascular-Like","Perivascular-Like",TRUE,0.0431625526358714
"91076","Stromal","Stromal",TRUE,0.228557588355572
"91062","IRF7+_DCs","IRF7+_DCs",TRUE,0.0492700398535367
"91112","Macrophages_2","Macrophages_2",TRUE,0.077548930896822
"92203","CD4+_T_Cells","CD4+_T_Cells",TRUE,0.0313487799986226
"95518","Macrophages_1","Macrophages_1",TRUE,0.0530282037519336
"94488","Stromal","Stromal",TRUE,0.0668624389005081
"94304","DCIS 2","DCIS 2",TRUE,0.0258316628637777
"93836","Stromal","Stromal",TRUE,0
"94315","Myoepi_KRT15+","Myoepi_KRT15+",TRUE,0.0242221041696314
"93813","Stromal","Stromal",TRUE,0
"94522","Myoepi_KRT15+","Myoepi_KRT15+",TRUE,0.177611589207034
"93804","Stromal","Stromal",TRUE,0.104887240622903
"91629","B_Cells","B_Cells",TRUE,0
"90892","Stromal","Stromal",TRUE,0.134580085284782
"91634","B_Cells","B_Cells",TRUE,0.00549525207567006
"94306","DCIS 2","DCIS 2",TRUE,0.00345204376632656
"95940","Stromal","Stromal",TRUE,0.0952848676745881
"94005","Stromal","Stromal",TRUE,0
"94498","Myoepi_ACTA2+","Myoepi_ACTA2+",TRUE,0.0384350375575368
"90279","Endothelial","Endothelial",TRUE,0.158584912562342
"94040","Stromal","Stromal",TRUE,0
"95534","Endothelial","Endothelial",TRUE,0.0259289304685686
"90297","CD4+_T_Cells","CD4+_T_Cells",TRUE,0.0230146862898294
"92185","CD4+_T_Cells","CD4+_T_Cells",TRUE,0.0384262155834323
"94548","Macrophages_1","Macrophages_1",TRUE,0.0588980432839857
"91567","Stromal","Stromal",TRUE,0.0508353087000174
"93803","CD8+_T_Cells","CD8+_T_Cells",TRUE,0.0698275931045262
"93816","Stromal","Stromal",TRUE,0
"90291","CD4+_T_Cells","CD4+_T_Cells",TRUE,0.0245356250687978
"94316","Myoepi_KRT15+","Myoepi_KRT15+",TRUE,0
"92223","Endothelial","Endothelial",TRUE,0.00637540768014014
"95531","Perivascular-Like","Perivascular-Like",TRUE,0.918392483892339
"90910","Stromal","Stromal",TRUE,0.0697955243173846
"91568","Stromal","Stromal",TRUE,0.0400777457285214
"93834","Stromal","Stromal",TRUE,0
"90315","Stromal","Stromal",TRUE,0.0529925812002936
"94539","DCIS 2","DCIS 2",TRUE,0.0988409943437545
"92215","Endothelial","Endothelial",TRUE,0.0242363746837883
"91124","LAMP3+_DCs","LAMP3+_DCs",TRUE,0.0393718485420369
"95933","Stromal","Stromal",TRUE,0
"94499","DCIS 2","DCIS 2",TRUE,0.155782641224125
"94533","DCIS 2","DCIS 2",TRUE,0.0146988123233202
"94006","Stromal","Stromal",TRUE,0
"94317","Myoepi_KRT15+","Myoepi_KRT15+",TRUE,0.0522885378266555
"91107","Macrophages_2","Macrophages_1",FALSE,1.44993611918312
"90935","Macrophages_1","Macrophages_1",TRUE,0.0194354134412722
"91625","Macrophages_1","Macrophages_1",TRUE,0.198963743529606
"90922","CD4+_T_Cells","CD4+_T_Cells",TRUE,0.0519825027152528
"90897","Stromal","Stromal",TRUE,0
"92195","CD4+_T_Cells","CD4+_T_Cells",TRUE,0.00617698078295413
"91109","Perivascular-Like","Perivascular-Like",TRUE,0.049032289140838
"94965","Stromal","Stromal",TRUE,0
"95549","Stromal","Stromal",TRUE,0
"93793","Stromal","Stromal",TRUE,0
"93450","Stromal","Stromal",TRUE,0
"94497","Myoepi_ACTA2+","Myoepi_ACTA2+",TRUE,0.0189605520055352
"91618","CD8+_T_Cells","CD8+_T_Cells",TRUE,0.347026740790647
"91048","Stromal","Stromal",TRUE,0.055541645702347
"91059","Stromal","Stromal",TRUE,0.0474542108152161
"95801","Stromal","Stromal",TRUE,0.00334879921229309
"95542","Stromal","Stromal",TRUE,0.0382979818336096
"92202","Perivascular-Like","Perivascular-Like",TRUE,0.0133122073572002
"93833","Stromal","Stromal",TRUE,0.0804397795101667
"91604","Endothelial","Stromal",FALSE,0.0536389030616428
"94505","Myoepi_KRT15+","Myoepi_KRT15+",TRUE,0
"90314","Stromal","Stromal",TRUE,0.0500879003627563
"93452","Stromal","Stromal",TRUE,0.0398278325121187
"95810","Stromal","Stromal",TRUE,0.0688171530272212
"94307","Myoepi_ACTA2+","Myoepi_ACTA2+",TRUE,0
"90907","Stromal","Stromal",TRUE,0.0739731104544186
"91154","Stromal","Stromal",TRUE,0.0597369004591873
"91118","CD4+_T_Cells","Stromal",FALSE,0.076618426215003
"94520","Myoepi_KRT15+","Myoepi_KRT15+",TRUE,0
"91584","Stromal","Stromal",TRUE,0.0984515603185505
"94509","Myoepi_KRT15+","Myoepi_KRT15+",TRUE,0
"95931","Macrophages_1","Macrophages_1",TRUE,0.0491828770412426
"91564","Stromal","Stromal",TRUE,0.0810508994766072
"91633","Macrophages_2","Macrophages_2",TRUE,0.0535457118094241
"94495","Stromal","Stromal",TRUE,0.0205159249319196
"95539","Endothelial","Endothelial",TRUE,0
"94312","DCIS 2","DCIS 2",TRUE,0
"95798","Stromal","Stromal",TRUE,0.021095922032724
"94501","DCIS 2","DCIS 2",TRUE,0.0298933583688668
"94494","Stromal","Stromal",TRUE,0.068171322971999
"7385","Stromal","Stromal",TRUE,0.713378041592491
"91560","Stromal","Stromal",TRUE,0.0547877967132793
"91041","IRF7+_DCs","IRF7+_DCs",TRUE,0.101625504720648
"90902","Stromal","Stromal",TRUE,0.0186028838064387
"91108","Endothelial","Endothelial",TRUE,0.0464855881341191
"95532","Stromal","Stromal",TRUE,0.067071780742284
"94305","Stromal","Stromal",TRUE,0.026075129305134
"94319","DCIS 2","DCIS 2",TRUE,0
"94322","Myoepi_KRT15+","Myoepi_KRT15+",TRUE,0.0207675896402649
"95930","Stromal","Stromal",TRUE,0.0274661452005127
"94559","Stromal","Stromal",TRUE,0.058082983688626
"94034","Stromal","Stromal",TRUE,0.1241554536078
"92184","CD8+_T_Cells","CD8+_T_Cells",TRUE,0
"90289","Perivascular-Like","Stromal",FALSE,2
"91120","B_Cells","B_Cells",TRUE,0.0701180973843366
"91626","Macrophages_2","Macrophages_2",TRUE,0.112688232584096
"93805","B_Cells","B_Cells",TRUE,0.0533499146409956
"95544","Perivascular-Like","Perivascular-Like",TRUE,0.0105342009883471
"92201","CD8+_T_Cells","CD8+_T_Cells",TRUE,0.005784125139215
"90300","CD8+_T_Cells","CD8+_T_Cells",TRUE,0.036425929679002
"94508","Myoepi_KRT15+","Myoepi_KRT15+",TRUE,0
"93444","Stromal","Stromal",TRUE,0.0379741032651832
"93446","Stromal","Stromal",TRUE,0.0868221080277068
"94541","DCIS 2","DCIS 2",TRUE,0
"90320","Stromal","Stromal",TRUE,0.0540933526506495
"91619","CD4+_T_Cells","CD4+_T_Cells",TRUE,0.0642440455726797
"95805","Stromal","Stromal",TRUE,0.0537508573007485
"90918","CD8+_T_Cells","CD8+_T_Cells",TRUE,0.741925464717947
"95548","Stromal","Stromal",TRUE,0.095772436239918
"91565","Stromal","Stromal",TRUE,0.102652319602658
"95536","Stromal","Stromal",TRUE,0.0598371923107516
"91106","B_Cells","B_Cells",TRUE,0.0812209372219768
"94311","Myoepi_ACTA2+","Myoepi_ACTA2+",TRUE,0
"90311","B_Cells","Stromal",FALSE,0.0391361922793066
"93791","Stromal","Stromal",TRUE,0
"92180","LAMP3+_DCs","LAMP3+_DCs",TRUE,0.0270776432304193
"94356","Stromal","Stromal",TRUE,0
"91101","Macrophages_1","Macrophages_1",TRUE,0.0620465120567368
"95932","Stromal","Stromal",TRUE,0.0706477320024012
"94545","Stromal","Stromal",TRUE,0.0530478142109981
"90293","Stromal","Stromal",TRUE,0.056032019347233
"92222","Endothelial","Endothelial",TRUE,0.0259628016063369
"94323","Myoepi_KRT15+","Myoepi_KRT15+",TRUE,0.00890073767402616
"94036","Stromal","Stromal",TRUE,0
"91104","Macrophages_2","Macrophages_2",TRUE,0.1238835365937
"94324","Myoepi_KRT15+","Myoepi_KRT15+",TRUE,0.00225074050605856
"91066","Stromal","Stromal",TRUE,0.117655769628707
"91074","Stromal","Stromal",TRUE,0.0309593767638454
"94047","Stromal","Stromal",TRUE,0.0483547568275243
"90926","Stromal","Stromal",TRUE,0.0360995128423141
"94039","Stromal","Stromal",TRUE,0
"91103","Perivascular-Like","Perivascular-Like",TRUE,0.0595883028997014
"90273","Perivascular-Like","Perivascular-Like",TRUE,0.0271944430212616
"91558","Stromal","Stromal",TRUE,0
"91052","Macrophages_2","Macrophages_2",TRUE,0.137656011254083
"90916","Stromal","Stromal",TRUE,0
"90939","CD4+_T_Cells","CD4+_T_Cells",TRUE,0.0968781839768769
"94502","Stromal","Stromal",TRUE,0.0557901908822654
"95546","Stromal","Stromal",TRUE,0.0627931726947613
"91561","Stromal","Stromal",TRUE,0
"94511","Myoepi_KRT15+","Myoepi_KRT15+",TRUE,0.011396251465065
"93820","Stromal","Stromal",TRUE,0.159375715807607
"93784","Stromal","Stromal",TRUE,0
"95936","Stromal","Stromal",TRUE,0.00226342814403825
"94503","Myoepi_ACTA2+","Myoepi_ACTA2+",TRUE,0
"94513","Myoepi_KRT15+","Myoepi_KRT15+",TRUE,0
"94326","DCIS 2","DCIS 2",TRUE,0.585551497989297
"91601","Stromal","Stromal",TRUE,0
"95804","Stromal","Stromal",TRUE,0.0550414077589797
"92208","CD4+_T_Cells","CD4+_T_Cells",TRUE,0.198501972288695
"7356","Stromal","Stromal",TRUE,0.0276404345905461
"94526","Myoepi_KRT15+","Myoepi_KRT15+",TRUE,0
"95790","Stromal","Stromal",TRUE,0
"91594","Stromal","Stromal",TRUE,0
"94313","Myoepi_ACTA2+","Myoepi_ACTA2+",TRUE,0.0625772637233348
"91102","Stromal","Stromal",TRUE,0.0769583625275801
"94318","DCIS 2","DCIS 2",TRUE,0.00787071530485134
"95815","CD4+_T_Cells","CD4+_T_Cells",TRUE,0
"95545","Perivascular-Like","Stromal",FALSE,0.0868158925739629
"91583","Stromal","Stromal",TRUE,0.0218464798839937
"94035","Stromal","Stromal",TRUE,0
"94565","Stromal","Stromal",TRUE,0.0410695880186863
"94506","DCIS 2","DCIS 2",TRUE,0.0247610851925651
"91627","Macrophages_1","Macrophages_1",TRUE,0.106291865742113
"90310","Macrophages_2","Macrophages_1",FALSE,1.57934163094262
"94549","Stromal","Stromal",TRUE,0.0678259173972459
"92186","LAMP3+_DCs","LAMP3+_DCs",TRUE,0.0437626349658897
"93842","Stromal","Stromal",TRUE,0
"91598","Stromal","Stromal",TRUE,0.0675501557092813
"94454","DCIS 2","DCIS 2",TRUE,0.0101546703833193
"93483","Stromal","Stromal",TRUE,0.44684695161288
"94553","Stromal","Stromal",TRUE,0.0474851008080582
"95929","Stromal","Stromal",TRUE,0.122446187741669
"90284","IRF7+_DCs","IRF7+_DCs",TRUE,0.0265452898397235
"94567","CD8+_T_Cells","CD8+_T_Cells",TRUE,0.0517417324319625
"94557","Macrophages_1","Macrophages_1",TRUE,0.0847401824352776
"94564","Stromal","Stromal",TRUE,0
"94516","Myoepi_KRT15+","Myoepi_KRT15+",TRUE,0.00387571847853679
"94504","Macrophages_1","Macrophages_1",TRUE,0.0785937451730974
"94325","DCIS 2","DCIS 2",TRUE,0
"94560","Macrophages_1","Macrophages_1",TRUE,0.00169121333430217
"93838","Stromal","Stromal",TRUE,0
"94352","Stromal","Stromal",TRUE,0
"93808","Stromal","Stromal",TRUE,0
"91579","Macrophages_2","Macrophages_2",TRUE,0.105871006655159
"91100","Stromal","Stromal",TRUE,0.0669141564784203
"94514","DCIS 2","DCIS 2",TRUE,0
"90942","Macrophages_1","Stromal",FALSE,0.119843109539679
"91043","Macrophages_2","Macrophages_2",TRUE,0.137285641573363
"95926","Stromal","Stromal",TRUE,0
"95814","Stromal","Stromal",TRUE,0.0192780213366024
"95550","B_Cells","B_Cells",TRUE,0.06166864349092
"95927","Stromal","Stromal",TRUE,0.109391440852869
"91110","Stromal","Stromal",TRUE,0.0292186902332044
"94308","Stromal","Stromal",TRUE,0
"93455","Stromal","Stromal",TRUE,0.0734866679945878
"91609","Stromal","Stromal",TRUE,0.032632419777245
"93814","Stromal","Stromal",TRUE,0
"93453","Stromal","Stromal",TRUE,0
"94331","DCIS 2","DCIS 2",TRUE,0.0120917557516815
"95806","Stromal","Stromal",TRUE,0.0415604569380638
"95554","Stromal","Stromal",TRUE,0.971978203199286
"94330","Myoepi_KRT15+","Myoepi_KRT15+",TRUE,0.0228862763746358
"94320","Myoepi_ACTA2+","Myoepi_ACTA2+",TRUE,0
"94365","Myoepi_KRT15+","Myoepi_KRT15+",TRUE,0.0659558622560049
"94357","Stromal","Stromal",TRUE,0
"94446","DCIS 2","DCIS 2",TRUE,0.00154003832401367
"94010","Stromal","Stromal",TRUE,0.00490247286592658
"91105","Stromal","Stromal",TRUE,0.072037984826543
"91153","CD8+_T_Cells","CD8+_T_Cells",TRUE,0.0739894977910264
"95928","Stromal","Stromal",TRUE,0.0484742699784804
"94552","Stromal","Stromal",TRUE,0.0644459627379096
"94314","Stromal","Stromal",TRUE,0.0388263578346174
"94547","Stromal","Stromal",TRUE,0.0458300977181486
"93823","CD4+_T_Cells","CD4+_T_Cells",TRUE,0.060415250165585
"93821","Stromal","Stromal",TRUE,0.174936819795888
"94321","Macrophages_1","Macrophages_1",TRUE,0.00565760196906095
"92217","CD4+_T_Cells","Stromal",FALSE,0.0564377493604811
"95925","Stromal","Stromal",TRUE,0.0401174875870447
"90913","Stromal","Stromal",TRUE,0
"91114","Stromal","Stromal",TRUE,0.0459864502738972
"91557","Stromal","Stromal",TRUE,0
"93451","Stromal","Stromal",TRUE,0.0488007374950725
"90307","Macrophages_1","Stromal",FALSE,0.0778903548717537
"94510","Myoepi_ACTA2+","Myoepi_ACTA2+",TRUE,0.0159421667607658
"91098","Macrophages_1","Macrophages_1",TRUE,0.410950472169564
"94571","CD8+_T_Cells","CD8+_T_Cells",TRUE,0.0573547780363791
"90301","CD4+_T_Cells","CD4+_T_Cells",TRUE,0.0629182423096091
"94329","DCIS 2","DCIS 2",TRUE,0.00596323596926088
"95811","Stromal","Stromal",TRUE,0.0239157339634643
"91562","Stromal","Stromal",TRUE,0.0987567768631684
"93807","Stromal","Stromal",TRUE,0.0675621013058217
"95551","Stromal","Stromal",TRUE,0.0403917125075039
"94416","Myoepi_KRT15+","Myoepi_KRT15+",TRUE,0
"94327","DCIS 2","DCIS 2",TRUE,0.0339953797623905
"95555","Stromal","Stromal",TRUE,0.0842065631762722
"91575","Stromal","Stromal",TRUE,0
"94336","Myoepi_KRT15+","Myoepi_KRT15+",TRUE,0
"91616","Stromal","Stromal",TRUE,0.0527491870535817
"94507","Stromal","Stromal",TRUE,0.00832366482315843
"94334","Myoepi_KRT15+","Myoepi_KRT15+",TRUE,0.154066907212381
"90275","CD8+_T_Cells","CD8+_T_Cells",TRUE,0.0580541891552731
"94554","Stromal","Stromal",TRUE,0.0407678941730409
"94546","Macrophages_1","Stromal",FALSE,0.0800587125686574
"94362","Stromal","Stromal",TRUE,0.0370971164107406
"94367","Myoepi_ACTA2+","Myoepi_ACTA2+",TRUE,0.0400159060961119
"90290","CD8+_T_Cells","CD8+_T_Cells",TRUE,0.00611310734878867
"90323","Macrophages_1","Macrophages_1",TRUE,0.0622169381455842
"91556","Macrophages_2","Stromal",FALSE,0.139953561262903
"93442","Stromal","Stromal",TRUE,0.0491277675004641
"91600","Stromal","Stromal",TRUE,0
"90283","CD4+_T_Cells","CD4+_T_Cells",TRUE,0
"93825","CD4+_T_Cells","CD4+_T_Cells",TRUE,0.0549976539687473
"90334","Stromal","Stromal",TRUE,0.0238657755765164
"91580","Stromal","Stromal",TRUE,0
"94563","Macrophages_1","Macrophages_1",TRUE,0.0671486787449852
"94562","Stromal","Stromal",TRUE,0.0536042946982385
"94512","Myoepi_ACTA2+","Myoepi_ACTA2+",TRUE,0.00652440490960549
"94369","Myoepi_KRT15+","Myoepi_KRT15+",TRUE,0.00638649395065915
"92199","Stromal","Stromal",TRUE,0.0575987797892123
"95796","Stromal","Stromal",TRUE,0
"95924","Macrophages_2","Macrophages_2",TRUE,0.114802443777248
"91591","B_Cells","B_Cells",TRUE,0.0607010811988141
"7396","Stromal","Stromal",TRUE,0
"94370","Myoepi_KRT15+","Myoepi_KRT15+",TRUE,0
"94456","DCIS 2","DCIS 2",TRUE,0
"92209","CD8+_T_Cells","CD8+_T_Cells",TRUE,0.0541894782328978
"94450","Myoepi_KRT15+","Myoepi_KRT15+",TRUE,0.00674904671955473
"94515","Stromal","Stromal",TRUE,0.0348562205428218
"93843","Stromal","Stromal",TRUE,0.0291561025064992
"91554","Stromal","Stromal",TRUE,0.104545252433248
"94372","DCIS 2","DCIS 2",TRUE,0.115864023908987
"94558","Stromal","Stromal",TRUE,0.0593639999388553
"95817","Stromal","Stromal",TRUE,0.44914788756653
"94332","Myoepi_ACTA2+","Myoepi_ACTA2+",TRUE,0.015935133151614
"94364","Myoepi_ACTA2+","Myoepi_ACTA2+",TRUE,0.0450206643955854
"94368","DCIS 1","DCIS 2",FALSE,1.59224441976212
"94544","Stromal","Stromal",TRUE,0
"95820","Stromal","Stromal",TRUE,0
"95921","Stromal","Stromal",TRUE,0.100830164488944
"94328","Macrophages_1","Perivascular-Like",FALSE,0.0222953284736225
"93831","Stromal","Stromal",TRUE,0.0755392324010516
"94335","DCIS 2","DCIS 2",TRUE,0
"93490","Stromal","Stromal",TRUE,0.0353044002861985
"90294","CD4+_T_Cells","Stromal",FALSE,0.0645260249852099
"94338","Myoepi_KRT15+","Myoepi_KRT15+",TRUE,0.0348944763668942
"90299","Stromal","Stromal",TRUE,0.0451018452276629
"91588","Stromal","Stromal",TRUE,0.0541490387698536
"94339","Myoepi_KRT15+","Myoepi_KRT15+",TRUE,0.150817608115768
"90335","Stromal","Stromal",TRUE,0.0252523305938774
"91574","Stromal","Stromal",TRUE,0.1022685478896
"91094","Stromal","Stromal",TRUE,0
"93484","Stromal","Stromal",TRUE,0
"94192","CD8+_T_Cells","Stromal",FALSE,0.0563881542972575
"92224","B_Cells","Stromal",FALSE,0.0500809159151668
"94013","Stromal","Stromal",TRUE,0.045094854243804
"94555","Macrophages_1","Macrophages_1",TRUE,0.0507985251548496
"93829","CD4+_T_Cells","CD4+_T_Cells",TRUE,0.0815198725836212
"93841","Stromal","Stromal",TRUE,0.812421527680243
"94417","Myoepi_KRT15+","Myoepi_KRT15+",TRUE,0.00616075648811268
"95822","CD8+_T_Cells","CD8+_T_Cells",TRUE,0.00699309375449297
"90934","Stromal","Stromal",TRUE,0.0386027655496265
"93445","Stromal","Stromal",TRUE,0.0309514843744186
"91553","B_Cells","B_Cells",TRUE,0.0662361402405213
"94366","Myoepi_ACTA2+","Myoepi_ACTA2+",TRUE,0.0562836352383707
"94379","Myoepi_KRT15+","Myoepi_KRT15+",TRUE,0.176778386603435
"94037","Stromal","Stromal",TRUE,0
"91099","Stromal","Stromal",TRUE,0.0537666102835946
"95797","Stromal","Stromal",TRUE,0.0214930566489804
"94573","Stromal","Stromal",TRUE,0.0516372781761406
"93457","Stromal","Stromal",TRUE,0.0375353802918042
"94343","Myoepi_KRT15+","Myoepi_KRT15+",TRUE,0
"91605","Stromal","Stromal",TRUE,0.0691770898910064
"91593","Stromal","Stromal",TRUE,0.0198421555521885
"93462","CD8+_T_Cells","CD8+_T_Cells",TRUE,0.0488890837426602
"94355","Stromal","Stromal",TRUE,0
"93464","Stromal","Stromal",TRUE,0.0521929041886212
"94363","Macrophages_1","Macrophages_1",TRUE,0.0966133869635923
"90288","Stromal","Stromal",TRUE,0
"94550","Macrophages_1","Macrophages_1",TRUE,0.137981721099972
"94337","DCIS 2","DCIS 2",TRUE,0
"90938","IRF7+_DCs","IRF7+_DCs",TRUE,0.03000201966896
"94187","Stromal","Stromal",TRUE,0.0872473460520966
"94340","Myoepi_KRT15+","Myoepi_KRT15+",TRUE,0.083286989125594
"94380","Myoepi_KRT15+","Myoepi_KRT15+",TRUE,0.0226362960332723
"92216","Stromal","Stromal",TRUE,0.0392878420092014
"94455","Myoepi_KRT15+","Myoepi_KRT15+",TRUE,0.000649804523326192
"94447","DCIS 2","DCIS 2",TRUE,0.010292902711167
"94371","Myoepi_ACTA2+","Myoepi_ACTA2+",TRUE,0.0626399573493929
"91093","B_Cells","B_Cells",TRUE,0.0310676523821953
"95920","Stromal","Stromal",TRUE,0.044539680579448
"91586","Stromal","Stromal",TRUE,0.0295395091504501
"93459","Endothelial","Stromal",FALSE,0.149252057166088
"94561","Stromal","Stromal",TRUE,0
"91595","Stromal","Stromal",TRUE,0.107268589179745
"91552","B_Cells","B_Cells",TRUE,0.0646053461547007
"94344","Myoepi_KRT15+","Myoepi_KRT15+",TRUE,0.0186747870938706
"94556","Macrophages_2","Stromal",FALSE,0.140582210722333
"93832","CD4+_T_Cells","Stromal",FALSE,0.0711495587260775
"94190","Stromal","Stromal",TRUE,0
"95828","B_Cells","B_Cells",TRUE,0.0141720283001954
"93495","Stromal","Stromal",TRUE,0.0447958257383578
"94575","Macrophages_1","Macrophages_1",TRUE,0.0652995608293871
"94373","DCIS 2","DCIS 2",TRUE,0.211345308650289
"91590","Macrophages_2","Macrophages_2",TRUE,0.0910999646711037
"91555","Stromal","Stromal",TRUE,0.0692495411194135
"95923","Stromal","Stromal",TRUE,0
"91559","Stromal","Stromal",TRUE,0.0955322968637303
"94570","Stromal","Stromal",TRUE,0.0773476841118428
"93463","Stromal","Stromal",TRUE,0.0647678052933379
"95818","Stromal","Stromal",TRUE,0.0641026905905627
"94378","DCIS 2","DCIS 2",TRUE,0.485015753435672
"94359","Macrophages_1","Macrophages_1",TRUE,0.0733093907298187
"94376","DCIS 2","DCIS 2",TRUE,0.16989786665408
"95813","B_Cells","B_Cells",TRUE,0.0764128312403992
"91095","Stromal","Stromal",TRUE,0.035224419042341
"93488","Stromal","Stromal",TRUE,0
"91096","Stromal","Stromal",TRUE,0.0491420646133587
"90166","Stromal","Stromal",TRUE,0
"94342","DCIS 2","DCIS 2",TRUE,0.0443429543281327
"94384","Myoepi_KRT15+","Myoepi_KRT15+",TRUE,0.008722581944796
"94374","Myoepi_ACTA2+","Myoepi_ACTA2+",TRUE,0
"94188","Stromal","Stromal",TRUE,0.149223513436327
"94196","Stromal","Stromal",TRUE,0.0539514120179568
"90280","Stromal","Stromal",TRUE,0.0299562415448046
"91563","Stromal","Stromal",TRUE,0.0173945759529594
"95819","Stromal","Stromal",TRUE,0.031481828106677
"94383","DCIS 2","DCIS 2",TRUE,0.0069128496599897
"93443","Stromal","Stromal",TRUE,0
"94341","Myoepi_ACTA2+","Myoepi_ACTA2+",TRUE,0.0373139345785414
"94582","Stromal","Stromal",TRUE,0.0342300726819779
"94572","CD8+_T_Cells","Stromal",FALSE,0.0661637326266433
"92207","Stromal","Stromal",TRUE,0.469349927399907
"94046","Stromal","Stromal",TRUE,0
"93447","Stromal","Stromal",TRUE,0.162591826513803
"95826","Stromal","Stromal",TRUE,0.35069380474229
"94452","DCIS 2","DCIS 2",TRUE,0
"94333","Stromal","Stromal",TRUE,0
"94358","Stromal","Stromal",TRUE,0.141452143957566
"95794","Stromal","Stromal",TRUE,0
"90316","Stromal","Stromal",TRUE,0.105177270046611
"90945","B_Cells","Stromal",FALSE,0.526326541114788
"95919","Stromal","Stromal",TRUE,0.162922598989628
"93837","Stromal","Stromal",TRUE,0.0645285651188078
"94347","Myoepi_KRT15+","Myoepi_KRT15+",TRUE,0.00483571552480194
"91551","Stromal","Stromal",TRUE,0.0399630498477299
"90312","Stromal","Stromal",TRUE,0.0806218242579253
"93485","Stromal","Stromal",TRUE,0
"94375","Stromal","Stromal",TRUE,0.0677269238216368
"7371","Stromal","Stromal",TRUE,0
"94345","Myoepi_KRT15+","Myoepi_KRT15+",TRUE,0.0267429009606794
"94189","Stromal","Stromal",TRUE,0
"94389","Myoepi_KRT15+","Myoepi_KRT15+",TRUE,0.0121332955682485
"95918","Stromal","Stromal",TRUE,0.0323638226022521
"95803","Stromal","Stromal",TRUE,0.127070663119583
"94387","Myoepi_KRT15+","Myoepi_KRT15+",TRUE,0.0104771579557872
"94568","Macrophages_1","Macrophages_1",TRUE,0.0207588848137875
"94377","Myoepi_ACTA2+","Myoepi_ACTA2+",TRUE,0
"95836","Macrophages_1","Macrophages_1",TRUE,0.0540978761538895
"93502","Stromal","Stromal",TRUE,0
"91566","Stromal","Stromal",TRUE,0.0290504919541933
"95809","Stromal","Stromal",TRUE,0.0549269400542505
"95922","Stromal","Stromal",TRUE,0
"90958","Stromal","Stromal",TRUE,0
"94460","Myoepi_KRT15+","Myoepi_KRT15+",TRUE,0.018756530674313
"94017","Stromal","Stromal",TRUE,0.0950421145197746
"94382","DCIS 2","DCIS 2",TRUE,0.0332359085772034
"94388","DCIS 2","DCIS 2",TRUE,0
"94578","Stromal","Stromal",TRUE,0
"90955","Stromal","Stromal",TRUE,0.0289723815721501
"92383","Stromal","Stromal",TRUE,0.0445573928370268
"95816","Macrophages_2","Macrophages_2",TRUE,0.112111954857176
"94199","Stromal","Stromal",TRUE,0
"91587","Macrophages_1","Macrophages_1",TRUE,0.122545639887857
"94449","DCIS 2","DCIS 2",TRUE,0.00281959472951794
"93501","Stromal","Stromal",TRUE,0.057574142499047
"91607","Stromal","Stromal",TRUE,0.0390316344206754
"94346","Myoepi_ACTA2+","Myoepi_ACTA2+",TRUE,0.0462210238339434
"94193","B_Cells","B_Cells",TRUE,0.036770854854822
"94581","Stromal","Stromal",TRUE,0.0457810775878209
"93454","Stromal","Stromal",TRUE,0.102831391046295
"91596","Stromal","Stromal",TRUE,0.269587111961112
"94583","Stromal","Stromal",TRUE,0.063958575711158
"90986","Stromal","Stromal",TRUE,0.111359068351965
"95839","Stromal","Stromal",TRUE,0
"94381","Myoepi_ACTA2+","Myoepi_ACTA2+",TRUE,0
"94391","Myoepi_KRT15+","Myoepi_KRT15+",TRUE,0
"90225","Stromal","Stromal",TRUE,0.0972411868284948
"90966","Stromal","Stromal",TRUE,0.0870128181932024
"90285","Stromal","Stromal",TRUE,0
"90296","Stromal","Stromal",TRUE,0.070209507703092
"94361","Stromal","Stromal",TRUE,0
"94584","Stromal","Stromal",TRUE,0.0679733313240117
"94350","DCIS 2","DCIS 2",TRUE,0.0286647286270447
"94200","Stromal","Stromal",TRUE,0.0688423492311587
"94348","Stromal","Stromal",TRUE,0.0638407327184141
"94385","DCIS 2","DCIS 2",TRUE,0.0140995991728326
"93467","Stromal","Stromal",TRUE,0
"94191","Stromal","Stromal",TRUE,0.0753679175643699
"94569","Stromal","Stromal",TRUE,0.288121469766091
"94396","Myoepi_KRT15+","Myoepi_KRT15+",TRUE,0
"95833","Macrophages_1","Stromal",FALSE,0.0723582779645915
"93460","Stromal","Stromal",TRUE,0.155988624080229
"95838","Stromal","Stromal",TRUE,0.0652902075450532
"94451","Myoepi_KRT15+","Myoepi_KRT15+",TRUE,0.0410560260211932
"94353","Stromal","Stromal",TRUE,0
"93466","Stromal","Stromal",TRUE,0.108821263957897
"94586","Stromal","Stromal",TRUE,0.0867448161583173
"94186","Stromal","Stromal",TRUE,0.0139767352908516
"95825","B_Cells","Stromal",FALSE,0.0774701384042377
"92190","IRF7+_DCs","IRF7+_DCs",TRUE,0.0565712450626681
"94395","Myoepi_KRT15+","Myoepi_KRT15+",TRUE,0
"94566","Stromal","Stromal",TRUE,0.0761243068649841
"94201","Stromal","Stromal",TRUE,0.0301555860151796
"91602","Stromal","Stromal",TRUE,0.0238757685609672
"94394","DCIS 2","DCIS 2",TRUE,0.0365370209844497
"92389","Stromal","Stromal",TRUE,0.0652390866417153
"94650","Myoepi_ACTA2+","Myoepi_ACTA2+",TRUE,0
"91550","Stromal","Stromal",TRUE,0.069377044955828
"91091","Stromal","Stromal",TRUE,0.0324165651770581
"94459","Myoepi_KRT15+","Myoepi_KRT15+",TRUE,0.0207353881170419
"95823","Stromal","Stromal",TRUE,0.0799410082879664
"94386","Myoepi_ACTA2+","Myoepi_ACTA2+",TRUE,0
"91092","Stromal","Stromal",TRUE,0.0112739223070086
"90313","Macrophages_2","Macrophages_2",TRUE,0.143185666135991
"95832","Stromal","Stromal",TRUE,0.0468398959433629
"94580","Stromal","Stromal",TRUE,0.148941911643696
"94397","Myoepi_KRT15+","Myoepi_KRT15+",TRUE,0.193111707452972
"94654","Myoepi_ACTA2+","Myoepi_ACTA2+",TRUE,0
"93465","Stromal","Stromal",TRUE,0.125136831671452
"93504","Stromal","Stromal",TRUE,0.213329447259626
"94392","DCIS 2","DCIS 2",TRUE,0.0338309357731495
"95792","Stromal","Stromal",TRUE,0.0534092575588165
"90308","Macrophages_2","Macrophages_2",TRUE,0.111907748972187
"91599","Stromal","Stromal",TRUE,0.032814716111434
"94390","Myoepi_ACTA2+","Myoepi_ACTA2+",TRUE,0
"94195","Macrophages_1","Macrophages_1",TRUE,0.0387002236860768
"91612","Stromal","Stromal",TRUE,0.031735131420853
"94579","Stromal","Stromal",TRUE,0.0236308920668342
"93496","Stromal","Stromal",TRUE,0
"6329","Stromal","Stromal",TRUE,0.0383128495254048
"94197","Macrophages_2","Macrophages_2",TRUE,0.0683720627503108
"93526","Myoepi_KRT15+","Myoepi_KRT15+",TRUE,0.0389002514796599
"90962","Stromal","Stromal",TRUE,0
"95812","Stromal","Stromal",TRUE,0
"94574","Stromal","Stromal",TRUE,0.338340133048198
"93524","Myoepi_ACTA2+","Myoepi_ACTA2+",TRUE,0
"92376","Stromal","Stromal",TRUE,0.0244982966782982
"7352","Stromal","Stromal",TRUE,0
"93525","Myoepi_KRT15+","Myoepi_KRT15+",TRUE,0.0969006018483805
"94213","Stromal","Stromal",TRUE,0.0198162318865357
"92212","Macrophages_2","Macrophages_2",TRUE,0.132091711559866
"94651","Myoepi_ACTA2+","Myoepi_ACTA2+",TRUE,0.0714821716751873
"93491","Stromal","Stromal",TRUE,0.0636617608540125
"94204","Stromal","Stromal",TRUE,0.0477246222446867
"94194","Stromal","Stromal",TRUE,0.060863853617611
"94351","Stromal","Stromal",TRUE,0
"94205","Stromal","Stromal",TRUE,0.0387817169048832
"94448","DCIS 2","DCIS 2",TRUE,0.00638896106464087
"94587","Macrophages_1","Macrophages_1",TRUE,0.00905999556432038
"94393","Myoepi_ACTA2+","Myoepi_ACTA2+",TRUE,0
"94220","Macrophages_1","Macrophages_1",TRUE,0.0613310118385291
"94659","Myoepi_ACTA2+","Myoepi_ACTA2+",TRUE,0
"95834","B_Cells","B_Cells",TRUE,0.2014832008751
"94349","Stromal","Stromal",TRUE,0
"92357","Stromal","Stromal",TRUE,0.0244650873065886
"94398","Myoepi_KRT15+","Myoepi_KRT15+",TRUE,0
"94399","Myoepi_KRT15+","Myoepi_KRT15+",TRUE,0
"94576","Macrophages_1","Macrophages_1",TRUE,0.0663530767238041
"94723","Myoepi_ACTA2+","Myoepi_ACTA2+",TRUE,0.0471302991659128
"92332","Stromal","Stromal",TRUE,0.124867000785425
"90981","Stromal","Stromal",TRUE,0.193333018611967
"90223","Stromal","Stromal",TRUE,0
"91597","Mast_Cells","Mast_Cells",TRUE,0.0209269437917544
"93693","Stromal","Stromal",TRUE,0.0567599249098827
"94458","DCIS 2","DCIS 2",TRUE,0.0115911879139043
"90177","Macrophages_2","Macrophages_2",TRUE,0.118595633320457
"90991","Stromal","Stromal",TRUE,0
"94656","Myoepi_ACTA2+","Myoepi_ACTA2+",TRUE,0.0198416684537912
"95558","Macrophages_1","Stromal",FALSE,0.0615735742615244
"94401","Myoepi_ACTA2+","Myoepi_ACTA2+",TRUE,0.0472267042043715
"93497","Stromal","Stromal",TRUE,0
"94354","Stromal","Stromal",TRUE,0
"94669","Myoepi_ACTA2+","Myoepi_ACTA2+",TRUE,0
"94360","Stromal","Stromal",TRUE,0.0401356920481819
"7372","Stromal","Stromal",TRUE,0
"94206","Endothelial","Stromal",FALSE,0.0604737922168926
"94202","B_Cells","B_Cells",TRUE,0.0703636658224095
"90287","Stromal","Stromal",TRUE,0
"90968","Stromal","Stromal",TRUE,0
"94041","Stromal","Stromal",TRUE,0
"93486","Stromal","Stromal",TRUE,0
"94211","Stromal","Stromal",TRUE,0.0654306574662286
"90960","Stromal","Stromal",TRUE,0
"94662","Myoepi_ACTA2+","Myoepi_ACTA2+",TRUE,0.0858312059486198
"94660","Myoepi_ACTA2+","Myoepi_ACTA2+",TRUE,0.029638457489115
"94585","Stromal","Stromal",TRUE,0.0661344094098167
"6039","Stromal","Stromal",TRUE,0.158559829947759
"6332","Stromal","Stromal",TRUE,0
"94209","Endothelial","Endothelial",TRUE,0.0162041867397791
"93527","Myoepi_ACTA2+","Myoepi_ACTA2+",TRUE,0.178488211400149
"95808","Stromal","Stromal",TRUE,0
"90155","Stromal","Stromal",TRUE,0.099813387646306
"94218","Stromal","Stromal",TRUE,0
"93530","Myoepi_KRT15+","Myoepi_KRT15+",TRUE,0.0605003446795505
"95561","Stromal","Stromal",TRUE,0.0559357864668545
"94402","Myoepi_ACTA2+","Myoepi_ACTA2+",TRUE,0.0357832344921111
"93709","Stromal","Stromal",TRUE,0
"95837","CD4+_T_Cells","CD4+_T_Cells",TRUE,0.0814184600565933
"95827","Stromal","Stromal",TRUE,0
"93699","Stromal","Stromal",TRUE,0
"94653","Myoepi_ACTA2+","Myoepi_ACTA2+",TRUE,0.0872910227051855
"93468","Stromal","Stromal",TRUE,0
"90317","Stromal","Stromal",TRUE,0.0330508139153387
"6037","Stromal","Stromal",TRUE,0.107454971854037
"94216","Stromal","Stromal",TRUE,0.0317487187566471
"94403","Myoepi_ACTA2+","Myoepi_KRT15+",FALSE,0.103017360139216
"93471","Stromal","Stromal",TRUE,0.059334539996051
"94405","Myoepi_KRT15+","Myoepi_KRT15+",TRUE,0.0462866888240857
"94198","Stromal","Stromal",TRUE,0.723104695898882
"94219","Stromal","Stromal",TRUE,0.0467687316813429
"94665","Myoepi_ACTA2+","Myoepi_ACTA2+",TRUE,0.0578599949782179
"94400","Myoepi_ACTA2+","Myoepi_ACTA2+",TRUE,0.0486723481544213
"94657","Myoepi_ACTA2+","Myoepi_KRT15+",FALSE,1.26904383826082
"94203","Stromal","Stromal",TRUE,0.0385592996354067
"94577","Macrophages_1","Macrophages_1",TRUE,0.0433077516656089
"93532","Myoepi_KRT15+","Myoepi_KRT15+",TRUE,0
"94208","CD8+_T_Cells","CD8+_T_Cells",TRUE,0.06139230014688
"90170","Stromal","Stromal",TRUE,0
"91603","Stromal","Stromal",TRUE,0.104635043492845
"94667","Myoepi_ACTA2+","Myoepi_ACTA2+",TRUE,0.107228290591449
"94664","Myoepi_ACTA2+","Myoepi_ACTA2+",TRUE,0
"94404","Myoepi_ACTA2+","Myoepi_ACTA2+",TRUE,0.0737087503436106
"94210","Perivascular-Like","Perivascular-Like",TRUE,0.0802671233527906
"94214","Endothelial","Endothelial",TRUE,0.0045662400188759
"95835","Macrophages_2","Macrophages_2",TRUE,0.132057017886515
"94453","DCIS 2","DCIS 2",TRUE,0
"93529","DCIS 2","DCIS 2",TRUE,0.0292155362927617
"93456","Stromal","Stromal",TRUE,0
"90172","Stromal","Stromal",TRUE,0.0848257654786256
"90336","Stromal","Stromal",TRUE,0
"94658","Myoepi_ACTA2+","Myoepi_ACTA2+",TRUE,0.0658309262049201
"94044","Stromal","Stromal",TRUE,0.103374185572897
"94407","Myoepi_KRT15+","Myoepi_KRT15+",TRUE,0.0529781245914162
"95560","Stromal","Stromal",TRUE,0.0624320110038234
"93506","Stromal","Stromal",TRUE,0.0678572622145936
"90227","Stromal","Stromal",TRUE,0
"93536","Myoepi_KRT15+","Myoepi_KRT15+",TRUE,0
"94663","Myoepi_ACTA2+","Myoepi_ACTA2+",TRUE,0.0173599996899001
"90961","Macrophages_1","Stromal",FALSE,0.103730838411487
"93458","Stromal","Stromal",TRUE,0
"93572","Stromal","Stromal",TRUE,0
"92385","Perivascular-Like","Stromal",FALSE,1.37306723290498
"93494","Stromal","Stromal",TRUE,0.0476778503522436
"95557","Stromal","Stromal",TRUE,0.0637564832981701
"94406","Myoepi_KRT15+","Myoepi_KRT15+",TRUE,0.132776807295005
"94221","Endothelial","Endothelial",TRUE,0.00438479381303009
"92372","Stromal","Stromal",TRUE,0.0259416798700335
"93528","Stromal","Stromal",TRUE,0.000839899093964841
"6327","Stromal","Stromal",TRUE,0.105823901102939
"91003","Stromal","Stromal",TRUE,0.0632917596670353
"90967","Stromal","Stromal",TRUE,0.0771095402257156
"92379","Macrophages_2","Macrophages_2",TRUE,0.163917063081757
"91592","Stromal","Stromal",TRUE,0.039762534970271
"90169","Macrophages_2","Macrophages_2",TRUE,0.109462664449831
"95559","Stromal","Stromal",TRUE,0
"94672","Myoepi_ACTA2+","Myoepi_ACTA2+",TRUE,0.109309896716445
"93473","Stromal","Stromal",TRUE,0
"95567","Macrophages_1","Macrophages_1",TRUE,0.0698892993991873
"93574","Stromal","Stromal",TRUE,0.0319063431554476
"91006","Stromal","Stromal",TRUE,0
"92351","Stromal","Stromal",TRUE,0.0527351322859851
"94674","DCIS 2","DCIS 2",TRUE,0.0329595098635936
"91036","Stromal","Stromal",TRUE,0.032384101866964
"93594","Stromal","Stromal",TRUE,0.0374512211283277
"93531","Stromal","Stromal",TRUE,0.0966340639251384
"94042","Stromal","Stromal",TRUE,0
"94408","Myoepi_ACTA2+","Myoepi_ACTA2+",TRUE,0.127833133134151
"93710","Stromal","Stromal",TRUE,0.0186669374472385
"94457","DCIS 2","DCIS 2",TRUE,0
"93587","Stromal","Stromal",TRUE,0.0620672857832995
"94217","Macrophages_1","Macrophages_1",TRUE,0.0608614616144219
"94409","Myoepi_ACTA2+","Myoepi_ACTA2+",TRUE,0.0883134399838584
"6036","IRF7+_DCs","Macrophages_2",FALSE,0.941687187252023
"94215","CD4+_T_Cells","CD4+_T_Cells",TRUE,0.00803595048273092
"92348","Stromal","Stromal",TRUE,0.118708398524846
"92364","Stromal","Stromal",TRUE,0.0848283107687813
"93533","Myoepi_ACTA2+","Myoepi_ACTA2+",TRUE,0.0525374933725972
"90175","Stromal","Stromal",TRUE,0.0906040606213861
"6333","Stromal","Stromal",TRUE,0
"90972","Stromal","Stromal",TRUE,0.0543179660733216
"91004","Stromal","Stromal",TRUE,0.0199719457478749
"94652","Stromal","Stromal",TRUE,0
"92330","Stromal","Stromal",TRUE,0.000949716665702267
"90978","Stromal","Stromal",TRUE,0.622043141096694
"95569","Macrophages_1","Macrophages_1",TRUE,0.0744244540715547
"7362","Stromal","Stromal",TRUE,0.0441855237250968
"95829","Stromal","Stromal",TRUE,0.0867179570597368
"94410","Myoepi_ACTA2+","Myoepi_ACTA2+",TRUE,0.0407804397128501
"91549","Macrophages_1","Stromal",FALSE,0.109102070746429
"93571","Stromal","Stromal",TRUE,0.0240487808727046
"93688","Stromal","Stromal",TRUE,0.0400508887107769
"90951","Perivascular-Like","Perivascular-Like",TRUE,0.0326433642084769
"6038","Stromal","Stromal",TRUE,0.0258779741266585
"93703","Stromal","Stromal",TRUE,0
"94679","DCIS 2","DCIS 2",TRUE,0.0399091127162554
"92334","Stromal","Stromal",TRUE,0.0302645670516883
"93470","Macrophages_2","Macrophages_2",TRUE,0.112480281312125
"94722","Myoepi_ACTA2+","Myoepi_ACTA2+",TRUE,0.0586566699117224
"90160","Stromal","Stromal",TRUE,0.0917637399676993
"94737","Stromal","Stromal",TRUE,0.0923821162885737
"94666","Stromal","Stromal",TRUE,0
"94661","Stromal","Stromal",TRUE,0
"90204","Stromal","Stromal",TRUE,0.045109981229444
"93538","CD8+_T_Cells","CD8+_T_Cells",TRUE,0.0043685636606971
"92333","Stromal","Stromal",TRUE,0.0597622830116447
"94224","CD8+_T_Cells","CD8+_T_Cells",TRUE,0.050698859159211
"94461","DCIS 2","DCIS 2",TRUE,0.0214244818084161
"91589","Stromal","Stromal",TRUE,0.0960940444017877
"90963","Stromal","Stromal",TRUE,0.0653840164609268
"94228","CD4+_T_Cells","CD4+_T_Cells",TRUE,0.0474035201884898
"93535","Myoepi_ACTA2+","Myoepi_ACTA2+",TRUE,0.0148897118367414
"92377","Macrophages_1","Stromal",FALSE,0.0972161113035986
"93593","CD8+_T_Cells","CD8+_T_Cells",TRUE,0.0407552968727596
"95563","Stromal","Stromal",TRUE,0.0204798898101314
"94222","CD8+_T_Cells","CD8+_T_Cells",TRUE,0.063527300979117
"94212","Macrophages_1","Macrophages_1",TRUE,0.776924909940153
"93545","Myoepi_KRT15+","Myoepi_KRT15+",TRUE,0.0321393250317885
"90956","Macrophages_1","Macrophages_1",TRUE,0.0820065395783345
"93540","DCIS 1","DCIS 2",FALSE,2
"6328","Stromal","Stromal",TRUE,0.0577823651990321
"77384","Macrophages_2","Macrophages_2",TRUE,0.110243608492417
"94412","Myoepi_KRT15+","Myoepi_KRT15+",TRUE,0.158215045130297
"92331","Stromal","Stromal",TRUE,0
"93534","Macrophages_1","Macrophages_1",TRUE,0.0657147791215419
"94225","CD4+_T_Cells","CD4+_T_Cells",TRUE,0.0446661150002315
"93461","Macrophages_1","Stromal",FALSE,0.0709616030290782
"92354","Stromal","Stromal",TRUE,0.0500985106672078
"94411","Myoepi_ACTA2+","Myoepi_ACTA2+",TRUE,0.0353081387004976
"93539","Myoepi_ACTA2+","Myoepi_ACTA2+",TRUE,0.0115760806886611
"93508","Stromal","Stromal",TRUE,0.082189638916654
"94045","Stromal","Stromal",TRUE,0
"90174","Stromal","Stromal",TRUE,0.12049668791491
"95565","Macrophages_1","Macrophages_1",TRUE,0.0482799202902625
"94687","Myoepi_ACTA2+","Myoepi_ACTA2+",TRUE,0
"92369","CD4+_T_Cells","CD4+_T_Cells",TRUE,0.0638555491175556
"77415","Stromal","Stromal",TRUE,0.189255921493084
"90973","CD4+_T_Cells","CD4+_T_Cells",TRUE,0.0907740452858405
"94413","Myoepi_ACTA2+","Myoepi_ACTA2+",TRUE,0
"92382","Perivascular-Like","Perivascular-Like",TRUE,0
"93541","Myoepi_ACTA2+","Myoepi_ACTA2+",TRUE,0.00388466251730588
"94415","DCIS 2","DCIS 2",TRUE,0.018609392348496
"77405","Stromal","Stromal",TRUE,0
"90161","Stromal","Stromal",TRUE,0
"95821","Stromal","Stromal",TRUE,0.0340646878303836
"93695","B_Cells","Stromal",FALSE,0.0533202507256337
"95564","Stromal","Stromal",TRUE,0.0246949816836712
"95824","Stromal","Stromal",TRUE,0
"92387","Endothelial","Endothelial",TRUE,0.193470327881671
"90947","Endothelial","Endothelial",TRUE,0.00886341226323134
"94673","Macrophages_1","Macrophages_1",TRUE,0.0792039696807255
"95562","Stromal","Stromal",TRUE,0.0345442543500387
"94724","Myoepi_ACTA2+","Myoepi_ACTA2+",TRUE,0.0145871880883325
"94223","Macrophages_1","Macrophages_1",TRUE,0.0388704370543709
"93590","Macrophages_2","Macrophages_2",TRUE,0.126968428265631
"94682","Myoepi_ACTA2+","Myoepi_ACTA2+",TRUE,0
"6034","Stromal","Stromal",TRUE,0
"94655","Stromal","Stromal",TRUE,0.0372392668549684
"6031","B_Cells","B_Cells",TRUE,0.0420152650615915
"93577","Macrophages_1","Macrophages_1",TRUE,0.0431752169758417
"94680","Myoepi_ACTA2+","Myoepi_ACTA2+",TRUE,0.0468897122674989
"94234","Stromal","Stromal",TRUE,0.114502840901271
"93737","Stromal","Stromal",TRUE,0
"90997","Stromal","Stromal",TRUE,0.0128807625934484
"93542","Stromal","Stromal",TRUE,0.0263612199726265
"94229","Stromal","Stromal",TRUE,0.0196580185357498
"90969","Stromal","Stromal",TRUE,0.0461067904820149
"92362","Stromal","Stromal",TRUE,0.0278299882110245
"93544","Myoepi_ACTA2+","Myoepi_ACTA2+",TRUE,0.0247279478793372
"93543","Stromal","Stromal",TRUE,0.0621224305283277
"90338","Stromal","Stromal",TRUE,0.136156941108658
"77388","Stromal","Stromal",TRUE,0.0576035119793048
"93553","DCIS 2","DCIS 2",TRUE,0.254890167434452
"6330","Stromal","Stromal",TRUE,0.00419166674998295
"92374","Perivascular-Like","Perivascular-Like",TRUE,0.0450900365871231
"90179","IRF7+_DCs","IRF7+_DCs",TRUE,0.0565703453440785
"94668","Stromal","Stromal",TRUE,0.0373179877281391
"92365","CD4+_T_Cells","CD4+_T_Cells",TRUE,0.0654789461492338
"90163","Stromal","Stromal",TRUE,0.0310026738667448
"93585","Stromal","Stromal",TRUE,0
"94414","Myoepi_ACTA2+","Myoepi_ACTA2+",TRUE,0.0330467024944008
"93537","Stromal","Stromal",TRUE,0.0484440325045807
"93546","Myoepi_ACTA2+","Myoepi_ACTA2+",TRUE,0
"92358","Stromal","Stromal",TRUE,0
"90212","Stromal","Stromal",TRUE,0.0547784170377394
"90984","Stromal","Stromal",TRUE,0.0563062000042318
"93547","Myoepi_ACTA2+","Myoepi_ACTA2+",TRUE,0.0407090293023566
"93354","Stromal","Stromal",TRUE,0
"90954","Stromal","Stromal",TRUE,0.0599471241293479
"93474","Stromal","Stromal",TRUE,0.0835708777948889
"90965","Macrophages_1","Macrophages_1",TRUE,0.0402759399158975
"93707","Stromal","Stromal",TRUE,0.0329890553351448
"90976","B_Cells","B_Cells",TRUE,0.0773823929599441
"77375","Stromal","Stromal",TRUE,0.140883420490861
"93475","Stromal","Stromal",TRUE,0
"90205","Stromal","Stromal",TRUE,0.0465223168765541
"94043","Stromal","Stromal",TRUE,0.0267918210210727
"92381","Endothelial","Endothelial",TRUE,0
"94690","Myoepi_ACTA2+","Myoepi_ACTA2+",TRUE,0.0569729113533028
"92345","B_Cells","Stromal",FALSE,0.0538056514328124
"94236","Stromal","Stromal",TRUE,0.064583658571711
"77403","Stromal","Stromal",TRUE,0
"94233","Endothelial","Endothelial",TRUE,0.0745499412821786
"93505","Macrophages_2","Stromal",FALSE,0.116910884204788
"77434","Stromal","Stromal",TRUE,0
"94227","CD8+_T_Cells","CD8+_T_Cells",TRUE,0.0272612749509108
"93736","Stromal","Stromal",TRUE,0.149317272284608
"90171","Stromal","Stromal",TRUE,0.0187531401708537
"91009","Stromal","Stromal",TRUE,0.0700908260580495
"94676","Stromal","Stromal",TRUE,0
"92336","Stromal","Stromal",TRUE,0.0408338678204666
"94237","Stromal","Stromal",TRUE,0.0318034380389675
"73507","B_Cells","B_Cells",TRUE,0.0504198052430973
"94726","Myoepi_ACTA2+","Myoepi_ACTA2+",TRUE,0.0311920809687004
"94232","CD4+_T_Cells","CD4+_T_Cells",TRUE,0.054829109736743
"90949","Endothelial","Endothelial",TRUE,0
"91010","Stromal","Stromal",TRUE,0.0318554693275379
"93591","Stromal","Stromal",TRUE,0.0572948360192679
"93476","Stromal","Stromal",TRUE,0.0464083685146817
"94677","CD4+_T_Cells","CD4+_T_Cells",TRUE,0.0850403296963488
"95830","Stromal","Stromal",TRUE,0.0968299381191217
"94032","Stromal","Stromal",TRUE,0
"92355","Stromal","Stromal",TRUE,0.114479660434587
"93550","Stromal","Stromal",TRUE,0
"77392","Stromal","Stromal",TRUE,0
"91002","Stromal","Stromal",TRUE,0.0593222191691529
"94419","DCIS 2","DCIS 2",TRUE,0.0191384958580347
"92347","CD4+_T_Cells","Stromal",FALSE,0.0810036961800452
"94231","CD4+_T_Cells","CD4+_T_Cells",TRUE,0.0530160357351914
"93551","DCIS 2","DCIS 2",TRUE,0.0256973516781675
"93500","Stromal","Stromal",TRUE,0
"93472","Stromal","Stromal",TRUE,0.0382180259721611
"93548","Stromal","Stromal",TRUE,0
"95570","Stromal","Stromal",TRUE,0.368585494262404
"94725","Stromal","Stromal",TRUE,0.0203140933033511
"91005","Stromal","Stromal",TRUE,0.335760793933852
"92386","Macrophages_1","Macrophages_1",TRUE,0.0181013405226363
"94423","DCIS 2","DCIS 2",TRUE,0
"93552","Myoepi_ACTA2+","Myoepi_ACTA2+",TRUE,0.0412449099770609
"94418","Myoepi_ACTA2+","DCIS 2",FALSE,0.057050298553962
"94420","DCIS 2","DCIS 2",TRUE,0.0098718654622906
"6032","Stromal","Stromal",TRUE,0
"90180","Macrophages_2","Macrophages_2",TRUE,0.145517987190108
"77416","Stromal","Stromal",TRUE,0.0201547043623332
"90159","Stromal","Stromal",TRUE,0.0468486443647065
"94675","Stromal","Stromal",TRUE,0.0420537836562978
"93701","Stromal","Stromal",TRUE,0
"92375","Endothelial","Endothelial",TRUE,0.29150426564787
"95576","Macrophages_1","Macrophages_1",TRUE,0.0730227470477149
"92367","Perivascular-Like","Perivascular-Like",TRUE,0.199542317685946
"93582","Stromal","Stromal",TRUE,0
"92371","Perivascular-Like","Perivascular-Like",TRUE,0
"93734","Stromal","Stromal",TRUE,0.088664089680957
"93711","B_Cells","B_Cells",TRUE,0.0671893324204369
"94239","CD4+_T_Cells","CD4+_T_Cells",TRUE,0.0507713604848369
"73503","Stromal","Stromal",TRUE,0
"90178","Stromal","Stromal",TRUE,0
"90975","CD4+_T_Cells","CD4+_T_Cells",TRUE,0.354075839281109
"94678","Perivascular-Like","Perivascular-Like",TRUE,0.087975614707021
"94738","Myoepi_ACTA2+","Myoepi_ACTA2+",TRUE,0.0497840848591365
"6029","Stromal","Stromal",TRUE,0.0376340724652477
"90979","Stromal","Stromal",TRUE,0.124684507787007
"90152","Stromal","Stromal",TRUE,0.0843591404962503
"90995","Stromal","Stromal",TRUE,0
"77437","Stromal","Stromal",TRUE,0.123450394065014
"94230","CD4+_T_Cells","CD4+_T_Cells",TRUE,0.0725445694365032
"90214","Stromal","Stromal",TRUE,0.0786803761409927
"90337","Stromal","Stromal",TRUE,0.124510862559317
"77381","Macrophages_2","Macrophages_2",TRUE,0.0970084349077414
"90970","Macrophages_1","Macrophages_1",TRUE,0.0591858130828223
"94694","Myoepi_ACTA2+","Myoepi_ACTA2+",TRUE,0.00553603151584078
"93503","Stromal","Stromal",TRUE,0
"90953","Stromal","Stromal",TRUE,0.0567634036958576
"6033","Stromal","Stromal",TRUE,0.210138195214734
"93580","Stromal","Stromal",TRUE,0
"94238","CD8+_T_Cells","CD8+_T_Cells",TRUE,0.000781726275663391
"77449","Stromal","Stromal",TRUE,0.0605038384663705
"95572","Stromal","Stromal",TRUE,0.0627668351436018
"94688","Stromal","Stromal",TRUE,0.0177825778206343
"93562","DCIS 2","DCIS 2",TRUE,0.0209285064975283
"90340","Stromal","Stromal",TRUE,0
"93558","DCIS 2","DCIS 2",TRUE,0.0345523934333022
"93575","CD8+_T_Cells","CD8+_T_Cells",TRUE,0.0449546847634503
"93554","Myoepi_ACTA2+","Myoepi_ACTA2+",TRUE,0
"90950","Perivascular-Like","Perivascular-Like",TRUE,0.04605702079489
"95566","Stromal","Stromal",TRUE,0
"93569","Stromal","Stromal",TRUE,0.0448613577510022
"93697","CD8+_T_Cells","CD8+_T_Cells",TRUE,0.0629855118248312
"90948","Endothelial","Endothelial",TRUE,0.0389784772450427
"93361","Stromal","Stromal",TRUE,0.0827546890350193
"90989","Stromal","Stromal",TRUE,0.0160614683704682
"94242","CD8+_T_Cells","Stromal",FALSE,0.0427141848388153
"94670","Stromal","Stromal",TRUE,0
"93549","Stromal","Stromal",TRUE,0.0553986351879139
"91007","Stromal","Stromal",TRUE,0.0395134058097663
"94422","DCIS 2","DCIS 2",TRUE,0.0440970372231045
"90957","Stromal","Stromal",TRUE,0
"90964","Stromal","Stromal",TRUE,0
"92356","Stromal","Stromal",TRUE,0
"94235","CD8+_T_Cells","CD8+_T_Cells",TRUE,0.0507196448680125
"93713","Stromal","Stromal",TRUE,0
"94681","Endothelial","Endothelial",TRUE,0.0636693706738279
"73514","Stromal","Stromal",TRUE,0.0241241767375285
"90211","Stromal","Stromal",TRUE,0.0336558870369379
"93560","DCIS 2","DCIS 2",TRUE,0.0274633110226322
"74031","Stromal","Stromal",TRUE,0.0347319666362201
"90156","Stromal","Stromal",TRUE,0.293948691566916
"77440","Stromal","Stromal",TRUE,0
"92368","Perivascular-Like","Perivascular-Like",TRUE,0
"93557","Myoepi_ACTA2+","Myoepi_ACTA2+",TRUE,0
"90971","Macrophages_1","Macrophages_1",TRUE,0.100014064056429
"92380","Endothelial","Endothelial",TRUE,0
"92349","B_Cells","B_Cells",TRUE,0.788362519391892
"90985","Macrophages_2","Macrophages_2",TRUE,0.104150866140216
"93478","CD4+_T_Cells","Stromal",FALSE,0.0611506085745279
"94721","Myoepi_ACTA2+","Myoepi_ACTA2+",TRUE,0.0261285453423601
"94421","Myoepi_ACTA2+","Myoepi_ACTA2+",TRUE,0.0150558459701106
"74032","Stromal","Stromal",TRUE,0.00943234162318031
"94727","DCIS 2","DCIS 2",TRUE,0.0499783754033677
"90992","Macrophages_2","Macrophages_2",TRUE,0.108137524896888
"73510","Macrophages_2","Macrophages_2",TRUE,0.0910598807822489
"94684","Perivascular-Like","Perivascular-Like",TRUE,0.0402392239521153
"95573","Macrophages_2","Macrophages_2",TRUE,0.0956615460284396
"90221","Endothelial","Endothelial",TRUE,0.0581859950759872
"94702","Myoepi_ACTA2+","Myoepi_ACTA2+",TRUE,0
"92344","Stromal","Stromal",TRUE,0.0340464258564856
"92360","Stromal","Stromal",TRUE,0.0570779456765567
"93477","Stromal","Stromal",TRUE,0.053299719589468
"93492","Stromal","Stromal",TRUE,0.05833425136703
"73497","Macrophages_1","Macrophages_1",TRUE,0.0976784723022476
"94424","DCIS 2","DCIS 2",TRUE,0.0581819248346028
"93561","Myoepi_ACTA2+","Stromal",FALSE,0.0994035435558391
"90226","Stromal","Stromal",TRUE,0.0375928837484337
"6326","Stromal","Stromal",TRUE,0.0302373547313426
"94243","Macrophages_1","Macrophages_1",TRUE,0.0115276981870093
"93727","Stromal","Stromal",TRUE,0
"90199","Stromal","Stromal",TRUE,0.0230782552748902
"94241","Stromal","Stromal",TRUE,0.0278569932297781
"93555","Stromal","Stromal",TRUE,0
"93381","Stromal","Stromal",TRUE,0
"7361","Stromal","Stromal",TRUE,0.0478304199577887
"93579","Stromal","Stromal",TRUE,0.060599701936431
"6277","Macrophages_2","Macrophages_2",TRUE,0.102465989585019
"93704","Stromal","Stromal",TRUE,0.0722800779497347
"95580","Stromal","Stromal",TRUE,0.0476082087226916
"94240","Macrophages_1","Macrophages_1",TRUE,0.0372525495301545
"90168","Stromal","Stromal",TRUE,0.0360466282778816
"90980","B_Cells","B_Cells",TRUE,0.300708073801587
"92366","Perivascular-Like","Perivascular-Like",TRUE,0.377997571083018
"94692","Myoepi_ACTA2+","Myoepi_ACTA2+",TRUE,0.152539602041017
"94426","DCIS 2","DCIS 2",TRUE,0.022995604134859
"94038","Stromal","Stromal",TRUE,0
"93356","Stromal","Stromal",TRUE,0.0177897624056913
"94689","Stromal","Stromal",TRUE,0.033466811865744
"92384","Endothelial","Endothelial",TRUE,0
"90974","Stromal","Stromal",TRUE,0.33742121619923
"94683","Stromal","Stromal",TRUE,0.058676400780974
"93559","Stromal","Stromal",TRUE,0.0515849589973474
"6027","Stromal","Stromal",TRUE,0.085802368011893
"77402","Macrophages_2","Macrophages_2",TRUE,0.127197846788968
"90977","B_Cells","B_Cells",TRUE,0.0366965035434067
"77383","Stromal","Stromal",TRUE,0.0321955108617761
"92370","Perivascular-Like","Perivascular-Like",TRUE,0.0436014310912701
"95577","Stromal","Stromal",TRUE,0
"77421","B_Cells","B_Cells",TRUE,0.0569515327174512
"91001","Stromal","Stromal",TRUE,0.0438663888158268
"90339","Stromal","Stromal",TRUE,0.412659743402561
"90946","Perivascular-Like","Perivascular-Like",TRUE,0.226510558389782
"94428","DCIS 2","DCIS 2",TRUE,0
"90994","IRF7+_DCs","IRF7+_DCs",TRUE,0.0532968703171444
"94707","Myoepi_ACTA2+","Myoepi_ACTA2+",TRUE,0.000418630376796625
"94425","Myoepi_ACTA2+","Myoepi_ACTA2+",TRUE,0.0502984781367715
"94247","Macrophages_1","Macrophages_1",TRUE,0
"93581","Stromal","Stromal",TRUE,0.0830767300146092
"94730","Myoepi_ACTA2+","Myoepi_ACTA2+",TRUE,0.0200642456853381
"93592","CD8+_T_Cells","CD8+_T_Cells",TRUE,0.0630351639850093
"95575","Stromal","Stromal",TRUE,0
"93568","Myoepi_ACTA2+","Myoepi_ACTA2+",TRUE,0.00774352571069398
"92388","Perivascular-Like","Perivascular-Like",TRUE,0
"94250","Stromal","Stromal",TRUE,0.0224938697671182
"6030","Stromal","Stromal",TRUE,0.0227341356079822
"93564","Myoepi_ACTA2+","Myoepi_ACTA2+",TRUE,0
"93716","Stromal","Stromal",TRUE,0.028136920343047
"90987","Endothelial","Endothelial",TRUE,0.0736908441914653
"93689","CD4+_T_Cells","CD4+_T_Cells",TRUE,0.0220171618253779
"73506","Stromal","Stromal",TRUE,0.0424200576504423
"93304","DCIS 2","DCIS 2",TRUE,0.0153255589925634
"94693","Myoepi_ACTA2+","Myoepi_ACTA2+",TRUE,0.0720758746318586
"77417","Stromal","Stromal",TRUE,0.45987716346022
"73509","Macrophages_2","Macrophages_2",TRUE,0.0781064065114998
"92329","Stromal","Stromal",TRUE,0.0407707003725248
"74027","Stromal","Stromal",TRUE,0
"7390","Stromal","Stromal",TRUE,0.0838390636507525
"73511","Stromal","Stromal",TRUE,0.0758703120486064
"94696","DCIS 2","DCIS 2",TRUE,0.0498017273410231
"77400","Stromal","Stromal",TRUE,0.821356306193612
"92353","Stromal","Stromal",TRUE,0
"92378","Endothelial","Endothelial",TRUE,0
"94283","Stromal","Stromal",TRUE,0.0501142512188066
"90952","Stromal","Stromal",TRUE,0.0340725807126005
"91802","Macrophages_1","Macrophages_1",TRUE,0.0823801664645669
"93353","Macrophages_2","Macrophages_2",TRUE,0.0996373638948672
"92326","Stromal","Stromal",TRUE,0.0392538526083227
"92373","Endothelial","Endothelial",TRUE,0
"90990","Endothelial","Endothelial",TRUE,0.0701350112859009
"92363","Perivascular-Like","Perivascular-Like",TRUE,0.0385556371455292
"93570","Stromal","Stromal",TRUE,0
"92343","Stromal","Stromal",TRUE,0.181921514044325
"94245","Macrophages_1","Macrophages_1",TRUE,0.0132240251032276
"94427","DCIS 2","DCIS 2",TRUE,0.031300688009047
"77442","Stromal","Stromal",TRUE,0.146038254600829
"93365","Stromal","Stromal",TRUE,0
"94729","Myoepi_KRT15+","Myoepi_KRT15+",TRUE,0.060388757837754
"93308","Myoepi_ACTA2+","Myoepi_ACTA2+",TRUE,0.0558259742616311
"94728","Myoepi_KRT15+","Myoepi_KRT15+",TRUE,0.0442289793174036
"90146","Stromal","Stromal",TRUE,0.0717577654944699
"93305","Myoepi_ACTA2+","Myoepi_ACTA2+",TRUE,0.00380710724869993
"93567","Myoepi_ACTA2+","Myoepi_ACTA2+",TRUE,0.0407393393276904
"90173","Stromal","Stromal",TRUE,0.0797216669873764
"94254","CD4+_T_Cells","CD4+_T_Cells",TRUE,0.00835412128380811
"91803","Macrophages_1","Macrophages_1",TRUE,0.0598602623427982
"94246","Macrophages_1","Macrophages_1",TRUE,0.00390710289586499
"93383","Stromal","Stromal",TRUE,0
"93479","Stromal","Stromal",TRUE,0.0503388149889074
"93715","CD4+_T_Cells","CD4+_T_Cells",TRUE,0.0566519767219061
"73492","Stromal","Stromal",TRUE,0.0932169330826448
"94433","DCIS 2","DCIS 2",TRUE,0
"93556","Stromal","Stromal",TRUE,0
"73513","B_Cells","B_Cells",TRUE,0.0799180207745984
"77425","Macrophages_2","Stromal",FALSE,0.119070921911734
"95574","IRF7+_DCs","IRF7+_DCs",TRUE,0.036729918552596
"91037","Stromal","Stromal",TRUE,0.0650621382523916
"94244","CD4+_T_Cells","CD4+_T_Cells",TRUE,0.0503859170523004
"93563","Stromal","Stromal",TRUE,0.0602286856504885
"94731","Myoepi_ACTA2+","Myoepi_ACTA2+",TRUE,0.0216454069863994
"91008","Stromal","Stromal",TRUE,0.176779664180561
"92339","Stromal","Stromal",TRUE,0.0383019888145854
"94685","Stromal","Stromal",TRUE,0
"91816","Stromal","Stromal",TRUE,0.0490235349382536
"91795","Perivascular-Like","Perivascular-Like",TRUE,0
"91817","CD8+_T_Cells","CD8+_T_Cells",TRUE,0.0600331974905806
"94697","DCIS 2","DCIS 2",TRUE,0.0270567849837799
"91786","Endothelial","Endothelial",TRUE,0.172861649936725
"95568","Stromal","Stromal",TRUE,0.0281722457418556
"93566","Stromal","Stromal",TRUE,0.0341982775132257
"93586","Stromal","Stromal",TRUE,0.035724938372061
"93307","Myoepi_KRT15+","Myoepi_KRT15+",TRUE,0.0104241414933183
"90983","Perivascular-Like","Stromal",FALSE,0.0657078554571749
"91789","Endothelial","Endothelial",TRUE,0.0289920292645796
"94695","Myoepi_ACTA2+","Myoepi_ACTA2+",TRUE,0.0859381991094885
"92359","Stromal","Stromal",TRUE,0.0354191629223251
"95582","Stromal","Stromal",TRUE,0.0441216486736341
"93583","CD8+_T_Cells","CD8+_T_Cells",TRUE,0.0669914016887259
"93306","Myoepi_ACTA2+","Myoepi_ACTA2+",TRUE,0.0233259660642031
"94704","Myoepi_KRT15+","Myoepi_KRT15+",TRUE,0.189587570838033
"94429","DCIS 2","DCIS 2",TRUE,0.0177731837664036
"93576","CD8+_T_Cells","CD8+_T_Cells",TRUE,0.0600309214317172
"95578","B_Cells","B_Cells",TRUE,0.0306160381671952
"91805","Macrophages_2","Macrophages_2",TRUE,0.158831429051757
"77393","Macrophages_2","Macrophages_2",TRUE,0.143913708029596
"90176","Stromal","Stromal",TRUE,0.0888107146120649
"6276","Stromal","Stromal",TRUE,0
"94248","CD4+_T_Cells","CD4+_T_Cells",TRUE,0
"94430","DCIS 2","DCIS 2",TRUE,0.141726115384513
"94442","DCIS 2","DCIS 2",TRUE,0.00268830066828141
"91804","Macrophages_2","Macrophages_1",FALSE,1.553010761153
"90996","Stromal","Stromal",TRUE,0
"94739","Myoepi_ACTA2+","Myoepi_ACTA2+",TRUE,0.423931375739235
"94703","Myoepi_KRT15+","Myoepi_KRT15+",TRUE,0.34720193563131
"91780","Perivascular-Like","Perivascular-Like",TRUE,0.0201993929749057
"77422","Stromal","Stromal",TRUE,0.0722320516546154
"6028","Stromal","Stromal",TRUE,0.0625918703962037
"93377","Stromal","Stromal",TRUE,0.0472217680088284
"94434","DCIS 2","DCIS 2",TRUE,0.0904382825015915
"94251","CD4+_T_Cells","CD4+_T_Cells",TRUE,0.0358007349572559
"93730","Stromal","Stromal",TRUE,0.12477086240379
"93718","CD4+_T_Cells","CD4+_T_Cells",TRUE,0.0556450177443468
"94258","CD8+_T_Cells","CD8+_T_Cells",TRUE,0.00699958826865132
"93348","Myoepi_ACTA2+","Myoepi_ACTA2+",TRUE,0.0463383436695093
"93247","Myoepi_ACTA2+","Myoepi_ACTA2+",TRUE,0.0689545704928545
"93565","Stromal","Stromal",TRUE,0.0326040719087091
"90998","Stromal","Stromal",TRUE,0
"94698","DCIS 2","DCIS 2",TRUE,0.0268266162756529
"94691","Stromal","Stromal",TRUE,0.0564080550005224
"93507","Stromal","Stromal",TRUE,0
"93359","Stromal","Stromal",TRUE,0
"94253","CD4+_T_Cells","CD4+_T_Cells",TRUE,0.00328490536232914
"93309","Myoepi_ACTA2+","Myoepi_ACTA2+",TRUE,0.0344144063498617
"93248","Myoepi_ACTA2+","Myoepi_ACTA2+",TRUE,0.0339971828040968
"92337","Stromal","Stromal",TRUE,0.0351735478459457
"93382","Stromal","Stromal",TRUE,0.0819150472559954
"93310","Myoepi_ACTA2+","Myoepi_ACTA2+",TRUE,0
"94257","CD4+_T_Cells","CD4+_T_Cells",TRUE,0.0344395891367977
"94431","Myoepi_ACTA2+","Myoepi_ACTA2+",TRUE,0.0197302722591457
"92352","Macrophages_1","Macrophages_1",TRUE,0.0766695327539975
"73512","B_Cells","B_Cells",TRUE,0.0637558187112566
"90988","Endothelial","Endothelial",TRUE,0.126747588497794
"92342","Stromal","Stromal",TRUE,0.098137616373442
"91781","Endothelial","Endothelial",TRUE,0
"93313","DCIS 2","DCIS 2",TRUE,0.0358505680332179
"76999","Stromal","Stromal",TRUE,0
"91788","Endothelial","Endothelial",TRUE,0.0164419180577411
"93714","CD4+_T_Cells","CD4+_T_Cells",TRUE,0.0502860330905643
"94031","Stromal","Stromal",TRUE,0
"77404","Stromal","Stromal",TRUE,0
"74028","Stromal","Stromal",TRUE,0.0425870054331434
"90993","Stromal","Stromal",TRUE,0.0267644080369604
"94432","Myoepi_ACTA2+","Myoepi_ACTA2+",TRUE,0.0173206049872212
"94249","CD8+_T_Cells","CD8+_T_Cells",TRUE,0.00853525762847443
"90219","Stromal","Stromal",TRUE,0.0987271967798631
"91794","Perivascular-Like","Perivascular-Like",TRUE,0.0770461161680998
"93578","Stromal","Stromal",TRUE,0.679576434333585
"94256","CD4+_T_Cells","CD4+_T_Cells",TRUE,0.0240116036179532
"90201","Stromal","Stromal",TRUE,0
"90164","Stromal","Stromal",TRUE,0.0227914897868756
"91030","Stromal","Stromal",TRUE,0.0635248468994311
"7355","Stromal","Stromal",TRUE,0
"93249","Myoepi_ACTA2+","Myoepi_ACTA2+",TRUE,0.123830898377899
"92335","Stromal","Stromal",TRUE,0.11256702134039
"91035","Stromal","Stromal",TRUE,0
"94701","DCIS 2","DCIS 2",TRUE,0.0609405705539537
"93312","DCIS 2","DCIS 2",TRUE,0.0482507663777008
"91018","Perivascular-Like","Perivascular-Like",TRUE,0.0356143855774087
"91000","Stromal","Stromal",TRUE,0.0659866382449221
"94733","Myoepi_KRT15+","Myoepi_KRT15+",TRUE,0
"93696","Stromal","Stromal",TRUE,0.0666435715801891
"77396","Stromal","Stromal",TRUE,0.0807403477673762
"92350","Stromal","Stromal",TRUE,0.0822101274756446
"94252","CD4+_T_Cells","CD4+_T_Cells",TRUE,0
"91778","Perivascular-Like","Perivascular-Like",TRUE,0
"90193","Stromal","Stromal",TRUE,0.0299263114544868
"92328","Stromal","Stromal",TRUE,0.0811153035286683
"93724","CD4+_T_Cells","CD4+_T_Cells",TRUE,0.0474804642202425
"93251","Stromal","Stromal",TRUE,0.0418332378787688
"94732","Myoepi_KRT15+","Myoepi_KRT15+",TRUE,0
"90198","Stromal","Stromal",TRUE,0.184226660674568
"93589","CD8+_T_Cells","CD8+_T_Cells",TRUE,0.0669356207228473
"94708","Myoepi_KRT15+","Myoepi_KRT15+",TRUE,0
"94435","Myoepi_ACTA2+","Myoepi_ACTA2+",TRUE,0.0122628173141379
"93246","Stromal","Stromal",TRUE,0.0589780178648492
"77446","Stromal","Stromal",TRUE,0
"74023","Stromal","Stromal",TRUE,0.127774863708436
"94734","Myoepi_KRT15+","Myoepi_KRT15+",TRUE,0
"94261","CD4+_T_Cells","CD4+_T_Cells",TRUE,0.0225061634776092
"94705","Myoepi_ACTA2+","Myoepi_ACTA2+",TRUE,0.00371647996075006
"90999","Stromal","Stromal",TRUE,0.0215616224068524
"90149","Stromal","Stromal",TRUE,0.0578979265622236
"91796","Stromal","Stromal",TRUE,0.0401154841987144
"91811","Stromal","Stromal",TRUE,0.0399558077132056
"93311","DCIS 2","DCIS 2",TRUE,0.388372201753136
"90210","Stromal","Stromal",TRUE,0
"95586","Stromal","Stromal",TRUE,0.15231935698956
"93254","DCIS 2","DCIS 2",TRUE,0.0357277522380001
"93573","Stromal","Stromal",TRUE,0
"94269","CD8+_T_Cells","CD8+_T_Cells",TRUE,0.00191336999461511
"94438","DCIS 2","DCIS 2",TRUE,0
"77433","Macrophages_2","Stromal",FALSE,0.113083566941888
"91806","Perivascular-Like","Stromal",FALSE,1.49331064222961
"94265","CD4+_T_Cells","CD4+_T_Cells",TRUE,0
"92322","Stromal","Stromal",TRUE,0
"91814","Stromal","Stromal",TRUE,0.0449257706517497
"94699","Stromal","Stromal",TRUE,0.0763642366766585
"94255","CD4+_T_Cells","CD4+_T_Cells",TRUE,0.00128687178298077
"93720","CD4+_T_Cells","CD4+_T_Cells",TRUE,0.0590701254855353
"77423","Stromal","Stromal",TRUE,0.0217775297497617
"91782","Endothelial","Endothelial",TRUE,0.0124145513905217
"94436","DCIS 2","DCIS 2",TRUE,0.0251777314597512
"93314","Myoepi_KRT15+","Myoepi_KRT15+",TRUE,0.051183883164889
"92338","Macrophages_2","B_Cells",FALSE,0.0863194892710769
"73490","Stromal","Stromal",TRUE,0.0148559605319982
"73502","Stromal","Stromal",TRUE,0.0306174066730907
"92346","Stromal","Stromal",TRUE,0.170942565760843
"91031","Perivascular-Like","Perivascular-Like",TRUE,0.0458379074069141
"73504","Stromal","Stromal",TRUE,0.0533915120883404
"94709","Myoepi_KRT15+","Myoepi_KRT15+",TRUE,0.0154763531811666
"95579","Stromal","Stromal",TRUE,0.094170332016194
"93253","Myoepi_ACTA2+","Myoepi_ACTA2+",TRUE,0.427317716484515
"94706","Myoepi_ACTA2+","Myoepi_ACTA2+",TRUE,0.0186606806117732
"91810","CD4+_T_Cells","CD4+_T_Cells",TRUE,0.0439253260609182
"93315","Myoepi_KRT15+","Myoepi_KRT15+",TRUE,0.0345841648234193
"94281","CD4+_T_Cells","CD4+_T_Cells",TRUE,0.0452704012062899
"91032","Endothelial","Endothelial",TRUE,0.0977678273559813
"94441","DCIS 2","DCIS 2",TRUE,0
"95571","Stromal","Stromal",TRUE,0.0171874444289157
"92341","Stromal","Stromal",TRUE,0.0333437597208444
"93729","Stromal","Stromal",TRUE,0
"77411","Stromal","Stromal",TRUE,0.107425724413533
"94264","CD4+_T_Cells","CD4+_T_Cells",TRUE,0.0695270069210742
"93380","Stromal","Stromal",TRUE,0.171469111805948
"93250","Macrophages_1","Macrophages_1",TRUE,0.0781218207418304
"94259","Perivascular-Like","Perivascular-Like",TRUE,0.0210395541668743
"91020","Endothelial","Endothelial",TRUE,0.0348518767169171
"74021","Stromal","Stromal",TRUE,0.0713352177519521
"95584","Stromal","Stromal",TRUE,0
"93721","CD8+_T_Cells","CD8+_T_Cells",TRUE,0
"94260","Endothelial","Endothelial",TRUE,0.00578669097070877
"6026","Stromal","Stromal",TRUE,0.0363244068596583
"94439","DCIS 2","DCIS 2",TRUE,0
"91772","Perivascular-Like","Perivascular-Like",TRUE,0
"94268","CD4+_T_Cells","CD4+_T_Cells",TRUE,0.00931182745730184
"93588","CD8+_T_Cells","CD8+_T_Cells",TRUE,0.042149421279132
"91815","Stromal","Stromal",TRUE,0.076624201384931
"93256","Myoepi_ACTA2+","Myoepi_ACTA2+",TRUE,0.0442800432683851
"76997","Stromal","Stromal",TRUE,0.024262798431902
"91812","Stromal","Stromal",TRUE,0.0115858876876624
"94263","CD4+_T_Cells","CD4+_T_Cells",TRUE,0.000666332827071792
"94712","Myoepi_KRT15+","Myoepi_KRT15+",TRUE,0.0393516094159111
"94437","DCIS 2","DCIS 2",TRUE,0.0117561526450313
"93735","Stromal","Stromal",TRUE,0.111339069396109
"93316","Myoepi_KRT15+","Myoepi_KRT15+",TRUE,0.00670417822747554
"93487","Stromal","Stromal",TRUE,0
"77291","Stromal","Stromal",TRUE,0
"95588","Stromal","Stromal",TRUE,0
"93511","Stromal","Stromal",TRUE,0
"95581","Stromal","Stromal",TRUE,0
"94272","CD8+_T_Cells","CD8+_T_Cells",TRUE,0.0274104157758035
"6023","Stromal","Stromal",TRUE,0.0971687279865206
"93584","Stromal","Stromal",TRUE,0.042101462117591
"93692","CD4+_T_Cells","CD4+_T_Cells",TRUE,0.0486035602055433
"91790","Stromal","Stromal",TRUE,0.0551884609606063
"94700","Stromal","Stromal",TRUE,0.00523768399722338
"94276","CD4+_T_Cells","CD4+_T_Cells",TRUE,0.00202959358797375
"91776","Endothelial","Endothelial",TRUE,0.019993685931003
"91034","Stromal","Stromal",TRUE,0.0962555927103413
"94735","Myoepi_KRT15+","Myoepi_KRT15+",TRUE,0.0903468174877454
"94262","CD4+_T_Cells","CD4+_T_Cells",TRUE,0.0239563919551641
"93257","Perivascular-Like","Stromal",FALSE,0.0975044712174274
"93252","Stromal","Stromal",TRUE,0.0194354565973995
"93708","CD4+_T_Cells","CD4+_T_Cells",TRUE,0.0555400020662075
"77390","Stromal","Stromal",TRUE,0.153690683837481
"92317","Stromal","Stromal",TRUE,0
"91807","B_Cells","Stromal",FALSE,0.0819790493740951
"91015","Endothelial","Endothelial",TRUE,0.164946479424061
"93726","Stromal","Stromal",TRUE,0
"92324","Stromal","Stromal",TRUE,0
"95237","Myoepi_KRT15+","Myoepi_KRT15+",TRUE,0
"91792","Macrophages_1","Macrophages_1",TRUE,0.00612249435958012
"93292","Stromal","Stromal",TRUE,0.0713577361091937
"91012","Stromal","Stromal",TRUE,0.00710216626561813
"93373","Stromal","Stromal",TRUE,0
"90142","Stromal","Stromal",TRUE,0.0365786342683094
"92730","Stromal","Stromal",TRUE,0.0330070347531543
"94710","Myoepi_ACTA2+","Myoepi_ACTA2+",TRUE,0
"73505","Stromal","Stromal",TRUE,0.0830315385765084
"94271","CD4+_T_Cells","CD4+_T_Cells",TRUE,0.0177482458130127
"90208","Stromal","Stromal",TRUE,0
"93261","Myoepi_ACTA2+","Myoepi_ACTA2+",TRUE,0.765315877395954
"93360","Stromal","Stromal",TRUE,0
"93259","DCIS 2","DCIS 2",TRUE,0.0276010508326511
"91783","Perivascular-Like","Perivascular-Like",TRUE,0.0715582848455803
"94711","Stromal","Stromal",TRUE,0.0705832295836809
"94443","DCIS 2","DCIS 2",TRUE,0
"90162","Stromal","Stromal",TRUE,0
"90153","Stromal","Stromal",TRUE,0.034081697390585
"93317","Myoepi_KRT15+","Myoepi_KRT15+",TRUE,0.0413950135226691
"91809","B_Cells","B_Cells",TRUE,0.0681262510320033
"6024","Stromal","Stromal",TRUE,0
"95240","Myoepi_KRT15+","Myoepi_KRT15+",TRUE,0
"91019","Endothelial","Endothelial",TRUE,0
"93690","CD4+_T_Cells","CD4+_T_Cells",TRUE,0
"77413","Stromal","Stromal",TRUE,0.0467763373686711
"94277","CD4+_T_Cells","CD4+_T_Cells",TRUE,0.022206829536214
"90195","Stromal","Stromal",TRUE,0
"93722","CD4+_T_Cells","CD4+_T_Cells",TRUE,0.0625351265847782
"90187","Stromal","Stromal",TRUE,0.0112505578478002
"92340","Stromal","Stromal",TRUE,0.348015226241092
"91813","Perivascular-Like","Perivascular-Like",TRUE,0.0639678256483039
"94270","CD4+_T_Cells","CD4+_T_Cells",TRUE,0.0104195637230608
"94274","CD4+_T_Cells","CD4+_T_Cells",TRUE,0.0655844710533031
"77397","Stromal","Stromal",TRUE,0.0247102206374306
"93498","Stromal","Stromal",TRUE,0
"6275","Stromal","Stromal",TRUE,0.0270670240194757
"94267","Endothelial","Endothelial",TRUE,0.00923945984276681
"93318","Myoepi_KRT15+","Myoepi_KRT15+",TRUE,0
"93698","CD4+_T_Cells","CD4+_T_Cells",TRUE,0.00813215396233273
"93262","Stromal","Stromal",TRUE,0.709562915218649
"94440","DCIS 2","DCIS 2",TRUE,0.0186435090319297
"92732","Stromal","Stromal",TRUE,0.151406138089567
"90181","B_Cells","Stromal",FALSE,0.0297118028822469
"94714","DCIS 2","DCIS 2",TRUE,0.0101857630394942
"94713","Myoepi_KRT15+","Myoepi_KRT15+",TRUE,0.0183447011376298
"93255","Macrophages_1","Macrophages_1",TRUE,0.0756310686355188
"92318","Stromal","Stromal",TRUE,0
"73480","Stromal","Stromal",TRUE,0.0119850378882625
"92721","Perivascular-Like","Perivascular-Like",TRUE,0.0305826821857936
"94266","CD4+_T_Cells","CD4+_T_Cells",TRUE,0.0212816097006324
"91808","CD4+_T_Cells","CD4+_T_Cells",TRUE,0.0333738067776543
"93293","Stromal","Stromal",TRUE,0
"73494","Stromal","Stromal",TRUE,0.073885171584549
"92722","CD4+_T_Cells","CD4+_T_Cells",TRUE,0.0211156038886935
"93297","CD8+_T_Cells","CD8+_T_Cells",TRUE,0.0582506797653781
"91029","Perivascular-Like","Perivascular-Like",TRUE,0.0629066805128376
"92719","Endothelial","Endothelial",TRUE,0.0107583295208389
"90209","Stromal","Stromal",TRUE,0
"94736","Myoepi_KRT15+","Myoepi_KRT15+",TRUE,0.0387297905312296
"91771","Perivascular-Like","Perivascular-Like",TRUE,0.028539745342972
"93298","CD8+_T_Cells","CD8+_T_Cells",TRUE,0.00392100041213558
"94671","Myoepi_KRT15+","Myoepi_KRT15+",TRUE,0
"77410","Stromal","Stromal",TRUE,0.00918860390856896
"76947","Stromal","Stromal",TRUE,0.0791086512554377
"93266","Myoepi_ACTA2+","Myoepi_ACTA2+",TRUE,0.0422862052498944
"92327","Stromal","Stromal",TRUE,0.0689882050179774
"94445","DCIS 2","DCIS 2",TRUE,0
"90147","B_Cells","B_Cells",TRUE,0.0557165870245853
"94273","CD4+_T_Cells","CD4+_T_Cells",TRUE,0.0141268205970679
"77382","Stromal","Stromal",TRUE,0
"93694","CD4+_T_Cells","CD4+_T_Cells",TRUE,0
"91033","Endothelial","Endothelial",TRUE,0.0623424560709177
"94444","DCIS 2","DCIS 2",TRUE,0
"95233","Myoepi_KRT15+","Myoepi_KRT15+",TRUE,0.045619466784409
"94278","CD4+_T_Cells","CD4+_T_Cells",TRUE,0
"93144","CD4+_T_Cells","CD4+_T_Cells",TRUE,0.0129417134029287
"93732","Stromal","Stromal",TRUE,0
"93267","Myoepi_ACTA2+","Myoepi_ACTA2+",TRUE,0.0423400459957747
"93263","Endothelial","Endothelial",TRUE,0.178036926281383
"77419","Stromal","Stromal",TRUE,0
"91760","Stromal","Stromal",TRUE,0.0304803175450304
"90197","Stromal","Stromal",TRUE,0
"91016","Endothelial","Endothelial",TRUE,0.186475563061625
"93269","Myoepi_ACTA2+","Myoepi_ACTA2+",TRUE,0.0819281303478336
"93264","Stromal","Stromal",TRUE,0
"94049","Stromal","Stromal",TRUE,0.0543433873653825
"91761","Macrophages_1","Macrophages_1",TRUE,0.0405191033059183
"91800","Stromal","Stromal",TRUE,0.102526430871848
"90144","Stromal","Stromal",TRUE,0.0649051671242418
"77317","Stromal","Stromal",TRUE,0
"90185","B_Cells","B_Cells",TRUE,0.0457231318745326
"74030","Stromal","Stromal",TRUE,0
"95235","DCIS 2","DCIS 2",TRUE,0
"95609","Stromal","Stromal",TRUE,0.0153332868503228
"92718","Endothelial","Endothelial",TRUE,0.0706279683094801
"93319","Myoepi_KRT15+","Myoepi_KRT15+",TRUE,0
"92716","Perivascular-Like","Perivascular-Like",TRUE,0.0476557969329723
"95236","Myoepi_KRT15+","Myoepi_KRT15+",TRUE,0
"92728","Stromal","Stromal",TRUE,0.0581256973495859
"95308","Myoepi_KRT15+","Myoepi_KRT15+",TRUE,0
"92717","Endothelial","Endothelial",TRUE,0.00364710101827354
"77438","Stromal","Stromal",TRUE,0.0575481276585327
"95583","Stromal","Stromal",TRUE,0
"92726","B_Cells","Stromal",FALSE,0.0483734829396537
"93321","Myoepi_KRT15+","Myoepi_KRT15+",TRUE,0.0479659614015868
"93405","Stromal","Stromal",TRUE,0
"76978","Stromal","Stromal",TRUE,0.0735117410713897
"93351","Myoepi_ACTA2+","Myoepi_ACTA2+",TRUE,0.0962416901859893
"93299","CD8+_T_Cells","CD8+_T_Cells",TRUE,0.0385791174290936
"94279","CD4+_T_Cells","CD4+_T_Cells",TRUE,0.00360274204980116
"93480","Stromal","Stromal",TRUE,0
"6025","Stromal","Stromal",TRUE,0
"92725","Perivascular-Like","Perivascular-Like",TRUE,0.0370928337871649
"91793","CD4+_T_Cells","CD4+_T_Cells",TRUE,0.0568359664788865
"93323","DCIS 2","DCIS 2",TRUE,0.0147878232350377
"95592","Stromal","Stromal",TRUE,0.155443846139959
"93294","B_Cells","B_Cells",TRUE,0.0844973195956712
"6274","Stromal","Stromal",TRUE,0
"92723","Endothelial","Endothelial",TRUE,0
"93147","CD4+_T_Cells","CD4+_T_Cells",TRUE,0.195423052520105
"77391","Stromal","Stromal",TRUE,0
"93364","Stromal","Stromal",TRUE,0.0480895962916747
"95309","Myoepi_KRT15+","Myoepi_KRT15+",TRUE,0.0478280448363773
"93145","CD4+_T_Cells","CD4+_T_Cells",TRUE,0
"93391","Stromal","Stromal",TRUE,0.0980919287306495
"95310","Myoepi_ACTA2+","Myoepi_KRT15+",FALSE,0.0475489032490927
"92325","Prolif_Invasive_Tumor","Prolif_Invasive_Tumor",TRUE,0.0557355310462817
"76961","Stromal","Stromal",TRUE,0.0396401472160721
"94716","Myoepi_KRT15+","Myoepi_KRT15+",TRUE,0.113828896457896
"93731","Stromal","Stromal",TRUE,0.0353575568851002
"94282","CD8+_T_Cells","CD8+_T_Cells",TRUE,0.0342176127834811
"95600","Stromal","Stromal",TRUE,0.0404473153453017
"74025","Stromal","Stromal",TRUE,0.00681342426291481
"92309","Invasive_Tumor","Invasive_Tumor",TRUE,0.0607202840403435
"90148","B_Cells","B_Cells",TRUE,0.038994600184065
"91787","Stromal","Stromal",TRUE,0.0296163279993629
"90188","Stromal","Stromal",TRUE,0.164803714176073
"93702","CD4+_T_Cells","CD4+_T_Cells",TRUE,0.000713922737852535
"91777","Endothelial","Endothelial",TRUE,0.057633561377626
"93295","Macrophages_1","Macrophages_1",TRUE,0.553937277510746
"94280","Endothelial","Endothelial",TRUE,0.010999860724462
"95340","DCIS 2","DCIS 2",TRUE,0
"91767","Perivascular-Like","Perivascular-Like",TRUE,0.0183378607212916
"92713","Perivascular-Like","Stromal",FALSE,1.11710586107043
"93273","Myoepi_ACTA2+","Myoepi_ACTA2+",TRUE,0.0740723547034119
"90186","B_Cells","B_Cells",TRUE,0.0371821574077395
"6325","Macrophages_2","Stromal",FALSE,0.154305999757041
"93409","Stromal","Stromal",TRUE,0
"92731","Stromal","Stromal",TRUE,0.0803196784964388
"77295","Stromal","Stromal",TRUE,0.119527812582747
"95598","Stromal","Stromal",TRUE,0.0963012452420976
"92715","Endothelial","Endothelial",TRUE,0
"95234","Myoepi_KRT15+","Myoepi_KRT15+",TRUE,0.175712796936793
"93320","Myoepi_ACTA2+","Myoepi_ACTA2+",TRUE,0.0489367221088002
"91759","Stromal","Stromal",TRUE,0
"95597","Stromal","Stromal",TRUE,0.0210282470394516
"77379","Macrophages_2","Macrophages_2",TRUE,0.17831878679231
"93350","Myoepi_ACTA2+","Myoepi_ACTA2+",TRUE,0.0185898224348993
"73500","Stromal","Stromal",TRUE,0.318824125184432
"93509","Macrophages_2","Stromal",FALSE,0.118382422009976
"77304","Stromal","Stromal",TRUE,0
"93260","Stromal","Stromal",TRUE,0.0526313709001213
"93146","CD4+_T_Cells","CD4+_T_Cells",TRUE,0.0223207195636116
"91014","Endothelial","Endothelial",TRUE,0.151883367990101
"95316","Myoepi_KRT15+","Myoepi_KRT15+",TRUE,0
"91022","Endothelial","Endothelial",TRUE,0.0159148017409886
"93322","Macrophages_1","Macrophages_1",TRUE,0.00667411152711798
"91017","Stromal","Stromal",TRUE,0.140635018516951
"92714","Perivascular-Like","Perivascular-Like",TRUE,0.00116057626143894
"93122","CD4+_T_Cells","CD4+_T_Cells",TRUE,0.0103605866748425
"93493","Stromal","Stromal",TRUE,0
"93325","DCIS 2","DCIS 2",TRUE,0.0152474722509423
"95314","Myoepi_ACTA2+","Myoepi_ACTA2+",TRUE,0.0569105439561694
"93725","Macrophages_2","Stromal",FALSE,0.0974849669808089
"95317","Myoepi_KRT15+","Myoepi_KRT15+",TRUE,0
"92710","Endothelial","Endothelial",TRUE,0
"73488","Macrophages_2","Macrophages_2",TRUE,0.138263194063277
"93277","Myoepi_ACTA2+","Myoepi_ACTA2+",TRUE,0
"90220","Stromal","Stromal",TRUE,0
"92319","Invasive_Tumor","Invasive_Tumor",TRUE,0.049750441052351
"93510","Stromal","Stromal",TRUE,0.164665092398731
"91013","Stromal","Stromal",TRUE,0.0976925495584477
"93300","CD4+_T_Cells","CD4+_T_Cells",TRUE,0.0458541331356683
"95330","DCIS 2","DCIS 2",TRUE,0.0292531017734848
"93271","Stromal","Stromal",TRUE,0.0284421615925949
"92729","Stromal","Stromal",TRUE,0.0799167904796819
"77412","Macrophages_2","Macrophages_2",TRUE,0.119998369381412
"95313","Myoepi_ACTA2+","Myoepi_ACTA2+",TRUE,0.0333778372319276
"95226","Myoepi_KRT15+","Myoepi_KRT15+",TRUE,0.0053519161430873
"91707","Stromal","Stromal",TRUE,0
"95321","Myoepi_ACTA2+","Myoepi_ACTA2+",TRUE,0.0498867845310037
"91755","Stromal","Stromal",TRUE,0.0614047825783419
"93272","Stromal","Stromal",TRUE,0.0575664708064422
"73491","B_Cells","Stromal",FALSE,0.0863966324410394
"90151","Macrophages_2","Macrophages_2",TRUE,0.0660704674868673
"7450","Invasive_Tumor","DCIS 2",FALSE,1.4230587717548
"92303","Invasive_Tumor","Invasive_Tumor",TRUE,0.024452195236477
"93324","Macrophages_1","Macrophages_1",TRUE,0.0187761695115581
"90207","Stromal","Stromal",TRUE,0
"93512","Stromal","Stromal",TRUE,0
"93281","Myoepi_ACTA2+","Myoepi_ACTA2+",TRUE,0.00090510352232151
"90224","Endothelial","Endothelial",TRUE,0.0442329200246094
"93125","CD8+_T_Cells","CD8+_T_Cells",TRUE,0.780324810967405
"93327","Myoepi_ACTA2+","Myoepi_ACTA2+",TRUE,0
"93148","Endothelial","Endothelial",TRUE,0.00292363388242561
"95228","DCIS 2","DCIS 2",TRUE,0
"90184","Stromal","Stromal",TRUE,0
"93268","Stromal","Stromal",TRUE,8.09170868420472e-05
"91706","Stromal","Stromal",TRUE,0.0469264442792223
"95227","Myoepi_KRT15+","Myoepi_KRT15+",TRUE,0.00403533873127548
"94048","Stromal","Stromal",TRUE,0
"92711","CD4+_T_Cells","CD4+_T_Cells",TRUE,0.00700013027274166
"93258","Stromal","Stromal",TRUE,0.0617373846813536
"92306","DCIS 1","Invasive_Tumor",FALSE,1.76979052841984
"92712","CD4+_T_Cells","CD4+_T_Cells",TRUE,0.00772414684926842
"92314","Invasive_Tumor","Invasive_Tumor",TRUE,0.024297932018918
"90165","Stromal","Stromal",TRUE,0.0476262329444505
"92296","Invasive_Tumor","Invasive_Tumor",TRUE,0.0586447517759267
"93518","Stromal","Stromal",TRUE,0.0215931183002233
"74029","Stromal","Stromal",TRUE,0.119524344326847
"95608","Stromal","Stromal",TRUE,0.0383658143676703
"92720","Stromal","Stromal",TRUE,0.0437966278680526
"93328","DCIS 2","DCIS 2",TRUE,0.0180910515475902
"95599","Macrophages_2","Macrophages_2",TRUE,0.108994625700572
"93384","Stromal","Stromal",TRUE,0
"93326","Myoepi_ACTA2+","Myoepi_ACTA2+",TRUE,0.00392867917689382
"92708","Endothelial","Endothelial",TRUE,0
"93123","LAMP3+_DCs","LAMP3+_DCs",TRUE,0.0060065825332633
"95594","Macrophages_1","Stromal",FALSE,0.0838699432907152
"93712","CD4+_T_Cells","CD4+_T_Cells",TRUE,0.03942379736334
"95601","Stromal","Stromal",TRUE,0.0457654883715506
"90157","Stromal","Stromal",TRUE,0.0618929920318654
"77427","Stromal","Stromal",TRUE,0
"93296","CD4+_T_Cells","CD4+_T_Cells",TRUE,0.0117298248116142
"95595","Stromal","Stromal",TRUE,0.0566025202380912
"93499","Stromal","Stromal",TRUE,0
"76951","Stromal","Stromal",TRUE,0.037134025886298
"90200","Stromal","Stromal",TRUE,0
"91766","Perivascular-Like","Perivascular-Like",TRUE,0.0607005352511371
"77418","Stromal","Stromal",TRUE,0.146640033984742
"95315","Myoepi_ACTA2+","Myoepi_ACTA2+",TRUE,0.0788302836753185
"95589","Stromal","Stromal",TRUE,0
"95318","Myoepi_KRT15+","Myoepi_KRT15+",TRUE,0.228695510685214
"95231","Myoepi_ACTA2+","Myoepi_ACTA2+",TRUE,0.0176779555457146
"93396","Stromal","Stromal",TRUE,0
"95331","Myoepi_ACTA2+","Myoepi_ACTA2+",TRUE,0
"90192","Stromal","Stromal",TRUE,0
"92323","Stromal","Stromal",TRUE,0.043128134630472
"95229","Myoepi_ACTA2+","Myoepi_ACTA2+",TRUE,0.00231864020878273
"93141","CD4+_T_Cells","CD4+_T_Cells",TRUE,0.00481381460383068
"93149","CD4+_T_Cells","CD4+_T_Cells",TRUE,0.470384310140199
"93124","LAMP3+_DCs","LAMP3+_DCs",TRUE,0.0176480423677158
"93127","CD8+_T_Cells","CD8+_T_Cells",TRUE,0
"93286","Myoepi_ACTA2+","Myoepi_ACTA2+",TRUE,0
"95343","DCIS 2","DCIS 2",TRUE,0.151217805525787
"77401","Stromal","Stromal",TRUE,0.0936131416579281
"95223","Myoepi_KRT15+","Myoepi_KRT15+",TRUE,0.000996172820641128
"94718","Myoepi_ACTA2+","Myoepi_ACTA2+",TRUE,0.077189493734064
"91785","B_Cells","B_Cells",TRUE,0.0774625207045358
"93301","CD8+_T_Cells","CD8+_T_Cells",TRUE,0.0309183551164586
"93728","Stromal","Stromal",TRUE,0.0423418764636705
"93329","Myoepi_ACTA2+","Myoepi_ACTA2+",TRUE,0.251590322474658
"93400","Stromal","Stromal",TRUE,0.0424528388266424
"77409","Stromal","Stromal",TRUE,0.032782468297998
"91799","Stromal","Stromal",TRUE,0.0332327656819997
"95225","Myoepi_ACTA2+","Myoepi_ACTA2+",TRUE,0.0285075759129739
"91779","Perivascular-Like","Perivascular-Like",TRUE,0.0577569879875879
"92727","Stromal","Stromal",TRUE,0.379215034087764
"77420","Stromal","Stromal",TRUE,0.109297488046854
"93143","CD4+_T_Cells","CD4+_T_Cells",TRUE,0.00599476528876003
"93346","Myoepi_ACTA2+","Myoepi_ACTA2+",TRUE,0.0394327417197129
"95311","Myoepi_KRT15+","Myoepi_KRT15+",TRUE,0
"95328","Myoepi_ACTA2+","Myoepi_ACTA2+",TRUE,0.0336725800894675
"73482","Stromal","Stromal",TRUE,0.124872392151805
"94720","Myoepi_KRT15+","Myoepi_KRT15+",TRUE,0
"93073","CD8+_T_Cells","CD8+_T_Cells",TRUE,0.0116345900008497
"95345","Myoepi_ACTA2+","Myoepi_ACTA2+",TRUE,0.0478257715446919
"77322","Stromal","Stromal",TRUE,0
"77377","Stromal","Stromal",TRUE,0
"91921","Endothelial","Endothelial",TRUE,0.0643889200470388
"6273","B_Cells","B_Cells",TRUE,0.0437949496982376
"95333","Myoepi_ACTA2+","Myoepi_ACTA2+",TRUE,0.175103894753149
"6022","Stromal","Stromal",TRUE,0.113731306760242
"91768","Endothelial","Endothelial",TRUE,0
"92707","Stromal","Stromal",TRUE,0.0140938571706375
"92706","Endothelial","Endothelial",TRUE,0.105748178289988
"91757","Macrophages_2","Macrophages_2",TRUE,0.130117115015593
"93367","Stromal","Stromal",TRUE,0.0283614015914274
"77389","Stromal","Stromal",TRUE,0.0158121133414231
"95322","Myoepi_KRT15+","Myoepi_KRT15+",TRUE,0.0305394897119122
"73461","Stromal","Stromal",TRUE,0.017168755963624
"95232","DCIS 2","DCIS 2",TRUE,0
"91758","Stromal","Stromal",TRUE,0.0184840915674884
"74026","Stromal","Stromal",TRUE,0.187192544227537
"92320","Prolif_Invasive_Tumor","Prolif_Invasive_Tumor",TRUE,0.0357883592138657
"93288","Myoepi_ACTA2+","Myoepi_ACTA2+",TRUE,0.0545770414995224
"77432","Stromal","Stromal",TRUE,0.107850132457115
"93523","Stromal","Stromal",TRUE,0
"95319","Myoepi_ACTA2+","Myoepi_ACTA2+",TRUE,0.0153692682013876
"93274","Macrophages_1","Macrophages_1",TRUE,0.0736040696347784
"92308","Prolif_Invasive_Tumor","Prolif_Invasive_Tumor",TRUE,0.0267183902863602
"92705","Perivascular-Like","Perivascular-Like",TRUE,0.026477842332973
"93331","Myoepi_ACTA2+","Myoepi_ACTA2+",TRUE,0.062279219436521
"95320","Myoepi_ACTA2+","Myoepi_ACTA2+",TRUE,0.00332878578111927
"76986","Stromal","Stromal",TRUE,0.0450963335414352
"93291","DCIS 2","DCIS 2",TRUE,0.0374938645057146
"93332","Macrophages_1","Macrophages_1",TRUE,0.0086177950741006
"95218","DCIS 2","DCIS 2",TRUE,0
"93126","Perivascular-Like","Perivascular-Like",TRUE,0.000738249102077815
"93138","IRF7+_DCs","IRF7+_DCs",TRUE,0.00175944287844371
"93334","Macrophages_1","Macrophages_1",TRUE,0.0176023808102627
"95324","Myoepi_KRT15+","Myoepi_KRT15+",TRUE,0.170681833753155
"93717","LAMP3+_DCs","LAMP3+_DCs",TRUE,0.0652182899827608
"93285","Stromal","Stromal",TRUE,0.0920338632431952
"93393","Stromal","Stromal",TRUE,0
"90158","Stromal","Stromal",TRUE,0
"93330","Myoepi_ACTA2+","Myoepi_ACTA2+",TRUE,0.00875156418686698
"93265","CD4+_T_Cells","CD4+_T_Cells",TRUE,0.0348432705728863
"77447","Stromal","Stromal",TRUE,0.922398192753483
"74020","Stromal","Stromal",TRUE,0
"90167","B_Cells","B_Cells",TRUE,0.0550963142793771
"95334","Myoepi_ACTA2+","Myoepi_ACTA2+",TRUE,0.00207832256626775
"93333","Myoepi_ACTA2+","Myoepi_ACTA2+",TRUE,0.0221209443379339
"77296","Stromal","Stromal",TRUE,0.021019867844792
"95351","DCIS 2","DCIS 2",TRUE,0.0354726453096679
"93128","CD4+_T_Cells","CD4+_T_Cells",TRUE,0.0132022890146726
"91763","Stromal","Stromal",TRUE,0.014931797170937
"95326","Myoepi_ACTA2+","Myoepi_ACTA2+",TRUE,0.0427055757321558
"93132","CD4+_T_Cells","CD4+_T_Cells",TRUE,0.0227912966653821
"77292","Stromal","Stromal",TRUE,0.0256934777244664
"73468","Stromal","Stromal",TRUE,0.0543354682219406
"93072","B_Cells","B_Cells",TRUE,0.0168238894138908
"93282","Stromal","Stromal",TRUE,0.0326473378921902
"73486","Stromal","Stromal",TRUE,0.0465608018984133
"90140","Macrophages_2","Macrophages_2",TRUE,0.109223420433652
"93335","DCIS 2","DCIS 2",TRUE,0.0103339892489813
"76949","Stromal","Stromal",TRUE,0
"91746","Invasive_Tumor","Invasive_Tumor",TRUE,0.0122584278800701
"93152","Myoepi_KRT15+","Myoepi_KRT15+",TRUE,0
"92703","Stromal","Stromal",TRUE,0.0294147321587962
"6271","Stromal","Stromal",TRUE,0.102554033466478
"93131","CD4+_T_Cells","CD4+_T_Cells",TRUE,0.571265703495941
"6272","Stromal","Stromal",TRUE,0.0659264488522975
"92704","Macrophages_2","Macrophages_2",TRUE,0.0850835042151056
"93336","Myoepi_ACTA2+","Myoepi_ACTA2+",TRUE,0.0170728162692705
"90218","Stromal","Stromal",TRUE,0.0274907275443575
"94719","Myoepi_ACTA2+","Myoepi_ACTA2+",TRUE,0.0545622142021027
"95220","DCIS 2","DCIS 2",TRUE,0
"95215","DCIS 2","DCIS 2",TRUE,0.475862559258528
"95607","Stromal","Stromal",TRUE,0
"77386","Stromal","Stromal",TRUE,0.0236454982714053
"93514","Endothelial","Endothelial",TRUE,0.055265412352253
"95221","Myoepi_KRT15+","Myoepi_KRT15+",TRUE,0
"93347","Myoepi_KRT15+","Myoepi_KRT15+",TRUE,0
"93691","Macrophages_1","Macrophages_1",TRUE,0.0353143291290532
"93302","Stromal","Stromal",TRUE,0.0271526639809871
"95590","Stromal","Stromal",TRUE,0
"92702","Stromal","Stromal",TRUE,0.0394765676256487
"93289","Myoepi_ACTA2+","Myoepi_ACTA2+",TRUE,0.0422252630233011
"95603","Stromal","Stromal",TRUE,0
"95604","Stromal","Stromal",TRUE,0.0504606965757166
"7449","Stromal","Stromal",TRUE,0.0473642483267429
"93129","CD4+_T_Cells","CD4+_T_Cells",TRUE,0.0077687419382536
"93074","CD4+_T_Cells","CD4+_T_Cells",TRUE,0.217679944795034
"91784","B_Cells","B_Cells",TRUE,0.0444677550309513
"90182","Stromal","Stromal",TRUE,0.0222454685094531
"95358","DCIS 2","DCIS 2",TRUE,0
"95339","Myoepi_ACTA2+","Myoepi_ACTA2+",TRUE,0.000728551141388062
"93482","Stromal","Stromal",TRUE,0.0400908946577863
"95347","Myoepi_ACTA2+","Myoepi_ACTA2+",TRUE,0
"91922","Stromal","Stromal",TRUE,0.0217031324559461
"73508","Stromal","Stromal",TRUE,0.0587981208005517
"93275","CD8+_T_Cells","CD8+_T_Cells",TRUE,0.0175306357229193
"95353","Myoepi_ACTA2+","Myoepi_ACTA2+",TRUE,0.0706950625616659
"93385","Stromal","Stromal",TRUE,0
"95323","Myoepi_KRT15+","Myoepi_KRT15+",TRUE,0.253862622916302
"90145","Stromal","Stromal",TRUE,0
"95605","Stromal","Stromal",TRUE,0.0212453026543878
"95591","Stromal","Stromal",TRUE,0
"92316","Stromal","Stromal",TRUE,0.0597867046168463
"93723","CD4+_T_Cells","CD4+_T_Cells",TRUE,0.0432788918648552
"91774","Endothelial","Endothelial",TRUE,0
"93338","Myoepi_KRT15+","Myoepi_KRT15+",TRUE,0.00267942652797305
"77320","Stromal","Stromal",TRUE,0
"95587","Stromal","Stromal",TRUE,0
"92315","Invasive_Tumor","Invasive_Tumor",TRUE,0.0759361840234649
"90203","Macrophages_1","Stromal",FALSE,0.0952183360578948
"93516","Perivascular-Like","Stromal",FALSE,1.53057615389159
"91801","Stromal","Stromal",TRUE,0.0268629152989315
"91752","Prolif_Invasive_Tumor","Prolif_Invasive_Tumor",TRUE,0.0234704996603854
"95312","Myoepi_KRT15+","Myoepi_KRT15+",TRUE,0.0524783713988339
"92311","Invasive_Tumor","Prolif_Invasive_Tumor",FALSE,1.86408797908524
"95585","Macrophages_2","Macrophages_2",TRUE,0.113818481370675
"95335","Myoepi_ACTA2+","Myoepi_ACTA2+",TRUE,0.0463755957569115
"90222","Endothelial","Endothelial",TRUE,0.0627845967289566
"95222","Myoepi_KRT15+","Myoepi_KRT15+",TRUE,0.0258465709926908
"91747","Invasive_Tumor","Invasive_Tumor",TRUE,0.0256493031707004
"91024","Stromal","Stromal",TRUE,0.0519681687717553
"91770","Endothelial","Endothelial",TRUE,0
"90194","Stromal","Stromal",TRUE,0.0910413905674535
"93155","DCIS 2","DCIS 2",TRUE,0.00360915269557968
"93337","Myoepi_ACTA2+","Myoepi_ACTA2+",TRUE,0
"77445","Macrophages_2","Macrophages_2",TRUE,0.128588987246288
"92310","Invasive_Tumor","Invasive_Tumor",TRUE,0.219702884144574
"91764","Perivascular-Like","Perivascular-Like",TRUE,0.00520888951613166
"92301","Invasive_Tumor","Invasive_Tumor",TRUE,0.0257362349150368
"93369","Stromal","Stromal",TRUE,0.0504550384219084
"95212","Myoepi_KRT15+","Myoepi_KRT15+",TRUE,0
"93733","Stromal","Stromal",TRUE,0.0485569854501627
"77407","B_Cells","B_Cells",TRUE,0.0542864307478645
"93341","DCIS 2","DCIS 2",TRUE,0
"91021","Stromal","Stromal",TRUE,0.0968045033457456
"93411","Stromal","Stromal",TRUE,0.0502460610001828
"93719","LAMP3+_DCs","LAMP3+_DCs",TRUE,0.07690368906288
"95659","Myoepi_ACTA2+","Myoepi_ACTA2+",TRUE,0.0161302726093342
"93075","CD4+_T_Cells","CD4+_T_Cells",TRUE,0
"77309","Stromal","Stromal",TRUE,0
"91027","Endothelial","Endothelial",TRUE,0.0762379150959446
"93079","CD4+_T_Cells","CD4+_T_Cells",TRUE,0.0734466246854574
"7363","Stromal","Stromal",TRUE,0
"93339","Myoepi_ACTA2+","Myoepi_ACTA2+",TRUE,0.023845089818429
"73485","Stromal","Stromal",TRUE,0.55347440592944
"73474","Stromal","Stromal",TRUE,0.0391101888619351
"7448","DCIS 2","DCIS 2",TRUE,0
"95329","Myoepi_KRT15+","Myoepi_KRT15+",TRUE,0.0244678656845378
"91754","Stromal","Stromal",TRUE,0
"93156","Myoepi_KRT15+","Myoepi_KRT15+",TRUE,0
"93158","Myoepi_KRT15+","Myoepi_KRT15+",TRUE,0.0918855615582861
"95593","Stromal","Stromal",TRUE,0
"93279","Macrophages_1","Macrophages_1",TRUE,0.539180202500722
"93076","CD4+_T_Cells","CD4+_T_Cells",TRUE,0.000446359728794376
"90154","Stromal","Stromal",TRUE,0.0438220985697786
"92305","Invasive_Tumor","Invasive_Tumor",TRUE,0
"93290","Stromal","Stromal",TRUE,0.910650728756813
"93071","CD4+_T_Cells","CD4+_T_Cells",TRUE,0.0497544227983958
"77378","Stromal","Stromal",TRUE,0.0552456035152071
"7351","Stromal","Stromal",TRUE,0.230412189076008
"95360","DCIS 2","DCIS 2",TRUE,0.0333190688014078
"95327","Myoepi_KRT15+","Myoepi_KRT15+",TRUE,0.0183002072509042
"93133","LAMP3+_DCs","LAMP3+_DCs",TRUE,0.0144727164039252
"95336","Myoepi_ACTA2+","Myoepi_ACTA2+",TRUE,0.0569481805885493
"73481","Stromal","Stromal",TRUE,0.0448323220523257
"95352","DCIS 2","DCIS 2",TRUE,0.0533009494434082
"93284","CD8+_T_Cells","CD8+_T_Cells",TRUE,0.0516046465883596
"95205","DCIS 2","DCIS 2",TRUE,0
"93280","Perivascular-Like","Perivascular-Like",TRUE,0.159085197438732
"93706","Stromal","Stromal",TRUE,0.0528287356652679
"92701","Prolif_Invasive_Tumor","Prolif_Invasive_Tumor",TRUE,0.0242957157203785
"95349","DCIS 2","DCIS 2",TRUE,0.0180294441614349
"90215","Stromal","Stromal",TRUE,0
"95378","DCIS 2","DCIS 2",TRUE,0
"93278","CD8+_T_Cells","CD8+_T_Cells",TRUE,0.0372791088505004
"6323","Stromal","Stromal",TRUE,0
"93070","LAMP3+_DCs","LAMP3+_DCs",TRUE,0.00240458818602612
"77385","Stromal","Stromal",TRUE,0
"76957","Macrophages_1","Macrophages_1",TRUE,0.0632487993588302
"93517","Endothelial","Endothelial",TRUE,0.0609632988994052
"92699","Stromal","Stromal",TRUE,0.0373319355344241
"91775","Endothelial","Endothelial",TRUE,0.00874111580329573
"95217","DCIS 2","DCIS 2",TRUE,0.0311350578347624
"95209","DCIS 2","DCIS 2",TRUE,0
"93340","Myoepi_ACTA2+","Myoepi_ACTA2+",TRUE,0.0443280439949968
"77429","B_Cells","B_Cells",TRUE,0.0446794339923872
"77399","Stromal","Stromal",TRUE,0.0167764698711561
"95366","DCIS 2","DCIS 2",TRUE,0.0807385221185986
"73487","Stromal","Stromal",TRUE,0
"6336","Stromal","Stromal",TRUE,0.0337609647800187
"95602","Stromal","Stromal",TRUE,0.0539093680655365
"93519","Stromal","Stromal",TRUE,0.114124117661889
"93157","Myoepi_ACTA2+","Myoepi_ACTA2+",TRUE,0.0458143763863656
"90141","Stromal","Stromal",TRUE,0.116415951724329
"95367","Stromal","Stromal",TRUE,0.0727093390600534
"95325","Myoepi_KRT15+","Myoepi_KRT15+",TRUE,0.0508192667454087
"93344","Myoepi_KRT15+","Myoepi_KRT15+",TRUE,0
"93342","Myoepi_ACTA2+","Myoepi_ACTA2+",TRUE,0
"77341","Stromal","Stromal",TRUE,0
"95202","DCIS 2","DCIS 2",TRUE,0
"93153","Stromal","Stromal",TRUE,0
"76985","Stromal","Stromal",TRUE,0.0750095862648281
"77408","Macrophages_2","Macrophages_2",TRUE,0.149314851457559
"73498","Stromal","Stromal",TRUE,0
"77369","Stromal","Stromal",TRUE,0
"77286","Macrophages_2","Stromal",FALSE,0.138576277957255
"93343","DCIS 2","DCIS 2",TRUE,0.044067404607667
"77301","B_Cells","Stromal",FALSE,0.0629920343811358
"90143","Macrophages_2","Macrophages_2",TRUE,0.0885630432469665
"76950","Stromal","Stromal",TRUE,0.0713353448939415
"76963","Stromal","Stromal",TRUE,0.0723091812223138
"95342","Myoepi_ACTA2+","Myoepi_ACTA2+",TRUE,0
"95208","Myoepi_KRT15+","Myoepi_KRT15+",TRUE,0
"95338","Myoepi_ACTA2+","Myoepi_ACTA2+",TRUE,0.0322457846551432
"95357","DCIS 2","DCIS 2",TRUE,0.0315449890114603
"91798","Perivascular-Like","Perivascular-Like",TRUE,0.0205241960442628
"6020","Stromal","Stromal",TRUE,0.441881412024541
"91797","Stromal","Stromal",TRUE,0.086056174509633
"93081","CD8+_T_Cells","CD8+_T_Cells",TRUE,0.0285073561304414
"92302","Invasive_Tumor","Invasive_Tumor",TRUE,0
"95658","Myoepi_ACTA2+","Myoepi_ACTA2+",TRUE,0.0246741617030914
"93403","DCIS 2","DCIS 2",TRUE,0.0511148845730459
"95612","Macrophages_1","Macrophages_1",TRUE,0.0701020510246666
"91762","Stromal","Stromal",TRUE,0.0290029261643994
"93159","DCIS 2","DCIS 2",TRUE,0.0414946455141183
"74019","Stromal","Stromal",TRUE,0
"93481","Macrophages_1","Macrophages_1",TRUE,0.0137316484303605
"93162","Myoepi_KRT15+","Myoepi_KRT15+",TRUE,0
"91880","Macrophages_1","Macrophages_1",TRUE,0
"91748","Invasive_Tumor","Invasive_Tumor",TRUE,0.0158216468788179
"93345","DCIS 2","DCIS 2",TRUE,0.0330056996912847
"95361","Myoepi_ACTA2+","Myoepi_ACTA2+",TRUE,0.0365093047897332
"95355","Myoepi_ACTA2+","Myoepi_ACTA2+",TRUE,0.00923337995852921
"90216","Stromal","Stromal",TRUE,0.101424528608583
"92700","Stromal","Stromal",TRUE,0.00852393417517995
"93078","CD4+_T_Cells","CD4+_T_Cells",TRUE,0.0341928401308586
"91773","Perivascular-Like","Perivascular-Like",TRUE,0.021475796782639
"93398","Stromal","Stromal",TRUE,0
"90183","Macrophages_2","Macrophages_1",FALSE,2
"93738","CD4+_T_Cells","CD4+_T_Cells",TRUE,0.465344446170726
"93303","Stromal","Stromal",TRUE,0.0372805012999858
"93283","Endothelial","Endothelial",TRUE,0.0156474034511762
"77424","B_Cells","Stromal",FALSE,0.723079702021541
"77395","Macrophages_2","Macrophages_2",TRUE,0.114815807107843
"73483","Stromal","Stromal",TRUE,0.053536800628959
"95375","Myoepi_ACTA2+","Myoepi_ACTA2+",TRUE,0.0544618282826246
"95376","DCIS 2","DCIS 2",TRUE,0.490090519011337
"92307","Stromal","Stromal",TRUE,0.0550397544537325
"93489","Stromal","Stromal",TRUE,0
"74022","B_Cells","B_Cells",TRUE,0.0294319845806449
"91769","Perivascular-Like","Perivascular-Like",TRUE,0.428884555397173
"93513","Stromal","Stromal",TRUE,0.0278921303532753
"95188","DCIS 2","DCIS 2",TRUE,0.472697582872277
"93151","CD8+_T_Cells","CD8+_T_Cells",TRUE,0.0394737116818778
"95341","Myoepi_ACTA2+","Myoepi_ACTA2+",TRUE,0.0635072322270689
"93388","Stromal","Stromal",TRUE,0
"77374","Stromal","Stromal",TRUE,0.907843803409117
"73462","Stromal","Stromal",TRUE,0.0349829532352575
"93595","Myoepi_ACTA2+","Myoepi_ACTA2+",TRUE,0
"93740","CD4+_T_Cells","CD4+_T_Cells",TRUE,0.055126037056655
"95348","Myoepi_ACTA2+","Myoepi_ACTA2+",TRUE,0.0275453784755786
"95332","Myoepi_ACTA2+","Myoepi_ACTA2+",TRUE,0.0721968389141428
"77325","Stromal","Stromal",TRUE,0.0686515769492968
"93370","Stromal","Stromal",TRUE,0.0680119667658113
"7652","Endothelial","Endothelial",TRUE,0.0532737803501745
"90189","Stromal","Stromal",TRUE,0
"93349","Myoepi_KRT15+","Myoepi_KRT15+",TRUE,0.00587784476793135
"95626","Stromal","Stromal",TRUE,0.0255902973649104
"93763","B_Cells","B_Cells",TRUE,0.0545859559975534
"6270","Stromal","Stromal",TRUE,0.0991984962368348
"95196","DCIS 2","DCIS 2",TRUE,0.0170479385993258
"91741","Invasive_Tumor","Invasive_Tumor",TRUE,0.0344420139136449
"76958","B_Cells","B_Cells",TRUE,0.0644432257959845
"91756","Invasive_Tumor","Invasive_Tumor",TRUE,0.586307079855069
"95184","DCIS 2","DCIS 2",TRUE,0.0289978364066387
"90150","Macrophages_2","Macrophages_2",TRUE,0.068449760314778
"77448","Stromal","Stromal",TRUE,0.00874560787932466
"95193","DCIS 1","DCIS 2",FALSE,1.42590860168083
"95610","Macrophages_1","Macrophages_1",TRUE,0.0964723492836804
"93135","CD8+_T_Cells","CD8+_T_Cells",TRUE,0.0460007304676392
"91749","Invasive_Tumor","Invasive_Tumor",TRUE,0.0560449315579621
"77414","B_Cells","B_Cells",TRUE,0.00877959954604313
"90190","Stromal","Stromal",TRUE,0
"93077","CD4+_T_Cells","CD4+_T_Cells",TRUE,0.0365025024486206
"93401","DCIS 2","DCIS 2",TRUE,0.0264853412457804
"95201","DCIS 2","DCIS 2",TRUE,0.144038035601294
"93164","Myoepi_KRT15+","Myoepi_KRT15+",TRUE,0
"95661","Myoepi_ACTA2+","Myoepi_ACTA2+",TRUE,0.0450036776378023
"93596","Myoepi_ACTA2+","Myoepi_ACTA2+",TRUE,0.0242234047518281
"77444","Macrophages_1","Macrophages_1",TRUE,0.0901797980296723
"73478","Stromal","Stromal",TRUE,0
"76975","Stromal","Stromal",TRUE,0.0330624858417006
"95611","Stromal","Stromal",TRUE,0.0578855877807613
"7348","Perivascular-Like","Perivascular-Like",TRUE,0.0658890015717375
"95204","DCIS 2","DCIS 2",TRUE,0.0330600070155807
"73471","Invasive_Tumor","Invasive_Tumor",TRUE,0.0740895639449072
"93287","Endothelial","Endothelial",TRUE,0.00714114075424427
"93600","Myoepi_ACTA2+","Myoepi_ACTA2+",TRUE,0.0470438153611381
"95346","Myoepi_ACTA2+","Myoepi_ACTA2+",TRUE,0.232114616327754
"95596","Stromal","Stromal",TRUE,0.0440977068123019
"95377","Myoepi_ACTA2+","Myoepi_ACTA2+",TRUE,0.00661257942490704
"91028","Stromal","Stromal",TRUE,0.0276007376498433
"95359","Myoepi_KRT15+","Myoepi_KRT15+",TRUE,0.0872325369940808
"95213","DCIS 2","DCIS 2",TRUE,0.0298602749118262
"93762","Stromal","Stromal",TRUE,0.108249992582871
"7653","Endothelial","Endothelial",TRUE,0.978500584857997
"93368","B_Cells","B_Cells",TRUE,0.064289762163811
"93083","CD8+_T_Cells","CD8+_T_Cells",TRUE,0.00995523139138602
"90217","Stromal","Stromal",TRUE,0.107871083107101
"73994","Stromal","Stromal",TRUE,0.048311075390802
"92783","Stromal","Stromal",TRUE,0
"91879","Stromal","Stromal",TRUE,0.0525184940666844
"95344","Myoepi_ACTA2+","Myoepi_ACTA2+",TRUE,0.0326460241967676
"95179","DCIS 2","DCIS 2",TRUE,0.0284207467310071
"92300","Invasive_Tumor","Invasive_Tumor",TRUE,0
"93597","Myoepi_ACTA2+","Myoepi_ACTA2+",TRUE,0.0958162988807481
"6269","Stromal","Stromal",TRUE,0
"77307","Stromal","Stromal",TRUE,0.0527665753646753
"93602","DCIS 2","DCIS 2",TRUE,0.0154230054665663
"93080","CD8+_T_Cells","CD8+_T_Cells",TRUE,0.00896371730027024
"77328","Stromal","Stromal",TRUE,0.313514834340674
"90202","Stromal","Stromal",TRUE,0.0729523158419196
"73466","Prolif_Invasive_Tumor","Prolif_Invasive_Tumor",TRUE,0.0305062681926953
"95176","Myoepi_ACTA2+","Myoepi_ACTA2+",TRUE,0.00862317793555151
"93386","Stromal","Stromal",TRUE,0
"91765","Perivascular-Like","Perivascular-Like",TRUE,0.0775436371440563
"95371","Stromal","Stromal",TRUE,0.07543037318044
"7350","Stromal","Stromal",TRUE,0
"73479","Macrophages_2","Macrophages_2",TRUE,0.0417551187706194
"95606","Stromal","Stromal",TRUE,0.0207129274891808
"93082","Macrophages_1","Macrophages_1",TRUE,0.0216679872245139
"77430","Macrophages_1","Macrophages_1",TRUE,0.0567667243918021
"92698","Stromal","Stromal",TRUE,0.0294304816030492
"93160","Stromal","Stromal",TRUE,0.0334338119567839
"91739","Stromal","Stromal",TRUE,0.050964676205273
"77376","IRF7+_DCs","IRF7+_DCs",TRUE,0
"92796","Stromal","Stromal",TRUE,0
"7346","Stromal","Stromal",TRUE,0.0872666806517353
"93741","Perivascular-Like","Perivascular-Like",TRUE,0.0038052717884694
"74016","CD4+_T_Cells","CD4+_T_Cells",TRUE,0.0669191774126717
"93765","LAMP3+_DCs","LAMP3+_DCs",TRUE,0.0451519075745529
"93598","Myoepi_ACTA2+","Myoepi_ACTA2+",TRUE,0.0394236506614393
"91866","Perivascular-Like","Perivascular-Like",TRUE,0
"91023","Stromal","Stromal",TRUE,0.00741773543646947
"77398","Stromal","Stromal",TRUE,0.0654507471426757
"95624","CD8+_T_Cells","CD8+_T_Cells",TRUE,0.0670593057499367
"73501","Stromal","Stromal",TRUE,0.058573233357325
"95354","Stromal","Stromal",TRUE,0.103912118822101
"95619","Macrophages_1","Macrophages_1",TRUE,0.0699269586549615
"93136","LAMP3+_DCs","LAMP3+_DCs",TRUE,0.00659483810252055
"95337","Myoepi_ACTA2+","Myoepi_ACTA2+",TRUE,0.0626313030138297
"77387","Stromal","Stromal",TRUE,0.193220949378612
"77288","Stromal","Stromal",TRUE,0.0619428068585638
"95373","Stromal","Stromal",TRUE,0.0887387531467889
"93362","Stromal","Stromal",TRUE,0.0413232780086814
"93601","DCIS 2","DCIS 2",TRUE,0.0767234428231426
"93167","Stromal","Stromal",TRUE,0.179403374767383
"92304","Invasive_Tumor","Invasive_Tumor",TRUE,0.156036875115032
"76967","Stromal","Stromal",TRUE,0.13966957153941
"91703","Stromal","Stromal",TRUE,0.0309308944917563
"95617","Macrophages_1","Macrophages_1",TRUE,0.0406204813288341
"91878","Macrophages_1","Macrophages_1",TRUE,0.0426725788500154
"95364","Myoepi_ACTA2+","Myoepi_ACTA2+",TRUE,0.0731763559903366
"93173","DCIS 2","DCIS 2",TRUE,0.0297628935316249
"95175","Myoepi_ACTA2+","Myoepi_ACTA2+",TRUE,0.00126416011091757
"76984","Macrophages_1","Macrophages_1",TRUE,0.00598635876801115
"6268","Stromal","Stromal",TRUE,0
"92792","Stromal","Stromal",TRUE,0
"76959","Macrophages_2","Macrophages_2",TRUE,0.0789949453155647
"7658","Stromal","Stromal",TRUE,0.070486854813765
"77370","Stromal","Stromal",TRUE,0
"93172","Myoepi_KRT15+","Myoepi_KRT15+",TRUE,0
"74005","CD8+_T_Cells","CD8+_T_Cells",TRUE,0.0573212522671211
"95350","Myoepi_ACTA2+","Myoepi_ACTA2+",TRUE,0.0773771943706183
"73493","Stromal","Stromal",TRUE,0.0673273391465143
"95197","DCIS 2","DCIS 2",TRUE,0.046131248971452
"91868","Perivascular-Like","Perivascular-Like",TRUE,0.0740748136758083
"92412","Invasive_Tumor","Invasive_Tumor",TRUE,0.01480405121274
"93743","LAMP3+_DCs","LAMP3+_DCs",TRUE,0.0116891278818627
"93171","Myoepi_KRT15+","Myoepi_KRT15+",TRUE,0.0536814957191021
"74008","B_Cells","B_Cells",TRUE,0.020793295309791
"73475","Stromal","Stromal",TRUE,0
"95183","DCIS 2","DCIS 2",TRUE,0.07089176187712
"7647","Stromal","Stromal",TRUE,0.146114407439154
"92784","Stromal","Stromal",TRUE,0
"93520","Stromal","Stromal",TRUE,0.0290638808789953
"77441","CD4+_T_Cells","CD4+_T_Cells",TRUE,0.911885320250785
"95628","Stromal","Stromal",TRUE,0
"95363","Stromal","Stromal",TRUE,0.0561320929383282
"93169","Stromal","Stromal",TRUE,0.0611370133311493
"95185","Myoepi_ACTA2+","Myoepi_ACTA2+",TRUE,0.0492332039745976
"95615","CD8+_T_Cells","CD8+_T_Cells",TRUE,0.000862696635037602
"93599","Myoepi_KRT15+","Myoepi_KRT15+",TRUE,0.0449326098599151
"91750","Invasive_Tumor","Invasive_Tumor",TRUE,0.046833132462091
"77394","B_Cells","B_Cells",TRUE,0.0768809292477202
"93603","Myoepi_ACTA2+","Myoepi_ACTA2+",TRUE,0
"95177","Myoepi_ACTA2+","Myoepi_ACTA2+",TRUE,0.0519353781465553
"95169","Myoepi_ACTA2+","Myoepi_ACTA2+",TRUE,0.0595184811637814
"93239","Stromal","Stromal",TRUE,0.0655411177115847
"93764","Macrophages_2","Macrophages_1",FALSE,1.44710112964988
"73484","Stromal","Stromal",TRUE,0.0263734746874812
"95194","Myoepi_ACTA2+","Myoepi_ACTA2+",TRUE,0.0809176609425437
"7655","Stromal","Stromal",TRUE,0
"93742","CD4+_T_Cells","CD4+_T_Cells",TRUE,0.0285489999304319
"7347","CD8+_T_Cells","CD8+_T_Cells",TRUE,0.00822194280756017
"7349","Perivascular-Like","Perivascular-Like",TRUE,0.0949625552699554
"93161","Stromal","Stromal",TRUE,0.0434414929203213
"7411","Stromal","Stromal",TRUE,0
"77406","Stromal","Stromal",TRUE,0.0886683284744889
"93371","CD8+_T_Cells","CD8+_T_Cells",TRUE,0
"6019","Stromal","Stromal",TRUE,0.0427621057864945
"95173","Myoepi_ACTA2+","Myoepi_ACTA2+",TRUE,0
"93154","CD8+_T_Cells","CD8+_T_Cells",TRUE,0.0166427542590648
"93522","Stromal","Stromal",TRUE,0.014343986085717
"73991","Stromal","Stromal",TRUE,0.0423768090827457
"93086","Macrophages_1","Macrophages_1",TRUE,0.712693166480157
"91919","Stromal","Stromal",TRUE,0.0617732822718135
"77431","Macrophages_1","Macrophages_1",TRUE,0.0057004637378592
"95618","CD4+_T_Cells","CD4+_T_Cells",TRUE,0
"6267","Stromal","Stromal",TRUE,0.0608221564672257
"77345","Stromal","Stromal",TRUE,0.0906710971686634
"92298","Invasive_Tumor","Invasive_Tumor",TRUE,0.203328476773763
"91742","Invasive_Tumor","Invasive_Tumor",TRUE,0.0486714085863822
"77333","Stromal","Stromal",TRUE,0.0454471579256343
"93606","Myoepi_ACTA2+","Myoepi_ACTA2+",TRUE,0
"90196","Stromal","Stromal",TRUE,0.0593048592004746
"95365","Stromal","Stromal",TRUE,0.0489994446861973
"77428","B_Cells","B_Cells",TRUE,0.0151624383419882
"76996","CD8+_T_Cells","CD8+_T_Cells",TRUE,0.0619605226585446
"91867","Stromal","Stromal",TRUE,0.0112988813571495
"95167","Myoepi_ACTA2+","Myoepi_ACTA2+",TRUE,0.0632359975474753
"93739","Stromal","Stromal",TRUE,0.0720043672902854
"6335","Stromal","Stromal",TRUE,0
"93604","Myoepi_ACTA2+","Myoepi_ACTA2+",TRUE,0.0365360003699226
"93389","Stromal","Stromal",TRUE,0.0712336069656978
"95362","Stromal","Stromal",TRUE,0.0179687878265091
"76977","CD4+_T_Cells","CD4+_T_Cells",TRUE,0.00723243083607744
"7649","Stromal","Stromal",TRUE,0
"90213","Stromal","Stromal",TRUE,0.0160028820831344
"93085","CD4+_T_Cells","Stromal",FALSE,0.053407967665285
"77426","B_Cells","B_Cells",TRUE,0.0741175828931773
"95369","Stromal","Stromal",TRUE,0.0417645595364265
"91704","Stromal","Stromal",TRUE,0.0801958218968873
"93766","CD4+_T_Cells","CD4+_T_Cells",TRUE,0.036911969496027
"93395","Stromal","Stromal",TRUE,0
"6266","Stromal","Stromal",TRUE,0.0605150782202483
"93607","Myoepi_ACTA2+","Myoepi_ACTA2+",TRUE,0.0650847781475195
"95374","Myoepi_ACTA2+","Myoepi_ACTA2+",TRUE,0.05480957421459
"6018","Invasive_Tumor","Invasive_Tumor",TRUE,0.0305966744895933
"76966","CD8+_T_Cells","CD8+_T_Cells",TRUE,0.0343206017315256
"95622","Stromal","Stromal",TRUE,0.0394270587081599
"91025","Stromal","Stromal",TRUE,0.615027461824876
"6265","Stromal","Stromal",TRUE,0.0565081466767735
"93116","CD4+_T_Cells","CD4+_T_Cells",TRUE,0.0133702134579151
"76954","CD8+_T_Cells","CD8+_T_Cells",TRUE,0.0597061679023286
"92697","Stromal","Stromal",TRUE,0.0331956019025204
"93608","Myoepi_ACTA2+","Myoepi_ACTA2+",TRUE,0.14222381307475
"91705","Stromal","Stromal",TRUE,0
"95631","Stromal","Stromal",TRUE,0
"93165","Stromal","Stromal",TRUE,0.0338586148622681
"93605","Myoepi_ACTA2+","Myoepi_ACTA2+",TRUE,0.0639362548486297
"92404","Invasive_Tumor","Invasive_Tumor",TRUE,0.00323090213142736
"74010","B_Cells","B_Cells",TRUE,0.406429775517132
"73465","Invasive_Tumor","Invasive_Tumor",TRUE,0.0242980418863706
"91753","Stromal","Stromal",TRUE,0.0230520390243615
"73814","Stromal","Stromal",TRUE,0.101579450112495
"95166","Myoepi_ACTA2+","Myoepi_ACTA2+",TRUE,0.0663900298726859
"73477","Stromal","Stromal",TRUE,0.158138433800979
"74000","CD8+_T_Cells","CD8+_T_Cells",TRUE,0.0478667447675015
"93084","CD4+_T_Cells","CD4+_T_Cells",TRUE,0.0323079800242995
"76971","CD4+_T_Cells","CD4+_T_Cells",TRUE,0.0737719473263924
"93609","Myoepi_ACTA2+","Myoepi_ACTA2+",TRUE,0.0521502320693659
"73446","Stromal","Stromal",TRUE,0.0338923468636754
"105450","Stromal","Stromal",TRUE,0
"93176","Myoepi_KRT15+","Myoepi_KRT15+",TRUE,0.0295382384389
"76962","B_Cells","B_Cells",TRUE,0.00403700886935048
"73499","B_Cells","B_Cells",TRUE,0.0718345163350184
"95180","Myoepi_ACTA2+","Myoepi_ACTA2+",TRUE,0.0760185228523331
"77522","Stromal","Stromal",TRUE,0.0375190606626026
"91915","Endothelial","Endothelial",TRUE,0.0811705381164551
"92297","Invasive_Tumor","Invasive_Tumor",TRUE,0.0404706429701487
"77298","Stromal","Stromal",TRUE,0.0788025290777161
"78046","Stromal","Stromal",TRUE,0.0448468683718267
"93379","CD4+_T_Cells","CD4+_T_Cells",TRUE,0.0758945553826748
"92695","Stromal","Stromal",TRUE,0.0108298084387748
"93374","CD4+_T_Cells","CD4+_T_Cells",TRUE,0.0121389782711033
"93610","DCIS 2","DCIS 2",TRUE,0.0419222986309425
"95171","Myoepi_ACTA2+","Myoepi_ACTA2+",TRUE,0.0956110600285693
"73467","Invasive_Tumor","Invasive_Tumor",TRUE,0.0397807908191694
"91877","Macrophages_1","Macrophages_1",TRUE,0.0752462556141599
"95356","Stromal","Stromal",TRUE,0.0342692695888375
"93746","CD4+_T_Cells","CD4+_T_Cells",TRUE,0.007951245855226
"7408","Stromal","Stromal",TRUE,0.036195313826055
"95625","Macrophages_1","Macrophages_1",TRUE,0.069123876871412
"93352","Stromal","Stromal",TRUE,0.0697985669822363
"77436","CD4+_T_Cells","CD4+_T_Cells",TRUE,0.048765922214536
"76998","Endothelial","Stromal",FALSE,0.0715657202338175
"73452","Prolif_Invasive_Tumor","Prolif_Invasive_Tumor",TRUE,0.0269197947939607
"93745","CD8+_T_Cells","CD8+_T_Cells",TRUE,0.0513373773100073
"95616","Stromal","Stromal",TRUE,0.05905807225798
"78038","Stromal","Stromal",TRUE,0.0514075046985916
"76982","CD8+_T_Cells","CD8+_T_Cells",TRUE,0.0731616427955475
"76953","Macrophages_2","Macrophages_2",TRUE,0.0533126882101372
"95368","Stromal","Stromal",TRUE,0.0506984464942504
"91920","Stromal","Stromal",TRUE,0
"92393","Invasive_Tumor","Invasive_Tumor",TRUE,0
"73469","CD8+_T_Cells","CD8+_T_Cells",TRUE,0.092874857008061
"95174","Stromal","Stromal",TRUE,0.0440914794039338
"92785","Stromal","Stromal",TRUE,0
"92694","Perivascular-Like","Perivascular-Like",TRUE,0.0154606843982997
"93168","CD8+_T_Cells","CD8+_T_Cells",TRUE,0.0533528725433359
"93175","Stromal","Stromal",TRUE,0.0705826948038744
"92299","Invasive_Tumor","Invasive_Tumor",TRUE,0.236252558773552
"73822","Stromal","Stromal",TRUE,0.0535437493233319
"93240","CD8+_T_Cells","CD8+_T_Cells",TRUE,0.0615885730872285
"93767","CD4+_T_Cells","CD4+_T_Cells",TRUE,0
"6264","B_Cells","B_Cells",TRUE,0.0792349988246447
"93180","Myoepi_KRT15+","Myoepi_KRT15+",TRUE,0.0445499378793242
"73816","Stromal","Stromal",TRUE,0.0583823234433848
"77514","B_Cells","Stromal",FALSE,0.0620600784545511
"77340","Macrophages_2","Macrophages_2",TRUE,0.0984001859366965
"7409","Endothelial","Endothelial",TRUE,0.0662392679676038
"92735","Stromal","Stromal",TRUE,0.203608252522679
"93408","Stromal","Stromal",TRUE,0.0276219438013765
"76956","Macrophages_2","Macrophages_2",TRUE,0
"6337","Stromal","Stromal",TRUE,0
"74003","CD4+_T_Cells","CD4+_T_Cells",TRUE,0
"93166","Stromal","Stromal",TRUE,0.0305946777743314
"6263","B_Cells","B_Cells",TRUE,0.0269088371702518
"93088","B_Cells","B_Cells",TRUE,0.0850342820780886
"95629","Stromal","Stromal",TRUE,0.167264148869851
"95199","Myoepi_ACTA2+","Myoepi_ACTA2+",TRUE,0.0716982197153815
"93412","Stromal","Stromal",TRUE,0
"74006","CD8+_T_Cells","CD8+_T_Cells",TRUE,0
"73495","Stromal","Stromal",TRUE,0
"95613","Stromal","Stromal",TRUE,0.0400117453643948
"91430","Stromal","Stromal",TRUE,0.391506443230773
"74017","CD8+_T_Cells","CD8+_T_Cells",TRUE,0.0606280868604767
"93614","Stromal","Stromal",TRUE,0.0712767260236979
"95623","Macrophages_1","Macrophages_1",TRUE,0.0591339482746152
"73472","Stromal","Stromal",TRUE,0.151640761940782
"7648","Stromal","Stromal",TRUE,0
"77439","Macrophages_2","Macrophages_2",TRUE,0.090477077219592
"91738","Stromal","Stromal",TRUE,0.106249074320041
"8243","B_Cells","B_Cells",TRUE,0.0378807617946597
"95159","Stromal","Stromal",TRUE,0.04873676356978
"93611","Myoepi_KRT15+","Myoepi_KRT15+",TRUE,0.0197629202205485
"78019","Stromal","Stromal",TRUE,0
"73459","DCIS 2","DCIS 2",TRUE,0.0309146408280303
"76992","B_Cells","B_Cells",TRUE,0
"91865","Stromal","Stromal",TRUE,0.0607610712941779
"77287","B_Cells","B_Cells",TRUE,0.0688043023102421
"95160","Stromal","Stromal",TRUE,0.0458039223125242
"78061","CD4+_T_Cells","CD4+_T_Cells",TRUE,0.0662877435801248
"78044","B_Cells","Stromal",FALSE,0.0710702256444004
"93744","CD8+_T_Cells","CD8+_T_Cells",TRUE,0.00817315148040376
"92693","Perivascular-Like","Perivascular-Like",TRUE,0.0154092722867376
"93184","Myoepi_ACTA2+","Myoepi_ACTA2+",TRUE,0.157456359478832
"95630","Macrophages_1","Macrophages_1",TRUE,0.100180602459768
"77289","B_Cells","B_Cells",TRUE,0.0603994100942169
"77321","Stromal","Stromal",TRUE,0
"95164","Stromal","Stromal",TRUE,0.109796098751928
"91699","Stromal","Stromal",TRUE,0.0420636173267224
"92405","Prolif_Invasive_Tumor","Prolif_Invasive_Tumor",TRUE,0
"76964","CD4+_T_Cells","CD4+_T_Cells",TRUE,0.0340201898980481
"7410","Stromal","Stromal",TRUE,0
"95639","Stromal","Stromal",TRUE,0.0549028458844756
"94052","Stromal","Stromal",TRUE,0.0185756426199696
"93355","IRF7+_DCs","IRF7+_DCs",TRUE,0.0230522172391415
"77538","Stromal","Stromal",TRUE,0.0459687407332827
"77332","Stromal","Stromal",TRUE,0
"93613","Stromal","Stromal",TRUE,0.0554775731021977
"93768","CD4+_T_Cells","CD4+_T_Cells",TRUE,0.0493727005734605
"93087","LAMP3+_DCs","LAMP3+_DCs",TRUE,0.0277487298090065
"92397","Invasive_Tumor","Invasive_Tumor",TRUE,0
"93363","Invasive_Tumor","Invasive_Tumor",TRUE,0.0318258895860348
"93178","Stromal","Stromal",TRUE,0.043901850903481
"93399","Stromal","Stromal",TRUE,0.0477397385693314
"93521","Stromal","Stromal",TRUE,0
"93170","CD4+_T_Cells","CD4+_T_Cells",TRUE,0.00892277051998699
"7650","Stromal","Stromal",TRUE,0
"93612","Myoepi_ACTA2+","Myoepi_ACTA2+",TRUE,0.067769199396999
"95172","Stromal","Stromal",TRUE,0.0550979742212751
"93615","Stromal","Stromal",TRUE,0.647149353133958
"91745","Stromal","Stromal",TRUE,0.771178098036065
"8313","Stromal","Stromal",TRUE,0.0027027970945708
"6016","Prolif_Invasive_Tumor","Prolif_Invasive_Tumor",TRUE,0.765397351900733
"73496","Stromal","Stromal",TRUE,0.219036302873374
"76955","Macrophages_2","Macrophages_2",TRUE,0.0364335160742571
"92409","Invasive_Tumor","Invasive_Tumor",TRUE,0
"77313","Stromal","Stromal",TRUE,0.00551296127514889
"73447","Prolif_Invasive_Tumor","Prolif_Invasive_Tumor",TRUE,0.0308368556715414
"76980","B_Cells","B_Cells",TRUE,0.0543683830868282
"8238","Macrophages_2","Macrophages_2",TRUE,0.0799929892179941
"93183","Stromal","Stromal",TRUE,0
"92696","Stromal","Stromal",TRUE,0
"76974","Macrophages_2","Macrophages_2",TRUE,0.500268664978106
"92690","Perivascular-Like","Perivascular-Like",TRUE,0.00508427794273947
"93093","CD8+_T_Cells","CD8+_T_Cells",TRUE,0.0124520962452001
"77527","Macrophages_1","Macrophages_1",TRUE,0.0453964864546209
"8237","Endothelial","Endothelial",TRUE,0.0828701648057443
"95621","Macrophages_1","Macrophages_1",TRUE,0.0802362125802265
"93376","Stromal","Stromal",TRUE,0.0290111738267551
"73817","CD8+_T_Cells","CD4+_T_Cells",FALSE,1.07535973419015
"77533","Macrophages_1","Macrophages_1",TRUE,0.0403766059152534
"91700","Stromal","Stromal",TRUE,0.102486415758799
"74001","CD4+_T_Cells","CD4+_T_Cells",TRUE,0.00683898040228786
"76832","Stromal","Stromal",TRUE,0.0234403518848517
"93747","LAMP3+_DCs","LAMP3+_DCs",TRUE,0.0475207567705522
"93090","CD8+_T_Cells","CD8+_T_Cells",TRUE,0.0105266685079786
"90206","Stromal","Stromal",TRUE,0
"6338","Stromal","Stromal",TRUE,0
"93770","CD4+_T_Cells","CD4+_T_Cells",TRUE,0.0022653120644871
"92392","Invasive_Tumor","Invasive_Tumor",TRUE,0
"77077","CD4+_T_Cells","CD4+_T_Cells",TRUE,0.0496403010435555
"92786","Stromal","Stromal",TRUE,0.0561688405031453
"91432","Perivascular-Like","Perivascular-Like",TRUE,0.000629248157555107
"77518","CD4+_T_Cells","CD4+_T_Cells",TRUE,0.0545880527609528
"92410","Prolif_Invasive_Tumor","Prolif_Invasive_Tumor",TRUE,0.00146072711901987
"74012","Macrophages_2","Macrophages_2",TRUE,0.392367566017633
"76952","B_Cells","B_Cells",TRUE,0.0060506698250728
"76972","Macrophages_2","Macrophages_2",TRUE,0.0998808980143226
"95627","Stromal","Stromal",TRUE,0.0547209105003579
"77508","B_Cells","B_Cells",TRUE,0.0686847636299933
"76989","Mast_Cells","Mast_Cells",TRUE,0.0568268629962641
"78040","B_Cells","B_Cells",TRUE,0
"93179","Stromal","Stromal",TRUE,0.0614056603775416
"92691","Stromal","Stromal",TRUE,0.0225405830005462
"92810","Stromal","Stromal",TRUE,0
"93748","LAMP3+_DCs","LAMP3+_DCs",TRUE,0.0460733999280586
"77090","Perivascular-Like","Perivascular-Like",TRUE,0.0195494736592455
"78023","CD8+_T_Cells","CD8+_T_Cells",TRUE,0.0481823803953028
"93187","Myoepi_KRT15+","Myoepi_KRT15+",TRUE,0.0337087723725427
"95187","Stromal","Stromal",TRUE,0.0134451725972874
"91751","Stromal","Stromal",TRUE,0.0334227476554141
"77338","Stromal","Stromal",TRUE,0
"73333","Macrophages_1","Macrophages_1",TRUE,0.0975088690150159
"91861","Stromal","Stromal",TRUE,0.0370399761470936
"93241","CD8+_T_Cells","CD8+_T_Cells",TRUE,0.0470383663193201
"95657","Stromal","Stromal",TRUE,0.0372296528939368
"73489","Stromal","Stromal",TRUE,0.129522517521423
"91864","Stromal","Stromal",TRUE,0.0385711594166535
"77499","Macrophages_1","Macrophages_1",TRUE,0.0957841808256609
"95633","Stromal","Stromal",TRUE,0.0394282983125491
"105452","Stromal","Stromal",TRUE,0.128024534307907
"93177","Stromal","Stromal",TRUE,0.0490788629971448
"73451","Invasive_Tumor","Invasive_Tumor",TRUE,0.0410735675358621
"77283","Macrophages_2","Stromal",FALSE,0.182936388359507
"76960","CD8+_T_Cells","CD8+_T_Cells",TRUE,0.0475407864024496
"93621","DCIS 2","DCIS 2",TRUE,0.0296013625703213
"91916","Endothelial","Endothelial",TRUE,0.0183661721116148
"76965","Macrophages_2","Macrophages_2",TRUE,0.0389519440681955
"94051","Stromal","Stromal",TRUE,0.0211516781279258
"6262","B_Cells","B_Cells",TRUE,0.0460418276897857
"6261","Stromal","Stromal",TRUE,0.0463549233283902
"73476","Stromal","Stromal",TRUE,0
"91702","Stromal","Stromal",TRUE,0.0826197921937855
"95638","Macrophages_1","Macrophages_1",TRUE,0.0556792912937308
"78030","Stromal","Stromal",TRUE,0.0476570078722515
"93089","CD4+_T_Cells","CD4+_T_Cells",TRUE,0.0290381559700337
"74002","Macrophages_2","CD4+_T_Cells",FALSE,0.0565257052106295
"7657","Stromal","Stromal",TRUE,0
"73328","Invasive_Tumor","Invasive_Tumor",TRUE,0.0403782140925486
"92689","Stromal","Stromal",TRUE,0.062752841024492
"77502","Stromal","Stromal",TRUE,0.0538729133773797
"73460","Invasive_Tumor","Invasive_Tumor",TRUE,0.274654473673511
"93397","Stromal","Stromal",TRUE,0
"7654","Stromal","Stromal",TRUE,0
"93174","Macrophages_1","Macrophages_1",TRUE,0.663715290286123
"93096","CD4+_T_Cells","CD4+_T_Cells",TRUE,0.0201446883540048
"77303","Stromal","Stromal",TRUE,0.0694857358907358
"6015","Prolif_Invasive_Tumor","Prolif_Invasive_Tumor",TRUE,0.0164718564849652
"95163","Stromal","Stromal",TRUE,0.0565215691326487
"93094","CD4+_T_Cells","CD4+_T_Cells",TRUE,0.0477645699955649
"91427","Stromal","Stromal",TRUE,0.695549250238094
"77348","Stromal","Stromal",TRUE,0.0367459624630229
"76976","Stromal","Stromal",TRUE,0.0700049666872601
"77096","Endothelial","Endothelial",TRUE,0
"95155","Stromal","Stromal",TRUE,0.0231796898908041
"95370","Stromal","Stromal",TRUE,0.0467075290900321
"73617","Prolif_Invasive_Tumor","Prolif_Invasive_Tumor",TRUE,0.0495216697009085
"92687","Perivascular-Like","Perivascular-Like",TRUE,0.0680074993511289
"92692","Macrophages_1","Macrophages_1",TRUE,0.0767674685133815
"8236","Macrophages_2","Macrophages_1",FALSE,1.26305717285903
"93185","Stromal","Stromal",TRUE,0
"78017","Stromal","Stromal",TRUE,0.0639878552391225
"93188","Stromal","Stromal",TRUE,0.0282370743387693
"92400","Invasive_Tumor","Invasive_Tumor",TRUE,0
"77539","B_Cells","B_Cells",TRUE,0.0772476914015374
"93092","CD4+_T_Cells","CD4+_T_Cells",TRUE,0.00325803062017754
"91428","Perivascular-Like","Perivascular-Like",TRUE,0.0269930691904766
"93617","Myoepi_ACTA2+","Myoepi_ACTA2+",TRUE,0.0827049782875968
"76829","Stromal","Stromal",TRUE,0
"93199","DCIS 2","DCIS 2",TRUE,0.00664332263286344
"77081","CD8+_T_Cells","CD8+_T_Cells",TRUE,0.0096426334884811
"95372","Stromal","Stromal",TRUE,0.163305173565988
"77528","Macrophages_1","Macrophages_1",TRUE,0.0526254733205573
"91912","Perivascular-Like","Perivascular-Like",TRUE,0.0368830026988277
"77073","Macrophages_1","Macrophages_1",TRUE,0.178540876962647
"73808","Macrophages_1","Macrophages_1",TRUE,0.0700327162800606
"76983","IRF7+_DCs","IRF7+_DCs",TRUE,0.0374854950080641
"95640","Stromal","Stromal",TRUE,0.511278623221061
"78055","Macrophages_1","Macrophages_1",TRUE,0.0156100537018412
"78035","Macrophages_2","Macrophages_2",TRUE,0.0241899326552104
"93769","CD4+_T_Cells","CD4+_T_Cells",TRUE,0.0662058968108326
"92407","Invasive_Tumor","Invasive_Tumor",TRUE,0
"95614","Stromal","Stromal",TRUE,0.0610770179490153
"6017","Invasive_Tumor","Invasive_Tumor",TRUE,0.170733833253659
"77106","CD4+_T_Cells","CD4+_T_Cells",TRUE,0.00838912305661538
"73995","Endothelial","Endothelial",TRUE,0.0449625169081892
"77359","Stromal","Stromal",TRUE,0.0324314331669552
"77122","Stromal","Stromal",TRUE,0.0181297680433521
"92394","Prolif_Invasive_Tumor","Prolif_Invasive_Tumor",TRUE,0
"73821","Endothelial","Endothelial",TRUE,0
"93771","CD8+_T_Cells","CD8+_T_Cells",TRUE,0.0642862229076943
"77517","Macrophages_2","Macrophages_1",FALSE,0.209287841287966
"93181","Macrophages_1","Macrophages_1",TRUE,0.0682030880193328
"91744","Stromal","Stromal",TRUE,0.0881294044734905
"76994","B_Cells","B_Cells",TRUE,0.0658304684259009
"93190","Stromal","Stromal",TRUE,0.0526856918022334
"73811","Stromal","Stromal",TRUE,0.069363447179548
"105453","Stromal","Stromal",TRUE,0.0518372921564841
"91688","Stromal","Stromal",TRUE,0.764990921020394
"91860","Stromal","Stromal",TRUE,0
"91429","Perivascular-Like","Perivascular-Like",TRUE,0.0580780350456871
"93372","Invasive_Tumor","Invasive_Tumor",TRUE,0.0301000832581235
"77088","Perivascular-Like","Perivascular-Like",TRUE,0.0294776617445567
"92686","Perivascular-Like","Perivascular-Like",TRUE,0.00646346517199525
"95636","Stromal","Stromal",TRUE,0.0820743005004744
"105454","Macrophages_2","Macrophages_2",TRUE,0.121483028661276
"77290","Stromal","Stromal",TRUE,0.216836516891536
"74014","CD8+_T_Cells","CD8+_T_Cells",TRUE,0.0393018311545828
"93358","Stromal","Stromal",TRUE,0.0115854397588798
"95170","Endothelial","Endothelial",TRUE,0.0205382578083044
"92734","Stromal","Stromal",TRUE,0.941018467769997
"77326","Stromal","Stromal",TRUE,0.0484943847534692
"93772","CD4+_T_Cells","CD4+_T_Cells",TRUE,0.0194945518493517
"74009","B_Cells","B_Cells",TRUE,0.0752830690390781
"76987","IRF7+_DCs","IRF7+_DCs",TRUE,0.049697913128708
"93139","CD8+_T_Cells","CD8+_T_Cells",TRUE,0.0536180154084444
"76970","Macrophages_2","Macrophages_2",TRUE,0.692247662406206
"77308","CD4+_T_Cells","CD4+_T_Cells",TRUE,0.0582140035991582
"6260","CD4+_T_Cells","CD4+_T_Cells",TRUE,0.038008279612406
"93200","Myoepi_KRT15+","Myoepi_KRT15+",TRUE,0
"95151","Stromal","Stromal",TRUE,0.0294847627431106
"93773","CD4+_T_Cells","CD4+_T_Cells",TRUE,0.0306308300358664
"6013","Prolif_Invasive_Tumor","Prolif_Invasive_Tumor",TRUE,0.0262027731728686
"93242","CD4+_T_Cells","CD4+_T_Cells",TRUE,0.0325896855628185
"102940","Perivascular-Like","Perivascular-Like",TRUE,0.0173868437700766
"93407","Stromal","Stromal",TRUE,0.109695328839852
"77318","CD4+_T_Cells","CD4+_T_Cells",TRUE,0.0517369848646842
"91736","Stromal","Stromal",TRUE,0.04125682565846
"105456","Stromal","Stromal",TRUE,0.082707875035152
"93618","Macrophages_1","Macrophages_1",TRUE,0.0312637312019196
"77535","CD4+_T_Cells","CD4+_T_Cells",TRUE,0.0147450590644247
"91740","Myoepi_ACTA2+","Invasive_Tumor",FALSE,1.25923000891101
"93198","Myoepi_KRT15+","Myoepi_KRT15+",TRUE,0.0481267901217872
"91433","Perivascular-Like","Perivascular-Like",TRUE,0.0856211435809919
"73444","Prolif_Invasive_Tumor","Prolif_Invasive_Tumor",TRUE,0.00766614555720196
"91875","Perivascular-Like","Perivascular-Like",TRUE,0.0556884886007564
"91426","Perivascular-Like","Perivascular-Like",TRUE,0.0150580104590175
"94055","Stromal","Stromal",TRUE,0
"76968","B_Cells","B_Cells",TRUE,0.0533514066499771
"93095","CD8+_T_Cells","CD8+_T_Cells",TRUE,0.00284753047882508
"95634","Stromal","Stromal",TRUE,0.0412856691563573
"93619","Stromal","Stromal",TRUE,0.0584171088909066
"93097","CD8+_T_Cells","CD8+_T_Cells",TRUE,0.0052042673486689
"78016","Macrophages_1","Macrophages_1",TRUE,0.00546889243001675
"73997","Perivascular-Like","Perivascular-Like",TRUE,0.00917875940799702
"93195","Myoepi_ACTA2+","Myoepi_ACTA2+",TRUE,0.0645698256551825
"92685","Perivascular-Like","Perivascular-Like",TRUE,0.225331927470986
"95660","Stromal","Stromal",TRUE,0
"77337","Stromal","Stromal",TRUE,0.00423226404748783
"93182","CD8+_T_Cells","CD8+_T_Cells",TRUE,0.0516388350910278
"91425","Perivascular-Like","Perivascular-Like",TRUE,0.00613296792614387
"76973","Macrophages_1","Macrophages_1",TRUE,0.00865643321332768
"77373","Stromal","Stromal",TRUE,0.04337514361959
"92807","Stromal","Stromal",TRUE,0
"73688","Prolif_Invasive_Tumor","Prolif_Invasive_Tumor",TRUE,0.0208597616176705
"73463","Prolif_Invasive_Tumor","Prolif_Invasive_Tumor",TRUE,0.025143883956426
"78022","B_Cells","B_Cells",TRUE,0.063554005710269
"73332","Invasive_Tumor","Prolif_Invasive_Tumor",FALSE,1.74181423422742
"93620","Stromal","Stromal",TRUE,0.078072043975689
"93091","CD4+_T_Cells","CD4+_T_Cells",TRUE,0.0419894701782257
"95644","Stromal","Stromal",TRUE,0.0632112428052038
"91698","Stromal","Stromal",TRUE,0.0369991392232339
"95203","Stromal","Stromal",TRUE,0.0620533721047274
"77070","B_Cells","B_Cells",TRUE,0.0504446835554066
"91858","Stromal","Stromal",TRUE,0.0230075396598524
"105458","Macrophages_2","Macrophages_2",TRUE,0.105455088892656
"77067","CD4+_T_Cells","CD4+_T_Cells",TRUE,0.0374649148399415
"93774","LAMP3+_DCs","LAMP3+_DCs",TRUE,0.0728817185631778
"92446","Stromal","Stromal",TRUE,0
"92399","Invasive_Tumor","Invasive_Tumor",TRUE,0
"105451","Stromal","Stromal",TRUE,0.19127499062305
"91914","Perivascular-Like","Perivascular-Like",TRUE,0.0422827517421719
"77520","Macrophages_1","Macrophages_1",TRUE,0.0103237947796606
"78056","B_Cells","B_Cells",TRUE,0.0225680393736913
"95178","Perivascular-Like","Perivascular-Like",TRUE,0.638726601951116
"8148","Macrophages_2","Stromal",FALSE,0.123826951372238
"92812","Stromal","Stromal",TRUE,0
"93392","Stromal","Stromal",TRUE,0.105815893785564
"91848","Stromal","Stromal",TRUE,0.0550096979755706
"102941","Macrophages_2","Macrophages_2",TRUE,0.0108947790693527
"77285","B_Cells","B_Cells",TRUE,0.0680004163304484
"93100","CD4+_T_Cells","Stromal",FALSE,0.0647764134637683
"77113","CD4+_T_Cells","CD4+_T_Cells",TRUE,0.0382501201644515
"77510","Stromal","Stromal",TRUE,0.188732845909398
"73801","Stromal","Stromal",TRUE,0.03945393520128
"73988","Macrophages_2","Macrophages_2",TRUE,0.0238452760826629
"95152","CD8+_T_Cells","CD8+_T_Cells",TRUE,0.0637177519133677
"105455","Stromal","Stromal",TRUE,0.0490437987162135
"77315","CD4+_T_Cells","CD4+_T_Cells",TRUE,0.0123538185117569
"73992","CD8+_T_Cells","CD8+_T_Cells",TRUE,0.0100803581245938
"91859","Stromal","Stromal",TRUE,0.0653633476745842
"92797","Stromal","Stromal",TRUE,0
"93375","Invasive_Tumor","Invasive_Tumor",TRUE,0.0314534664100973
"92408","Invasive_Tumor","Invasive_Tumor",TRUE,0.00551528192778904
"92683","Perivascular-Like","Perivascular-Like",TRUE,0
"76979","Stromal","Stromal",TRUE,0
"91873","Perivascular-Like","Perivascular-Like",TRUE,0.0116752432937576
"92390","Invasive_Tumor","Invasive_Tumor",TRUE,0
"77299","Stromal","Stromal",TRUE,0.0458609280576007
"93186","Stromal","Stromal",TRUE,0.0871157807316491
"91874","Perivascular-Like","Perivascular-Like",TRUE,0.0890665582852873
"73450","Prolif_Invasive_Tumor","Prolif_Invasive_Tumor",TRUE,0.0202038184391313
"92402","Invasive_Tumor","Invasive_Tumor",TRUE,0
"77082","CD4+_T_Cells","CD4+_T_Cells",TRUE,0.0671788084762838
"95156","Stromal","Stromal",TRUE,0.0733693502634087
"92684","Endothelial","Endothelial",TRUE,0.0170878859389578
"77543","CD4+_T_Cells","CD4+_T_Cells",TRUE,0.045870542621138
"95632","Stromal","Stromal",TRUE,0.0372428718503199
"93625","Myoepi_ACTA2+","Myoepi_ACTA2+",TRUE,0.00150324849820138
"93099","CD4+_T_Cells","CD4+_T_Cells",TRUE,0.0468109592511449
"77529","CD4+_T_Cells","CD4+_T_Cells",TRUE,0.0704225676049436
"95153","Stromal","Stromal",TRUE,0.0662736340859936
"93192","Stromal","Stromal",TRUE,0.0921501345273411
"91903","Stromal","Stromal",TRUE,0.098821987733314
"76995","CD4+_T_Cells","CD4+_T_Cells",TRUE,0.0519532081564136
"95651","Stromal","Stromal",TRUE,0
"76812","Stromal","Stromal",TRUE,0.0711488848993252
"78028","CD4+_T_Cells","CD4+_T_Cells",TRUE,0.0391909448314813
"91856","Stromal","Stromal",TRUE,0.0259707989289439
"77327","B_Cells","B_Cells",TRUE,0.0692719945365465
"93196","Macrophages_1","Macrophages_1",TRUE,0.0758290657969916
"77349","Stromal","Stromal",TRUE,0.0376657812513661
"95162","Myoepi_ACTA2+","Myoepi_ACTA2+",TRUE,0.00808248933139688
"77120","CD4+_T_Cells","CD4+_T_Cells",TRUE,0.0448749958228759
"91898","Stromal","Stromal",TRUE,0.0993430666122967
"76993","Stromal","Stromal",TRUE,0
"93749","CD4+_T_Cells","CD4+_T_Cells",TRUE,0.0618861309502186
"77104","CD8+_T_Cells","CD8+_T_Cells",TRUE,0.0134170957116584
"95635","Stromal","Stromal",TRUE,0.0468837485554354
"77507","Stromal","Stromal",TRUE,0.0417806075173575
"92688","Macrophages_1","Macrophages_1",TRUE,0.074127676725824
"73779","Stromal","Stromal",TRUE,0.000695632836756235
"93208","Myoepi_KRT15+","Myoepi_KRT15+",TRUE,0
"95620","Stromal","Stromal",TRUE,0
"95161","Macrophages_1","Macrophages_1",TRUE,0.0476609440467382
"94054","Stromal","Stromal",TRUE,0
"95168","Stromal","Stromal",TRUE,0.0617806749844257
"6324","Macrophages_1","Macrophages_1",TRUE,0
"73815","Stromal","Stromal",TRUE,0
"92411","Invasive_Tumor","Invasive_Tumor",TRUE,0.156806477770274
"7407","Stromal","Stromal",TRUE,0.105632197984593
"73794","Stromal","Stromal",TRUE,0.0635024262381332
"74015","CD8+_T_Cells","CD8+_T_Cells",TRUE,0
"77319","CD4+_T_Cells","CD4+_T_Cells",TRUE,0
"93243","CD4+_T_Cells","CD4+_T_Cells",TRUE,0.0236549432218003
"95652","Stromal","Stromal",TRUE,0.046001798069145
"78032","Stromal","Stromal",TRUE,0.0910981413658168
"91424","Endothelial","Endothelial",TRUE,0.029057388597384
"6008","Invasive_Tumor","Invasive_Tumor",TRUE,0.225387747806122
"95645","CD8+_T_Cells","CD8+_T_Cells",TRUE,0.0503921216988161
"93098","Stromal","Stromal",TRUE,0.0579631619360303
"6012","Invasive_Tumor","Invasive_Tumor",TRUE,0
"93189","CD8+_T_Cells","CD8+_T_Cells",TRUE,0.0478635459656993
"6014","Invasive_Tumor","Invasive_Tumor",TRUE,0
"73781","Stromal","Stromal",TRUE,0.060534976698064
"73809","Stromal","Stromal",TRUE,0.0562266452864668
"77078","CD4+_T_Cells","CD4+_T_Cells",TRUE,0.0222499176652073
"105459","Stromal","Stromal",TRUE,0
"73998","Endothelial","Endothelial",TRUE,0
"94050","Stromal","Stromal",TRUE,0
"77311","Stromal","Stromal",TRUE,0
"73470","Stromal","Stromal",TRUE,0.0933004109968588
"92682","Endothelial","Endothelial",TRUE,0.0255011921479914
"93191","CD4+_T_Cells","CD4+_T_Cells",TRUE,0.059932324374695
"77094","Endothelial","Endothelial",TRUE,0
"73798","B_Cells","B_Cells",TRUE,0.0484106366597379
"95643","CD8+_T_Cells","CD8+_T_Cells",TRUE,0.0294645186517513
"91917","Stromal","Stromal",TRUE,0
"7656","Stromal","Stromal",TRUE,0.0398729471131714
"78041","CD4+_T_Cells","CD4+_T_Cells",TRUE,0.0583128685553307
"92805","Stromal","Stromal",TRUE,0
"77521","Stromal","Stromal",TRUE,0.0344044029876541
"102943","Macrophages_1","Macrophages_1",TRUE,0.0572139896674685
"78054","Stromal","Stromal",TRUE,0.638146919676427
"74007","Stromal","Stromal",TRUE,0.0573102886941934
"93203","Myoepi_ACTA2+","Myoepi_ACTA2+",TRUE,0.0519088842080322
"91854","B_Cells","B_Cells",TRUE,0
"91743","Macrophages_1","Macrophages_1",TRUE,0.0768693714708316
"91431","Endothelial","Endothelial",TRUE,0
"77294","CD4+_T_Cells","CD4+_T_Cells",TRUE,0.00531580901921846
"76787","Stromal","Stromal",TRUE,0
"78045","B_Cells","B_Cells",TRUE,0.0100662154108061
"6010","Invasive_Tumor","Invasive_Tumor",TRUE,0.0211547306120251
"93387","Stromal","Stromal",TRUE,0
"77346","Macrophages_2","Macrophages_2",TRUE,0.101050415796749
"77116","CD4+_T_Cells","CD4+_T_Cells",TRUE,0.00678278279598792
"93394","Stromal","Stromal",TRUE,0
"6259","Macrophages_1","Macrophages_1",TRUE,0.772853900233844
"73473","Stromal","Stromal",TRUE,0
"77087","Perivascular-Like","Perivascular-Like",TRUE,0.00727816192990145
"73331","Invasive_Tumor","Invasive_Tumor",TRUE,0
"92679","Endothelial","Endothelial",TRUE,0.0183506355460456
"73610","Invasive_Tumor","Invasive_Tumor",TRUE,0.134087681405781
"73327","Stromal","Stromal",TRUE,0.00985429116512812
"93751","CD4+_T_Cells","CD4+_T_Cells",TRUE,0.00669639372086323
"73635","Prolif_Invasive_Tumor","Prolif_Invasive_Tumor",TRUE,0.00585233367329835
"78058","CD8+_T_Cells","CD8+_T_Cells",TRUE,0.309120892005635
"93357","Stromal","Stromal",TRUE,0.0389569378193381
"77072","CD8+_T_Cells","CD8+_T_Cells",TRUE,0.00438776613711103
"6256","Macrophages_1","Macrophages_1",TRUE,0.0902995982296974
"73993","Endothelial","Endothelial",TRUE,0.00140377792586226
"77365","Macrophages_1","Macrophages_1",TRUE,0.103704615243033
"73681","Invasive_Tumor","Invasive_Tumor",TRUE,0.0260208867480214
"92398","Invasive_Tumor","Invasive_Tumor",TRUE,0
"73784","B_Cells","B_Cells",TRUE,0.0620479711296852
"92681","Perivascular-Like","Perivascular-Like",TRUE,0.217106625655365
"74011","B_Cells","B_Cells",TRUE,0.0656455215679072
"91423","Endothelial","Endothelial",TRUE,0.0197237650372711
"91857","Macrophages_1","Macrophages_1",TRUE,0.0910262547854254
"73455","Invasive_Tumor","Invasive_Tumor",TRUE,0.0264141989392088
"93215","DCIS 2","DCIS 2",TRUE,0.0106500785791631
"76990","Stromal","Stromal",TRUE,0.0496929808908467
"77501","Stromal","Stromal",TRUE,0.0510474718829353
"92678","Perivascular-Like","Perivascular-Like",TRUE,0.0743803510515628
"91871","Perivascular-Like","Perivascular-Like",TRUE,0
"78047","Stromal","Stromal",TRUE,0.0607540289232121
"91908","Stromal","Stromal",TRUE,0
"91697","Stromal","Stromal",TRUE,0.108562727245789
"6258","Macrophages_1","Macrophages_1",TRUE,0.0538740879900949
"93103","LAMP3+_DCs","LAMP3+_DCs",TRUE,0.0276541692861718
"93366","Stromal","Stromal",TRUE,0.0580082048750866
"105457","Stromal","Stromal",TRUE,0.0128649403585442
"77530","Macrophages_1","Stromal",FALSE,0.0675834454507999
"77329","Stromal","Stromal",TRUE,0.0557749039212354
"93750","LAMP3+_DCs","LAMP3+_DCs",TRUE,0
"93207","Stromal","Stromal",TRUE,0.0519712408130875
"7662","Stromal","Stromal",TRUE,0.0959954313884496
"92677","Endothelial","Perivascular-Like",FALSE,0.0854508824831529
"93622","Myoepi_ACTA2+","Myoepi_ACTA2+",TRUE,0.0563039549967876
"93101","LAMP3+_DCs","LAMP3+_DCs",TRUE,0.044989118595316
"77130","B_Cells","B_Cells",TRUE,0.0552306431666671
"91870","Endothelial","Endothelial",TRUE,0
"77302","B_Cells","B_Cells",TRUE,0.0382570588572957
"77193","CD4+_T_Cells","CD4+_T_Cells",TRUE,0.077052882840484
"93206","Macrophages_1","Macrophages_1",TRUE,0.0630010346945246
"93752","CD4+_T_Cells","CD4+_T_Cells",TRUE,0.116964199467676
"93214","Myoepi_KRT15+","Myoepi_KRT15+",TRUE,0
"95157","Myoepi_ACTA2+","Myoepi_ACTA2+",TRUE,0.0540268363642109
"93378","Stromal","Stromal",TRUE,0.0319057835809426
"91846","Stromal","Stromal",TRUE,0
"6257","CD4+_T_Cells","CD4+_T_Cells",TRUE,0.00442068710209753
"73456","Invasive_Tumor","Invasive_Tumor",TRUE,0
"91691","Perivascular-Like","Perivascular-Like",TRUE,0.758078213920763
"93623","Stromal","Stromal",TRUE,0.00313805472876532
"95642","CD8+_T_Cells","CD8+_T_Cells",TRUE,0.0717733992548668
"93193","B_Cells","B_Cells",TRUE,0.0905335566716699
"95181","Stromal","Stromal",TRUE,0.041470395147811
"95647","Macrophages_1","Macrophages_1",TRUE,0.0578001294108783
"77297","CD4+_T_Cells","CD4+_T_Cells",TRUE,0.245631212247137
"94053","Stromal","Stromal",TRUE,0.0417927777998909
"91687","Perivascular-Like","Perivascular-Like",TRUE,0.0325924679096981
"91851","Stromal","Stromal",TRUE,0.0483927168006805
"93102","CD4+_T_Cells","CD4+_T_Cells",TRUE,0.00555643332152501
"73464","Prolif_Invasive_Tumor","Prolif_Invasive_Tumor",TRUE,0.0182022044716394
"76789","Stromal","Stromal",TRUE,0
"77537","CD4+_T_Cells","CD4+_T_Cells",TRUE,0.0431586733075678
"77511","Stromal","Stromal",TRUE,0.202473435622482
"77084","CD4+_T_Cells","CD4+_T_Cells",TRUE,0.0180605986363315
"95654","Stromal","Stromal",TRUE,0.0656001431642081
"93226","Myoepi_KRT15+","Myoepi_KRT15+",TRUE,0
"92675","Perivascular-Like","Perivascular-Like",TRUE,0.0151606132652236
"93406","Stromal","Stromal",TRUE,0
"91872","Perivascular-Like","Perivascular-Like",TRUE,0.0113220979742304
"92401","Invasive_Tumor","Invasive_Tumor",TRUE,0.00243988330691086
"77068","Macrophages_1","Macrophages_1",TRUE,0.00542251860475297
"93194","Macrophages_1","Macrophages_1",TRUE,0.0580457138605274
"92413","Invasive_Tumor","Invasive_Tumor",TRUE,0
"77316","CD8+_T_Cells","CD8+_T_Cells",TRUE,0.0561825288705328
"93105","Stromal","Stromal",TRUE,0.0612111200765105
"77079","Stromal","Stromal",TRUE,0.0343240689072178
"93211","Myoepi_ACTA2+","Myoepi_ACTA2+",TRUE,0.0520440997971997
"73813","Stromal","Stromal",TRUE,0.065952478841532
"77108","Stromal","Stromal",TRUE,0.0475109139237144
"78024","CD4+_T_Cells","CD4+_T_Cells",TRUE,0.0507166096023853
"91852","Macrophages_2","Macrophages_2",TRUE,0.0495901933954427
"91911","Macrophages_2","Macrophages_2",TRUE,0.115960876662125
"92406","Prolif_Invasive_Tumor","Prolif_Invasive_Tumor",TRUE,0.00204478960304558
"93414","Stromal","Stromal",TRUE,0
"73689","Invasive_Tumor","Invasive_Tumor",TRUE,0.0298028973931073
"78043","B_Cells","B_Cells",TRUE,0.00504161004915116
"102942","Stromal","Stromal",TRUE,0.0548022215114987
"6005","Invasive_Tumor","Invasive_Tumor",TRUE,0
"91695","Perivascular-Like","Perivascular-Like",TRUE,0.255762706804306
"77137","CD8+_T_Cells","CD8+_T_Cells",TRUE,0.0491148688362207
"91909","CD4+_T_Cells","CD4+_T_Cells",TRUE,0.0498205551673037
"91913","Stromal","Stromal",TRUE,0.0276342715437088
"77351","B_Cells","B_Cells",TRUE,0.962970830323198
"91681","Stromal","Stromal",TRUE,0.0649494134386219
"93204","B_Cells","B_Cells",TRUE,0.0423184584109464
"73330","Invasive_Tumor","Invasive_Tumor",TRUE,0.040607786509969
"92445","Macrophages_2","Macrophages_2",TRUE,0.114553342393104
"73622","Invasive_Tumor","Invasive_Tumor",TRUE,0
"93238","CD4+_T_Cells","CD4+_T_Cells",TRUE,0.0363466887026743
"77344","Stromal","Stromal",TRUE,0.0668254479988108
"78052","B_Cells","B_Cells",TRUE,0.491900663501571
"77306","B_Cells","B_Cells",TRUE,0.0252420719350902
"6004","Invasive_Tumor","Invasive_Tumor",TRUE,0.050535604478762
"7660","Stromal","Stromal",TRUE,0.0805427187792909
"92673","Perivascular-Like","Perivascular-Like",TRUE,0.92762917330003
"77117","CD8+_T_Cells","CD8+_T_Cells",TRUE,0.0532895197825127
"91855","Perivascular-Like","Perivascular-Like",TRUE,0.0812330754701967
"94067","Stromal","Stromal",TRUE,0.0206797825237995
"73996","Stromal","Stromal",TRUE,0.0290161030395869
"77366","Stromal","Stromal",TRUE,0.0412067536665121
"92680","Macrophages_1","Macrophages_1",TRUE,0.0895914631014217
"78053","B_Cells","B_Cells",TRUE,0.0511147437480581
"95154","Stromal","Stromal",TRUE,0.0286489588872915
"6011","Invasive_Tumor","Invasive_Tumor",TRUE,0.0298340862027145
"102944","Stromal","Stromal",TRUE,0.00762423505518954
"93244","CD4+_T_Cells","CD4+_T_Cells",TRUE,0
"93624","Stromal","Stromal",TRUE,0
"91899","Stromal","Stromal",TRUE,0.201316306321377
"73449","Invasive_Tumor","Invasive_Tumor",TRUE,0.0199691447659582
"77148","B_Cells","Stromal",FALSE,0.0615702298961435
"77092","Endothelial","Endothelial",TRUE,0.0108154987607187
"77336","Macrophages_1","Macrophages_1",TRUE,0.0587788263492975
"93682","Stromal","Stromal",TRUE,0
"95653","Stromal","Stromal",TRUE,0.0635459113616799
"6339","Stromal","Stromal",TRUE,0
"91693","Perivascular-Like","Perivascular-Like",TRUE,0.0188522704667184
"93201","CD8+_T_Cells","CD8+_T_Cells",TRUE,0.0660027492630619
"8204","Stromal","Stromal",TRUE,0.0445483359825765
"76784","CD4+_T_Cells","CD4+_T_Cells",TRUE,0.0498201983024651
"92809","CD4+_T_Cells","CD4+_T_Cells",TRUE,0.0414827914974514
"93205","CD8+_T_Cells","CD8+_T_Cells",TRUE,0.0483986463194669
"91850","Macrophages_2","Macrophages_2",TRUE,0.613513111449957
"93210","Macrophages_1","Macrophages_1",TRUE,0.0702067023914875
"7451","Stromal","Stromal",TRUE,0.046217041327654
"105480","Stromal","Stromal",TRUE,0.090189689796991
"94062","Stromal","Stromal",TRUE,0
"77300","CD8+_T_Cells","CD8+_T_Cells",TRUE,0.0391543939936896
"91737","Stromal","Stromal",TRUE,0.0311365647900364
"77099","Endothelial","Endothelial",TRUE,0.0185783240027221
"77125","Stromal","Stromal",TRUE,0.09126993528126
"92449","Stromal","Stromal",TRUE,0.0603494806760838
"76805","Stromal","Stromal",TRUE,0.0327454751260516
"77323","B_Cells","B_Cells",TRUE,0.02979167781815
"6255","B_Cells","B_Cells",TRUE,0.0111935314912764
"95648","Stromal","Stromal",TRUE,0.0631672706651884
"95252","Stromal","Stromal",TRUE,0.0622881297894331
"92447","Macrophages_1","Macrophages_1",TRUE,0.0501579486332127
"95186","Stromal","Stromal",TRUE,0.0292361245564494
"91733","Perivascular-Like","Perivascular-Like",TRUE,0.0296979971900973
"73680","Invasive_Tumor","Invasive_Tumor",TRUE,0
"93197","B_Cells","B_Cells",TRUE,0.0429404135486038
"6006","Prolif_Invasive_Tumor","Prolif_Invasive_Tumor",TRUE,0.00236653502762478
"77331","CD4+_T_Cells","CD4+_T_Cells",TRUE,0.0585820353914564
"73792","CD4+_T_Cells","CD4+_T_Cells",TRUE,0.00741404870936819
"95641","Macrophages_1","Macrophages_1",TRUE,0.0521858484680804
"91869","Endothelial","Endothelial",TRUE,0.0182722083631769
"105461","Stromal","Stromal",TRUE,0.144719660619245
"93107","CD4+_T_Cells","CD4+_T_Cells",TRUE,0.0051728941792972
"73685","Invasive_Tumor","Invasive_Tumor",TRUE,0
"93106","CD4+_T_Cells","CD4+_T_Cells",TRUE,0.187113239612479
"90191","Stromal","Stromal",TRUE,0
"77191","CD8+_T_Cells","CD8+_T_Cells",TRUE,0.0835006991579346
"78029","CD4+_T_Cells","CD4+_T_Cells",TRUE,0.0550976147181859
"77524","B_Cells","B_Cells",TRUE,0.0541588746287895
"93217","Stromal","Stromal",TRUE,0.212925765630242
"91853","Endothelial","Endothelial",TRUE,0.0316611417553315
"92391","Invasive_Tumor","Invasive_Tumor",TRUE,0.0380472303860772
"73803","CD8+_T_Cells","CD8+_T_Cells",TRUE,0.0402482159057447
"95637","Macrophages_1","Macrophages_1",TRUE,0.0859297571933832
"93777","CD4+_T_Cells","CD4+_T_Cells",TRUE,0.0443731218707772
"76785","Stromal","Stromal",TRUE,0.0779927912697398
"92672","Perivascular-Like","Perivascular-Like",TRUE,0.0369861593747374
"7663","Stromal","Stromal",TRUE,0
"78057","CD8+_T_Cells","CD8+_T_Cells",TRUE,0.0720695987406051
"77192","Stromal","Stromal",TRUE,0.0193567138832
"94065","Stromal","Stromal",TRUE,0
"78039","CD8+_T_Cells","CD8+_T_Cells",TRUE,0.0479176723869618
"95206","Stromal","Stromal",TRUE,0
"105487","Stromal","Stromal",TRUE,0.165383808246669
"77541","CD4+_T_Cells","CD4+_T_Cells",TRUE,0.00380867036407809
"77314","CD4+_T_Cells","CD4+_T_Cells",TRUE,0.0327982955746633
"78021","Stromal","Stromal",TRUE,0.0512857050224049
"92434","Invasive_Tumor","Invasive_Tumor",TRUE,0.0386683385793329
"92798","Stromal","Stromal",TRUE,0
"93140","LAMP3+_DCs","LAMP3+_DCs",TRUE,0.0476871069761333
"93222","Myoepi_ACTA2+","Myoepi_ACTA2+",TRUE,0.0261344811407409
"77086","Perivascular-Like","Perivascular-Like",TRUE,0.0159078744443163
"73454","Invasive_Tumor","Invasive_Tumor",TRUE,0.00785203848101611
"93626","Stromal","Stromal",TRUE,0.0970199034214443
"73787","Stromal","Stromal",TRUE,0.031804914040194
"93227","Myoepi_KRT15+","Myoepi_KRT15+",TRUE,0.0528129651605109
"77076","B_Cells","B_Cells",TRUE,0.0574611825149665
"93228","Myoepi_ACTA2+","Myoepi_ACTA2+",TRUE,0.0223953338837119
"94057","Stromal","Stromal",TRUE,0.147583391192097
"77354","B_Cells","B_Cells",TRUE,0.0628213033973065
"73458","Prolif_Invasive_Tumor","Prolif_Invasive_Tumor",TRUE,0.00696673527685476
"77190","B_Cells","B_Cells",TRUE,0.0583328266653789
"93221","Myoepi_KRT15+","Myoepi_KRT15+",TRUE,0
"93775","LAMP3+_DCs","LAMP3+_DCs",TRUE,0.0573981012982125
"77129","Stromal","Stromal",TRUE,0.050066326447669
"95305","Macrophages_1","Macrophages_1",TRUE,0.0658519201371735
"73778","Stromal","Stromal",TRUE,0
"93108","Stromal","Stromal",TRUE,0.0388100939952878
"95158","Stromal","Stromal",TRUE,0.000622191815116829
"74013","CD8+_T_Cells","CD8+_T_Cells",TRUE,0.0337259311159438
"92669","Endothelial","Endothelial",TRUE,0
"95189","CD8+_T_Cells","CD8+_T_Cells",TRUE,0.0489980618397103
"76780","Stromal","Stromal",TRUE,0
"77310","CD4+_T_Cells","CD4+_T_Cells",TRUE,0.0534772740497792
"7659","Stromal","Stromal",TRUE,0
"77114","CD8+_T_Cells","CD8+_T_Cells",TRUE,0.0471183814874301
"94063","Stromal","Stromal",TRUE,0
"93229","Myoepi_KRT15+","Myoepi_KRT15+",TRUE,0.0186259791763499
"73818","CD4+_T_Cells","CD4+_T_Cells",TRUE,0.0496357873126926
"77504","B_Cells","B_Cells",TRUE,0.04740016919546
"93390","Stromal","Stromal",TRUE,0.0567402772611067
"92439","Stromal","Stromal",TRUE,0.0385083380403418
"103018","Stromal","Stromal",TRUE,0.0669465402909041
"92803","Stromal","Stromal",TRUE,0
"6007","Invasive_Tumor","Invasive_Tumor",TRUE,0
"91902","Macrophages_1","Macrophages_1",TRUE,0.0969302875530567
"95650","Stromal","Stromal",TRUE,0
"95165","Stromal","Stromal",TRUE,0.025913689278224
"77102","CD4+_T_Cells","CD4+_T_Cells",TRUE,0.0301768582989821
"103025","Perivascular-Like","Perivascular-Like",TRUE,0.0944413325904409
"95250","Stromal","Stromal",TRUE,0
"91838","Stromal","Stromal",TRUE,0
"91421","Endothelial","Endothelial",TRUE,0.018599261735776
"73990","CD4+_T_Cells","CD4+_T_Cells",TRUE,0.0649668153512444
"91734","Stromal","Stromal",TRUE,0.0302101628402759
"77145","B_Cells","B_Cells",TRUE,0.0553055106154948
"73329","Invasive_Tumor","Invasive_Tumor",TRUE,0.0062057391992528
"91842","Stromal","Stromal",TRUE,0
"93213","CD8+_T_Cells","CD8+_T_Cells",TRUE,0.0422917727366341
"92676","Stromal","Stromal",TRUE,0.0137231658536625
"93225","CD8+_T_Cells","CD8+_T_Cells",TRUE,0.0443523151348109
"91422","Perivascular-Like","Perivascular-Like",TRUE,0.0582111708689995
"92431","Invasive_Tumor","Invasive_Tumor",TRUE,0
"93413","Stromal","Stromal",TRUE,0.0514668488861058
"78033","CD4+_T_Cells","CD4+_T_Cells",TRUE,0.0194766494199215
"6254","IRF7+_DCs","IRF7+_DCs",TRUE,0.03120231604132
"103008","Macrophages_2","Macrophages_2",TRUE,0.106020252826232
"93212","Stromal","Stromal",TRUE,0.0154410563160749
"92403","Invasive_Tumor","Invasive_Tumor",TRUE,0.0302262769586477
"91692","Endothelial","Endothelial",TRUE,0.0154790455275975
"92668","Endothelial","Endothelial",TRUE,0.0660411904274668
"77305","Macrophages_1","Macrophages_1",TRUE,0.1947928922577
"102945","Stromal","Stromal",TRUE,0.0838759381291836
"77368","Stromal","Stromal",TRUE,0
"73607","Invasive_Tumor","Invasive_Tumor",TRUE,0
"105463","Stromal","Stromal",TRUE,0
"94056","Stromal","Stromal",TRUE,0
"91722","Endothelial","Endothelial",TRUE,0.00631473442272351
"7683","Stromal","Stromal",TRUE,0.101210177371996
"77343","Macrophages_2","Macrophages_2",TRUE,0
"74018","Stromal","Stromal",TRUE,0.0214693041354657
"74004","CD4+_T_Cells","CD4+_T_Cells",TRUE,0.0488328278782408
"78025","B_Cells","B_Cells",TRUE,0.0154871283878372
"103010","Stromal","Stromal",TRUE,0.0867083765045296
"91677","Perivascular-Like","Perivascular-Like",TRUE,0.0131711186443184
"77135","Macrophages_2","Macrophages_2",TRUE,0.103750525412952
"6253","CD8+_T_Cells","CD8+_T_Cells",TRUE,0.0330835777348522
"77160","B_Cells","B_Cells",TRUE,0.0113759873557496
"78026","B_Cells","B_Cells",TRUE,0.00772718594970392
"73448","Prolif_Invasive_Tumor","Prolif_Invasive_Tumor",TRUE,0.557259181391975
"91674","Perivascular-Like","Perivascular-Like",TRUE,0.0276297683507363
"93627","Stromal","Stromal",TRUE,0.0625574676996629
"93209","Stromal","Stromal",TRUE,0.0365582043272461
"91845","Perivascular-Like","Perivascular-Like",TRUE,0.0196340521627146
"91834","Stromal","Stromal",TRUE,0.0246247301109737
"77107","CD4+_T_Cells","CD4+_T_Cells",TRUE,0.0456597236534858
"73795","Macrophages_2","Macrophages_1",FALSE,2
"77074","CD4+_T_Cells","CD4+_T_Cells",TRUE,0.0416592590744833
"91847","Stromal","Stromal",TRUE,0.0429506269046201
"93415","Stromal","Stromal",TRUE,0.0596423274795602
"77540","Macrophages_1","Macrophages_1",TRUE,0.0685724088208161
"93776","CD4+_T_Cells","Stromal",FALSE,0.068500971185208
"92395","Invasive_Tumor","Invasive_Tumor",TRUE,0
"77091","Endothelial","Endothelial",TRUE,0.0621498604447067
"91684","Endothelial","Endothelial",TRUE,0.0270247744671561
"6003","Invasive_Tumor","Invasive_Tumor",TRUE,0.207505242242939
"105462","Stromal","Stromal",TRUE,0.146722595004473
"95655","Stromal","Stromal",TRUE,0.0463355162723675
"73690","Prolif_Invasive_Tumor","Prolif_Invasive_Tumor",TRUE,0.0303112022600748
"91419","Endothelial","Endothelial",TRUE,0
"94059","CD8+_T_Cells","CD8+_T_Cells",TRUE,0.0215724029184017
"73673","Invasive_Tumor","Invasive_Tumor",TRUE,0
"92790","Stromal","Stromal",TRUE,0.0782445810709325
"77119","CD4+_T_Cells","CD4+_T_Cells",TRUE,0.05454710565467
"91907","Macrophages_1","Macrophages_1",TRUE,0.0852684973787093
"78018","Stromal","Stromal",TRUE,0
"77335","CD4+_T_Cells","CD4+_T_Cells",TRUE,0.0467764340645831
"73810","CD4+_T_Cells","CD4+_T_Cells",TRUE,0.0476587277218191
"93232","Myoepi_KRT15+","Myoepi_KRT15+",TRUE,0.0513087839993659
"73807","CD4+_T_Cells","CD4+_T_Cells",TRUE,0.00691441356757785
"91417","Endothelial","Endothelial",TRUE,0.0373424783401142
"77089","Endothelial","Endothelial",TRUE,0.0366505881139754
"73793","Stromal","Stromal",TRUE,0.0504046946031039
"93219","Stromal","Stromal",TRUE,0
"95646","Stromal","Stromal",TRUE,0
"91418","Endothelial","Endothelial",TRUE,0.0133422699051194
"78059","CD4+_T_Cells","CD4+_T_Cells",TRUE,0.0609321701562504
"92396","Invasive_Tumor","Invasive_Tumor",TRUE,0
"93757","CD4+_T_Cells","CD4+_T_Cells",TRUE,0.0156291872753822
"92432","Prolif_Invasive_Tumor","Prolif_Invasive_Tumor",TRUE,0.0318989060680845
"91696","Perivascular-Like","Perivascular-Like",TRUE,0.0209793585286558
"6009","Invasive_Tumor","Invasive_Tumor",TRUE,0.0330088476238013
"94061","Stromal","Stromal",TRUE,0
"93224","Myoepi_ACTA2+","Myoepi_ACTA2+",TRUE,0.0665084771224631
"77151","CD4+_T_Cells","CD4+_T_Cells",TRUE,0.00533762956328063
"73326","Stromal","Stromal",TRUE,0.038624330534287
"73682","Invasive_Tumor","Invasive_Tumor",TRUE,0.014750874427947
"91675","Endothelial","Endothelial",TRUE,0.0468197997456654
"77146","Macrophages_2","Macrophages_2",TRUE,0.167497943397726
"73457","Invasive_Tumor","Invasive_Tumor",TRUE,0
"102946","Stromal","Stromal",TRUE,0.0552036390190714
"93112","CD4+_T_Cells","CD4+_T_Cells",TRUE,0.00779847650784818
"91843","Endothelial","Endothelial",TRUE,0.239872770734425
"94058","CD8+_T_Cells","CD8+_T_Cells",TRUE,0.0574662221561247
"73686","Prolif_Invasive_Tumor","Prolif_Invasive_Tumor",TRUE,0
"78034","CD8+_T_Cells","CD8+_T_Cells",TRUE,0.0446155975401643
"77339","CD4+_T_Cells","CD4+_T_Cells",TRUE,0.055618062216062
"77156","CD4+_T_Cells","CD4+_T_Cells",TRUE,0.0606830939800144
"6000","Invasive_Tumor","Invasive_Tumor",TRUE,0
"95195","Stromal","Stromal",TRUE,0.063886721253914
"93234","Myoepi_ACTA2+","Myoepi_ACTA2+",TRUE,0.0744702751675645
"77312","IRF7+_DCs","IRF7+_DCs",TRUE,0.0789297857949036
"76773","Stromal","Stromal",TRUE,0.0446768508470421
"77069","CD8+_T_Cells","CD8+_T_Cells",TRUE,0.0828448567421493
"95841","Stromal","Stromal",TRUE,0.0828770700177772
"95253","CD4+_T_Cells","CD4+_T_Cells",TRUE,0.0591898347309852
"73453","Invasive_Tumor","Invasive_Tumor",TRUE,0
"78042","B_Cells","B_Cells",TRUE,0.0479598193815532
"93418","Macrophages_2","Macrophages_2",TRUE,0.12463731670008
"93628","Macrophages_1","Macrophages_1",TRUE,0.0594407924727798
"91420","Endothelial","Endothelial",TRUE,0
"92667","Perivascular-Like","Perivascular-Like",TRUE,0.228927168003286
"91732","Perivascular-Like","Perivascular-Like",TRUE,0.00679802482152171
"77500","Stromal","Stromal",TRUE,0.0416555226938542
"93231","Myoepi_KRT15+","Myoepi_KRT15+",TRUE,0.0639469380541288
"73788","CD4+_T_Cells","CD4+_T_Cells",TRUE,0.0462747478454772
"73668","Prolif_Invasive_Tumor","Prolif_Invasive_Tumor",TRUE,0.15189318809554
"77330","Macrophages_1","Macrophages_1",TRUE,0.051329417277719
"95190","Macrophages_1","Macrophages_1",TRUE,0.0495899641327079
"93629","Stromal","Stromal",TRUE,0.173815570193777
"92671","Perivascular-Like","Perivascular-Like",TRUE,0.0393188820920255
"91836","Stromal","Stromal",TRUE,0.0249867238632958
"92429","Invasive_Tumor","Invasive_Tumor",TRUE,0.188888650927725
"93220","Macrophages_1","Macrophages_1",TRUE,0.0499860533763322
"76775","Stromal","Stromal",TRUE,0.0388957590479085
"77534","Stromal","Stromal",TRUE,0.0404031515274268
"77526","Stromal","Stromal",TRUE,0.0383803043425023
"93235","Myoepi_ACTA2+","Myoepi_ACTA2+",TRUE,0.15529321591206
"77189","Stromal","Stromal",TRUE,0
"91910","Stromal","Stromal",TRUE,0.031480978025584
"74125","Stromal","Stromal",TRUE,0.0305408366953771
"6252","Stromal","Stromal",TRUE,0.0565565537632511
"91694","Endothelial","Endothelial",TRUE,0.00766250291163731
"92670","Macrophages_1","Macrophages_1",TRUE,0.103241742435439
"91735","Stromal","Stromal",TRUE,0.114773926662207
"77083","CD4+_T_Cells","CD4+_T_Cells",TRUE,0.0171646077682175
"95251","Stromal","Stromal",TRUE,0.0251448678674807
"91844","Endothelial","Endothelial",TRUE,0.0417682979465737
"103020","Endothelial","Endothelial",TRUE,0.0107146421807695
"93218","Macrophages_1","Macrophages_1",TRUE,0.0655881205189531
"94064","Macrophages_1","Macrophages_1",TRUE,0.000250378839044718
"77163","CD4+_T_Cells","Stromal",FALSE,0.0427015314407653
"77356","B_Cells","B_Cells",TRUE,0.0566810401471249
"92787","Stromal","Stromal",TRUE,0.118193344631768
"102947","Stromal","Stromal",TRUE,0.056489949473497
"93110","Macrophages_1","Macrophages_1",TRUE,0.014141908012049
"91825","Perivascular-Like","Perivascular-Like",TRUE,0.0184743373438374
"77103","Stromal","Stromal",TRUE,0.0317978200533125
"95255","CD8+_T_Cells","Stromal",FALSE,0.0716866079328309
"77140","CD4+_T_Cells","CD4+_T_Cells",TRUE,0.0713706110612796
"91896","Stromal","Stromal",TRUE,0.339665520671524
"76772","Macrophages_1","Macrophages_1",TRUE,0.070854945021691
"77112","CD4+_T_Cells","CD4+_T_Cells",TRUE,0.0147761274353268
"77155","CD4+_T_Cells","CD4+_T_Cells",TRUE,0.0311774332409111
"93245","CD8+_T_Cells","CD8+_T_Cells",TRUE,0.0409350427011044
"6251","CD4+_T_Cells","CD4+_T_Cells",TRUE,0.0498943922470352
"93404","Stromal","Stromal",TRUE,0
"94066","Macrophages_1","Macrophages_1",TRUE,0.0255871204811284
"93111","LAMP3+_DCs","LAMP3+_DCs",TRUE,0.0693343616553166
"73805","CD4+_T_Cells","CD4+_T_Cells",TRUE,0.00560653251367028
"91720","Endothelial","Endothelial",TRUE,0.0638663238337935
"77364","CD4+_T_Cells","CD4+_T_Cells",TRUE,0.0717214313078237
"95656","Stromal","Stromal",TRUE,0.0542838981194664
"73799","Stromal","Stromal",TRUE,0
"92424","Invasive_Tumor","Invasive_Tumor",TRUE,0
"6002","Invasive_Tumor","Invasive_Tumor",TRUE,0.101332275302493
"73667","Invasive_Tumor","Invasive_Tumor",TRUE,0.199268270065283
"73677","Invasive_Tumor","Invasive_Tumor",TRUE,0
"95258","CD8+_T_Cells","CD8+_T_Cells",TRUE,0.0648482645241432
"73780","Stromal","Stromal",TRUE,0.0386467577867784
"77515","Perivascular-Like","Perivascular-Like",TRUE,0.0267545953352548
"95182","CD8+_T_Cells","CD8+_T_Cells",TRUE,0.0694358583410177
"93216","Stromal","Stromal",TRUE,0.0544819672894123
"76818","Stromal","Stromal",TRUE,0.0989589321142416
"93236","Myoepi_ACTA2+","Myoepi_ACTA2+",TRUE,0.0550753509523396
"77334","Macrophages_1","Macrophages_1",TRUE,0.0224190413813552
"105464","Stromal","Stromal",TRUE,0.0646886624304455
"92443","Stromal","Stromal",TRUE,0.0690667399857713
"76792","Stromal","Stromal",TRUE,0.0936928258477909
"77147","CD4+_T_Cells","CD4+_T_Cells",TRUE,0.727655133870129
"7667","Stromal","Stromal",TRUE,0.0445673554371327
"77347","B_Cells","B_Cells",TRUE,0.0585571859829807
"77352","Stromal","Stromal",TRUE,0
"93759","CD4+_T_Cells","CD4+_T_Cells",TRUE,0.0657788760936394
"95649","Stromal","Stromal",TRUE,0.0314042181617323
"95248","IRF7+_DCs","IRF7+_DCs",TRUE,0.0519634141931612
"73691","Invasive_Tumor","Invasive_Tumor",TRUE,0.0213421138325277
"78027","B_Cells","B_Cells",TRUE,0.0671087170413415
"91876","Stromal","Stromal",TRUE,0.0247582210498356
"77542","Macrophages_1","Macrophages_1",TRUE,0.0551374425499443
"73672","Invasive_Tumor","Invasive_Tumor",TRUE,0.000236056669665573
"103015","Endothelial","Endothelial",TRUE,0.0325094590053753
"95848","Macrophages_1","Macrophages_1",TRUE,0.0486749194102608
"77075","CD8+_T_Cells","CD8+_T_Cells",TRUE,0.0312017500246715
"95265","Stromal","Stromal",TRUE,0
"78020","CD4+_T_Cells","CD4+_T_Cells",TRUE,0
"91673","Endothelial","Endothelial",TRUE,0.0242480542700055
"91729","Endothelial","Endothelial",TRUE,0.027774893264117
"93422","B_Cells","B_Cells",TRUE,0.0820164771640741
"93630","Macrophages_1","Macrophages_1",TRUE,0.0520572805440984
"77505","Macrophages_1","Macrophages_1",TRUE,0.0419671795661668
"105484","Stromal","Stromal",TRUE,0
"95191","Stromal","Stromal",TRUE,0.0267065509123689
"92666","Perivascular-Like","Perivascular-Like",TRUE,0.00412175570314421
"94069","Endothelial","Perivascular-Like",FALSE,0.0396051311343163
"77358","CD4+_T_Cells","CD4+_T_Cells",TRUE,0.0514983408856557
"91672","Perivascular-Like","Perivascular-Like",TRUE,0.0316964301736264
"94074","Stromal","Stromal",TRUE,0.0240728630247268
"95843","Stromal","Stromal",TRUE,0.231812796016429
"76774","CD4+_T_Cells","Stromal",FALSE,0.0730671635323942
"93230","Stromal","Stromal",TRUE,0.0479316499127207
"93109","CD4+_T_Cells","CD4+_T_Cells",TRUE,0.0129865689548681
"77110","CD4+_T_Cells","CD4+_T_Cells",TRUE,0
"93237","Macrophages_1","Macrophages_1",TRUE,0.0744035438854944
"105481","Stromal","Stromal",TRUE,0
"73776","Stromal","Stromal",TRUE,0.0245861970402746
"92789","Stromal","Stromal",TRUE,0
"91839","Endothelial","Endothelial",TRUE,0.0340656047819428
"76769","Stromal","Stromal",TRUE,0
"95192","CD8+_T_Cells","CD8+_T_Cells",TRUE,0.0773691656317592
"77159","CD8+_T_Cells","CD8+_T_Cells",TRUE,0.0483625476866658
"91830","Stromal","Stromal",TRUE,0.107474101474134
"77100","CD4+_T_Cells","CD4+_T_Cells",TRUE,0
"93114","CD4+_T_Cells","CD4+_T_Cells",TRUE,0.0516325332394325
"7664","Stromal","Stromal",TRUE,0
"93756","CD4+_T_Cells","CD4+_T_Cells",TRUE,0.0449138747713324
"105465","Stromal","Stromal",TRUE,0
"91228","Stromal","Stromal",TRUE,0.0194853309851336
"91840","Endothelial","Endothelial",TRUE,0.00271125116725063
"105488","Stromal","Stromal",TRUE,0
"5999","Invasive_Tumor","Invasive_Tumor",TRUE,0.0135220298744524
"78060","Stromal","Stromal",TRUE,0.0522479883671107
"77188","CD4+_T_Cells","CD4+_T_Cells",TRUE,0.0666080300389524
"73819","Stromal","Stromal",TRUE,0
"73786","CD4+_T_Cells","CD4+_T_Cells",TRUE,0.0329461941219165
"93760","CD4+_T_Cells","CD4+_T_Cells",TRUE,0.0448542529170038
"77152","B_Cells","B_Cells",TRUE,0.0202107301785166
"75646","Stromal","Stromal",TRUE,0.184679168741528
"77168","B_Cells","Stromal",FALSE,0.0803185297614375
"94060","Stromal","Stromal",TRUE,0.0721818140113897
"92441","Stromal","Stromal",TRUE,0
"91820","Macrophages_2","Macrophages_2",TRUE,0.0955360074233491
"92422","Invasive_Tumor","Invasive_Tumor",TRUE,0
"75638","Macrophages_1","Macrophages_1",TRUE,0.0336372466455226
"91837","Perivascular-Like","Perivascular-Like",TRUE,0.0529707601850806
"73999","CD8+_T_Cells","CD8+_T_Cells",TRUE,0.820837317141449
"73658","Invasive_Tumor","Invasive_Tumor",TRUE,0
"91841","Perivascular-Like","Perivascular-Like",TRUE,0.0861136771911508
"95207","Stromal","Stromal",TRUE,0.0796483172040825
"94070","Endothelial","Endothelial",TRUE,0.269551327080477
"77523","Perivascular-Like","Perivascular-Like",TRUE,0.228302448763353
"91831","CD8+_T_Cells","CD8+_T_Cells",TRUE,0.109332993208424
"77138","CD4+_T_Cells","CD4+_T_Cells",TRUE,0.708311333116891
"91229","Stromal","Stromal",TRUE,0.100070774437547
"73823","Stromal","Stromal",TRUE,0.0578374247448487
"93113","CD4+_T_Cells","CD4+_T_Cells",TRUE,0.00340012651071755
"75631","Stromal","Stromal",TRUE,0.0442359323852312
"77536","Macrophages_1","Macrophages_1",TRUE,0.0583205624486948
"91676","Perivascular-Like","Perivascular-Like",TRUE,0.0299870253932688
"73678","Invasive_Tumor","Invasive_Tumor",TRUE,0.0126205545130798
"77053","Stromal","Stromal",TRUE,0.0757181176068926
"77095","CD4+_T_Cells","CD4+_T_Cells",TRUE,0.0333776061266723
"91726","Perivascular-Like","Perivascular-Like",TRUE,0.0480797117670475
"77342","CD4+_T_Cells","CD4+_T_Cells",TRUE,0.0608020837590378
"73443","Invasive_Tumor","Invasive_Tumor",TRUE,0
"76840","Stromal","Stromal",TRUE,0
"95219","Stromal","Stromal",TRUE,0.0193308330425501
"74126","Invasive_Tumor","Invasive_Tumor",TRUE,0
"78036","Stromal","Stromal",TRUE,0.0700141676273753
"95256","CD8+_T_Cells","CD8+_T_Cells",TRUE,0.0658218354926111
"95249","Stromal","Stromal",TRUE,0.0924085085106091
"5996","Invasive_Tumor","Invasive_Tumor",TRUE,0
"92433","DCIS 1","DCIS 1",TRUE,0.0821095514950532
"6250","B_Cells","B_Cells",TRUE,0.0540728526118275
"91227","Stromal","Stromal",TRUE,0.0177398905505763
"76803","Stromal","Stromal",TRUE,0
"6001","Prolif_Invasive_Tumor","Prolif_Invasive_Tumor",TRUE,0.0127987178693678
"95260","Stromal","Stromal",TRUE,0.0410713755676057
"73445","Invasive_Tumor","Invasive_Tumor",TRUE,0
"91678","Endothelial","Endothelial",TRUE,0.0385496531193697
"93755","CD8+_T_Cells","CD8+_T_Cells",TRUE,0.0523924091006646
"93233","Stromal","Stromal",TRUE,0.0437116230603419
"73791","IRF7+_DCs","IRF7+_DCs",TRUE,0.0313903362795585
"73806","CD4+_T_Cells","CD4+_T_Cells",TRUE,0.00513043318961096
"91416","Perivascular-Like","Perivascular-Like",TRUE,0.0497402880128116
"92430","Invasive_Tumor","Invasive_Tumor",TRUE,0.0363410768943189
"77085","Stromal","Stromal",TRUE,0.0669128765850202
"91414","Perivascular-Like","Perivascular-Like",TRUE,0.0127922633736353
"73659","Invasive_Tumor","Invasive_Tumor",TRUE,0.0453549704527675
"91904","B_Cells","B_Cells",TRUE,0.839027369395292
"102948","Stromal","Stromal",TRUE,0.00467223187768351
"77058","CD4+_T_Cells","CD4+_T_Cells",TRUE,0.0378702796680929
"93420","Stromal","Stromal",TRUE,0
"77361","CD4+_T_Cells","CD4+_T_Cells",TRUE,0
"105466","Stromal","Stromal",TRUE,0
"77165","Stromal","Stromal",TRUE,0
"94072","Endothelial","Endothelial",TRUE,0.0233362413500557
"91415","Perivascular-Like","Perivascular-Like",TRUE,0.023738932056421
"77512","Perivascular-Like","Perivascular-Like",TRUE,0.0134136882004794
"103021","Endothelial","Endothelial",TRUE,0.0655973472183397
"77350","IRF7+_DCs","IRF7+_DCs",TRUE,0
"93632","Stromal","Stromal",TRUE,0
"95851","Stromal","Stromal",TRUE,0
"93633","Macrophages_1","Macrophages_1",TRUE,0.0552523875606061
"91826","B_Cells","B_Cells",TRUE,0.141950248059646
"93754","Stromal","Stromal",TRUE,0.0573228761812098
"73664","Prolif_Invasive_Tumor","Prolif_Invasive_Tumor",TRUE,0.00346437244294107
"77154","Stromal","Stromal",TRUE,0.0502294512464485
"95842","CD8+_T_Cells","CD8+_T_Cells",TRUE,0.0417683112208392
"103014","Perivascular-Like","Perivascular-Like",TRUE,0.0110890673301376
"91679","Endothelial","Endothelial",TRUE,0.035524628601745
"95263","Endothelial","Stromal",FALSE,0.0572457256154714
"73802","Perivascular-Like","Perivascular-Like",TRUE,0.0159915311921863
"77060","B_Cells","Stromal",FALSE,0.0572010897269131
"91225","Stromal","Stromal",TRUE,0.094987293696255
"102951","Stromal","Stromal",TRUE,0
"91434","Perivascular-Like","Perivascular-Like",TRUE,0.0218755187973423
"77115","Stromal","Stromal",TRUE,0.0439427526551616
"77123","CD4+_T_Cells","CD4+_T_Cells",TRUE,0.049467721632072
"95849","Macrophages_1","Macrophages_1",TRUE,0.253988021418606
"6096","Invasive_Tumor","Invasive_Tumor",TRUE,0.0443890281012639
"77150","Stromal","Stromal",TRUE,0.0471072407558011
"95855","Endothelial","Endothelial",TRUE,0.0778787456409431
"93223","CD4+_T_Cells","Stromal",FALSE,0.0641501297045479
"6249","CD8+_T_Cells","Stromal",FALSE,0.0667966719010596
"91731","Stromal","Stromal",TRUE,0.0549198579801659
"77180","CD8+_T_Cells","CD8+_T_Cells",TRUE,0.00115344752695928
"77139","Macrophages_2","Macrophages_2",TRUE,0.112188458004921
"93423","Stromal","Stromal",TRUE,0.0956846839119375
"91891","Stromal","Stromal",TRUE,0.0947925878642726
"91690","Perivascular-Like","Perivascular-Like",TRUE,0.0402106103903467
"91835","Perivascular-Like","Perivascular-Like",TRUE,0
"95259","CD8+_T_Cells","CD8+_T_Cells",TRUE,0.0391404980151276
"91723","Stromal","Stromal",TRUE,0.154320715468816
"95294","Endothelial","Endothelial",TRUE,0.07665924053464
"76778","CD4+_T_Cells","CD4+_T_Cells",TRUE,0.0760719007346691
"77363","Stromal","Stromal",TRUE,0.0923801542148131
"91833","B_Cells","B_Cells",TRUE,0.0566489261495878
"95198","CD8+_T_Cells","CD8+_T_Cells",TRUE,0.0385635034652752
"76800","B_Cells","B_Cells",TRUE,0.0692996792086154
"93417","Stromal","Stromal",TRUE,0
"92030","Macrophages_2","Macrophages_2",TRUE,0.141668385227235
"73324","CD4+_T_Cells","CD4+_T_Cells",TRUE,0.0654012546239378
"95850","Macrophages_1","Macrophages_1",TRUE,0.0520780523801899
"76767","Stromal","Stromal",TRUE,0.042031514115475
"73636","Invasive_Tumor","Invasive_Tumor",TRUE,0
"78049","CD4+_T_Cells","CD4+_T_Cells",TRUE,0.0502386970892389
"93118","CD8+_T_Cells","Stromal",FALSE,0.056278084365947
"92442","Stromal","Stromal",TRUE,0
"73783","Stromal","Stromal",TRUE,0.0367453242487873
"73674","Invasive_Tumor","Invasive_Tumor",TRUE,0.501111446546847
"76770","Endothelial","Endothelial",TRUE,0.0491845820078461
"94073","Perivascular-Like","Stromal",FALSE,0.0524183651276769
"78048","Stromal","Stromal",TRUE,0.741361921524496
"95254","Macrophages_1","Macrophages_1",TRUE,0.0910356058256151
"105292","Stromal","Stromal",TRUE,0
"73796","Stromal","Stromal",TRUE,0.0434670067289872
"75685","B_Cells","B_Cells",TRUE,0
"95211","Stromal","Stromal",TRUE,0.0394934036298875
"75652","Stromal","Stromal",TRUE,0.0578888663173168
"91827","B_Cells","B_Cells",TRUE,0.0719953988858887
"77134","CD4+_T_Cells","CD4+_T_Cells",TRUE,0.0610785762337727
"77516","Endothelial","Endothelial",TRUE,0
"95857","CD8+_T_Cells","CD8+_T_Cells",TRUE,0.0675704915571466
"73325","Stromal","Stromal",TRUE,0.047629207871845
"77503","Perivascular-Like","Perivascular-Like",TRUE,0
"77093","Stromal","Stromal",TRUE,0.0921699638818546
"91824","Stromal","Stromal",TRUE,0.00994505822753922
"5997","Invasive_Tumor","Invasive_Tumor",TRUE,0.00659764072307545
"77105","Macrophages_1","Macrophages_1",TRUE,0.0577294324527867
"92444","Stromal","Stromal",TRUE,0.0576606592320923
"73320","Macrophages_1","Macrophages_1",TRUE,0.10520863935147
"73676","Invasive_Tumor","Invasive_Tumor",TRUE,0
"77531","Perivascular-Like","Stromal",FALSE,0.0714219503589981
"73670","Invasive_Tumor","Invasive_Tumor",TRUE,0
"78050","Stromal","Stromal",TRUE,0.049687116091452
"95200","CD8+_T_Cells","CD8+_T_Cells",TRUE,0.0647341012464767
"91701","CD8+_T_Cells","CD8+_T_Cells",TRUE,0.099093649270714
"73322","Stromal","Stromal",TRUE,0.0466899501328028
"91236","Macrophages_1","Macrophages_1",TRUE,0.0234846195938538
"76765","Macrophages_1","Stromal",FALSE,0.0962764506588706
"78062","B_Cells","B_Cells",TRUE,0.0793614602562049
"93427","Stromal","Stromal",TRUE,0.0461805042986458
"103019","Macrophages_1","Macrophages_1",TRUE,0.0143747446340021
"95247","Stromal","Stromal",TRUE,0.050098502863736
"91894","Stromal","Stromal",TRUE,0.0666131960617121
"92733","Macrophages_1","Macrophages_1",TRUE,0.00759137689403844
"92426","Prolif_Invasive_Tumor","Prolif_Invasive_Tumor",TRUE,0.0535795279406933
"95856","Stromal","Stromal",TRUE,0.0629776736334869
"92794","Stromal","Stromal",TRUE,0.191567410724526
"95846","CD8+_T_Cells","CD8+_T_Cells",TRUE,0.0607845382887211
"77362","Macrophages_2","Macrophages_2",TRUE,0.124731379250495
"105291","Macrophages_2","Macrophages_1",FALSE,1.400620322932
"77371","Macrophages_2","Macrophages_2",TRUE,0.123520936920807
"73641","Prolif_Invasive_Tumor","Prolif_Invasive_Tumor",TRUE,0.0465127312125611
"95216","Stromal","Stromal",TRUE,0.0576268849660828
"95844","Stromal","Stromal",TRUE,0.0533526947255991
"77525","Perivascular-Like","Perivascular-Like",TRUE,0
"92788","Stromal","Stromal",TRUE,0.026794014383311
"94071","Stromal","Stromal",TRUE,0
"92418","Invasive_Tumor","Invasive_Tumor",TRUE,0.00439354150436597
"76768","Stromal","Stromal",TRUE,0.057897946997357
"93634","CD4+_T_Cells","CD4+_T_Cells",TRUE,0.0614965231555737
"95210","Macrophages_1","Macrophages_1",TRUE,0.0129862749582146
"76837","Macrophages_1","Macrophages_1",TRUE,0.0497352016641093
"93685","Stromal","Stromal",TRUE,0
"91822","CD4+_T_Cells","CD4+_T_Cells",TRUE,0.00669515931427594
"91413","Perivascular-Like","Perivascular-Like",TRUE,0.0132116418494
"77158","Stromal","Stromal",TRUE,0.0400219183048208
"93115","Stromal","Stromal",TRUE,0.0247804651144508
"94076","Stromal","Stromal",TRUE,0.0604433496803801
"93761","Stromal","Stromal",TRUE,0.0461345034394405
"93684","Stromal","Stromal",TRUE,0.0159226372377121
"8202","Stromal","Stromal",TRUE,0.036564410869984
"7665","Stromal","Stromal",TRUE,0.065372019059378
"91669","Perivascular-Like","Perivascular-Like",TRUE,0.10208363316313
"93425","Stromal","Stromal",TRUE,0.0409666834807603
"73789","CD4+_T_Cells","CD4+_T_Cells",TRUE,0.0628370973443963
"5998","Invasive_Tumor","Invasive_Tumor",TRUE,0.127213488385108
"77166","Stromal","Stromal",TRUE,0.0159642395495334
"95257","Macrophages_1","Stromal",FALSE,0.0699100915011873
"77544","Stromal","Stromal",TRUE,0.058220326170178
"73800","Endothelial","Endothelial",TRUE,0
"77187","CD8+_T_Cells","CD8+_T_Cells",TRUE,0.0441627722188531
"105485","Stromal","Stromal",TRUE,0.0627456269147342
"103022","Endothelial","Endothelial",TRUE,0.0134321352067504
"95268","Stromal","Stromal",TRUE,0.0433098260655309
"77128","Stromal","Stromal",TRUE,0.0496101169188854
"78051","Macrophages_2","Macrophages_2",TRUE,0.0515899388648661
"91829","B_Cells","B_Cells",TRUE,0.0446329322018257
"94080","Macrophages_1","Macrophages_1",TRUE,0.0774554154197128
"92791","Macrophages_2","Macrophages_2",TRUE,0.0868176205294414
"75677","CD4+_T_Cells","CD4+_T_Cells",TRUE,0.0439959651032475
"91223","Stromal","Stromal",TRUE,0.0560357025997208
"93117","CD8+_T_Cells","CD8+_T_Cells",TRUE,0.050132656908021
"102952","Macrophages_1","Stromal",FALSE,0.113915451578642
"77144","Stromal","Stromal",TRUE,0.051865201762248
"91682","Perivascular-Like","Perivascular-Like",TRUE,0.0137760525428719
"91906","Stromal","Stromal",TRUE,0
"77004","Stromal","Stromal",TRUE,0.053482571851271
"91727","Stromal","Stromal",TRUE,0.0376685249195792
"95269","Stromal","Stromal",TRUE,0.00891121071238321
"77506","Endothelial","Endothelial",TRUE,0
"77055","Stromal","Stromal",TRUE,0.0489606397132581
"77080","B_Cells","B_Cells",TRUE,0.0445002973702832
"73683","Invasive_Tumor","Invasive_Tumor",TRUE,0
"77097","Stromal","Stromal",TRUE,0.0540308007873195
"75639","CD8+_T_Cells","CD8+_T_Cells",TRUE,0.00379580589994016
"73655","Prolif_Invasive_Tumor","Prolif_Invasive_Tumor",TRUE,0.0200403221455384
"77003","Stromal","Stromal",TRUE,0.0683162544960285
"91668","Perivascular-Like","Perivascular-Like",TRUE,0.0325817309823538
"75649","B_Cells","B_Cells",TRUE,0.000823307992269151
"74113","Invasive_Tumor","Invasive_Tumor",TRUE,0
"93119","CD8+_T_Cells","CD8+_T_Cells",TRUE,0.0250935170826813
"91410","Stromal","Stromal",TRUE,0.0332783911867718
"74121","Stromal","Stromal",TRUE,0.0343099084829501
"77051","CD4+_T_Cells","CD4+_T_Cells",TRUE,0.0553944805343574
"75684","CD8+_T_Cells","CD8+_T_Cells",TRUE,0.0405664287296555
"77357","Macrophages_1","Macrophages_1",TRUE,0.0613121478208168
"77923","Stromal","Stromal",TRUE,0.0628414747141161
"6331","Stromal","Stromal",TRUE,0.0238169510410821
"95840","CD4+_T_Cells","CD4+_T_Cells",TRUE,0.0584294737792299
"77921","CD4+_T_Cells","CD4+_T_Cells",TRUE,0.0581983217466265
"93683","Macrophages_1","Macrophages_1",TRUE,0.0922578259712039
"91977","Stromal","Stromal",TRUE,0
"91893","Stromal","Stromal",TRUE,0.124750753699178
"91685","Perivascular-Like","Perivascular-Like",TRUE,0.00925956419446952
"93410","Stromal","Stromal",TRUE,0
"91222","Macrophages_1","Macrophages_1",TRUE,0.00325510232773973
"77928","Perivascular-Like","Perivascular-Like",TRUE,0.0317850340000954
"73662","Invasive_Tumor","Invasive_Tumor",TRUE,0.0038429498742299
"105467","Stromal","Stromal",TRUE,0.0335819512833235
"91689","Macrophages_1","Macrophages_1",TRUE,0.22520526516158
"91905","Stromal","Stromal",TRUE,0.0805275445519121
"105483","Stromal","Stromal",TRUE,0.131006473169458
"77149","CD4+_T_Cells","CD4+_T_Cells",TRUE,0.0557424949321207
"95847","CD4+_T_Cells","CD4+_T_Cells",TRUE,0.0499775460509558
"91819","Stromal","Stromal",TRUE,0.0317316107675505
"92025","Stromal","Stromal",TRUE,0
"95860","Macrophages_1","Macrophages_1",TRUE,0.0601350741483239
"77006","Stromal","Stromal",TRUE,0.0206310647951694
"105492","Stromal","Stromal",TRUE,0
"75659","Macrophages_1","Macrophages_1",TRUE,0.000962444665054019
"105468","Stromal","Stromal",TRUE,0.0298419704977312
"73651","Invasive_Tumor","Invasive_Tumor",TRUE,0
"7477","Stromal","Stromal",TRUE,0.0761230449203199
"73653","Invasive_Tumor","Invasive_Tumor",TRUE,0
"94075","CD8+_T_Cells","Stromal",FALSE,0.0652800318294077
"93636","Endothelial","Endothelial",TRUE,0.102589104796591
"93416","Stromal","Stromal",TRUE,0
"77367","B_Cells","B_Cells",TRUE,0.0413438862713892
"95214","Macrophages_1","Macrophages_1",TRUE,0.0492155592014112
"91823","Stromal","Stromal",TRUE,0.0190106338304199
"91224","Stromal","Stromal",TRUE,0
"95264","B_Cells","B_Cells",TRUE,0.0924176568493564
"103024","Stromal","Stromal",TRUE,0.0593330979916704
"92024","Stromal","Stromal",TRUE,0
"91975","Stromal","Stromal",TRUE,0
"75664","Macrophages_1","Macrophages_1",TRUE,0.0704449772791691
"77929","Endothelial","Endothelial",TRUE,0.0584313071484325
"91218","Stromal","Stromal",TRUE,0.741947891876256
"91828","Stromal","Stromal",TRUE,0.0338372876949931
"93686","CD8+_T_Cells","CD8+_T_Cells",TRUE,0.0699676974385429
"93150","CD4+_T_Cells","CD4+_T_Cells",TRUE,0.0124377358372988
"6094","Prolif_Invasive_Tumor","Prolif_Invasive_Tumor",TRUE,0.00859082841492458
"95853","CD8+_T_Cells","CD8+_T_Cells",TRUE,0.0519643538260483
"74112","Invasive_Tumor","Invasive_Tumor",TRUE,0.000538058650403583
"102949","Stromal","Stromal",TRUE,0.0205387583455823
"75686","Macrophages_1","Macrophages_1",TRUE,0.035897229633445
"77509","Endothelial","Endothelial",TRUE,0
"77153","CD8+_T_Cells","Stromal",FALSE,0.0509488646922678
"102950","Stromal","Stromal",TRUE,0.0508885426072486
"75629","Macrophages_1","Stromal",FALSE,0.0567822458479472
"77061","Macrophages_1","LAMP3+_DCs",FALSE,1.32765951746036
"77131","Stromal","Stromal",TRUE,0
"77001","Macrophages_1","Macrophages_1",TRUE,0.0630109044048647
"74115","Invasive_Tumor","Invasive_Tumor",TRUE,0.00936630896573078
"77071","Mast_Cells","Mast_Cells",TRUE,0.0160844084679795
"73684","Invasive_Tumor","Invasive_Tumor",TRUE,0
"95296","Macrophages_1","Macrophages_1",TRUE,0.0669958879723086
"75620","B_Cells","B_Cells",TRUE,0.534044778895834
"95858","Stromal","Stromal",TRUE,0.0438435166883706
"77360","Stromal","Stromal",TRUE,0
"73646","Stromal","Stromal",TRUE,0.0386092439354835
"94078","Stromal","Stromal",TRUE,0
"95867","Stromal","Stromal",TRUE,0
"95224","CD8+_T_Cells","Stromal",FALSE,0.0709433931854551
"93758","Stromal","Stromal",TRUE,0.0422597174130476
"77519","Perivascular-Like","Perivascular-Like",TRUE,0.0320824041781215
"91728","Stromal","Stromal",TRUE,0.0965786482420705
"77109","CD8+_T_Cells","CD8+_T_Cells",TRUE,0.00249791700200874
"73323","Mast_Cells","Mast_Cells",TRUE,0.116670797898228
"91221","Macrophages_1","Macrophages_1",TRUE,0.0116007705774908
"77919","B_Cells","B_Cells",TRUE,0.0201965332183632
"95864","Stromal","Stromal",TRUE,0.0638729060791132
"103012","Perivascular-Like","Endothelial",FALSE,1.13742210499809
"95238","Stromal","Stromal",TRUE,0.0414184078966758
"93662","Stromal","Stromal",TRUE,0.0610734074600547
"6092","Invasive_Tumor","Invasive_Tumor",TRUE,0.0162056068058923
"73671","Invasive_Tumor","Invasive_Tumor",TRUE,0
"93429","Stromal","Stromal",TRUE,0.103731246546128
"76790","Stromal","Stromal",TRUE,0
"75644","Perivascular-Like","Perivascular-Like",TRUE,0.0312876314341661
"95261","Stromal","Stromal",TRUE,0.0679752441808393
"77924","Perivascular-Like","Perivascular-Like",TRUE,0
"92036","Stromal","Stromal",TRUE,0.0193051351232635
"76816","Stromal","Stromal",TRUE,0.0333548342863031
"95243","Stromal","Stromal",TRUE,0
"73785","CD4+_T_Cells","CD4+_T_Cells",TRUE,0.0605405012419255
"77179","Stromal","Stromal",TRUE,0
"91667","Macrophages_1","Macrophages_1",TRUE,0.0653497011468733
"91895","Stromal","Stromal",TRUE,0
"76786","Stromal","Stromal",TRUE,0.050195954218013
"6247","Macrophages_2","B_Cells",FALSE,0.060372410065943
"95852","Stromal","Stromal",TRUE,0.064058205705557
"77184","Stromal","Stromal",TRUE,0.049818796252506
"105486","Stromal","Stromal",TRUE,0
"77052","Macrophages_1","Macrophages_1",TRUE,0.0377360656712987
"93664","Stromal","Stromal",TRUE,0.0521722225729706
"105493","Stromal","Stromal",TRUE,0.0484141959789183
"77532","Stromal","Stromal",TRUE,0.0443110690870545
"74111","Invasive_Tumor","Invasive_Tumor",TRUE,0
"73663","Invasive_Tumor","Invasive_Tumor",TRUE,0.0116342733016231
"77918","Macrophages_2","Macrophages_2",TRUE,0.0684206542907588
"93637","Stromal","Stromal",TRUE,0.0401818384963625
"95865","Stromal","Stromal",TRUE,0.0480792313438023
"76807","Stromal","Stromal",TRUE,0.025755240481873
"73665","Stromal","Stromal",TRUE,0.0402790323658887
"74192","CD8+_T_Cells","CD8+_T_Cells",TRUE,0.0502176775685465
"94079","Macrophages_1","Macrophages_1",TRUE,0.0572065765567906
"95891","CD8+_T_Cells","CD8+_T_Cells",TRUE,0.0633652856920697
"92023","Stromal","Stromal",TRUE,0.064418294638956
"73782","Stromal","Stromal",TRUE,0.0290398720473832
"91217","Stromal","Stromal",TRUE,0.0678492267265463
"73318","Stromal","Stromal",TRUE,0.0480077261559997
"93120","CD4+_T_Cells","CD4+_T_Cells",TRUE,0.00526876827593799
"6091","Invasive_Tumor","Invasive_Tumor",TRUE,0.0276636386209076
"102957","Stromal","Stromal",TRUE,0.0232798500804032
"77176","CD8+_T_Cells","Stromal",FALSE,0.0507380998083846
"93778","Stromal","Stromal",TRUE,0.0380051818959655
"92029","Stromal","Stromal",TRUE,0.0405515720654083
"76839","Stromal","Stromal",TRUE,0.031245780301277
"6095","Invasive_Tumor","Invasive_Tumor",TRUE,0.0057587602497605
"6246","B_Cells","B_Cells",TRUE,0.0603627901501197
"91818","B_Cells","B_Cells",TRUE,0.0725272790345539
"76766","Endothelial","Endothelial",TRUE,0.864171816562519
"94087","Stromal","Stromal",TRUE,0
"92793","Mast_Cells","Mast_Cells",TRUE,0.0118076725926362
"93424","Stromal","Stromal",TRUE,0.173646290695067
"77240","Perivascular-Like","Perivascular-Like",TRUE,0.0278652841714067
"92438","Stromal","Stromal",TRUE,0
"77372","B_Cells","B_Cells",TRUE,0.0823181232587717
"95868","Macrophages_1","Macrophages_1",TRUE,0.0581090636153226
"91976","Stromal","Stromal",TRUE,0.0295503592408781
"73687","DCIS 2","DCIS 2",TRUE,0.123858053811638
"95306","CD4+_T_Cells","CD4+_T_Cells",TRUE,0.0494333777710345
"95271","Stromal","Stromal",TRUE,0.050167954840149
"7666","Stromal","Stromal",TRUE,0
"92428","Stromal","Stromal",TRUE,0.0663519326914231
"77007","Stromal","Stromal",TRUE,0.0152808312875945
"92033","B_Cells","B_Cells",TRUE,0.0711378823386686
"76811","Stromal","Stromal",TRUE,0.00419709704512075
"77922","Perivascular-Like","Perivascular-Like",TRUE,0.0532021628801559
"74102","Invasive_Tumor","Invasive_Tumor",TRUE,0.0457704882467132
"77917","CD8+_T_Cells","CD8+_T_Cells",TRUE,0.0480623981122698
"95869","Stromal","Stromal",TRUE,0.0530437030549216
"73648","Prolif_Invasive_Tumor","Prolif_Invasive_Tumor",TRUE,0.0141783147623251
"95276","Stromal","Stromal",TRUE,0
"91892","Stromal","Stromal",TRUE,0.0512896017694527
"76776","Stromal","Stromal",TRUE,0.0253322030516313
"76854","Macrophages_2","Macrophages_2",TRUE,0.0907358942650993
"91671","Stromal","Stromal",TRUE,0.0515024844073594
"73774","Stromal","Stromal",TRUE,0
"94077","B_Cells","B_Cells",TRUE,0.0520502255491765
"77920","Stromal","Stromal",TRUE,0.0266589147518874
"95859","Macrophages_1","Macrophages_1",TRUE,0.0706121564672754
"73321","CD8+_T_Cells","CD8+_T_Cells",TRUE,0.0134011197879013
"73656","Prolif_Invasive_Tumor","Prolif_Invasive_Tumor",TRUE,0.200251259932441
"77175","CD4+_T_Cells","CD4+_T_Cells",TRUE,0.0517354816956723
"77121","B_Cells","B_Cells",TRUE,0.066181790729265
"93638","Stromal","Stromal",TRUE,0
"105294","Stromal","Stromal",TRUE,0.158159070802758
"95245","Stromal","Stromal",TRUE,0.0625635077436089
"77062","Stromal","Stromal",TRUE,0.0673794871609306
"74202","Endothelial","Endothelial",TRUE,0
"91721","Stromal","Stromal",TRUE,0.0728979989805809
"75648","Stromal","Stromal",TRUE,0.0694969933867687
"91901","Macrophages_2","Macrophages_2",TRUE,0.105252172186983
"77002","CD4+_T_Cells","CD4+_T_Cells",TRUE,0.00757009014497011
"95854","Stromal","Stromal",TRUE,0.042820946819456
"77124","Stromal","Stromal",TRUE,0.0483083954857372
"77930","Stromal","Stromal",TRUE,0.0428025907450125
"76783","Stromal","Stromal",TRUE,0.0454809155410908
"92417","Invasive_Tumor","Invasive_Tumor",TRUE,0.0162490293244285
"77161","Stromal","Stromal",TRUE,0.0499404381882459
"94088","Stromal","Stromal",TRUE,0.0596757984100063
"105469","Stromal","Stromal",TRUE,0.0279490564328222
"95863","B_Cells","B_Cells",TRUE,0.0619096482127057
"94081","Stromal","Stromal",TRUE,0.0712513980406907
"73316","Stromal","Stromal",TRUE,0.0279925100353214
"91219","Macrophages_1","Macrophages_1",TRUE,0.0294114247228937
"77183","IRF7+_DCs","IRF7+_DCs",TRUE,0.0363527799467972
"77015","CD8+_T_Cells","CD8+_T_Cells",TRUE,0.00278368968850728
"77935","Endothelial","Endothelial",TRUE,0
"95241","Stromal","Stromal",TRUE,0
"102958","Endothelial","Endothelial",TRUE,0.00754054694460998
"92799","Stromal","Stromal",TRUE,0.0962853895782964
"102954","B_Cells","Stromal",FALSE,0.325023752292223
"91213","Stromal","Stromal",TRUE,0.0466465225852521
"105472","Stromal","Stromal",TRUE,0
"91235","Stromal","Stromal",TRUE,0.084407225627745
"75667","CD4+_T_Cells","CD4+_T_Cells",TRUE,0.00694951859882625
"77143","Stromal","Stromal",TRUE,0
"75683","Macrophages_1","Macrophages_1",TRUE,0.025864315033243
"73666","Invasive_Tumor","Invasive_Tumor",TRUE,0
"91230","Stromal","Stromal",TRUE,0.0297773603448909
"77127","Stromal","Stromal",TRUE,0
"73313","Invasive_Tumor","Invasive_Tumor",TRUE,0.00955251338662037
"92022","Stromal","Stromal",TRUE,0.0709949323257589
"77914","Stromal","Stromal",TRUE,0
"75655","Stromal","Stromal",TRUE,0.0510351043437962
"73640","Endothelial","Endothelial",TRUE,0.0910754518669699
"77054","B_Cells","B_Cells",TRUE,0.04277727283767
"91381","Stromal","Stromal",TRUE,0.0464397987762261
"102994","Stromal","Stromal",TRUE,0
"74107","Invasive_Tumor","Invasive_Tumor",TRUE,0.0240565326138208
"75682","Macrophages_1","Macrophages_1",TRUE,0.00724815831268383
"77232","Perivascular-Like","Perivascular-Like",TRUE,0.0281948794095573
"76771","Endothelial","Endothelial",TRUE,0.00471686145374872
"93780","Stromal","Stromal",TRUE,0.0367510195869973
"91821","Macrophages_2","Macrophages_2",TRUE,0.161471562689933
"92032","B_Cells","B_Cells",TRUE,0
"6093","Invasive_Tumor","Invasive_Tumor",TRUE,0
"93130","CD4+_T_Cells","CD4+_T_Cells",TRUE,0
"77133","Stromal","Stromal",TRUE,0.0613531072278429
"93666","Stromal","Stromal",TRUE,0.0246883737181578
"74210","CD4+_T_Cells","CD4+_T_Cells",TRUE,0.0238662158280877
"77916","Stromal","Stromal",TRUE,0.0730726474911747
"102953","Stromal","Stromal",TRUE,0.0595764351398972
"77915","Perivascular-Like","Perivascular-Like",TRUE,0
"75681","CD4+_T_Cells","CD4+_T_Cells",TRUE,0.0151112818618751
"73773","B_Cells","B_Cells",TRUE,0.0073827630670471
"77913","Macrophages_2","Macrophages_2",TRUE,0.219871737693951
"93432","Stromal","Stromal",TRUE,0.0445836601009378
"6088","Prolif_Invasive_Tumor","Prolif_Invasive_Tumor",TRUE,0.0593969771830805
"77010","CD4+_T_Cells","CD4+_T_Cells",TRUE,0.0127718738824116
"77111","Stromal","Stromal",TRUE,0.0415433862047253
"77242","Stromal","Stromal",TRUE,0.0260959763293585
"91214","Stromal","Stromal",TRUE,0.034755340870424
"76804","CD8+_T_Cells","CD8+_T_Cells",TRUE,0.0516994919692307
"77235","CD4+_T_Cells","CD4+_T_Cells",TRUE,0.050514664155882
"77141","Stromal","Stromal",TRUE,0.0400714278613787
"94086","Stromal","Stromal",TRUE,0.03303175896678
"77185","CD8+_T_Cells","CD8+_T_Cells",TRUE,0.0479421061112215
"73675","Invasive_Tumor","Invasive_Tumor",TRUE,0
"91216","Stromal","Stromal",TRUE,0.0229235212709676
"73627","B_Cells","B_Cells",TRUE,0.048841318174298
"91885","Stromal","Stromal",TRUE,0.0829122964484891
"77173","CD4+_T_Cells","CD4+_T_Cells",TRUE,0.0534686762824645
"95244","Stromal","Stromal",TRUE,0.0430006261355569
"95230","Stromal","Stromal",TRUE,0.0502720400897462
"95876","Stromal","Stromal",TRUE,0.00800804725168663
"77912","CD8+_T_Cells","Stromal",FALSE,0.0910061061728964
"77063","CD4+_T_Cells","CD4+_T_Cells",TRUE,0.0335761517832242
"95275","CD8+_T_Cells","CD8+_T_Cells",TRUE,0.0206825520206807
"77000","B_Cells","B_Cells",TRUE,0.0336130536481628
"77016","Macrophages_1","Macrophages_1",TRUE,0.0011897522063692
"73645","Invasive_Tumor","Invasive_Tumor",TRUE,0
"93121","CD4+_T_Cells","CD4+_T_Cells",TRUE,0.0391771910648718
"77008","Macrophages_2","Macrophages_2",TRUE,0.0853101132071992
"75647","Stromal","Stromal",TRUE,0.0501228285502116
"95270","Stromal","Stromal",TRUE,0.0259598197657286
"94090","Stromal","Stromal",TRUE,0.0264850447408461
"105482","Stromal","Stromal",TRUE,0
"95872","Stromal","Stromal",TRUE,0.0489638203040339
"73657","Invasive_Tumor","Invasive_Tumor",TRUE,0
"73669","Invasive_Tumor","Invasive_Tumor",TRUE,0
"76853","Stromal","Stromal",TRUE,0.0688935030948132
"95242","Stromal","Stromal",TRUE,0
"95861","Stromal","Stromal",TRUE,0.0739652879295036
"93663","Stromal","Stromal",TRUE,0
"74096","Invasive_Tumor","Invasive_Tumor",TRUE,0
"73317","B_Cells","B_Cells",TRUE,0.0629314728588517
"95870","Stromal","Stromal",TRUE,0.0363275548783018
"95262","Stromal","Stromal",TRUE,0.0219674817120128
"95875","Stromal","Stromal",TRUE,0.053699747485022
"77066","B_Cells","Stromal",FALSE,0.0740997607322952
"73679","Prolif_Invasive_Tumor","Invasive_Tumor",FALSE,1.05163676589796
"93426","Stromal","Stromal",TRUE,0.106924055885274
"95266","Macrophages_1","Macrophages_1",TRUE,0.0752038541240111
"73637","Perivascular-Like","Perivascular-Like",TRUE,0.0848152772952473
"92021","Stromal","Stromal",TRUE,0.0372544769478447
"92017","CD8+_T_Cells","Stromal",FALSE,0.051963057202622
"77910","Perivascular-Like","Perivascular-Like",TRUE,0.0433506462882997
"93431","Stromal","Stromal",TRUE,0.0196915511195488
"6341","Stromal","Stromal",TRUE,0.0135852629955175
"95273","Macrophages_1","Stromal",FALSE,0.0766188358787862
"94093","CD8+_T_Cells","CD8+_T_Cells",TRUE,0.0507388032911208
"77233","CD4+_T_Cells","CD4+_T_Cells",TRUE,0
"92035","Macrophages_1","Macrophages_1",TRUE,0.879735777309189
"75633","Endothelial","Endothelial",TRUE,0.011144267160087
"73311","Prolif_Invasive_Tumor","Prolif_Invasive_Tumor",TRUE,0
"77118","CD4+_T_Cells","CD4+_T_Cells",TRUE,0.072969462498675
"91208","Invasive_Tumor","Invasive_Tumor",TRUE,0.0327100086550181
"91220","B_Cells","B_Cells",TRUE,0.047082911724291
"74182","Macrophages_2","Stromal",FALSE,0.120032282954744
"75676","Stromal","Stromal",TRUE,0
"73626","Stromal","Stromal",TRUE,0.0692966486241329
"77932","Perivascular-Like","Perivascular-Like",TRUE,0
"77239","CD4+_T_Cells","CD4+_T_Cells",TRUE,0.049174118808287
"77178","Stromal","Stromal",TRUE,0
"74205","Endothelial","Endothelial",TRUE,0.0356339995711388
"73642","Prolif_Invasive_Tumor","Prolif_Invasive_Tumor",TRUE,0.0548954304797968
"92814","Stromal","Stromal",TRUE,0
"77911","Endothelial","Endothelial",TRUE,0
"77005","Stromal","Stromal",TRUE,0.0524477445817597
"76797","Macrophages_2","Macrophages_2",TRUE,0.0485647124382591
"95892","Macrophages_1","Macrophages_1",TRUE,0.0575394179223445
"92027","Macrophages_1","Macrophages_1",TRUE,0.0734609142228128
"93668","Stromal","Stromal",TRUE,0.0496040430366155
"92795","Stromal","Stromal",TRUE,0.2443671790404
"77231","Macrophages_1","Macrophages_1",TRUE,0.0379575473967322
"73777","Stromal","Stromal",TRUE,0.124935116430115
"91215","B_Cells","Stromal",FALSE,0.110289829463352
"77013","CD4+_T_Cells","CD4+_T_Cells",TRUE,0.0348176826996499
"73315","Perivascular-Like","Perivascular-Like",TRUE,0.0593117787717957
"105473","Stromal","Stromal",TRUE,0.0323059448091956
"77228","CD4+_T_Cells","CD4+_T_Cells",TRUE,0
"74118","Stromal","Stromal",TRUE,0.0184546891943738
"6090","Invasive_Tumor","Invasive_Tumor",TRUE,0.0477732927480161
"74109","Invasive_Tumor","Invasive_Tumor",TRUE,0.00619327900133698
"93667","Stromal","Stromal",TRUE,0.0463910912776295
"95866","CD4+_T_Cells","CD4+_T_Cells",TRUE,0.0451091226989713
"105490","Stromal","Stromal",TRUE,0.0766903975309454
"95893","Stromal","Stromal",TRUE,0.0571277319268563
"74209","CD4+_T_Cells","CD4+_T_Cells",TRUE,0.0694856312230652
"74295","Stromal","Stromal",TRUE,0.0901627231452395
"95246","Macrophages_1","Stromal",FALSE,0.070238489978993
"94082","CD4+_T_Cells","CD4+_T_Cells",TRUE,0.0579119075643624
"93421","Stromal","Stromal",TRUE,0
"91665","Macrophages_1","Stromal",FALSE,0.090999238503328
"74104","Invasive_Tumor","Invasive_Tumor",TRUE,0.000644341703417161
"77909","CD4+_T_Cells","CD4+_T_Cells",TRUE,0.0809902531543384
"73652","Invasive_Tumor","Invasive_Tumor",TRUE,0
"94083","Macrophages_1","Macrophages_1",TRUE,0.047732281620844
"76842","IRF7+_DCs","IRF7+_DCs",TRUE,0.0373055004585959
"77907","Perivascular-Like","Perivascular-Like",TRUE,0.0475056370408742
"92440","Stromal","Stromal",TRUE,0.0274767929538649
"6342","Stromal","Stromal",TRUE,0
"91897","Stromal","Stromal",TRUE,0.083270553923786
"95913","CD4+_T_Cells","CD4+_T_Cells",TRUE,0.0453721875303106
"6087","Invasive_Tumor","Invasive_Tumor",TRUE,0
"102956","Stromal","Stromal",TRUE,0
"91390","Invasive_Tumor","Invasive_Tumor",TRUE,0.152017265888147
"103011","Stromal","Stromal",TRUE,0.0363545113162264
"77172","Stromal","Stromal",TRUE,0.0287813868648
"95878","Endothelial","Perivascular-Like",FALSE,1.09365621515838
"77908","Perivascular-Like","Perivascular-Like",TRUE,0.0285509622700759
"105470","Stromal","Stromal",TRUE,0.127525272143942
"102960","Stromal","Stromal",TRUE,0.0307891585551082
"105476","Stromal","Stromal",TRUE,0
"6245","Stromal","Stromal",TRUE,0.0360918849527434
"95862","Stromal","Stromal",TRUE,0
"95298","B_Cells","B_Cells",TRUE,0.043507723800335
"77126","Macrophages_1","Macrophages_1",TRUE,0.0647172364634456
"74097","Invasive_Tumor","Invasive_Tumor",TRUE,0.822859833617864
"77027","Stromal","Stromal",TRUE,0.038154789597304
"95277","Macrophages_1","Stromal",FALSE,0.0646203841009104
"76820","Stromal","Stromal",TRUE,0
"91212","Macrophages_1","Macrophages_1",TRUE,0.0824123245952602
"95874","Macrophages_1","Macrophages_1",TRUE,0.0483211393032026
"94096","Stromal","Stromal",TRUE,0
"105478","Stromal","Stromal",TRUE,0
"95272","Stromal","Stromal",TRUE,0.0539035224392743
"93430","Stromal","Stromal",TRUE,0.0294122171143887
"92425","Prolif_Invasive_Tumor","Prolif_Invasive_Tumor",TRUE,0.0268424627992699
"77927","Endothelial","Endothelial",TRUE,0.0326542838998654
"77136","CD4+_T_Cells","CD4+_T_Cells",TRUE,0.0355811248076028
"95286","B_Cells","B_Cells",TRUE,0.0382860401365659
"91412","Invasive_Tumor","Invasive_Tumor",TRUE,0
"92435","Stromal","Stromal",TRUE,0.0184492357493617
"6089","Invasive_Tumor","Invasive_Tumor",TRUE,0
"77461","CD4+_T_Cells","Stromal",FALSE,0.053173042720026
"73632","CD4+_T_Cells","CD4+_T_Cells",TRUE,0.0684304648463041
"77457","Stromal","Stromal",TRUE,0
"93669","Macrophages_1","Macrophages_1",TRUE,0.0470893011651859
"92026","B_Cells","B_Cells",TRUE,0.00483290047030394
"73775","Stromal","Stromal",TRUE,0
"77065","Stromal","Stromal",TRUE,0.0454226525337074
"76823","Stromal","Stromal",TRUE,0.0364011449460802
"92806","Stromal","Stromal",TRUE,0
"92802","Stromal","Stromal",TRUE,0
"92415","Invasive_Tumor","Invasive_Tumor",TRUE,0.404025716796927
"76781","Macrophages_2","Macrophages_2",TRUE,0.0905802337383442
"95887","Stromal","Stromal",TRUE,0.0485147283882071
"75630","Macrophages_1","Macrophages_1",TRUE,0.0507100805043048
"77906","Macrophages_1","Macrophages_1",TRUE,0.0344210072658209
"93419","Stromal","Stromal",TRUE,0.0800052783376527
"75645","Macrophages_1","Macrophages_1",TRUE,0.0425450255781916
"93779","Stromal","Stromal",TRUE,0
"73661","Invasive_Tumor","Invasive_Tumor",TRUE,0
"77903","Perivascular-Like","Perivascular-Like",TRUE,0.50068717100201
"102961","CD4+_T_Cells","CD4+_T_Cells",TRUE,0.0603649013879048
"91686","Stromal","Stromal",TRUE,0.0531920383280624
"91900","Stromal","Stromal",TRUE,0.0489236695936688
"93782","Stromal","Stromal",TRUE,0.097925092584765
"77170","CD4+_T_Cells","CD4+_T_Cells",TRUE,0.048386802419964
"77237","CD4+_T_Cells","CD4+_T_Cells",TRUE,0.0732028854074471
"94089","Stromal","Stromal",TRUE,0.0434230739275279
"77905","Perivascular-Like","Perivascular-Like",TRUE,0.633154406384485
"94160","Stromal","Stromal",TRUE,0
"95871","CD4+_T_Cells","CD4+_T_Cells",TRUE,0.0528246936335668
"73619","Stromal","Stromal",TRUE,0
"6084","Invasive_Tumor","Invasive_Tumor",TRUE,0.0224921311706968
"95873","Stromal","Stromal",TRUE,0.172743853341092
"75673","Endothelial","Endothelial",TRUE,0.0624060112025103
"73654","Invasive_Tumor","Invasive_Tumor",TRUE,0.00754006500325819
"77224","CD4+_T_Cells","CD4+_T_Cells",TRUE,0.0963767303837462
"76799","B_Cells","B_Cells",TRUE,0.0386808144863882
"75672","Stromal","Stromal",TRUE,0.054224622473036
"74088","Invasive_Tumor","Invasive_Tumor",TRUE,0.00410068585907816
"77169","Stromal","Stromal",TRUE,0.0608665538340748
"74105","Invasive_Tumor","Invasive_Tumor",TRUE,0
"95889","Stromal","Stromal",TRUE,0.0507034906007555
"77132","CD8+_T_Cells","CD8+_T_Cells",TRUE,0.0551103499127416
"74212","CD4+_T_Cells","CD4+_T_Cells",TRUE,0.0488128573281503
"92015","Stromal","Stromal",TRUE,0
"95882","Stromal","Stromal",TRUE,0.0492755813265499
"95267","Stromal","Stromal",TRUE,0.0554248222027764
"94092","Stromal","Stromal",TRUE,0
"77012","Stromal","Stromal",TRUE,0.0533047458451018
"6244","CD4+_T_Cells","Stromal",FALSE,0.0479747814674141
"76791","Mast_Cells","Mast_Cells",TRUE,0.0326370577733115
"77019","Perivascular-Like","Perivascular-Like",TRUE,0.0518340031146038
"93665","Stromal","Stromal",TRUE,0.197382738603809
"102955","Stromal","Stromal",TRUE,0
"92014","Macrophages_2","Macrophages_2",TRUE,0.10494230382819
"94183","Stromal","Stromal",TRUE,0.0707875399097714
"92013","Stromal","Stromal",TRUE,0.0444099965513621
"105477","Stromal","Stromal",TRUE,0.0368343040989657
"91887","Stromal","Stromal",TRUE,0.0951055962899507
"93781","Stromal","Stromal",TRUE,0.0608596099431836
"77931","B_Cells","B_Cells",TRUE,0.000319249369491154
"77009","CD4+_T_Cells","CD4+_T_Cells",TRUE,0.0574359494476652
"91210","Macrophages_1","Macrophages_1",TRUE,0.693525315207077
"102962","Endothelial","Endothelial",TRUE,0.0932709459894381
"92427","Stromal","Stromal",TRUE,0.0555175775252527
"74213","CD4+_T_Cells","CD4+_T_Cells",TRUE,0.0110941638406383
"76847","Stromal","Stromal",TRUE,0.0612683408867217
"94084","B_Cells","B_Cells",TRUE,0.0476202891794553
"91207","Prolif_Invasive_Tumor","Prolif_Invasive_Tumor",TRUE,0.0402418715828732
"73309","Invasive_Tumor","Invasive_Tumor",TRUE,0
"73772","Stromal","Stromal",TRUE,0.0668610908548877
"92436","Stromal","Stromal",TRUE,0.0383467822603579
"74186","Stromal","Stromal",TRUE,0.0577960019234417
"77181","Stromal","Stromal",TRUE,0.034205207556908
"95274","Stromal","Stromal",TRUE,0
"73644","Prolif_Invasive_Tumor","Prolif_Invasive_Tumor",TRUE,0
"77236","Stromal","Stromal",TRUE,0
"94098","Stromal","Stromal",TRUE,0
"94100","Stromal","Stromal",TRUE,0
"77057","Perivascular-Like","Stromal",FALSE,0.0551854905813989
"94097","Stromal","Stromal",TRUE,0.035974494668862
"73314","Perivascular-Like","Perivascular-Like",TRUE,0.0204023831326628
"105186","Stromal","Stromal",TRUE,0
"91211","Stromal","Stromal",TRUE,0.00317562215039929
"92813","Stromal","Stromal",TRUE,0.0371861734151883
"92018","DCIS 1","DCIS 1",TRUE,0.0113442090164921
"74120","Stromal","Stromal",TRUE,0.0136039147801846
"105471","Macrophages_2","Macrophages_2",TRUE,0.136992578738173
"77465","CD4+_T_Cells","CD4+_T_Cells",TRUE,0.0568063380815895
"77900","Endothelial","Endothelial",TRUE,0
"77186","Stromal","Stromal",TRUE,0.0478050359434949
"74099","Invasive_Tumor","Invasive_Tumor",TRUE,0
"92844","Stromal","Stromal",TRUE,0
"77241","Macrophages_1","Macrophages_1",TRUE,0.0643423210357464
"77904","Endothelial","Endothelial",TRUE,0.00194864421542709
"95895","CD8+_T_Cells","CD8+_T_Cells",TRUE,0.0338504264254236
"77064","Macrophages_1","Macrophages_1",TRUE,0.0187577111800148
"77227","CD4+_T_Cells","CD4+_T_Cells",TRUE,0.0748375124254086
"95894","CD4+_T_Cells","CD4+_T_Cells",TRUE,0.0561526686745999
"73629","Stromal","Stromal",TRUE,0.039313585904372
"74090","Invasive_Tumor","Invasive_Tumor",TRUE,0.0136343847945611
"73647","Invasive_Tumor","Invasive_Tumor",TRUE,0
"75623","CD4+_T_Cells","CD4+_T_Cells",TRUE,0.0505125295249126
"91712","Invasive_Tumor","Invasive_Tumor",TRUE,0.00950172028757912
"92008","Macrophages_2","Macrophages_2",TRUE,0.715369418577489
"95885","CD8+_T_Cells","Stromal",FALSE,0.0723530434438344
"76856","Stromal","Stromal",TRUE,0.0443370355673504
"6343","Macrophages_1","Macrophages_1",TRUE,0.0754974003592124
"95877","Stromal","Stromal",TRUE,0
"91209","Perivascular-Like","Stromal",FALSE,2
"77036","Endothelial","Endothelial",TRUE,0.0227880347938195
"93670","Macrophages_1","Stromal",FALSE,0.0885643388182528
"75642","Macrophages_1","Macrophages_1",TRUE,0.0384399089232604
"76855","Stromal","Stromal",TRUE,0
"92419","Invasive_Tumor","Invasive_Tumor",TRUE,0.0878334493560219
"77026","Perivascular-Like","Perivascular-Like",TRUE,0.0465286476839833
"74211","CD8+_T_Cells","CD8+_T_Cells",TRUE,0.0444496235003194
"95915","Stromal","Stromal",TRUE,0.0717311727835582
"76827","B_Cells","B_Cells",TRUE,0.066528346260548
"95886","CD8+_T_Cells","CD8+_T_Cells",TRUE,0.0785640245100676
"77142","Stromal","Stromal",TRUE,0.0521882648945931
"77033","Endothelial","Endothelial",TRUE,0.0492383896469832
"77899","Endothelial","Endothelial",TRUE,0.0624224679047662
"92448","Stromal","Stromal",TRUE,0.0231724434756531
"6085","Invasive_Tumor","Invasive_Tumor",TRUE,0
"74124","Stromal","Stromal",TRUE,0.00868287365005709
"95300","Stromal","Stromal",TRUE,0.0388456257518188
"74108","Invasive_Tumor","Invasive_Tumor",TRUE,0.0229141532653017
"77902","Perivascular-Like","Perivascular-Like",TRUE,0.0340460210781455
"75632","Macrophages_1","Macrophages_1",TRUE,0.00465730467928049
"77901","Stromal","Stromal",TRUE,0
"102959","Stromal","Stromal",TRUE,0.0704664706627207
"95239","Stromal","Stromal",TRUE,0.0481717015266323
"95297","Macrophages_2","Macrophages_2",TRUE,0.0961769038356129
"94085","CD8+_T_Cells","CD8+_T_Cells",TRUE,0.0448169027001148
"77222","Stromal","Stromal",TRUE,0.0421271261322536
"77059","Macrophages_1","Macrophages_1",TRUE,0.0463850306699148
"74309","Macrophages_2","Macrophages_2",TRUE,0.0876348071131653
"74087","Invasive_Tumor","Invasive_Tumor",TRUE,0.0381930517092467
"77473","B_Cells","B_Cells",TRUE,0.059704220061616
"91399","Invasive_Tumor","Invasive_Tumor",TRUE,0
"74208","Macrophages_2","Macrophages_1",FALSE,1.52170429414198
"92020","Stromal","Stromal",TRUE,0.0334711726076111
"6083","Invasive_Tumor","Invasive_Tumor",TRUE,0
"77171","Stromal","Stromal",TRUE,0
"77462","CD4+_T_Cells","CD4+_T_Cells",TRUE,0
"77164","Stromal","Stromal",TRUE,0.027372797420583
"94095","Stromal","Stromal",TRUE,0.0569869311705724
"77925","Macrophages_1","Macrophages_1",TRUE,0.144644351028814
"74082","Invasive_Tumor","Invasive_Tumor",TRUE,0.00523769335566109
"92975","CD8+_T_Cells","CD8+_T_Cells",TRUE,0.0532841052331209
"94091","CD8+_T_Cells","CD8+_T_Cells",TRUE,0.0737134160473128
"94161","Stromal","Stromal",TRUE,0
"75669","CD4+_T_Cells","Stromal",FALSE,0.0522126165302927
"95881","Stromal","Stromal",TRUE,0.0652773599973814
"73660","Invasive_Tumor","Invasive_Tumor",TRUE,0
"92811","Stromal","Stromal",TRUE,0.115671630657111
"95279","Stromal","Stromal",TRUE,0.0554243571213249
"77936","CD4+_T_Cells","CD4+_T_Cells",TRUE,0.0622135305070379
"77014","Stromal","Stromal",TRUE,0.064646125510131
"76788","Stromal","Stromal",TRUE,0.0989704260194564
"91384","Invasive_Tumor","Invasive_Tumor",TRUE,0.0253713437670925
"92801","Stromal","Stromal",TRUE,0.0389565263924567
"74303","Stromal","Stromal",TRUE,0.0473263199699556
"76801","CD4+_T_Cells","CD4+_T_Cells",TRUE,0.0535668138439748
"74117","Stromal","Stromal",TRUE,0
"95301","CD4+_T_Cells","CD4+_T_Cells",TRUE,0.04990806424785
"91924","Stromal","Stromal",TRUE,0.0307098579780768
"76782","Endothelial","Endothelial",TRUE,0.0912407578835029
"105474","B_Cells","B_Cells",TRUE,0.0689780788595548
"75674","Perivascular-Like","Perivascular-Like",TRUE,0.0279302356442407
"92016","Stromal","Stromal",TRUE,0.178353438323178
"73628","Stromal","Stromal",TRUE,0.0322768295361984
"91392","Invasive_Tumor","Invasive_Tumor",TRUE,0.168756501185568
"6345","Stromal","Stromal",TRUE,0.0581897082820277
"6086","Invasive_Tumor","Invasive_Tumor",TRUE,0
"74094","Invasive_Tumor","Invasive_Tumor",TRUE,0.00528568063427071
"102963","Perivascular-Like","Perivascular-Like",TRUE,0.033343529644793
"91404","Invasive_Tumor","Invasive_Tumor",TRUE,0
"102964","CD8+_T_Cells","CD8+_T_Cells",TRUE,0.0628938216445725
"95283","Macrophages_1","Macrophages_1",TRUE,0.0608648677386281
"75625","CD4+_T_Cells","CD4+_T_Cells",TRUE,0
"93436","Stromal","Stromal",TRUE,0
"74101","Invasive_Tumor","Invasive_Tumor",TRUE,0
"6080","Invasive_Tumor","Invasive_Tumor",TRUE,0.130650004351039
"92437","Stromal","Stromal",TRUE,0.0489381883837763
"74301","Macrophages_2","Macrophages_2",TRUE,0.136973100163542
"76944","CD8+_T_Cells","CD8+_T_Cells",TRUE,0.0126450085932651
"91651","Perivascular-Like","Perivascular-Like",TRUE,0.466558526714206
"73356","Invasive_Tumor","Invasive_Tumor",TRUE,0.00562935739706617
"7668","Stromal","Stromal",TRUE,0.0347079546981587
"73616","Prolif_Invasive_Tumor","Prolif_Invasive_Tumor",TRUE,0.0574949002178088
"77050","Perivascular-Like","Perivascular-Like",TRUE,0.0376049434152613
"73633","Stromal","Stromal",TRUE,0.010918938041683
"77021","Perivascular-Like","Perivascular-Like",TRUE,0.0285502764198861
"95880","B_Cells","B_Cells",TRUE,0.0399735259934008
"93639","CD8+_T_Cells","Stromal",FALSE,0.0609689172668735
"77466","CD8+_T_Cells","CD8+_T_Cells",TRUE,0
"76824","B_Cells","B_Cells",TRUE,0.0435412581822284
"76810","Stromal","Stromal",TRUE,0
"77223","CD4+_T_Cells","CD4+_T_Cells",TRUE,0.0517016003444455
"73643","Prolif_Invasive_Tumor","Prolif_Invasive_Tumor",TRUE,0.0135558234350044
"105182","Stromal","Stromal",TRUE,0.0171905948014916
"75670","CD4+_T_Cells","CD4+_T_Cells",TRUE,0.055227248415072
"6242","Stromal","Stromal",TRUE,0
"91966","Macrophages_2","Macrophages_1",FALSE,2
"92019","Perivascular-Like","Perivascular-Like",TRUE,0.641661477503644
"91205","Prolif_Invasive_Tumor","Prolif_Invasive_Tumor",TRUE,0.0308278345031058
"77029","Perivascular-Like","Perivascular-Like",TRUE,0.0651139553136627
"77157","CD4+_T_Cells","CD4+_T_Cells",TRUE,0.0463717923081275
"92978","Macrophages_1","Macrophages_1",TRUE,0.079630950584527
"75678","CD4+_T_Cells","CD4+_T_Cells",TRUE,0.00106605362912998
"95281","Stromal","Stromal",TRUE,0
"77215","Macrophages_1","Macrophages_1",TRUE,0.0307492033603028
"77229","Macrophages_1","Macrophages_1",TRUE,0.0430604223388396
"6243","B_Cells","B_Cells",TRUE,0.059421775637237
"92420","Invasive_Tumor","Invasive_Tumor",TRUE,0
"74103","Prolif_Invasive_Tumor","Prolif_Invasive_Tumor",TRUE,0.0465412109753407
"75637","CD4+_T_Cells","Stromal",FALSE,0.0599999303173352
"77167","Endothelial","Endothelial",TRUE,0.518133854581134
"77897","Macrophages_1","Macrophages_1",TRUE,0.0590171140452959
"77896","CD8+_T_Cells","CD8+_T_Cells",TRUE,0.0608492836875335
"77011","CD4+_T_Cells","CD4+_T_Cells",TRUE,0.0346135512420143
"76795","IRF7+_DCs","IRF7+_DCs",TRUE,0.0472628064963752
"95896","B_Cells","B_Cells",TRUE,0.0459693936885886
"91660","Stromal","Stromal",TRUE,0.0351522308925764
"91411","Invasive_Tumor","Invasive_Tumor",TRUE,0.326383295754416
"77460","Stromal","Stromal",TRUE,0
"94102","Stromal","Stromal",TRUE,0.0494176457434195
"74123","Stromal","Stromal",TRUE,0
"77898","Perivascular-Like","Perivascular-Like",TRUE,0.0478195268488811
"92423","Prolif_Invasive_Tumor","Prolif_Invasive_Tumor",TRUE,0.0321092627910207
"92007","CD4+_T_Cells","CD4+_T_Cells",TRUE,0.841822748103314
"105247","Stromal","Stromal",TRUE,0
"77162","Endothelial","Endothelial",TRUE,0.0273326610028264
"92804","Stromal","Stromal",TRUE,0
"92011","B_Cells","B_Cells",TRUE,0.0897674400242916
"102966","CD8+_T_Cells","CD8+_T_Cells",TRUE,0.0682766463221182
"95916","Stromal","Stromal",TRUE,0.0486690606880452
"94101","CD4+_T_Cells","CD4+_T_Cells",TRUE,0.06615585594674
"93428","Stromal","Stromal",TRUE,0
"91884","Endothelial","Endothelial",TRUE,0.084947159483744
"95287","Stromal","Stromal",TRUE,0.0580537352377528
"76798","CD4+_T_Cells","CD4+_T_Cells",TRUE,0.0342355040060638
"77230","Stromal","Stromal",TRUE,0.0671096576629982
"74086","Invasive_Tumor","Invasive_Tumor",TRUE,0.0609398344797717
"95884","IRF7+_DCs","IRF7+_DCs",TRUE,0.0391386105208654
"73650","Invasive_Tumor","Invasive_Tumor",TRUE,0
"77452","Stromal","Stromal",TRUE,0.0618642895645189
"6344","Stromal","Stromal",TRUE,0
"92010","Stromal","Stromal",TRUE,0.0389672354501967
"74207","Endothelial","Endothelial",TRUE,0.0116575292551206
"91408","Invasive_Tumor","Invasive_Tumor",TRUE,0
"105301","Stromal","Stromal",TRUE,0.036681845783581
"94105","Endothelial","Endothelial",TRUE,0.0933087816255279
"77234","CD8+_T_Cells","CD8+_T_Cells",TRUE,0.0549845050633763
"92983","CD8+_T_Cells","CD8+_T_Cells",TRUE,0.0536544923575826
"77056","CD4+_T_Cells","Stromal",FALSE,0.042956219239987
"77895","Perivascular-Like","Perivascular-Like",TRUE,0.0274640990719406
"93671","Stromal","Stromal",TRUE,0.0475095275489393
"75627","CD4+_T_Cells","CD4+_T_Cells",TRUE,0.667899011333437
"105475","Stromal","Stromal",TRUE,0.0542253458559359
"91666","Invasive_Tumor","Invasive_Tumor",TRUE,0.000113001674997171
"74092","Prolif_Invasive_Tumor","Prolif_Invasive_Tumor",TRUE,0
"74114","Stromal","Stromal",TRUE,0.0334118471200208
"74098","Prolif_Invasive_Tumor","Prolif_Invasive_Tumor",TRUE,0
"77038","Endothelial","Endothelial",TRUE,0
"92800","Stromal","Stromal",TRUE,0.051138481648525
"7669","Stromal","Stromal",TRUE,0.0744465181558898
"95293","CD4+_T_Cells","CD4+_T_Cells",TRUE,0.059139148833651
"74188","CD8+_T_Cells","CD8+_T_Cells",TRUE,0.812963546143613
"95898","Stromal","Stromal",TRUE,0.047447366810321
"95909","B_Cells","Stromal",FALSE,0.0714106257682653
"76794","CD4+_T_Cells","Endothelial",FALSE,0.012973809599843
"77467","CD8+_T_Cells","CD8+_T_Cells",TRUE,0.0473979503605654
"91371","Invasive_Tumor","Invasive_Tumor",TRUE,0.0412254688071643
"93641","Stromal","Stromal",TRUE,0.0479186189448674
"105196","Stromal","Stromal",TRUE,0.0538164448499749
"95458","B_Cells","B_Cells",TRUE,0.0275218281327862
"93640","Macrophages_1","Macrophages_1",TRUE,0.049865059412393
"75660","Stromal","Stromal",TRUE,0.063458778054557
"76793","Endothelial","Endothelial",TRUE,0.0250565376932566
"92976","Macrophages_1","Macrophages_1",TRUE,0.0177884436255186
"91203","Macrophages_2","Macrophages_2",TRUE,0.0516606556373313
"77926","CD8+_T_Cells","CD8+_T_Cells",TRUE,0.0138886440445942
"6081","Invasive_Tumor","Invasive_Tumor",TRUE,0
"92981","CD8+_T_Cells","CD8+_T_Cells",TRUE,0.0643621492773194
"95430","CD4+_T_Cells","CD4+_T_Cells",TRUE,0.0755596707931591
"92839","Stromal","Stromal",TRUE,0
"91889","Stromal","Stromal",TRUE,0.0389851246832474
"76796","Stromal","Stromal",TRUE,0
"77031","Perivascular-Like","Perivascular-Like",TRUE,0.0162443308795865
"95888","CD8+_T_Cells","CD8+_T_Cells",TRUE,0.0466631843008251
"94162","Stromal","Stromal",TRUE,0.0358864323920052
"95307","Macrophages_1","Macrophages_1",TRUE,0.039497153011861
"73353","Invasive_Tumor","Invasive_Tumor",TRUE,0.135814196062149
"77037","Perivascular-Like","Perivascular-Like",TRUE,0.0533817701610281
"77893","B_Cells","B_Cells",TRUE,0.0424755869422015
"95278","Stromal","Stromal",TRUE,0.0637253331627193
"6078","Invasive_Tumor","Invasive_Tumor",TRUE,0
"91198","Invasive_Tumor","Invasive_Tumor",TRUE,0.0127662404492441
"91647","Endothelial","Endothelial",TRUE,0.0263210800933376
"95897","Stromal","Stromal",TRUE,0
"95903","Stromal","Stromal",TRUE,0
"77894","Perivascular-Like","Perivascular-Like",TRUE,0.0182880087103544
"76826","CD8+_T_Cells","CD8+_T_Cells",TRUE,0.0441024129382943
"94104","CD4+_T_Cells","CD4+_T_Cells",TRUE,0.0512259039942644
"73613","Prolif_Invasive_Tumor","Prolif_Invasive_Tumor",TRUE,0.0198664968303052
"77219","CD8+_T_Cells","CD8+_T_Cells",TRUE,0.0410639857736168
"74310","Macrophages_1","Macrophages_1",TRUE,0.0866912899497236
"95292","Stromal","Stromal",TRUE,0.0272860468232483
"77226","Stromal","Stromal",TRUE,0.04137935569134
"77248","Stromal","Stromal",TRUE,0.0360036806304349
"94103","CD4+_T_Cells","CD4+_T_Cells",TRUE,0.0389374799508221
"102965","B_Cells","B_Cells",TRUE,0.0338860760880124
"105479","Macrophages_2","Stromal",FALSE,0.126195116968114
"94163","Stromal","Stromal",TRUE,0.100156596806054
"92005","CD4+_T_Cells","CD4+_T_Cells",TRUE,0.14724093608599
"95280","Stromal","Stromal",TRUE,0.0417142627293113
"95454","Stromal","Stromal",TRUE,0.957917709575006
"92818","Stromal","Stromal",TRUE,0
"77018","CD8+_T_Cells","Stromal",FALSE,0.0691745098763703
"95449","CD8+_T_Cells","CD8+_T_Cells",TRUE,0.00706268315564662
"74298","Stromal","Stromal",TRUE,0.0139730500452653
"91231","Stromal","Stromal",TRUE,0.0342803881170044
"102995","Stromal","Stromal",TRUE,0
"75671","Macrophages_1","Macrophages_1",TRUE,0.0385625272292558
"6346","Stromal","Stromal",TRUE,0.0185197654716223
"6079","Invasive_Tumor","Invasive_Tumor",TRUE,0.0869213265162181
"92980","CD4+_T_Cells","CD4+_T_Cells",TRUE,0.0457248351285281
"94164","Macrophages_1","Macrophages_1",TRUE,0.0721995197837013
"95901","Stromal","Stromal",TRUE,0
"95890","CD8+_T_Cells","CD8+_T_Cells",TRUE,0.947882953105451
"73631","Endothelial","Endothelial",TRUE,0.0212900593682391
"77023","CD4+_T_Cells","CD4+_T_Cells",TRUE,0.0553887456430184
"77474","Stromal","Stromal",TRUE,0.0493840603930686
"76838","B_Cells","B_Cells",TRUE,0.0531230864456883
"77213","Stromal","Stromal",TRUE,0.0348068006194428
"91406","Invasive_Tumor","Invasive_Tumor",TRUE,0
"76924","B_Cells","B_Cells",TRUE,0.0495401581963943
"91391","Invasive_Tumor","Invasive_Tumor",TRUE,0
"75636","Stromal","Stromal",TRUE,0.0391052349113058
"77177","Endothelial","Endothelial",TRUE,0.0117668777637284
"6082","Invasive_Tumor","Invasive_Tumor",TRUE,0
"74296","Stromal","Stromal",TRUE,0
"105494","Stromal","Stromal",TRUE,0.0319029450429298
"94107","Stromal","Stromal",TRUE,0.0586123011061683
"77464","CD4+_T_Cells","CD4+_T_Cells",TRUE,0.0498684847149783
"77182","Endothelial","Endothelial",TRUE,0
"95452","Perivascular-Like","Perivascular-Like",TRUE,0.0820275206610556
"77742","Stromal","Stromal",TRUE,0.0408987702625297
"105188","Macrophages_1","Macrophages_1",TRUE,0.0171578489921537
"92987","Macrophages_1","Macrophages_1",TRUE,0.0788238459202956
"95904","Stromal","Stromal",TRUE,0.0643737414567341
"95911","LAMP3+_DCs","LAMP3+_DCs",TRUE,0.787508398852237
"77218","CD8+_T_Cells","CD8+_T_Cells",TRUE,0.00605330722953334
"77247","Macrophages_2","Macrophages_2",TRUE,0.0860882677960181
"6241","Stromal","Stromal",TRUE,0.0489552074100233
"77892","Endothelial","Endothelial",TRUE,0.0111724729440013
"102969","Stromal","Stromal",TRUE,0.0372586019879115
"93642","Stromal","Stromal",TRUE,0.0312225757335302
"74286","Stromal","Stromal",TRUE,0
"91937","Endothelial","Endothelial",TRUE,0.0811881597503749
"92841","Stromal","Stromal",TRUE,0
"76806","Stromal","Stromal",TRUE,0.0688751379856823
"91708","Invasive_Tumor","Invasive_Tumor",TRUE,0.0934283898884332
"105193","Stromal","Stromal",TRUE,0.0677624503633082
"95902","Stromal","Stromal",TRUE,0.0411439909974842
"76822","B_Cells","B_Cells",TRUE,0.0265050229144796
"74122","Stromal","Stromal",TRUE,0
"74196","Stromal","Stromal",TRUE,0.0547382626890945
"77045","Perivascular-Like","Perivascular-Like",TRUE,0.0314533318913746
"74294","Stromal","Stromal",TRUE,0.0355765524040054
"92006","Stromal","Stromal",TRUE,0.0254261873984195
"92989","Stromal","Stromal",TRUE,0.0519464541797808
"93435","Stromal","Stromal",TRUE,0.0378765620831948
"73310","Endothelial","Endothelial",TRUE,0.013529684422145
"73442","Perivascular-Like","Perivascular-Like",TRUE,0.0278397139646155
"73608","Invasive_Tumor","Invasive_Tumor",TRUE,0.00639095896890395
"95446","Stromal","Stromal",TRUE,0.0638467747755355
"91716","Prolif_Invasive_Tumor","Prolif_Invasive_Tumor",TRUE,0.00887894008352585
"77032","Perivascular-Like","Perivascular-Like",TRUE,0.0414341992690844
"91711","Invasive_Tumor","Invasive_Tumor",TRUE,0
"92982","Stromal","Stromal",TRUE,0.299290763586765
"94106","CD4+_T_Cells","CD4+_T_Cells",TRUE,0.0486395215719133
"77933","CD4+_T_Cells","CD4+_T_Cells",TRUE,0.0770484120830743
"91661","Prolif_Invasive_Tumor","Prolif_Invasive_Tumor",TRUE,0.000518508939944151
"74100","Prolif_Invasive_Tumor","Prolif_Invasive_Tumor",TRUE,0.0467184427351069
"74119","Stromal","Stromal",TRUE,0.0282412333128226
"77030","Macrophages_2","Macrophages_2",TRUE,0
"73606","Invasive_Tumor","Invasive_Tumor",TRUE,0.0102779587949907
"73355","Stromal","Stromal",TRUE,0.0391525508922125
"102967","Stromal","Stromal",TRUE,0
"92974","Stromal","Stromal",TRUE,0.424771737905321
"95285","Stromal","Stromal",TRUE,0
"77047","Stromal","Stromal",TRUE,0
"92483","Stromal","Stromal",TRUE,0.0625461493510736
"91646","Endothelial","Endothelial",TRUE,0.0101387421942626
"92012","Stromal","Stromal",TRUE,0.065160849678542
"92840","Stromal","Stromal",TRUE,0.0798402420496488
"76911","CD4+_T_Cells","CD4+_T_Cells",TRUE,0.045662409161991
"75621","CD8+_T_Cells","CD8+_T_Cells",TRUE,0.0106770987445183
"91202","CD4+_T_Cells","CD4+_T_Cells",TRUE,0.104363634283584
"93643","Perivascular-Like","Perivascular-Like",TRUE,0.0131970341637822
"92416","Invasive_Tumor","Invasive_Tumor",TRUE,0
"6240","CD4+_T_Cells","CD4+_T_Cells",TRUE,0.0309543592962841
"73614","Invasive_Tumor","Invasive_Tumor",TRUE,0
"77890","CD8+_T_Cells","CD8+_T_Cells",TRUE,0.0548845618214351
"74085","Invasive_Tumor","Invasive_Tumor",TRUE,0
"77889","CD4+_T_Cells","CD4+_T_Cells",TRUE,0.0640388593001762
"77456","Stromal","Stromal",TRUE,0.0472877089071426
"94099","CD8+_T_Cells","CD8+_T_Cells",TRUE,0.0102659259164246
"74183","Stromal","Stromal",TRUE,0.036920417748969
"91201","Endothelial","Endothelial",TRUE,0.0389417991254734
"73649","Invasive_Tumor","Invasive_Tumor",TRUE,0
"73624","Prolif_Invasive_Tumor","Prolif_Invasive_Tumor",TRUE,0
"77891","B_Cells","B_Cells",TRUE,0.0511316292325095
"102971","CD4+_T_Cells","CD4+_T_Cells",TRUE,0.065505769410808
"95379","B_Cells","B_Cells",TRUE,0.0537493806621155
"91890","Stromal","Stromal",TRUE,0.0432181628011559
"77888","Macrophages_1","Macrophages_1",TRUE,0.00567373202710057
"102972","Stromal","Stromal",TRUE,0
"92977","Macrophages_1","Macrophages_1",TRUE,0.0662150450016227
"92821","Stromal","Stromal",TRUE,0
"77205","Stromal","Stromal",TRUE,0.162156419141616
"77471","Stromal","Stromal",TRUE,0
"95431","CD8+_T_Cells","CD8+_T_Cells",TRUE,0.359034196778147
"74079","Invasive_Tumor","Invasive_Tumor",TRUE,0.0550401059666678
"91974","Stromal","Stromal",TRUE,0
"76817","Endothelial","Endothelial",TRUE,0.0766578305983662
"94165","Stromal","Stromal",TRUE,0.0688517983418654
"95912","B_Cells","B_Cells",TRUE,0.0659325270582078
"77217","CD4+_T_Cells","CD4+_T_Cells",TRUE,0.0573463814018808
"105183","CD8+_T_Cells","CD8+_T_Cells",TRUE,0.0485119168194522
"105251","Macrophages_2","Macrophages_1",FALSE,1.45483250520432
"75675","CD8+_T_Cells","Stromal",FALSE,0.0593347432533486
"77225","Stromal","Stromal",TRUE,0.0593207693109351
"73352","Invasive_Tumor","Invasive_Tumor",TRUE,0.00497559322533138
"77041","Perivascular-Like","Perivascular-Like",TRUE,0
"95288","Macrophages_1","Macrophages_1",TRUE,0.0439932733221514
"105290","Macrophages_2","Stromal",FALSE,0.145055738613246
"6075","Invasive_Tumor","Invasive_Tumor",TRUE,0
"92481","Stromal","Stromal",TRUE,0.062749160786956
"94109","Stromal","Stromal",TRUE,0.0258462429440079
"74081","Prolif_Invasive_Tumor","Prolif_Invasive_Tumor",TRUE,0.0185901166149039
"76809","Endothelial","Endothelial",TRUE,0.215660314516231
"94108","Endothelial","Endothelial",TRUE,0.0666700662503191
"77028","CD4+_T_Cells","CD4+_T_Cells",TRUE,0.0330696201778521
"76802","CD8+_T_Cells","Stromal",FALSE,0.0715166102033252
"91714","Prolif_Invasive_Tumor","Prolif_Invasive_Tumor",TRUE,0.0271104044259685
"73357","Perivascular-Like","Perivascular-Like",TRUE,0.0268930442834699
"92034","Stromal","Stromal",TRUE,0.028418281336159
"91376","Invasive_Tumor","Invasive_Tumor",TRUE,0
"91888","Stromal","Stromal",TRUE,0.353934453104943
"73630","Endothelial","Endothelial",TRUE,0.02467937548642
"94110","Perivascular-Like","Perivascular-Like",TRUE,0.44287412387208
"92990","CD4+_T_Cells","CD4+_T_Cells",TRUE,0.0433455613748599
"76819","Macrophages_2","Macrophages_2",TRUE,0.137027628967222
"92421","Invasive_Tumor","Invasive_Tumor",TRUE,0.055706976216444
"91644","Stromal","Stromal",TRUE,0.887582509845775
"75640","Stromal","Stromal",TRUE,0.0628414141881756
"92995","CD8+_T_Cells","CD8+_T_Cells",TRUE,0.0479752787869565
"77251","CD4+_T_Cells","CD4+_T_Cells",TRUE,0.0457121953690378
"95304","CD8+_T_Cells","CD8+_T_Cells",TRUE,0.0585650375775477
"95906","Stromal","Stromal",TRUE,0
"93433","Stromal","Stromal",TRUE,0
"92838","Stromal","Stromal",TRUE,0.0475960246810016
"74106","Stromal","Stromal",TRUE,0.0211295615836931
"92979","CD4+_T_Cells","CD4+_T_Cells",TRUE,0.201818837334018
"7678","Stromal","Stromal",TRUE,0.0842522715455125
"77035","Perivascular-Like","Perivascular-Like",TRUE,0.0496236226692377
"74091","Invasive_Tumor","Invasive_Tumor",TRUE,0.0225809874900939
"74089","Prolif_Invasive_Tumor","Prolif_Invasive_Tumor",TRUE,0
"76935","Macrophages_1","Macrophages_1",TRUE,0.0406558520546604
"77221","CD4+_T_Cells","CD4+_T_Cells",TRUE,0.054714105172199
"105253","Stromal","Stromal",TRUE,0
"77475","Stromal","Stromal",TRUE,0.0466557605019599
"76813","CD4+_T_Cells","CD4+_T_Cells",TRUE,0.0815838377847352
"77463","Stromal","Stromal",TRUE,0.0567430681158462
"6076","Invasive_Tumor","Invasive_Tumor",TRUE,0.0150653326783264
"95905","Stromal","Stromal",TRUE,0
"77220","B_Cells","B_Cells",TRUE,0.0660351304718399
"76841","Stromal","Stromal",TRUE,0.627259503859333
"76834","B_Cells","B_Cells",TRUE,0.0766571143879823
"91958","Stromal","Stromal",TRUE,0.111750676087648
"92808","Stromal","Stromal",TRUE,0
"91652","DCIS 1","Invasive_Tumor",FALSE,1.90996922495912
"6077","Invasive_Tumor","Invasive_Tumor",TRUE,0.0427860419371634
"92003","Stromal","Stromal",TRUE,0.0561610908574555
"77887","Perivascular-Like","Perivascular-Like",TRUE,0.176597027295093
"91407","Invasive_Tumor","Invasive_Tumor",TRUE,0
"91709","Invasive_Tumor","Invasive_Tumor",TRUE,0
"95436","CD4+_T_Cells","CD4+_T_Cells",TRUE,0.0230246212935995
"77022","CD8+_T_Cells","CD8+_T_Cells",TRUE,0.0928417824989719
"92992","CD4+_T_Cells","CD4+_T_Cells",TRUE,0.0604558563928028
"92996","CD8+_T_Cells","CD8+_T_Cells",TRUE,0.0459485830171412
"77209","Stromal","Stromal",TRUE,0.052438099985558
"91192","Invasive_Tumor","Invasive_Tumor",TRUE,0.0276696273370306
"95456","CD8+_T_Cells","CD8+_T_Cells",TRUE,0.0353120450089675
"73605","Prolif_Invasive_Tumor","Prolif_Invasive_Tumor",TRUE,0
"94111","Stromal","Stromal",TRUE,0.0664712900142165
"91397","Invasive_Tumor","Invasive_Tumor",TRUE,0
"76808","Macrophages_1","Macrophages_1",TRUE,0.0548243383872701
"77044","Perivascular-Like","Perivascular-Like",TRUE,0.0332339175870282
"91197","Endothelial","Endothelial",TRUE,0.0364273504656884
"8314","Stromal","Stromal",TRUE,0
"105489","Stromal","Stromal",TRUE,0
"91713","Prolif_Invasive_Tumor","Prolif_Invasive_Tumor",TRUE,0.0775207024446221
"74291","Stromal","Stromal",TRUE,0.818282757288552
"95461","Stromal","Stromal",TRUE,0.0169524047501719
"93649","Endothelial","Endothelial",TRUE,0.00518610524671054
"93644","Stromal","Stromal",TRUE,0.0246422138283822
"77202","Macrophages_1","Stromal",FALSE,0.0792847757310724
"95910","B_Cells","B_Cells",TRUE,0.0646979815604369
"77885","Perivascular-Like","Perivascular-Like",TRUE,0.0416790591677176
"91194","Stromal","Stromal",TRUE,0.0405344798211544
"77025","Macrophages_2","Macrophages_2",TRUE,0.0122433950941265
"6347","Stromal","Stromal",TRUE,0.0262553910924659
"77020","Stromal","Stromal",TRUE,0.0195174793972287
"102968","CD8+_T_Cells","CD8+_T_Cells",TRUE,0.0777363990850353
"91658","Prolif_Invasive_Tumor","Prolif_Invasive_Tumor",TRUE,0.00894753656152832
"95451","Endothelial","Endothelial",TRUE,0.0171550188072775
"91400","Invasive_Tumor","Invasive_Tumor",TRUE,0
"91199","Endothelial","Endothelial",TRUE,0.0924494059926731
"76835","CD4+_T_Cells","CD4+_T_Cells",TRUE,0.164457362424314
"105167","Stromal","Stromal",TRUE,0
"91659","Invasive_Tumor","Invasive_Tumor",TRUE,0.00171260648252236
"74191","CD8+_T_Cells","CD8+_T_Cells",TRUE,0.0555648943576171
"93646","Stromal","Stromal",TRUE,0
"92984","Macrophages_1","Macrophages_1",TRUE,0.0526040122676314
"94166","Stromal","Stromal",TRUE,0
"76821","Macrophages_2","Macrophages_2",TRUE,0.034052904194219
"92479","Endothelial","Endothelial",TRUE,0.060105411165476
"92988","Stromal","Stromal",TRUE,0
"77886","Macrophages_2","Macrophages_2",TRUE,0.00376883616114941
"76908","CD8+_T_Cells","CD8+_T_Cells",TRUE,0.0399157509642696
"95442","Stromal","Stromal",TRUE,0.0497100833016604
"75651","CD4+_T_Cells","CD4+_T_Cells",TRUE,0.0654733093103658
"102970","Stromal","Stromal",TRUE,0
"93034","Stromal","Stromal",TRUE,0.0519797862405739
"105298","Stromal","Stromal",TRUE,0.0659822250673016
"74288","Stromal","Stromal",TRUE,0
"75656","CD4+_T_Cells","CD4+_T_Cells",TRUE,0.0514332472325243
"77254","Stromal","Stromal",TRUE,0.0427390668764877
"73599","Invasive_Tumor","Invasive_Tumor",TRUE,0.145825334134328
"91952","Invasive_Tumor","Invasive_Tumor",TRUE,0
"91191","Invasive_Tumor","Invasive_Tumor",TRUE,0.114695108021696
"6239","CD8+_T_Cells","CD8+_T_Cells",TRUE,0.0361667085270761
"75661","CD8+_T_Cells","CD8+_T_Cells",TRUE,0.0518099204657316
"105249","Stromal","Stromal",TRUE,0.0641237924040058
"77884","Perivascular-Like","Perivascular-Like",TRUE,0.036174579177929
"76815","Perivascular-Like","Perivascular-Like",TRUE,0.03378132701466
"95282","Stromal","Stromal",TRUE,0.0526028812930384
"94117","CD8+_T_Cells","CD8+_T_Cells",TRUE,0.0500132831362747
"91232","Stromal","Stromal",TRUE,0.235583472743377
"105190","Stromal","Stromal",TRUE,0.0614161857074066
"91964","Stromal","Stromal",TRUE,0.0270941961554707
"93645","Stromal","Stromal",TRUE,0.0525119669245927
"76859","B_Cells","B_Cells",TRUE,0.266444224234738
"95907","Stromal","Stromal",TRUE,0
"73609","Invasive_Tumor","Invasive_Tumor",TRUE,0.00778493371637116
"77214","CD4+_T_Cells","CD4+_T_Cells",TRUE,0.0572219861409307
"92002","B_Cells","B_Cells",TRUE,0.0500943806576706
"74116","Stromal","Stromal",TRUE,0.0523697423266724
"90560","Invasive_Tumor","Invasive_Tumor",TRUE,0.0427389083492851
"75634","B_Cells","B_Cells",TRUE,0.0279826573557828
"93647","Endothelial","Endothelial",TRUE,0
"94167","Stromal","Stromal",TRUE,0.0294439053309893
"77476","Stromal","Stromal",TRUE,0.0479772518854098
"76920","CD4+_T_Cells","CD4+_T_Cells",TRUE,0.262906704580391
"76814","CD8+_T_Cells","CD8+_T_Cells",TRUE,0.0265026091988935
"92815","Macrophages_1","Macrophages_1",TRUE,0.0759758569103492
"105297","Stromal","Stromal",TRUE,0
"95383","Stromal","Stromal",TRUE,0.0586570697703996
"92009","Stromal","Stromal",TRUE,0.0437845311092201
"73618","Invasive_Tumor","Invasive_Tumor",TRUE,0.257393263368966
"78274","CD4+_T_Cells","CD4+_T_Cells",TRUE,0.0393294015683823
"94112","Stromal","Stromal",TRUE,0.0639188873704703
"74293","Stromal","Stromal",TRUE,0
"6072","Invasive_Tumor","Invasive_Tumor",TRUE,0
"94114","Macrophages_1","Macrophages_1",TRUE,0.037153169660144
"77450","Stromal","Stromal",TRUE,0
"91664","Invasive_Tumor","Invasive_Tumor",TRUE,0.160507748070639
"77934","Stromal","Stromal",TRUE,0.219012008093872
"95908","Stromal","Stromal",TRUE,0.0286662014056869
"76929","Macrophages_1","Macrophages_1",TRUE,0.00805277311898522
"93438","Stromal","Stromal",TRUE,0.0306222569619794
"105248","Stromal","Stromal",TRUE,0.0502762387548792
"73394","Prolif_Invasive_Tumor","Prolif_Invasive_Tumor",TRUE,0
"73348","Prolif_Invasive_Tumor","Prolif_Invasive_Tumor",TRUE,0.817745907749097
"95900","Stromal","Stromal",TRUE,0.0595782254068966
"95462","Stromal","Stromal",TRUE,0.0398080966101195
"77246","CD8+_T_Cells","CD8+_T_Cells",TRUE,0.0477271841209916
"74203","CD4+_T_Cells","Stromal",FALSE,0.0711171208962713
"74180","Stromal","Stromal",TRUE,0.0416855868122094
"73354","CD8+_T_Cells","CD8+_T_Cells",TRUE,0.0516307573644641
"105252","Stromal","Stromal",TRUE,0.0389346774292065
"91929","Endothelial","Endothelial",TRUE,0.00664447966134502
"92819","Stromal","Stromal",TRUE,0.0693913685450024
"93002","CD8+_T_Cells","CD8+_T_Cells",TRUE,0.0498226678850955
"91710","Invasive_Tumor","Invasive_Tumor",TRUE,0.00710224891601823
"105334","Stromal","Stromal",TRUE,0.0326969135325379
"91383","Invasive_Tumor","Invasive_Tumor",TRUE,0
"75680","Macrophages_1","Macrophages_1",TRUE,0.0102888964552018
"94116","CD8+_T_Cells","CD8+_T_Cells",TRUE,0.00377159359053653
"77210","Stromal","Stromal",TRUE,0
"92993","B_Cells","B_Cells",TRUE,0.0277491761473296
"77743","Stromal","Stromal",TRUE,0.0589047011905755
"77049","Stromal","Stromal",TRUE,0.0764545810344975
"92822","CD4+_T_Cells","CD4+_T_Cells",TRUE,0.993780569775853
"77034","Stromal","Stromal",TRUE,0.0627077666248549
"105256","Stromal","Stromal",TRUE,0
"91195","Prolif_Invasive_Tumor","Prolif_Invasive_Tumor",TRUE,0.00863350886678949
"95299","Macrophages_1","Macrophages_1",TRUE,0.085154844865472
"77207","Stromal","Stromal",TRUE,0.0581569830238454
"94113","Macrophages_1","Macrophages_1",TRUE,0.572694510965784
"73623","Invasive_Tumor","Invasive_Tumor",TRUE,0.133829191509078
"92985","Macrophages_1","Macrophages_1",TRUE,0.0571744265290229
"91405","Invasive_Tumor","Invasive_Tumor",TRUE,0
"105257","Stromal","Stromal",TRUE,0.117209648656766
"77024","Stromal","Stromal",TRUE,0.0550070463622556
"92997","Macrophages_2","Macrophages_1",FALSE,1.00728824202791
"92414","Invasive_Tumor","Invasive_Tumor",TRUE,0.0417609936060664
"77491","CD8+_T_Cells","CD8+_T_Cells",TRUE,0.049494500699095
"6073","Invasive_Tumor","Invasive_Tumor",TRUE,0
"73350","Stromal","Stromal",TRUE,0.0457151938196704
"77198","CD4+_T_Cells","CD4+_T_Cells",TRUE,0
"93651","Perivascular-Like","Perivascular-Like",TRUE,0.0554620350770744
"6238","CD4+_T_Cells","CD4+_T_Cells",TRUE,0.0535900266317682
"95381","Stromal","Stromal",TRUE,0
"91640","Macrophages_1","Macrophages_1",TRUE,0.00631149410760534
"95385","CD4+_T_Cells","CD4+_T_Cells",TRUE,0.0370301288224501
"77196","Stromal","Stromal",TRUE,0.0433248208291777
"77206","CD4+_T_Cells","CD4+_T_Cells",TRUE,0.0519622504892234
"74083","Prolif_Invasive_Tumor","Prolif_Invasive_Tumor",TRUE,0.0376549028277152
"74110","Stromal","Stromal",TRUE,0.0438273990180329
"76845","Macrophages_1","Macrophages_1",TRUE,0.0485951899244471
"92991","CD8+_T_Cells","CD8+_T_Cells",TRUE,0.0632540946099508
"77494","CD8+_T_Cells","Stromal",FALSE,0.0730880965522949
"92001","Macrophages_2","Macrophages_2",TRUE,0.0584422431615299
"92998","CD4+_T_Cells","CD4+_T_Cells",TRUE,0.0069792625037074
"95303","Stromal","Stromal",TRUE,0.0523266681459844
"73602","Prolif_Invasive_Tumor","Prolif_Invasive_Tumor",TRUE,0.00355090251003578
"77208","CD4+_T_Cells","CD4+_T_Cells",TRUE,0.0713481102248388
"95447","Stromal","Stromal",TRUE,0.0657910800493136
"78271","Perivascular-Like","Perivascular-Like",TRUE,0.0544902006720446
"76825","Macrophages_2","B_Cells",FALSE,0.0801331717644795
"91653","Invasive_Tumor","Invasive_Tumor",TRUE,0
"77243","B_Cells","B_Cells",TRUE,0.0445720161258866
"94115","CD4+_T_Cells","Stromal",FALSE,0.0542096304946934
"95457","Stromal","Stromal",TRUE,0.0431082884538119
"91662","Invasive_Tumor","Invasive_Tumor",TRUE,0
"91955","Invasive_Tumor","Invasive_Tumor",TRUE,0
"77194","CD8+_T_Cells","CD8+_T_Cells",TRUE,0
"95386","CD4+_T_Cells","CD4+_T_Cells",TRUE,0.0393502634041255
"76861","CD4+_T_Cells","CD4+_T_Cells",TRUE,0.0579517294092786
"73399","Prolif_Invasive_Tumor","Prolif_Invasive_Tumor",TRUE,0.0245159322263457
"105302","Stromal","Stromal",TRUE,0.0260049865035055
"91999","Stromal","Stromal",TRUE,0.0277028702167466
"95453","Endothelial","Endothelial",TRUE,0.0678748331003432
"73351","Macrophages_1","Macrophages_1",TRUE,0.455147393770319
"77043","Stromal","Stromal",TRUE,0.0276055983310448
"93006","CD8+_T_Cells","CD8+_T_Cells",TRUE,0.0527725679367567
"95432","Stromal","Stromal",TRUE,0.0499601746907217
"74080","Prolif_Invasive_Tumor","Prolif_Invasive_Tumor",TRUE,0.0423187152985587
"105250","Stromal","Stromal",TRUE,0.0388948996979664
"91190","Macrophages_1","Macrophages_1",TRUE,0.0118993881514908
"91717","Invasive_Tumor","Invasive_Tumor",TRUE,0
"90559","Invasive_Tumor","Invasive_Tumor",TRUE,0.0110463630684291
"73612","Invasive_Tumor","Invasive_Tumor",TRUE,0
"105316","Stromal","Stromal",TRUE,0.0672091324683443
"91949","Invasive_Tumor","Invasive_Tumor",TRUE,0.12362200781894
"91196","Stromal","Stromal",TRUE,0.399131856026004
"91375","Invasive_Tumor","Invasive_Tumor",TRUE,0.0465165887401206
"76828","Macrophages_2","Macrophages_2",TRUE,0.0807721316268921
"77203","Mast_Cells","Stromal",FALSE,0.0202535729393912
"105179","Stromal","Stromal",TRUE,0.0835575395261045
"93003","CD8+_T_Cells","CD8+_T_Cells",TRUE,0.0513082783592476
"76927","CD4+_T_Cells","CD4+_T_Cells",TRUE,0.0537264285512797
"93434","Stromal","Stromal",TRUE,0
"78272","Perivascular-Like","Perivascular-Like",TRUE,0.0314225616644302
"103006","Stromal","Stromal",TRUE,0
"76830","Stromal","Stromal",TRUE,0.0361796753082183
"92986","CD4+_T_Cells","CD4+_T_Cells",TRUE,0.0335526612002243
"93672","Stromal","Stromal",TRUE,0.0554830882074361
"76871","Macrophages_1","Macrophages_1",TRUE,0.125612955905224
"90556","Invasive_Tumor","Invasive_Tumor",TRUE,0.0605473991802308
"74283","CD8+_T_Cells","Stromal",FALSE,0.067619429288285
"6237","Stromal","Stromal",TRUE,0.0435903906066904
"93024","Stromal","Stromal",TRUE,0.0783078278817521
"92994","Stromal","Stromal",TRUE,0
"91395","Invasive_Tumor","Invasive_Tumor",TRUE,0
"6074","Invasive_Tumor","Prolif_Invasive_Tumor",FALSE,1.06989225184914
"95917","Stromal","Stromal",TRUE,0.119959261516839
"77250","Endothelial","Endothelial",TRUE,0.0739502103032458
"78273","CD4+_T_Cells","Stromal",FALSE,0.0401901685017775
"77249","Stromal","Stromal",TRUE,0.0400787949771453
"77212","CD4+_T_Cells","CD4+_T_Cells",TRUE,0.0629811933902558
"75663","CD4+_T_Cells","CD4+_T_Cells",TRUE,0.0643469083250293
"74195","Macrophages_1","Macrophages_1",TRUE,0.00037257265784521
"78270","CD4+_T_Cells","CD4+_T_Cells",TRUE,0.032139643908306
"77478","Stromal","Stromal",TRUE,0.0447287430092553
"73638","Macrophages_1","Macrophages_1",TRUE,0.0901932789038182
"93648","Stromal","Stromal",TRUE,0.0804162636266572
"94120","Stromal","Stromal",TRUE,0.162634285420228
"74198","Macrophages_1","Macrophages_1",TRUE,0.227077069963064
"73615","Invasive_Tumor","Invasive_Tumor",TRUE,0.0578710570859932
"74193","CD4+_T_Cells","CD4+_T_Cells",TRUE,0.0403675569283505
"76833","CD8+_T_Cells","CD8+_T_Cells",TRUE,0.0518884538419082
"95450","Endothelial","Endothelial",TRUE,0.0426518185753554
"92478","CD4+_T_Cells","Stromal",FALSE,0.0658229159291266
"94168","Stromal","Stromal",TRUE,0.0574381255933919
"77040","Stromal","Stromal",TRUE,0.0321251364883768
"75641","Stromal","Stromal",TRUE,0
"103003","Stromal","Stromal",TRUE,0.0524365541814951
"76831","IRF7+_DCs","IRF7+_DCs",TRUE,0.0678922521884043
"105194","Stromal","Stromal",TRUE,0.157387309226895
"91189","Invasive_Tumor","Invasive_Tumor",TRUE,0.00295653826385064
"74297","B_Cells","Stromal",FALSE,0.0631249505526127
"77451","CD8+_T_Cells","CD8+_T_Cells",TRUE,0.0707467476284076
"76858","Stromal","Stromal",TRUE,0.103152452532215
"93001","Stromal","Stromal",TRUE,0.0293667117784936
"95459","CD8+_T_Cells","CD8+_T_Cells",TRUE,0.00798777783888505
"76836","Macrophages_2","Macrophages_2",TRUE,0.190660516916404
"77017","Macrophages_2","Macrophages_2",TRUE,0.102964276633142
"77216","Macrophages_1","Macrophages_1",TRUE,0.07979471684113
"95437","CD4+_T_Cells","CD4+_T_Cells",TRUE,0.0848068196495339
"76921","CD4+_T_Cells","CD4+_T_Cells",TRUE,0.00141552348299756
"73347","Invasive_Tumor","Invasive_Tumor",TRUE,0.0422685746701276
"94118","Endothelial","Endothelial",TRUE,0.036697188129471
"91193","DCIS 1","Invasive_Tumor",FALSE,1.73993818612144
"6071","Invasive_Tumor","Invasive_Tumor",TRUE,0.116277937532245
"6070","Invasive_Tumor","Invasive_Tumor",TRUE,0.0292930260229276
"77740","Macrophages_2","Macrophages_2",TRUE,0.868363247442878
"91971","Stromal","Stromal",TRUE,0.0789724397845663
"92842","Endothelial","Endothelial",TRUE,0.0693300730614092
"76868","Macrophages_1","Macrophages_1",TRUE,0.0137580786495608
"94122","CD8+_T_Cells","CD8+_T_Cells",TRUE,0.0574586235236992
"73603","Prolif_Invasive_Tumor","Prolif_Invasive_Tumor",TRUE,0
"77760","Stromal","Stromal",TRUE,0
"77472","Stromal","Stromal",TRUE,0.0836715407404464
"77766","Stromal","Stromal",TRUE,0.00604988745487173
"94169","CD8+_T_Cells","CD8+_T_Cells",TRUE,0.00900128823094373
"91973","Stromal","Stromal",TRUE,0.337766129535191
"94121","CD8+_T_Cells","CD8+_T_Cells",TRUE,0.0359070914314821
"92824","Endothelial","Endothelial",TRUE,0.0774654016563343
"103026","Stromal","Stromal",TRUE,0.0135175950477333
"73621","Invasive_Tumor","Invasive_Tumor",TRUE,0.0122743843503972
"92000","Macrophages_2","Macrophages_2",TRUE,0.448894050278805
"93023","Stromal","Stromal",TRUE,0.0310355802089173
"91656","Invasive_Tumor","Invasive_Tumor",TRUE,0.0417543578224295
"75657","CD8+_T_Cells","CD8+_T_Cells",TRUE,0.00115787832798742
"74275","Stromal","Stromal",TRUE,0.0248249583880935
"76943","B_Cells","B_Cells",TRUE,0.0322552711801778
"78269","Endothelial","Endothelial",TRUE,0.0115120468604449
"75628","B_Cells","B_Cells",TRUE,0.0571638479312744
"91959","Invasive_Tumor","Invasive_Tumor",TRUE,0.0111030522587678
"93014","Stromal","Stromal",TRUE,0.0306276672865919
"94170","CD4+_T_Cells","CD4+_T_Cells",TRUE,0.0618132026700432
"94119","CD4+_T_Cells","CD4+_T_Cells",TRUE,8.10361253748559e-05
"77496","CD8+_T_Cells","CD8+_T_Cells",TRUE,0.250087261585675
"73432","Stromal","Stromal",TRUE,0.0640262831066575
"74274","CD8+_T_Cells","CD8+_T_Cells",TRUE,0.0471411280896235
"76866","B_Cells","B_Cells",TRUE,0.058164091060074
"91663","Invasive_Tumor","Invasive_Tumor",TRUE,0
"102996","Stromal","Stromal",TRUE,0.0405669289183895
"95443","CD8+_T_Cells","CD8+_T_Cells",TRUE,0.0566946053964681
"91881","Stromal","Stromal",TRUE,0.085435315968651
"93005","Stromal","Stromal",TRUE,0.0793542357387515
"77753","Stromal","Stromal",TRUE,0.217612133135355
"92480","Stromal","Stromal",TRUE,0.0488048721181732
"77201","Stromal","Stromal",TRUE,0.0575653156502234
"93673","Macrophages_1","Macrophages_1",TRUE,0.0596501458801696
"93013","Stromal","Stromal",TRUE,0.0831651890743189
"75668","CD8+_T_Cells","CD8+_T_Cells",TRUE,0.048044317020695
"93000","Macrophages_1","Macrophages_1",TRUE,0.0691244068231791
"77204","Stromal","Stromal",TRUE,0
"77211","Macrophages_1","Macrophages_1",TRUE,0.0992174315891113
"95899","Macrophages_2","Stromal",FALSE,0.0946573954518925
"77199","CD4+_T_Cells","CD4+_T_Cells",TRUE,0.0643486752287726
"91882","Endothelial","Endothelial",TRUE,0.0989617151450036
"91398","Invasive_Tumor","Invasive_Tumor",TRUE,0
"93042","Stromal","Stromal",TRUE,0.0876866386849203
"95389","B_Cells","B_Cells",TRUE,0.0736984019832296
"74190","CD8+_T_Cells","CD8+_T_Cells",TRUE,0.0715837785063899
"92999","Macrophages_1","Macrophages_1",TRUE,0.0166731130099108
"95291","Macrophages_1","Stromal",FALSE,0.093007467799292
"78109","CD4+_T_Cells","CD4+_T_Cells",TRUE,0.0465638381534095
"105255","Stromal","Stromal",TRUE,0.151561720094184
"76922","Macrophages_2","Macrophages_2",TRUE,0.0662619689988334
"90557","Prolif_Invasive_Tumor","Prolif_Invasive_Tumor",TRUE,0.0133132386915844
"93650","Stromal","Stromal",TRUE,0.0479599476686468
"91187","Perivascular-Like","Endothelial",FALSE,1.03204701667468
"6236","Endothelial","Endothelial",TRUE,0.0314445686152195
"77490","Stromal","Stromal",TRUE,0.0479204399727928
"91184","Endothelial","Endothelial",TRUE,0.039884593504523
"91963","CD4+_T_Cells","CD4+_T_Cells",TRUE,0.0773001482592142
"77195","CD8+_T_Cells","CD8+_T_Cells",TRUE,0
"73589","Endothelial","Endothelial",TRUE,0.0597055349705792
"93008","Macrophages_2","Macrophages_2",TRUE,0.0613965409204668
"90548","Invasive_Tumor","Invasive_Tumor",TRUE,0
"102974","Stromal","Stromal",TRUE,0
"105315","Stromal","Stromal",TRUE,0
"92843","Endothelial","Endothelial",TRUE,0
"6068","Invasive_Tumor","Invasive_Tumor",TRUE,0.0341078699128008
"91648","Prolif_Invasive_Tumor","Prolif_Invasive_Tumor",TRUE,0.00314589744010994
"105187","Macrophages_1","Macrophages_1",TRUE,0.065320085721121
"75662","CD4+_T_Cells","CD4+_T_Cells",TRUE,0.0691197101260329
"94124","Perivascular-Like","Perivascular-Like",TRUE,0.0223802209989168
"76873","CD8+_T_Cells","CD8+_T_Cells",TRUE,0.279172598698001
"76863","CD4+_T_Cells","CD4+_T_Cells",TRUE,0
"73393","Prolif_Invasive_Tumor","Prolif_Invasive_Tumor",TRUE,0.000104231703248886
"77200","CD8+_T_Cells","CD8+_T_Cells",TRUE,0.0607410331531815
"102973","Stromal","Stromal",TRUE,0
"95455","Stromal","Stromal",TRUE,0
"105304","Stromal","Stromal",TRUE,0.056062051244651
"73383","Invasive_Tumor","Invasive_Tumor",TRUE,0
"76843","Macrophages_2","Macrophages_2",TRUE,0.0453658368607845
"73625","Stromal","Stromal",TRUE,0.10839742884854
"92823","Endothelial","Endothelial",TRUE,0.0841438926059316
"93007","Stromal","Stromal",TRUE,0.0836251168556394
"74277","Stromal","Stromal",TRUE,0.0621481810731365
"74201","IRF7+_DCs","IRF7+_DCs",TRUE,0.175129373086502
"91233","Invasive_Tumor","Invasive_Tumor",TRUE,0
"91645","Prolif_Invasive_Tumor","Prolif_Invasive_Tumor",TRUE,0
"91950","Invasive_Tumor","Invasive_Tumor",TRUE,0
"105332","Stromal","Stromal",TRUE,0
"93439","Stromal","Stromal",TRUE,0
"93025","CD8+_T_Cells","CD8+_T_Cells",TRUE,0.0630344804432754
"76844","Macrophages_2","Macrophages_2",TRUE,0.0232284989614229
"75665","CD8+_T_Cells","CD8+_T_Cells",TRUE,0.0722199841011247
"95448","Stromal","Stromal",TRUE,0.0529045698998479
"94171","Macrophages_1","Macrophages_1",TRUE,0.0433780376684787
"76872","Stromal","Stromal",TRUE,0.0238046343800731
"73349","CD4+_T_Cells","CD8+_T_Cells",FALSE,1.22207467800325
"105259","Stromal","Stromal",TRUE,0
"94123","B_Cells","B_Cells",TRUE,0.0461340320043867
"75619","CD8+_T_Cells","CD8+_T_Cells",TRUE,0
"95382","CD4+_T_Cells","CD4+_T_Cells",TRUE,0.0490358005859223
"105296","Stromal","Stromal",TRUE,0
"6235","Stromal","Stromal",TRUE,0.0721363679700764
"74093","Stromal","Stromal",TRUE,0.00266479992175928
"74278","CD4+_T_Cells","CD4+_T_Cells",TRUE,0.0727615610940857
"78111","B_Cells","B_Cells",TRUE,0
"73587","Perivascular-Like","Perivascular-Like",TRUE,0.0647718892313217
"76846","CD8+_T_Cells","CD8+_T_Cells",TRUE,0.0565832575722824
"74206","CD8+_T_Cells","CD8+_T_Cells",TRUE,0.0604116165787764
"78267","Perivascular-Like","Perivascular-Like",TRUE,0
"93011","B_Cells","B_Cells",TRUE,0.0540666078120381
"91961","Perivascular-Like","Perivascular-Like",TRUE,0.0909068511619688
"94125","CD8+_T_Cells","CD8+_T_Cells",TRUE,0.0403598218562602
"73389","DCIS 2","DCIS 2",TRUE,0.0147192706510298
"78277","B_Cells","B_Cells",TRUE,0.0515778115292744
"77495","CD8+_T_Cells","CD8+_T_Cells",TRUE,0.0640497093668571
"91186","Invasive_Tumor","Invasive_Tumor",TRUE,0.142690288331746
"76558","Macrophages_2","Macrophages_2",TRUE,0.0912921022115543
"77245","Stromal","Stromal",TRUE,0
"92826","Stromal","Stromal",TRUE,0.0676249996089801
"105491","Stromal","Stromal",TRUE,0.176660945024226
"95290","Stromal","Stromal",TRUE,0.0239081075553495
"93652","Stromal","Stromal",TRUE,0.0563758531299023
"91655","Prolif_Invasive_Tumor","Prolif_Invasive_Tumor",TRUE,0.0150350307454655
"74199","CD8+_T_Cells","CD8+_T_Cells",TRUE,0.0494704986353455
"91992","CD4+_T_Cells","CD4+_T_Cells",TRUE,0.0382572161554015
"93026","B_Cells","B_Cells",TRUE,0.0401340419018734
"73344","Prolif_Invasive_Tumor","Prolif_Invasive_Tumor",TRUE,0
"91387","Invasive_Tumor","Invasive_Tumor",TRUE,0.036480771833139
"91183","Invasive_Tumor","Invasive_Tumor",TRUE,0
"77744","Macrophages_2","Macrophages_2",TRUE,0.101744635243033
"75643","CD4+_T_Cells","CD4+_T_Cells",TRUE,0.0766782710523797
"90551","Invasive_Tumor","Invasive_Tumor",TRUE,0
"91182","DCIS 1","DCIS 1",TRUE,0.00737868695499677
"73430","Macrophages_1","Macrophages_1",TRUE,0.0715036635766535
"90558","Invasive_Tumor","Invasive_Tumor",TRUE,0
"77255","Stromal","Stromal",TRUE,0.0198218679804376
"105265","Stromal","Stromal",TRUE,0
"7447","Stromal","Stromal",TRUE,0.0181922119940367
"95407","Stromal","Stromal",TRUE,0.0350364238474071
"73341","Invasive_Tumor","Invasive_Tumor",TRUE,0
"73398","Prolif_Invasive_Tumor","Prolif_Invasive_Tumor",TRUE,0.0259636409968772
"74084","Stromal","Stromal",TRUE,0.019569508930536
"92474","Stromal","Stromal",TRUE,0.00273987885667215
"78107","Macrophages_2","Macrophages_2",TRUE,0.673984141491345
"94129","CD8+_T_Cells","CD8+_T_Cells",TRUE,0.042762718158139
"73593","Endothelial","Endothelial",TRUE,0.303683995724299
"105192","Stromal","Stromal",TRUE,0
"95289","B_Cells","B_Cells",TRUE,0.0754447609749681
"77458","Stromal","Stromal",TRUE,0.0630787868911595
"95396","Macrophages_1","Macrophages_1",TRUE,0.0464980171704086
"95433","Macrophages_2","Macrophages_2",TRUE,0.0178801223409641
"90555","Invasive_Tumor","Invasive_Tumor",TRUE,8.58185138428447e-05
"78266","Stromal","Stromal",TRUE,0.0376575898638722
"91988","Stromal","Stromal",TRUE,0.036466849987066
"73620","Invasive_Tumor","Invasive_Tumor",TRUE,0.00216298250092259
"6069","Invasive_Tumor","Invasive_Tumor",TRUE,0
"93020","Macrophages_1","Macrophages_1",TRUE,0.0085169379798779
"73611","Prolif_Invasive_Tumor","Prolif_Invasive_Tumor",TRUE,0.00640349769941558
"77481","Stromal","Stromal",TRUE,0
"94127","Perivascular-Like","Perivascular-Like",TRUE,0.530534992424066
"91719","Invasive_Tumor","Invasive_Tumor",TRUE,0
"94128","Endothelial","Endothelial",TRUE,0.0740594031190037
"91402","Perivascular-Like","Stromal",FALSE,1.48013886509848
"6067","Invasive_Tumor","Invasive_Tumor",TRUE,0
"91996","Macrophages_1","Macrophages_1",TRUE,0.145598787681835
"76882","CD8+_T_Cells","CD8+_T_Cells",TRUE,0
"91967","B_Cells","B_Cells",TRUE,0.626249109625383
"105264","Stromal","Stromal",TRUE,0
"77048","Macrophages_2","Macrophages_2",TRUE,0.0971277467140751
"75650","Endothelial","Endothelial",TRUE,0.042576679829389
"90540","Prolif_Invasive_Tumor","Prolif_Invasive_Tumor",TRUE,0.0198744379523172
"95460","Stromal","Stromal",TRUE,0.0449442398437007
"77762","B_Cells","B_Cells",TRUE,0.0535713312297539
"76864","CD4+_T_Cells","CD4+_T_Cells",TRUE,0.0422357713194155
"105258","Stromal","Stromal",TRUE,0.189889945221009
"92816","Stromal","Stromal",TRUE,0.709508368387449
"91942","DCIS 2","DCIS 2",TRUE,0.0764271286689076
"76860","CD4+_T_Cells","CD4+_T_Cells",TRUE,0.65027910513546
"76849","Macrophages_2","Macrophages_2",TRUE,0.0754725516162936
"74282","Stromal","Stromal",TRUE,0
"6348","Stromal","Stromal",TRUE,0.0676967374201506
"93004","Macrophages_1","Macrophages_1",TRUE,0.047450335954593
"76848","CD4+_T_Cells","CD4+_T_Cells",TRUE,0.0506593611643714
"93010","B_Cells","B_Cells",TRUE,0.0543712787273254
"95439","CD4+_T_Cells","CD4+_T_Cells",TRUE,0.0688549365986373
"77747","Endothelial","Endothelial",TRUE,0.00978947660159046
"73377","Invasive_Tumor","Invasive_Tumor",TRUE,0.614417797075252
"76879","CD8+_T_Cells","CD8+_T_Cells",TRUE,0.00446593099771518
"93656","CD8+_T_Cells","CD8+_T_Cells",TRUE,0.073079501616833
"76930","CD4+_T_Cells","CD4+_T_Cells",TRUE,0.0867716182938721
"73604","Invasive_Tumor","Invasive_Tumor",TRUE,0.00764848096999526
"92477","B_Cells","B_Cells",TRUE,0.692432183646689
"91188","DCIS 2","DCIS 2",TRUE,0.0065720828866331
"6234","Perivascular-Like","Perivascular-Like",TRUE,0.00988616716725049
"91998","Macrophages_2","Macrophages_2",TRUE,0.112833003289061
"74185","CD4+_T_Cells","CD4+_T_Cells",TRUE,0.068868267701893
"91657","Prolif_Invasive_Tumor","Prolif_Invasive_Tumor",TRUE,0.0874139600611648
"75635","CD4+_T_Cells","CD4+_T_Cells",TRUE,0.0477429508984384
"76870","Perivascular-Like","Perivascular-Like",TRUE,0.159371564145612
"94126","Stromal","Stromal",TRUE,0.0459168611683403
"95390","CD4+_T_Cells","CD4+_T_Cells",TRUE,0.87739773222641
"77197","Stromal","Stromal",TRUE,0.0372393519069808
"78268","Perivascular-Like","Perivascular-Like",TRUE,0.378563984984568
"102975","Macrophages_1","Macrophages_1",TRUE,0.0454862907998367
"95393","B_Cells","B_Cells",TRUE,0.0604261743933791
"76910","CD4+_T_Cells","CD4+_T_Cells",TRUE,0.0568838094418479
"91995","CD4+_T_Cells","CD4+_T_Cells",TRUE,0.073909766537255
"78106","Macrophages_1","Macrophages_1",TRUE,0.00321950234626761
"95441","CD4+_T_Cells","CD4+_T_Cells",TRUE,0.00142272494936888
"78265","B_Cells","B_Cells",TRUE,0.0599463627245666
"102976","Stromal","Stromal",TRUE,0
"73386","Invasive_Tumor","Invasive_Tumor",TRUE,0.00571958142705209
"75624","B_Cells","B_Cells",TRUE,0.0115757137092941
"77749","Macrophages_2","Macrophages_1",FALSE,2
"91994","CD8+_T_Cells","CD8+_T_Cells",TRUE,0.123944227477191
"93045","Stromal","Stromal",TRUE,0.0253391057334481
"78114","Stromal","Stromal",TRUE,0
"74901","Endothelial","Endothelial",TRUE,0.0493591707677086
"93021","Stromal","Stromal",TRUE,0.0561274375128127
"91970","Stromal","Stromal",TRUE,0.0524767055630604
"103017","Stromal","Stromal",TRUE,0
"95406","Macrophages_2","Macrophages_2",TRUE,0.0650966608262349
"95387","Macrophages_2","Macrophages_2",TRUE,0.0866577523231976
"90553","Invasive_Tumor","Invasive_Tumor",TRUE,0.0131840641134062
"74194","CD8+_T_Cells","CD8+_T_Cells",TRUE,0.06073922773904
"93022","B_Cells","B_Cells",TRUE,0.0747609566730471
"93437","Stromal","Stromal",TRUE,0.0272237029487131
"95392","CD8+_T_Cells","CD8+_T_Cells",TRUE,0.0468107115125292
"94172","CD8+_T_Cells","CD8+_T_Cells",TRUE,0.0810113053928418
"77046","B_Cells","B_Cells",TRUE,0.0585818872479201
"78263","CD8+_T_Cells","CD8+_T_Cells",TRUE,0.0226544197553934
"90550","Invasive_Tumor","Invasive_Tumor",TRUE,0.22084313153363
"78108","Stromal","Stromal",TRUE,0.0500388560958246
"90545","Invasive_Tumor","Invasive_Tumor",TRUE,0.000589501835063554
"73343","Macrophages_1","Macrophages_1",TRUE,0.0720862013150019
"94131","Perivascular-Like","Perivascular-Like",TRUE,0.0477372172846205
"92095","Perivascular-Like","Perivascular-Like",TRUE,0.0893192004440077
"77455","Stromal","Stromal",TRUE,0.0631167755956036
"77042","CD8+_T_Cells","CD8+_T_Cells",TRUE,0.0439392608635877
"75654","Stromal","Stromal",TRUE,0
"95395","Stromal","Stromal",TRUE,0.0296464286490329
"105254","Stromal","Stromal",TRUE,0.0186013599723092
"76851","Macrophages_2","Macrophages_2",TRUE,0.0768755530483109
"91394","Stromal","Stromal",TRUE,0.0684387740825525
"95768","Stromal","Stromal",TRUE,0
"93027","Macrophages_1","Macrophages_1",TRUE,0.0513973551390644
"76875","Endothelial","Endothelial",TRUE,0.0471331314053828
"94130","CD8+_T_Cells","CD8+_T_Cells",TRUE,0.0664763404426805
"104973","Stromal","Stromal",TRUE,0.11143045745539
"77741","Macrophages_2","Stromal",FALSE,1.02941016720739
"76945","Macrophages_2","Macrophages_2",TRUE,0.100278313536641
"91680","Invasive_Tumor","Invasive_Tumor",TRUE,0
"74179","CD8+_T_Cells","CD8+_T_Cells",TRUE,0
"91965","Macrophages_1","Macrophages_1",TRUE,0.0934505485903312
"92894","CD8+_T_Cells","CD8+_T_Cells",TRUE,0.0592214137987204
"78113","Stromal","Stromal",TRUE,0.0625545705856893
"102977","Stromal","Stromal",TRUE,0
"91990","Macrophages_1","Macrophages_1",TRUE,0.354091493670256
"6233","Macrophages_2","CD4+_T_Cells",FALSE,0.468776263626292
"73388","Prolif_Invasive_Tumor","Prolif_Invasive_Tumor",TRUE,0.0185050607706432
"73436","Prolif_Invasive_Tumor","Prolif_Invasive_Tumor",TRUE,0.0243613843557297
"78103","CD4+_T_Cells","CD4+_T_Cells",TRUE,0.0449957812397243
"93016","Stromal","Stromal",TRUE,0.0447377559268096
"95444","CD8+_T_Cells","CD8+_T_Cells",TRUE,0.0533104608164997
"73581","Stromal","Stromal",TRUE,0.0614579630815417
"91234","Invasive_Tumor","Invasive_Tumor",TRUE,0.031659679341551
"93017","Stromal","Stromal",TRUE,0.0555647117527425
"74271","Macrophages_1","Macrophages_1",TRUE,0.0337711730718035
"78110","B_Cells","B_Cells",TRUE,0.0412439545571912
"92828","Stromal","Stromal",TRUE,0.175860811953816
"92895","Macrophages_1","Macrophages_1",TRUE,0.0317476886869644
"76850","Macrophages_2","Macrophages_2",TRUE,0.0453422200346222
"91641","Invasive_Tumor","Invasive_Tumor",TRUE,0.148906053706504
"92825","Perivascular-Like","Perivascular-Like",TRUE,0.060259449000963
"75622","CD8+_T_Cells","CD8+_T_Cells",TRUE,0
"74095","Stromal","Stromal",TRUE,0.0490958805464319
"93009","CD4+_T_Cells","CD4+_T_Cells",TRUE,0.0597200831149731
"90542","Invasive_Tumor","Invasive_Tumor",TRUE,0
"103360","Stromal","Stromal",TRUE,0.0536847743649941
"93012","Stromal","Stromal",TRUE,0.0601566527502875
"94173","Stromal","Stromal",TRUE,0.0397923468648053
"91649","Invasive_Tumor","Invasive_Tumor",TRUE,0.0242797304554529
"91985","CD4+_T_Cells","CD4+_T_Cells",TRUE,0
"91926","Invasive_Tumor","Invasive_Tumor",TRUE,0.0184887091616507
"75666","B_Cells","B_Cells",TRUE,0.0740021837134597
"93441","Stromal","Stromal",TRUE,0
"77482","Stromal","Stromal",TRUE,0.0582006406685127
"6232","CD4+_T_Cells","CD4+_T_Cells",TRUE,0.0410322513222012
"75679","CD8+_T_Cells","CD8+_T_Cells",TRUE,0.0532198873402041
"103266","Stromal","Stromal",TRUE,0
"93030","Macrophages_2","Stromal",FALSE,0.149448276287892
"93653","Macrophages_1","Macrophages_1",TRUE,0.0562440778585939
"74189","CD4+_T_Cells","CD4+_T_Cells",TRUE,0.0690561843428886
"103005","Stromal","Stromal",TRUE,0
"91943","Invasive_Tumor","Invasive_Tumor",TRUE,0
"77746","Stromal","Stromal",TRUE,0.0539533610083609
"76881","Stromal","Stromal",TRUE,0
"105262","Stromal","Stromal",TRUE,0.0327734320419341
"105269","Stromal","Stromal",TRUE,0.0871336010920463
"95440","B_Cells","B_Cells",TRUE,0.0487215901316251
"95410","CD4+_T_Cells","CD4+_T_Cells",TRUE,0.0512486990173422
"76852","Stromal","Stromal",TRUE,0.652093151864829
"91927","Perivascular-Like","Perivascular-Like",TRUE,0.0711222327517178
"73575","Invasive_Tumor","Invasive_Tumor",TRUE,0
"90554","Invasive_Tumor","Invasive_Tumor",TRUE,0
"73395","Prolif_Invasive_Tumor","Prolif_Invasive_Tumor",TRUE,0.0247299561924993
"93050","Stromal","Stromal",TRUE,0.0670755092444739
"91886","Stromal","Stromal",TRUE,0.02438386889396
"95388","Macrophages_1","Macrophages_1",TRUE,0.0950249824327489
"94133","Endothelial","Endothelial",TRUE,0.0882823768597074
"78264","Perivascular-Like","Perivascular-Like",TRUE,0.021648320325071
"73598","Macrophages_1","Macrophages_1",TRUE,0.0930959503998837
"93654","CD4+_T_Cells","CD4+_T_Cells",TRUE,0.0613378187002329
"78649","Stromal","Stromal",TRUE,0
"77745","Macrophages_1","Stromal",FALSE,0.0778769307786767
"78262","Perivascular-Like","Perivascular-Like",TRUE,0
"74257","Stromal","Stromal",TRUE,0
"94134","CD4+_T_Cells","CD4+_T_Cells",TRUE,0.0569528690889733
"74263","Stromal","Stromal",TRUE,0
"90549","Invasive_Tumor","Invasive_Tumor",TRUE,0.0104952844525932
"77943","Stromal","Stromal",TRUE,0.0189697811969338
"92475","B_Cells","B_Cells",TRUE,0.115064259207956
"73596","Stromal","Stromal",TRUE,0.0409035530526107
"91956","Invasive_Tumor","Invasive_Tumor",TRUE,0
"6066","Invasive_Tumor","Invasive_Tumor",TRUE,0.0190100151865425
"94176","CD4+_T_Cells","CD4+_T_Cells",TRUE,0.0451558557225816
"76865","CD4+_T_Cells","CD4+_T_Cells",TRUE,0.0531796693660415
"74204","CD8+_T_Cells","CD8+_T_Cells",TRUE,0.0469783993501639
"77955","Stromal","Stromal",TRUE,0
"77244","Stromal","Stromal",TRUE,0
"73340","Invasive_Tumor","Invasive_Tumor",TRUE,0.145540181995693
"76928","Stromal","Stromal",TRUE,0.0185422896482645
"95434","CD8+_T_Cells","CD8+_T_Cells",TRUE,0.0312575201613747
"92827","Macrophages_2","Stromal",FALSE,0.115788243330774
"94135","CD8+_T_Cells","CD8+_T_Cells",TRUE,0.569336848886424
"92472","Stromal","Stromal",TRUE,0.0831597822910016
"77751","Stromal","Stromal",TRUE,0.135721786878719
"91730","Invasive_Tumor","Invasive_Tumor",TRUE,0.00456521877966233
"77480","Stromal","Stromal",TRUE,0
"105260","B_Cells","B_Cells",TRUE,0.10646337065837
"91991","CD4+_T_Cells","CD4+_T_Cells",TRUE,0.0107094242777575
"91946","Invasive_Tumor","Invasive_Tumor",TRUE,0
"77470","Stromal","Stromal",TRUE,0
"90546","Invasive_Tumor","Invasive_Tumor",TRUE,0
"73345","Invasive_Tumor","Invasive_Tumor",TRUE,0.032342511400554
"94174","Stromal","Stromal",TRUE,0
"6231","CD8+_T_Cells","CD8+_T_Cells",TRUE,0.678693871318948
"76893","Stromal","Stromal",TRUE,0.0632963711196473
"78100","Endothelial","Endothelial",TRUE,0.0523280849961841
"92901","Macrophages_1","Macrophages_1",TRUE,0.0570419638124251
"105195","Stromal","Stromal",TRUE,0.0820996597192036
"91993","Macrophages_1","Macrophages_1",TRUE,0.0748863468963789
"95762","CD8+_T_Cells","CD8+_T_Cells",TRUE,0.0543845372995349
"105197","Stromal","Stromal",TRUE,0.0774486430146586
"78260","Macrophages_1","Macrophages_1",TRUE,0.0697370160131058
"73601","Prolif_Invasive_Tumor","Prolif_Invasive_Tumor",TRUE,0.0974517384865504
"73370","Invasive_Tumor","Invasive_Tumor",TRUE,0.0101207750530715
"91981","CD4+_T_Cells","CD4+_T_Cells",TRUE,0.0312606555906261
"77756","Endothelial","Endothelial",TRUE,0.0643291703929009
"92094","Invasive_Tumor","Invasive_Tumor",TRUE,0.00309989265859587
"77764","Stromal","Stromal",TRUE,0.0931644543433146
"90543","Invasive_Tumor","Invasive_Tumor",TRUE,0
"73384","Prolif_Invasive_Tumor","Prolif_Invasive_Tumor",TRUE,0.00130112002228596
"78101","Macrophages_1","Macrophages_1",TRUE,0.0694594229631606
"75260","Endothelial","Endothelial",TRUE,0.00775342983815133
"95414","CD4+_T_Cells","Stromal",FALSE,0.0622069958069368
"77253","CD4+_T_Cells","CD4+_T_Cells",TRUE,0.0656537967891959
"91642","Invasive_Tumor","Invasive_Tumor",TRUE,0
"105313","Stromal","Stromal",TRUE,0.0386254826096743
"76874","Stromal","Stromal",TRUE,0.015172021221164
"74250","Stromal","Stromal",TRUE,0.524521440923763
"105267","Stromal","Stromal",TRUE,0.201073464119898
"74181","B_Cells","B_Cells",TRUE,0
"95398","Stromal","Stromal",TRUE,0.0143107177439093
"93018","Stromal","Stromal",TRUE,0.0429841441606379
"8226","Stromal","Stromal",TRUE,0.127286909239728
"92896","Stromal","Stromal",TRUE,0
"93674","Stromal","Stromal",TRUE,0.0504730765481138
"95413","Macrophages_1","Macrophages_1",TRUE,0.0393498494679946
"78099","Endothelial","Endothelial",TRUE,0.0147492190020728
"95394","Endothelial","Stromal",FALSE,0.0495789973304648
"91987","CD4+_T_Cells","CD4+_T_Cells",TRUE,0.0239948537633112
"95409","Endothelial","Endothelial",TRUE,0.073433587909003
"76936","Stromal","Stromal",TRUE,0.101007370474475
"78660","Stromal","Stromal",TRUE,0.0407080064744023
"90552","Invasive_Tumor","Invasive_Tumor",TRUE,0
"73572","Prolif_Invasive_Tumor","Prolif_Invasive_Tumor",TRUE,0.0311479734928057
"91389","Macrophages_1","Macrophages_1",TRUE,0.0561400378354856
"105263","Stromal","Stromal",TRUE,0.0552748736438453
"91972","Stromal","Stromal",TRUE,0.0315424178997446
"92111","Invasive_Tumor","Invasive_Tumor",TRUE,0.0582974465099333
"76779","Stromal","Stromal",TRUE,0
"74269","CD4+_T_Cells","CD4+_T_Cells",TRUE,0.00622356567719534
"91928","Invasive_Tumor","DCIS 2",FALSE,1.38831689001733
"78258","CD4+_T_Cells","CD4+_T_Cells",TRUE,0.0528911614935032
"73373","Invasive_Tumor","Invasive_Tumor",TRUE,0.0054175854898974
"78096","CD4+_T_Cells","CD4+_T_Cells",TRUE,0
"91984","Macrophages_1","Macrophages_1",TRUE,0.142599313549468
"105303","Stromal","Stromal",TRUE,0
"93048","Stromal","Stromal",TRUE,0
"95438","CD4+_T_Cells","CD4+_T_Cells",TRUE,0.0507932400595686
"95749","Stromal","Stromal",TRUE,0
"74264","Macrophages_1","Macrophages_1",TRUE,0.0667064932089503
"94137","CD4+_T_Cells","CD4+_T_Cells",TRUE,0.0511624341300334
"93015","Stromal","Stromal",TRUE,0
"73431","Prolif_Invasive_Tumor","Prolif_Invasive_Tumor",TRUE,0.0307805234193598
"94136","Macrophages_1","Macrophages_1",TRUE,0.0719820034191587
"95397","Endothelial","Endothelial",TRUE,0.00115988298832073
"91938","Invasive_Tumor","Invasive_Tumor",TRUE,0.0172064076716512
"73342","Invasive_Tumor","Invasive_Tumor",TRUE,0.0127246220761217
"93049","Macrophages_2","Macrophages_2",TRUE,0.113052285643275
"92091","Prolif_Invasive_Tumor","Prolif_Invasive_Tumor",TRUE,0.0114987007076078
"103027","B_Cells","B_Cells",TRUE,0.0524308216127469
"92898","Macrophages_1","Macrophages_1",TRUE,0.00421822321520066
"93028","Stromal","Stromal",TRUE,0.04928765402983
"8160","Stromal","Stromal",TRUE,0.0014406792299226
"92085","Stromal","Stromal",TRUE,0.039495203039721
"95384","Stromal","Stromal",TRUE,0.0347629990963934
"92090","Invasive_Tumor","Invasive_Tumor",TRUE,0
"73580","Invasive_Tumor","Invasive_Tumor",TRUE,0.0341378869647413
"78095","IRF7+_DCs","IRF7+_DCs",TRUE,0.0578375934124658
"95416","Macrophages_1","Macrophages_1",TRUE,0.387904003947081
"78112","Stromal","Stromal",TRUE,0
"92087","Macrophages_1","Macrophages_1",TRUE,0.590573376395452
"74200","CD4+_T_Cells","CD4+_T_Cells",TRUE,0.0462670806597232
"77750","Stromal","Stromal",TRUE,0.0856160881532415
"91401","Stromal","Stromal",TRUE,0.0543805024566595
"77752","CD8+_T_Cells","CD8+_T_Cells",TRUE,0.0387202507528249
"91380","CD4+_T_Cells","CD4+_T_Cells",TRUE,0.758997772951839
"78259","Perivascular-Like","Perivascular-Like",TRUE,0.274880461668916
"95400","CD8+_T_Cells","CD8+_T_Cells",TRUE,0.0113252164239771
"92899","Macrophages_1","Macrophages_1",TRUE,0.0562878887141764
"91983","CD4+_T_Cells","CD4+_T_Cells",TRUE,0.0371418293008095
"78098","CD8+_T_Cells","CD8+_T_Cells",TRUE,0.0790336102135452
"93019","CD8+_T_Cells","CD8+_T_Cells",TRUE,0.0620563280728957
"73336","Prolif_Invasive_Tumor","Prolif_Invasive_Tumor",TRUE,0.00301978275413009
"77488","Stromal","Stromal",TRUE,0.025940790158488
"93031","Stromal","Stromal",TRUE,0.0544406638795017
"76886","CD8+_T_Cells","CD8+_T_Cells",TRUE,0.0618305510784995
"102997","Stromal","Stromal",TRUE,0
"73390","Invasive_Tumor","Invasive_Tumor",TRUE,0.0417977237627902
"73597","Macrophages_1","Macrophages_1",TRUE,0.00344506540623787
"78014","Stromal","Stromal",TRUE,0
"75266","CD8+_T_Cells","CD8+_T_Cells",TRUE,0.0593504156123385
"91923","Invasive_Tumor","Invasive_Tumor",TRUE,0
"77757","Macrophages_2","Macrophages_2",TRUE,0.0610236358441928
"78105","Stromal","Stromal",TRUE,0
"76867","Stromal","Stromal",TRUE,0
"6064","Stromal","Stromal",TRUE,0.0381005814029856
"6229","Stromal","Stromal",TRUE,0.057496213294629
"75261","CD8+_T_Cells","CD8+_T_Cells",TRUE,0
"74197","CD8+_T_Cells","CD8+_T_Cells",TRUE,0.0451676818307309
"92088","Invasive_Tumor","Invasive_Tumor",TRUE,0
"92093","Prolif_Invasive_Tumor","Prolif_Invasive_Tumor",TRUE,0
"92089","Macrophages_1","Macrophages_1",TRUE,0.12555931944928
"73582","Invasive_Tumor","Invasive_Tumor",TRUE,0.036065553435356
"93655","Stromal","Stromal",TRUE,0.0451591618618953
"93051","Stromal","Stromal",TRUE,0
"76946","CD4+_T_Cells","CD4+_T_Cells",TRUE,0.0410534700352851
"95740","Stromal","Stromal",TRUE,0.039973559398372
"105325","Stromal","Stromal",TRUE,0.0269670290177163
"76735","Stromal","Stromal",TRUE,0.0376367986778246
"77748","B_Cells","Stromal",FALSE,0.044266786828592
"94177","Stromal","Stromal",TRUE,0.0442141625885455
"78257","Macrophages_1","Macrophages_1",TRUE,0.00747172880287814
"95767","Stromal","Stromal",TRUE,0.0519990644884127
"91725","Invasive_Tumor","Invasive_Tumor",TRUE,0
"77256","CD8+_T_Cells","Stromal",FALSE,0.0890186151993809
"73338","Stromal","Stromal",TRUE,0.496499180564442
"74238","Stromal","Stromal",TRUE,0.0188779512454093
"77771","Stromal","Stromal",TRUE,0.186772911178714
"92110","Prolif_Invasive_Tumor","Prolif_Invasive_Tumor",TRUE,0.0106786069097251
"95754","Stromal","Stromal",TRUE,0.0562217692071986
"73573","Prolif_Invasive_Tumor","Prolif_Invasive_Tumor",TRUE,0.030780967403577
"76925","CD4+_T_Cells","CD4+_T_Cells",TRUE,0.0513678709207854
"90547","Invasive_Tumor","Invasive_Tumor",TRUE,0
"92092","Invasive_Tumor","Invasive_Tumor",TRUE,0.0166357700564602
"91643","Invasive_Tumor","Invasive_Tumor",TRUE,0.00788994159646772
"105309","Stromal","Stromal",TRUE,0.200194059223422
"92470","Stromal","Stromal",TRUE,0.123915027917512
"73379","Prolif_Invasive_Tumor","Prolif_Invasive_Tumor",TRUE,0
"90534","Prolif_Invasive_Tumor","Prolif_Invasive_Tumor",TRUE,0.00189290072309967
"93657","Endothelial","Endothelial",TRUE,0.02243621226488
"95418","CD8+_T_Cells","CD8+_T_Cells",TRUE,0.00229629783598173
"78659","Stromal","Stromal",TRUE,0
"75275","CD8+_T_Cells","CD8+_T_Cells",TRUE,0.109220345632012
"94178","CD8+_T_Cells","CD8+_T_Cells",TRUE,0.0497092371868248
"75658","CD8+_T_Cells","CD8+_T_Cells",TRUE,0.0533038608883921
"95415","B_Cells","B_Cells",TRUE,0.0331023364517633
"92654","Endothelial","Endothelial",TRUE,0.0862360841343027
"90541","Invasive_Tumor","Invasive_Tumor",TRUE,0.0107698580416556
"76898","Stromal","Stromal",TRUE,0.202605348059295
"90443","Invasive_Tumor","Invasive_Tumor",TRUE,0.00454581985800086
"75263","CD8+_T_Cells","CD8+_T_Cells",TRUE,0.0146386279600802
"77453","CD8+_T_Cells","Stromal",FALSE,0.0522414271509483
"76894","Stromal","Stromal",TRUE,0.0502701417531622
"91940","Invasive_Tumor","Invasive_Tumor",TRUE,0
"78094","LAMP3+_DCs","Stromal",FALSE,0.0771730600267498
"102978","Stromal","Stromal",TRUE,0.0585976940604136
"95775","Stromal","Stromal",TRUE,0.0434950783424931
"103359","Stromal","Stromal",TRUE,0
"76862","Stromal","Stromal",TRUE,0.0669679030076126
"94139","Stromal","Stromal",TRUE,0
"73566","Prolif_Invasive_Tumor","Prolif_Invasive_Tumor",TRUE,0.014823080748256
"105317","Stromal","Stromal",TRUE,0.0320698924375918
"76878","Stromal","Stromal",TRUE,0.0543560975049665
"95435","Stromal","Stromal",TRUE,0
"6230","Macrophages_2","Macrophages_2",TRUE,0.0837553119682038
"93658","B_Cells","B_Cells",TRUE,0.0543628195431118
"92905","CD4+_T_Cells","CD4+_T_Cells",TRUE,0.0573651532646307
"95399","Stromal","Stromal",TRUE,0.0430479130763139
"74184","CD8+_T_Cells","CD8+_T_Cells",TRUE,0.0420233183628232
"92169","Stromal","Stromal",TRUE,0.0687826009314349
"94175","Stromal","Stromal",TRUE,0.0415568845755357
"91931","Invasive_Tumor","Invasive_Tumor",TRUE,0.0107344017246831
"102990","Stromal","Stromal",TRUE,0.0344641787117587
"78650","CD8+_T_Cells","CD8+_T_Cells",TRUE,0.0683233960741262
"76734","Stromal","Stromal",TRUE,0.484424715840332
"73337","B_Cells","Stromal",FALSE,0.0989005584155078
"76560","Stromal","Stromal",TRUE,0
"94140","B_Cells","B_Cells",TRUE,0.306331762343382
"90544","Invasive_Tumor","Invasive_Tumor",TRUE,0.004655491975562
"92900","Stromal","Stromal",TRUE,0.0597202766389561
"92164","CD4+_T_Cells","CD4+_T_Cells",TRUE,0.0850784900177889
"78253","CD4+_T_Cells","CD4+_T_Cells",TRUE,0.0675124233504141
"78254","CD4+_T_Cells","CD4+_T_Cells",TRUE,0.0373524116239091
"77477","Stromal","Stromal",TRUE,0.0404687210620223
"91978","CD4+_T_Cells","CD4+_T_Cells",TRUE,0.0311309064936884
"73594","CD8+_T_Cells","CD8+_T_Cells",TRUE,0.0102239527946296
"77767","Stromal","Stromal",TRUE,0.0257958135513542
"103002","Stromal","Stromal",TRUE,0
"95743","CD4+_T_Cells","Stromal",FALSE,0.0655972944928329
"78255","Stromal","Stromal",TRUE,0
"91989","CD4+_T_Cells","CD4+_T_Cells",TRUE,0
"6349","Stromal","Stromal",TRUE,0.0532691348029313
"78102","Stromal","Stromal",TRUE,0
"90528","Prolif_Invasive_Tumor","Prolif_Invasive_Tumor",TRUE,0.144881438763949
"78249","Stromal","Stromal",TRUE,0
"74869","Invasive_Tumor","Invasive_Tumor",TRUE,0.0475691645209011
"95391","Stromal","Stromal",TRUE,0.0342496262521685
"78091","CD8+_T_Cells","CD8+_T_Cells",TRUE,0.0165084869267579
"74262","CD4+_T_Cells","CD4+_T_Cells",TRUE,0.0530302964038105
"76940","B_Cells","B_Cells",TRUE,0.0675822215217568
"95424","Stromal","Stromal",TRUE,0.069099151984733
"77754","Stromal","Stromal",TRUE,0.0663077937441151
"77761","Perivascular-Like","Perivascular-Like",TRUE,0.0451435351869149
"91982","CD4+_T_Cells","CD4+_T_Cells",TRUE,0
"105322","Stromal","Stromal",TRUE,0
"105266","Stromal","Stromal",TRUE,0.0432417597498129
"6065","Macrophages_1","Stromal",FALSE,0.103005190898759
"95408","Stromal","Stromal",TRUE,0.0428206229754218
"103016","Stromal","Stromal",TRUE,0
"76939","Macrophages_1","Macrophages_1",TRUE,0.0380894489556591
"90535","Invasive_Tumor","Invasive_Tumor",TRUE,0.0146920940168511
"95758","CD8+_T_Cells","CD8+_T_Cells",TRUE,0.0560793781241695
"91724","Invasive_Tumor","Invasive_Tumor",TRUE,0.00371958858429886
"91979","CD4+_T_Cells","CD4+_T_Cells",TRUE,0.00761292843422696
"95425","Macrophages_1","Macrophages_1",TRUE,0.0726455029877711
"102979","Macrophages_1","Macrophages_1",TRUE,0.0464714772496777
"73435","Invasive_Tumor","Invasive_Tumor",TRUE,0.0237178999463367
"76941","CD4+_T_Cells","CD4+_T_Cells",TRUE,0
"77758","Stromal","Stromal",TRUE,0.0528829158355971
"90740","Invasive_Tumor","Invasive_Tumor",TRUE,0
"76877","CD8+_T_Cells","CD8+_T_Cells",TRUE,0.0515049704765705
"78087","CD4+_T_Cells","CD4+_T_Cells",TRUE,0.0264704472580316
"77953","Stromal","Stromal",TRUE,0.0445709645550307
"92083","Invasive_Tumor","Invasive_Tumor",TRUE,0
"91944","Invasive_Tumor","Invasive_Tumor",TRUE,0
"74241","Macrophages_2","Macrophages_2",TRUE,0.100006757783801
"92829","Stromal","Stromal",TRUE,0
"73391","Stromal","Stromal",TRUE,0.0444080454097631
"91388","Stromal","Stromal",TRUE,0.103300912758038
"93055","Stromal","Stromal",TRUE,0
"76733","CD4+_T_Cells","CD4+_T_Cells",TRUE,0.0528670658496766
"94138","Stromal","Stromal",TRUE,0.0356586951089228
"92467","Macrophages_2","Macrophages_2",TRUE,0.0851754962867217
"95405","CD8+_T_Cells","CD8+_T_Cells",TRUE,0.00743726655826499
"78251","Macrophages_1","Macrophages_1",TRUE,0.0583932037094598
"92466","Stromal","Stromal",TRUE,0.338760419049179
"105289","Stromal","Stromal",TRUE,0
"90533","Prolif_Invasive_Tumor","Prolif_Invasive_Tumor",TRUE,0.0116949306439795
"73387","Invasive_Tumor","Invasive_Tumor",TRUE,0
"94179","CD8+_T_Cells","CD8+_T_Cells",TRUE,0.0536896059673893
"92831","Stromal","Stromal",TRUE,0.0813437176027933
"73428","Prolif_Invasive_Tumor","Prolif_Invasive_Tumor",TRUE,0.0258884048311368
"78092","B_Cells","B_Cells",TRUE,0.0433762463929264
"74187","Stromal","Stromal",TRUE,0
"8187","Stromal","Stromal",TRUE,0.0363227512222248
"102991","Stromal","Stromal",TRUE,0
"77484","Stromal","Stromal",TRUE,0
"93053","Stromal","Stromal",TRUE,0.0196764272400672
"92906","CD4+_T_Cells","CD4+_T_Cells",TRUE,0.0704853548434256
"94142","CD8+_T_Cells","Stromal",FALSE,0.0796400710137098
"78015","Stromal","Stromal",TRUE,0
"74247","Macrophages_1","Macrophages_1",TRUE,0.0495351665681472
"73570","Invasive_Tumor","Invasive_Tumor",TRUE,0
"77252","Stromal","Stromal",TRUE,0.0118241792886946
"92476","Stromal","Stromal",TRUE,0.0236338165018433
"92162","Stromal","Stromal",TRUE,0.110454302790524
"92830","Stromal","Stromal",TRUE,0
"92893","CD8+_T_Cells","CD8+_T_Cells",TRUE,0.0407805272194875
"78250","Stromal","Stromal",TRUE,0
"92902","CD4+_T_Cells","CD4+_T_Cells",TRUE,0.066418629442897
"76895","Macrophages_1","Macrophages_1",TRUE,0.0373813573288697
"92897","Stromal","Stromal",TRUE,0.0308254691196349
"92909","Stromal","Stromal",TRUE,0
"91986","Stromal","Stromal",TRUE,0.0798639297110337
"77468","Stromal","Stromal",TRUE,0.0739732004297377
"78084","Stromal","Stromal",TRUE,0
"94180","Macrophages_1","Macrophages_1",TRUE,0.065042326818829
"78093","CD4+_T_Cells","CD4+_T_Cells",TRUE,0.555080278376872
"74165","Stromal","Stromal",TRUE,0.0339737622796256
"91932","Invasive_Tumor","Invasive_Tumor",TRUE,0
"92080","Invasive_Tumor","Invasive_Tumor",TRUE,0
"102983","Stromal","Stromal",TRUE,0.0771221299738254
"76857","Stromal","Stromal",TRUE,0.0479436325396988
"105270","Stromal","Stromal",TRUE,0.0177125125579604
"92082","Invasive_Tumor","Invasive_Tumor",TRUE,0
"73595","Stromal","Stromal",TRUE,0.295957373257928
"7674","Stromal","Stromal",TRUE,0.0741303072397252
"6350","B_Cells","B_Cells",TRUE,0.0620962249378277
"92167","Perivascular-Like","Perivascular-Like",TRUE,0.0104299904584473
"95771","Stromal","Stromal",TRUE,0.0262865650760161
"78248","CD8+_T_Cells","CD8+_T_Cells",TRUE,0.0502141448949298
"6228","CD8+_T_Cells","CD8+_T_Cells",TRUE,0.0565046211284235
"75262","Stromal","Stromal",TRUE,0
"92910","Stromal","Stromal",TRUE,0.81231126622355
"91948","Invasive_Tumor","Invasive_Tumor",TRUE,0.0835639402668459
"77966","Stromal","Stromal",TRUE,0.0595653491666953
"92658","Perivascular-Like","Perivascular-Like",TRUE,0.0731528789750203
"93676","B_Cells","B_Cells",TRUE,0.0756673776336028
"93032","Mast_Cells","Mast_Cells",TRUE,0.0151160539485564
"103257","Stromal","Stromal",TRUE,0
"73576","Prolif_Invasive_Tumor","Prolif_Invasive_Tumor",TRUE,0.0602106365392794
"76931","Stromal","Stromal",TRUE,0.0335941819847493
"93038","Stromal","Stromal",TRUE,0.0784912489937644
"78252","CD8+_T_Cells","CD8+_T_Cells",TRUE,0.0621680395216699
"90525","Invasive_Tumor","Invasive_Tumor",TRUE,0
"73579","Prolif_Invasive_Tumor","Prolif_Invasive_Tumor",TRUE,0
"95766","CD4+_T_Cells","CD4+_T_Cells",TRUE,0.00499631019938035
"94145","Macrophages_1","Macrophages_1",TRUE,0.0377644638573909
"95745","Macrophages_1","Macrophages_1",TRUE,0.0747501227386891
"91954","Invasive_Tumor","Invasive_Tumor",TRUE,0.00717281953478598
"90536","Prolif_Invasive_Tumor","Prolif_Invasive_Tumor",TRUE,0
"105271","Stromal","Stromal",TRUE,0.213810513433972
"74236","Stromal","Stromal",TRUE,0.0515801686716674
"78658","Stromal","Stromal",TRUE,0.0453449289879088
"77768","Endothelial","Endothelial",TRUE,0.0101081576479249
"94141","Stromal","Stromal",TRUE,0.0720652553877425
"75279","CD8+_T_Cells","CD8+_T_Cells",TRUE,0
"77497","Stromal","Stromal",TRUE,0
"95422","Macrophages_1","Macrophages_1",TRUE,0.00450701318650848
"73339","Invasive_Tumor","Invasive_Tumor",TRUE,0
"93041","Macrophages_2","Macrophages_2",TRUE,0.123797245500625
"90527","Invasive_Tumor","Invasive_Tumor",TRUE,0
"76942","CD4+_T_Cells","CD4+_T_Cells",TRUE,0.058221281589831
"91945","Invasive_Tumor","Invasive_Tumor",TRUE,0
"92084","Invasive_Tumor","Invasive_Tumor",TRUE,0.0106135060926052
"92469","Macrophages_2","Macrophages_2",TRUE,0.0508293948191691
"93675","CD8+_T_Cells","CD8+_T_Cells",TRUE,0.0639768926416489
"73376","Invasive_Tumor","Invasive_Tumor",TRUE,0.0174890607010556
"90441","Invasive_Tumor","Invasive_Tumor",TRUE,0
"93677","CD8+_T_Cells","CD8+_T_Cells",TRUE,0.054121529600074
"95748","Stromal","Stromal",TRUE,0.0835906768936084
"73592","Macrophages_1","Macrophages_1",TRUE,0.0925036678885632
"90742","Invasive_Tumor","Invasive_Tumor",TRUE,0
"74905","Stromal","Stromal",TRUE,0.011426541767611
"74161","CD4+_T_Cells","CD4+_T_Cells",TRUE,0.0620189225553661
"77759","Macrophages_2","Macrophages_2",TRUE,0.0335922163410896
"78089","Stromal","Stromal",TRUE,0.141349624745402
"95423","Stromal","Stromal",TRUE,0.0244509777386233
"74173","Stromal","Stromal",TRUE,0.482371737615989
"93659","CD4+_T_Cells","CD4+_T_Cells",TRUE,0.0442366548388445
"93029","Stromal","Stromal",TRUE,0.124935075035418
"78244","CD8+_T_Cells","CD8+_T_Cells",TRUE,0.0253044565282788
"92098","Invasive_Tumor","Invasive_Tumor",TRUE,0
"76884","CD8+_T_Cells","CD8+_T_Cells",TRUE,0.0398703443125807
"95737","Stromal","Stromal",TRUE,0.0599777159911821
"95421","CD4+_T_Cells","CD4+_T_Cells",TRUE,0
"73363","Invasive_Tumor","Invasive_Tumor",TRUE,0
"76889","CD4+_T_Cells","CD4+_T_Cells",TRUE,0.0603490143157712
"76726","Macrophages_1","Macrophages_1",TRUE,0.0472972266694746
"102981","Stromal","Stromal",TRUE,0
"76926","CD4+_T_Cells","CD4+_T_Cells",TRUE,0.0809060619027929
"73562","Invasive_Tumor","Invasive_Tumor",TRUE,0
"94144","Stromal","Stromal",TRUE,0
"92464","Stromal","Stromal",TRUE,0.0629032476622647
"105276","Stromal","Stromal",TRUE,0
"76888","CD4+_T_Cells","CD4+_T_Cells",TRUE,0.0383939882070676
"76905","Macrophages_1","Macrophages_1",TRUE,0.0381859964970716
"92086","Prolif_Invasive_Tumor","Prolif_Invasive_Tumor",TRUE,0.087397397196589
"103264","Stromal","Stromal",TRUE,0.0602793279409578
"93679","CD8+_T_Cells","CD8+_T_Cells",TRUE,0.0280132672643957
"90539","Prolif_Invasive_Tumor","Prolif_Invasive_Tumor",TRUE,0.0220179921454875
"74904","Stromal","Stromal",TRUE,0.0478244837879061
"95403","CD8+_T_Cells","CD8+_T_Cells",TRUE,0.689757578375411
"90537","Prolif_Invasive_Tumor","Prolif_Invasive_Tumor",TRUE,0.00559788872419468
"91403","Stromal","Stromal",TRUE,0.0240405003906648
"73369","Invasive_Tumor","Invasive_Tumor",TRUE,0
"77763","Macrophages_1","Macrophages_1",TRUE,0.0772692988017665
"90460","Invasive_Tumor","Invasive_Tumor",TRUE,0
"91980","CD4+_T_Cells","CD4+_T_Cells",TRUE,0.0699637962099286
"8161","Endothelial","Endothelial",TRUE,0.61912750633714
"92078","Invasive_Tumor","Invasive_Tumor",TRUE,0.145051461289475
"78246","CD8+_T_Cells","CD8+_T_Cells",TRUE,0.024388083248082
"92471","CD4+_T_Cells","CD4+_T_Cells",TRUE,0.0206465170169118
"105268","Stromal","Stromal",TRUE,0.127437941544935
"74248","CD8+_T_Cells","CD8+_T_Cells",TRUE,0.00240513087669247
"77479","Stromal","Stromal",TRUE,0.0628971654389926
"90444","Invasive_Tumor","Invasive_Tumor",TRUE,0
"95751","CD8+_T_Cells","CD8+_T_Cells",TRUE,0.641371837152567
"78097","Stromal","Stromal",TRUE,0
"76579","Stromal","Stromal",TRUE,0.0307960735583088
"102984","Stromal","Stromal",TRUE,0.0570448155396032
"92081","Invasive_Tumor","Invasive_Tumor",TRUE,0.0380675382946936
"95725","CD4+_T_Cells","CD4+_T_Cells",TRUE,0.0303386641965833
"76902","Stromal","Stromal",TRUE,0.0473151493511486
"90532","DCIS 1","Prolif_Invasive_Tumor",FALSE,0.0969367525019461
"78247","CD4+_T_Cells","CD4+_T_Cells",TRUE,0.0870425925825367
"103357","Stromal","Stromal",TRUE,0.0181201937436678
"92158","Macrophages_1","Macrophages_1",TRUE,0.0615076902189927
"92170","Perivascular-Like","Perivascular-Like",TRUE,0.0475631266947252
"76876","Stromal","Stromal",TRUE,0
"77454","Stromal","Stromal",TRUE,0.0410370231894065
"95402","Macrophages_2","Macrophages_2",TRUE,0.114970070149365
"90459","Invasive_Tumor","Invasive_Tumor",TRUE,0
"74253","CD8+_T_Cells","CD8+_T_Cells",TRUE,0.00223959143933403
"92109","Invasive_Tumor","Invasive_Tumor",TRUE,0.00813619073647236
"76727","CD4+_T_Cells","CD4+_T_Cells",TRUE,0.044125685722282
"77765","Endothelial","Endothelial",TRUE,0.0199356461445315
"92163","Macrophages_1","Macrophages_1",TRUE,0.0269900172873598
"95420","CD8+_T_Cells","CD8+_T_Cells",TRUE,0.00742641025878092
"104976","Stromal","Stromal",TRUE,0
"91393","Stromal","Stromal",TRUE,0.0674741479546884
"95411","Stromal","Stromal",TRUE,0.0063926661133087
"73335","CD4+_T_Cells","Stromal",FALSE,0.0969008528646969
"94143","Stromal","Stromal",TRUE,0.0670370677973205
"92911","CD8+_T_Cells","CD8+_T_Cells",TRUE,0.000709539314795532
"92074","Prolif_Invasive_Tumor","Prolif_Invasive_Tumor",TRUE,0
"73569","Invasive_Tumor","Invasive_Tumor",TRUE,0.0633815971604972
"91939","Invasive_Tumor","Invasive_Tumor",TRUE,0
"6351","Stromal","Stromal",TRUE,0
"90522","Invasive_Tumor","Invasive_Tumor",TRUE,0.00570235167262272
"77962","Stromal","Stromal",TRUE,0.0397290352889823
"92166","Perivascular-Like","Perivascular-Like",TRUE,0.0236145973039865
"95774","Stromal","Stromal",TRUE,0.0229125248956461
"103258","Stromal","Stromal",TRUE,0
"102992","Stromal","Stromal",TRUE,0
"92076","Prolif_Invasive_Tumor","Prolif_Invasive_Tumor",TRUE,0.0148397813066435
"92462","CD8+_T_Cells","CD8+_T_Cells",TRUE,0.00953661878077391
"93035","Stromal","Stromal",TRUE,0.0488829935064864
"91925","Invasive_Tumor","Invasive_Tumor",TRUE,0.624325915417215
"77755","Macrophages_1","Macrophages_1",TRUE,0.0470059969056877
"76899","Stromal","Stromal",TRUE,0.0414461705479513
"90538","Prolif_Invasive_Tumor","Prolif_Invasive_Tumor",TRUE,0.00555379096845907
"90445","Invasive_Tumor","Invasive_Tumor",TRUE,0
"76912","CD8+_T_Cells","Stromal",FALSE,0.0701672459758332
"78243","Macrophages_1","Macrophages_1",TRUE,0.0722395284509509
"75259","Macrophages_1","Macrophages_1",TRUE,0.0533632711521228
"77969","Stromal","Stromal",TRUE,0.0878529764985309
"73565","Prolif_Invasive_Tumor","Prolif_Invasive_Tumor",TRUE,0.028638412883892
"77485","Stromal","Stromal",TRUE,0
"78081","CD4+_T_Cells","CD4+_T_Cells",TRUE,0.0404849671541765
"92939","Macrophages_2","Stromal",FALSE,0.155399456536475
"78083","CD8+_T_Cells","CD8+_T_Cells",TRUE,0.0521502297362046
"95763","CD8+_T_Cells","CD8+_T_Cells",TRUE,0.0549864065580371
"75234","CD8+_T_Cells","CD8+_T_Cells",TRUE,0.0023340629526124
"103263","Stromal","Stromal",TRUE,0.0523874989555113
"78656","Macrophages_2","Macrophages_2",TRUE,0.076362387444066
"76883","Stromal","Stromal",TRUE,0.0436627351909651
"90530","Invasive_Tumor","Invasive_Tumor",TRUE,0.00300652021952728
"73382","Prolif_Invasive_Tumor","Prolif_Invasive_Tumor",TRUE,0.0174550760735983
"74170","CD8+_T_Cells","Stromal",FALSE,0.0727696954953004
"92659","Endothelial","Endothelial",TRUE,0.07847985198129
"76732","CD4+_T_Cells","CD4+_T_Cells",TRUE,0.0307687698322717
"91953","Invasive_Tumor","Invasive_Tumor",TRUE,0.00212055853312652
"105274","Stromal","Stromal",TRUE,0.0908540438662892
"92073","Stromal","Stromal",TRUE,0.0533975297197071
"76932","CD4+_T_Cells","CD4+_T_Cells",TRUE,0.0414860213937403
"77954","Stromal","Stromal",TRUE,0
"74237","Stromal","Stromal",TRUE,0.065322877791654
"105312","Stromal","Stromal",TRUE,0
"78245","Stromal","Stromal",TRUE,0.0508371565521566
"102980","Stromal","Stromal",TRUE,0
"7670","Stromal","Stromal",TRUE,0.0735787676070436
"78080","Macrophages_1","Macrophages_1",TRUE,0.0540072193491946
"74227","Stromal","Stromal",TRUE,0.0450795377673405
"92079","Prolif_Invasive_Tumor","Prolif_Invasive_Tumor",TRUE,0
"92465","CD8+_T_Cells","CD8+_T_Cells",TRUE,0.013115511914864
"95757","CD4+_T_Cells","CD4+_T_Cells",TRUE,0.00110343392377138
"92914","CD4+_T_Cells","CD4+_T_Cells",TRUE,0.0652563558809718
"73427","Prolif_Invasive_Tumor","Prolif_Invasive_Tumor",TRUE,0
"91935","Invasive_Tumor","Invasive_Tumor",TRUE,0.00322017012864653
"92908","Macrophages_2","Macrophages_1",FALSE,1.56586817719386
"93661","Stromal","Stromal",TRUE,0
"95419","CD4+_T_Cells","CD4+_T_Cells",TRUE,0.0519217042196228
"76559","Stromal","Stromal",TRUE,0.017417813464227
"6227","Stromal","Stromal",TRUE,0
"103270","Stromal","Stromal",TRUE,0
"74133","B_Cells","B_Cells",TRUE,0.0559984803488243
"78242","CD8+_T_Cells","CD8+_T_Cells",TRUE,0.0483696539968099
"95714","B_Cells","B_Cells",TRUE,0.0635059435488223
"73433","Invasive_Tumor","Invasive_Tumor",TRUE,0
"95404","Stromal","Stromal",TRUE,0.0435095035090046
"92913","CD8+_T_Cells","CD8+_T_Cells",TRUE,0.0379983137272
"92942","CD4+_T_Cells","CD4+_T_Cells",TRUE,0.0477353706073643
"92070","Invasive_Tumor","Invasive_Tumor",TRUE,0
"76728","CD8+_T_Cells","CD8+_T_Cells",TRUE,0.0496336348505165
"90736","Invasive_Tumor","Invasive_Tumor",TRUE,0.0476314519271683
"93033","Stromal","Stromal",TRUE,0.110282384495585
"105295","Stromal","Stromal",TRUE,0.134256817923797
"77942","Stromal","Stromal",TRUE,0.030080633237169
"90439","Invasive_Tumor","Invasive_Tumor",TRUE,0
"78086","Macrophages_1","Macrophages_1",TRUE,0.0552624078984801
"92157","Stromal","Stromal",TRUE,0.0225338700790769
"92845","Stromal","Stromal",TRUE,0.076229833580793
"90519","Prolif_Invasive_Tumor","Prolif_Invasive_Tumor",TRUE,0.000513495818991218
"78088","Stromal","Stromal",TRUE,0.0449032220434726
"90529","Prolif_Invasive_Tumor","Prolif_Invasive_Tumor",TRUE,0.0186228394830774
"105326","Stromal","Stromal",TRUE,0
"74159","CD8+_T_Cells","Stromal",FALSE,0.0719946080443456
"93058","Stromal","Stromal",TRUE,0.10881463227419
"78085","Stromal","Stromal",TRUE,0
"95709","CD4+_T_Cells","CD4+_T_Cells",TRUE,0
"103000","Stromal","Stromal",TRUE,0.0735110006706283
"6226","Macrophages_1","Macrophages_1",TRUE,0.0459852348451353
"92912","CD8+_T_Cells","CD8+_T_Cells",TRUE,0.034419236983902
"92907","CD4+_T_Cells","CD4+_T_Cells",TRUE,0.0646412575407716
"95734","Stromal","Stromal",TRUE,0.0351440261459492
"77770","CD4+_T_Cells","CD4+_T_Cells",TRUE,0.086412417057401
"92153","Stromal","Stromal",TRUE,0.0598123997803575
"77976","Stromal","Stromal",TRUE,0.0168291766789325
"92468","B_Cells","B_Cells",TRUE,0.19948257050724
"75286","Stromal","Stromal",TRUE,0.297690351616435
"90440","Invasive_Tumor","Invasive_Tumor",TRUE,0.0181030918827679
"73571","Prolif_Invasive_Tumor","Prolif_Invasive_Tumor",TRUE,0.0361113349245783
"73590","Invasive_Tumor","Invasive_Tumor",TRUE,0.109816320457121
"77483","Stromal","Stromal",TRUE,0.054398025613067
"94181","CD8+_T_Cells","CD8+_T_Cells",TRUE,0.0700287337283937
"92651","Stromal","Stromal",TRUE,0.0138975149783818
"77965","Myoepi_ACTA2+","Myoepi_ACTA2+",TRUE,0.0179739752393944
"91386","Macrophages_2","Macrophages_2",TRUE,0.0971343837052499
"78240","B_Cells","B_Cells",TRUE,0.0185965846033804
"74866","Stromal","Stromal",TRUE,0.0729733893213363
"91374","Stromal","Stromal",TRUE,0.16658242156961
"94146","Stromal","Stromal",TRUE,0
"93040","Stromal","Stromal",TRUE,0.0387673130489787
"90744","Prolif_Invasive_Tumor","Prolif_Invasive_Tumor",TRUE,0
"78090","Stromal","Stromal",TRUE,0
"75289","Stromal","Stromal",TRUE,0.063749796075581
"105175","Stromal","Stromal",TRUE,0.0120039806670993
"95746","Stromal","Stromal",TRUE,0
"93660","Stromal","Stromal",TRUE,0.0162035924922149
"76729","CD4+_T_Cells","CD4+_T_Cells",TRUE,0.0543392944767853
"78653","Macrophages_1","Macrophages_1",TRUE,0.0716552204633695
"8248","Stromal","Stromal",TRUE,0.0884056647527169
"74139","CD4+_T_Cells","CD4+_T_Cells",TRUE,0.0661779635322746
"77769","Stromal","Stromal",TRUE,0.0470660065281824
"77492","Stromal","Stromal",TRUE,0
"105308","Stromal","Stromal",TRUE,0.0321207758962415
"6352","Stromal","Stromal",TRUE,0.0656743172243187
"92833","Stromal","Stromal",TRUE,0
"92940","B_Cells","Stromal",FALSE,0.0910748827280765
"92077","Prolif_Invasive_Tumor","Prolif_Invasive_Tumor",TRUE,0
"90447","Invasive_Tumor","Invasive_Tumor",TRUE,0
"76897","Stromal","Stromal",TRUE,0.173946190784182
"90521","Prolif_Invasive_Tumor","Prolif_Invasive_Tumor",TRUE,0.0696257508183009
"92463","CD4+_T_Cells","CD4+_T_Cells",TRUE,0.0547523479250873
"91941","Invasive_Tumor","Invasive_Tumor",TRUE,0
"74233","Stromal","Stromal",TRUE,0.0348148152770833
"90531","Prolif_Invasive_Tumor","Prolif_Invasive_Tumor",TRUE,0
"76730","IRF7+_DCs","IRF7+_DCs",TRUE,0.0247439821098947
"78079","Macrophages_1","Macrophages_1",TRUE,0.03938231367858
"73563","Prolif_Invasive_Tumor","Prolif_Invasive_Tumor",TRUE,0.0230239815747656
"78239","CD4+_T_Cells","CD4+_T_Cells",TRUE,0.0622476841040843
"95720","Stromal","Stromal",TRUE,0
"73361","Prolif_Invasive_Tumor","Prolif_Invasive_Tumor",TRUE,0.00167910254293591
"92065","Invasive_Tumor","Invasive_Tumor",TRUE,0.0716629331139406
"105273","Stromal","Stromal",TRUE,0
"78241","B_Cells","B_Cells",TRUE,0.0289002193287156
"74249","Macrophages_1","Macrophages_1",TRUE,0
"77469","Stromal","Stromal",TRUE,0
"76904","Macrophages_2","Macrophages_2",TRUE,0.0524964746989874
"95760","Stromal","Stromal",TRUE,0.0574268949485175
"95773","CD8+_T_Cells","CD8+_T_Cells",TRUE,0.0604933384618513
"74226","Endothelial","Endothelial",TRUE,0.703247147306014
"92657","Perivascular-Like","Perivascular-Like",TRUE,0.0901800756551546
"73380","Prolif_Invasive_Tumor","Prolif_Invasive_Tumor",TRUE,0.00548377735022565
"73578","Prolif_Invasive_Tumor","Prolif_Invasive_Tumor",TRUE,0.0562192113391678
"92655","Endothelial","Endothelial",TRUE,0.0460160205005629
"76719","CD8+_T_Cells","CD8+_T_Cells",TRUE,0.0314540457260387
"94148","Stromal","Stromal",TRUE,0.0581005224035631
"92075","Invasive_Tumor","Invasive_Tumor",TRUE,0
"77981","Stromal","Stromal",TRUE,0.344382336798596
"105191","Stromal","Stromal",TRUE,0.046453519639077
"73591","Prolif_Invasive_Tumor","Prolif_Invasive_Tumor",TRUE,0.0358592927685945
"92069","Invasive_Tumor","Invasive_Tumor",TRUE,0.043633804258482
"77974","Myoepi_ACTA2+","Myoepi_ACTA2+",TRUE,0.0569322903423991
"94147","CD8+_T_Cells","CD8+_T_Cells",TRUE,0.0714913893102049
"95147","CD4+_T_Cells","CD4+_T_Cells",TRUE,0.0525124502094643
"90512","Invasive_Tumor","Invasive_Tumor",TRUE,0.351618728964072
"90739","Prolif_Invasive_Tumor","Prolif_Invasive_Tumor",TRUE,0.290704519999196
"93440","Stromal","Stromal",TRUE,0.0580942191978413
"92104","Prolif_Invasive_Tumor","Prolif_Invasive_Tumor",TRUE,0
"92832","Stromal","Stromal",TRUE,0.0478084710939266
"73368","Invasive_Tumor","Invasive_Tumor",TRUE,0
"73586","Prolif_Invasive_Tumor","Prolif_Invasive_Tumor",TRUE,0.00274482117190268
"73400","Prolif_Invasive_Tumor","Prolif_Invasive_Tumor",TRUE,0.0228609606472579
"94149","B_Cells","B_Cells",TRUE,0.0623434135818851
"78077","CD4+_T_Cells","CD4+_T_Cells",TRUE,0.0556556038336887
"90520","Invasive_Tumor","Invasive_Tumor",TRUE,0
"78237","CD4+_T_Cells","CD4+_T_Cells",TRUE,0.0552935879358315
"92072","Invasive_Tumor","Invasive_Tumor",TRUE,0
"92915","Stromal","Stromal",TRUE,0.0693727334995641
"92656","Endothelial","Endothelial",TRUE,0.0768613359182049
"92067","Invasive_Tumor","Invasive_Tumor",TRUE,0
"102982","Stromal","Stromal",TRUE,0.103079572281284
"74225","Macrophages_2","Macrophages_2",TRUE,0.146519972216209
"76906","Stromal","Stromal",TRUE,0
"90442","Invasive_Tumor","Invasive_Tumor",TRUE,0
"93678","Stromal","Stromal",TRUE,0.0519798735088213
"90469","Prolif_Invasive_Tumor","Prolif_Invasive_Tumor",TRUE,0.0112150629193305
"95727","Stromal","Stromal",TRUE,0.184769825761971
"92168","Endothelial","Endothelial",TRUE,0
"74900","Stromal","Stromal",TRUE,0
"95770","Stromal","Stromal",TRUE,0.0678395450129656
"76565","Macrophages_1","Stromal",FALSE,0.0751121412716586
"92455","Perivascular-Like","Perivascular-Like",TRUE,0
"95401","Stromal","Stromal",TRUE,0.0666781527903457
"73559","Invasive_Tumor","Invasive_Tumor",TRUE,0.191621940459659
"92154","Perivascular-Like","Perivascular-Like",TRUE,0.0113675260144221
"76918","Stromal","Stromal",TRUE,0.0633905960229192
"77945","Stromal","Stromal",TRUE,0
"94150","CD8+_T_Cells","CD8+_T_Cells",TRUE,0.0303373201856776
"74231","Endothelial","Endothelial",TRUE,0.0069144595322964
"78238","CD8+_T_Cells","CD8+_T_Cells",TRUE,0.0454198674130133
"76887","Stromal","Stromal",TRUE,0
"103001","CD8+_T_Cells","CD8+_T_Cells",TRUE,0.0153718861366691
"105318","Stromal","Stromal",TRUE,0
"103358","Stromal","Stromal",TRUE,0
"92921","Macrophages_1","Macrophages_1",TRUE,0.0655703056517776
"104970","Stromal","Stromal",TRUE,0
"91933","Invasive_Tumor","Invasive_Tumor",TRUE,0.00877707086243225
"76937","Stromal","Stromal",TRUE,0.196597763241225
"94182","Stromal","Stromal",TRUE,0.0360862938246445
"91385","Macrophages_2","Macrophages_2",TRUE,0.0270722011009109
"105272","Stromal","Stromal",TRUE,0.106989906605149
"76890","Stromal","Stromal",TRUE,0
"105305","Stromal","Stromal",TRUE,0.172383453517176
"104975","Stromal","Stromal",TRUE,0.00210810487204506
"92063","Prolif_Invasive_Tumor","Prolif_Invasive_Tumor",TRUE,0.00593759296903364
"74164","Stromal","Stromal",TRUE,0.0337727313199511
"93043","Stromal","Stromal",TRUE,0.296622403049436
"77961","Myoepi_ACTA2+","Myoepi_ACTA2+",TRUE,0.0482709618693126
"76721","Macrophages_1","Macrophages_1",TRUE,0.0117044267359315
"90457","Invasive_Tumor","Invasive_Tumor",TRUE,0
"76907","Stromal","Stromal",TRUE,0.082342085460783
"74903","Invasive_Tumor","Invasive_Tumor",TRUE,0
"6354","CD8+_T_Cells","CD8+_T_Cells",TRUE,0.0510731564065532
"92918","CD8+_T_Cells","CD8+_T_Cells",TRUE,0.0443929444037472
"76900","CD8+_T_Cells","CD8+_T_Cells",TRUE,0.0527642863530998
"77775","CD4+_T_Cells","CD4+_T_Cells",TRUE,0.0118858842710024
"76571","Stromal","Stromal",TRUE,0.104674656346988
"92920","CD8+_T_Cells","CD8+_T_Cells",TRUE,0.00241460167408358
"92156","Perivascular-Like","Perivascular-Like",TRUE,0.0342804633881489
"92068","Invasive_Tumor","Invasive_Tumor",TRUE,0.248680884453523
"77994","Myoepi_ACTA2+","Myoepi_ACTA2+",TRUE,0.091375790272757
"78235","B_Cells","B_Cells",TRUE,0.0718398547118725
"92956","Stromal","Stromal",TRUE,0.108532259339666
"90741","Invasive_Tumor","Invasive_Tumor",TRUE,0
"77951","Stromal","Stromal",TRUE,0.018981417151066
"8162","Stromal","Stromal",TRUE,0.0749899871630297
"95752","CD4+_T_Cells","CD4+_T_Cells",TRUE,0.0497519242554172
"73429","Invasive_Tumor","Invasive_Tumor",TRUE,0
"74875","Stromal","Stromal",TRUE,0.0097835890933799
"76869","Stromal","Stromal",TRUE,0.0637323390354519
"92460","CD4+_T_Cells","CD4+_T_Cells",TRUE,0.0608912633824414
"90735","Invasive_Tumor","Invasive_Tumor",TRUE,0.4283126633238
"90745","Invasive_Tumor","Invasive_Tumor",TRUE,0
"90524","Prolif_Invasive_Tumor","Prolif_Invasive_Tumor",TRUE,0.0293061267665658
"95738","Stromal","Stromal",TRUE,0.0448326732049019
"77970","DCIS 2","DCIS 2",TRUE,0.0193490138856655
"92151","Macrophages_2","Macrophages_2",TRUE,0.0921963708800992
"90518","Invasive_Tumor","Invasive_Tumor",TRUE,0.0228709296367624
"77963","Myoepi_ACTA2+","Myoepi_ACTA2+",TRUE,0.0664029008073732
"92062","Invasive_Tumor","Invasive_Tumor",TRUE,0
"95765","CD4+_T_Cells","CD4+_T_Cells",TRUE,0.0494135663787152
"90732","Invasive_Tumor","Invasive_Tumor",TRUE,0
"90458","Invasive_Tumor","Invasive_Tumor",TRUE,0.159029088951607
"94151","CD8+_T_Cells","CD8+_T_Cells",TRUE,0.0657755856943876
"76563","Endothelial","Endothelial",TRUE,0.0180508325887448
"73359","Invasive_Tumor","Invasive_Tumor",TRUE,0
"7661","Stromal","Stromal",TRUE,0
"75233","CD8+_T_Cells","CD8+_T_Cells",TRUE,0.0544375226640278
"74131","CD8+_T_Cells","CD8+_T_Cells",TRUE,0.0563330873452749
"95710","CD8+_T_Cells","CD8+_T_Cells",TRUE,0.0595365841146545
"77772","Stromal","Stromal",TRUE,0.065098036089963
"74146","CD4+_T_Cells","CD4+_T_Cells",TRUE,0.0628155351651173
"95428","CD4+_T_Cells","CD4+_T_Cells",TRUE,0.0538056210526485
"77967","DCIS 2","DCIS 2",TRUE,0
"90526","Invasive_Tumor","Invasive_Tumor",TRUE,0.027385314353114
"92149","Macrophages_1","Macrophages_1",TRUE,0.00159959515293201
"93036","Stromal","Stromal",TRUE,0
"78236","Stromal","Stromal",TRUE,0.0847506857297719
"76724","Stromal","Stromal",TRUE,0.0865012318625673
"90523","Prolif_Invasive_Tumor","Prolif_Invasive_Tumor",TRUE,0.0244769860853709
"92924","Stromal","Stromal",TRUE,0.0248864613132208
"76933","CD4+_T_Cells","CD4+_T_Cells",TRUE,0.0662660917673528
"95761","CD4+_T_Cells","CD4+_T_Cells",TRUE,0.41777450833825
"73434","Invasive_Tumor","Invasive_Tumor",TRUE,0.0332056316613612
"92097","Prolif_Invasive_Tumor","Prolif_Invasive_Tumor",TRUE,0
"73334","Stromal","Stromal",TRUE,0.0127973655972402
"92108","Invasive_Tumor","Invasive_Tumor",TRUE,0.011940805098983
"75273","CD4+_T_Cells","CD4+_T_Cells",TRUE,0.00617538259316192
"74242","CD8+_T_Cells","CD8+_T_Cells",TRUE,0.343281679830448
"95759","Macrophages_1","Macrophages_1",TRUE,0.0469238495405662
"77980","Myoepi_ACTA2+","Myoepi_ACTA2+",TRUE,0.0263884717134558
"73378","Prolif_Invasive_Tumor","Prolif_Invasive_Tumor",TRUE,0.0142453329298677
"95412","Stromal","Stromal",TRUE,0.0818354359236677
"92071","Invasive_Tumor","Invasive_Tumor",TRUE,0
"92061","Invasive_Tumor","Invasive_Tumor",TRUE,0.0157990777030516
"73583","Invasive_Tumor","Invasive_Tumor",TRUE,0.0410904706336338
"76562","Endothelial","Endothelial",TRUE,0
"77774","CD4+_T_Cells","CD4+_T_Cells",TRUE,0.0481768675297667
"76720","CD4+_T_Cells","CD4+_T_Cells",TRUE,0.0586445795965784
"6225","CD8+_T_Cells","Stromal",FALSE,0.0751569789468485
"91382","CD4+_T_Cells","CD4+_T_Cells",TRUE,0.0655647688986604
"91969","Prolif_Invasive_Tumor","Prolif_Invasive_Tumor",TRUE,0
"92958","Stromal","Stromal",TRUE,0.106722318848362
"92459","Macrophages_1","Macrophages_1",TRUE,0.0259882456112529
"73554","Invasive_Tumor","Invasive_Tumor",TRUE,0
"78078","Endothelial","Endothelial",TRUE,0.101903207463548
"74860","Prolif_Invasive_Tumor","Prolif_Invasive_Tumor",TRUE,0.00387960821665352
"78665","Stromal","Stromal",TRUE,0.062210797002813
"73561","Invasive_Tumor","Invasive_Tumor",TRUE,0.0409609663803773
"75281","Macrophages_1","Macrophages_1",TRUE,0.00837194007834352
"90461","Invasive_Tumor","Invasive_Tumor",TRUE,0
"91951","Invasive_Tumor","Invasive_Tumor",TRUE,0
"90446","Prolif_Invasive_Tumor","Prolif_Invasive_Tumor",TRUE,0.0809894613540298
"90517","Prolif_Invasive_Tumor","Prolif_Invasive_Tumor",TRUE,0
"93059","Stromal","Stromal",TRUE,0.0961731720467147
"77487","Stromal","Stromal",TRUE,0.0275387088479802
"91934","Invasive_Tumor","Invasive_Tumor",TRUE,0
"92944","Stromal","Stromal",TRUE,0.0687450671975227
"103269","Stromal","Stromal",TRUE,0
"76913","Stromal","Stromal",TRUE,0
"78233","CD4+_T_Cells","CD4+_T_Cells",TRUE,0.0255851902563912
"105277","Stromal","Stromal",TRUE,0.00347528055405952
"103004","Stromal","Stromal",TRUE,0.0588866997657367
"92922","CD8+_T_Cells","CD8+_T_Cells",TRUE,0
"91368","Stromal","Stromal",TRUE,0.0338400452096828
"73574","Prolif_Invasive_Tumor","Prolif_Invasive_Tumor",TRUE,0.0476542571815519
"76880","Stromal","Stromal",TRUE,0
"95144","CD4+_T_Cells","CD4+_T_Cells",TRUE,0.0732787321237905
"105307","Stromal","Stromal",TRUE,0.0478954327048473
"78234","Macrophages_2","Macrophages_2",TRUE,0.0605946411077532
"91936","Invasive_Tumor","Invasive_Tumor",TRUE,0
"74870","Stromal","Stromal",TRUE,0.0531202104056276
"103265","Stromal","Stromal",TRUE,0.685512158921799
"92650","Invasive_Tumor","Invasive_Tumor",TRUE,0
"78072","B_Cells","B_Cells",TRUE,0.062203513150659
"93681","Stromal","Stromal",TRUE,0.0652359784881184
"7675","Macrophages_1","Macrophages_1",TRUE,0.117514177968246
"95776","CD4+_T_Cells","CD4+_T_Cells",TRUE,0.661967868144847
"90448","Invasive_Tumor","Invasive_Tumor",TRUE,0
"73397","Invasive_Tumor","DCIS 2",FALSE,2
"78082","Stromal","Stromal",TRUE,0.0440043917403136
"105299","Stromal","Stromal",TRUE,0.0294159863813409
"92652","Perivascular-Like","Perivascular-Like",TRUE,0
"76556","CD4+_T_Cells","CD4+_T_Cells",TRUE,0.202117226704695
"92064","Invasive_Tumor","Invasive_Tumor",TRUE,0
"92461","B_Cells","B_Cells",TRUE,0.0389975900860361
"92941","Stromal","Stromal",TRUE,0.0255155376565189
"92916","CD8+_T_Cells","CD8+_T_Cells",TRUE,0.015986292246875
"7446","Perivascular-Like","Perivascular-Like",TRUE,0.823035499326438
"77968","DCIS 2","DCIS 2",TRUE,0.0248535278636829
"78073","B_Cells","B_Cells",TRUE,0.0840622556839027
"6353","Stromal","Stromal",TRUE,0.051931711777233
"90435","Invasive_Tumor","Invasive_Tumor",TRUE,0
"78076","Endothelial","Stromal",FALSE,0.082367796274507
"92148","CD4+_T_Cells","CD4+_T_Cells",TRUE,0.0250193331069636
"74136","CD4+_T_Cells","CD4+_T_Cells",TRUE,0.049752378945017
"77948","Stromal","Stromal",TRUE,0.0469509857087498
"93056","Stromal","Stromal",TRUE,0
"95731","CD8+_T_Cells","CD8+_T_Cells",TRUE,0.0536894641410598
"92145","Stromal","Stromal",TRUE,0.421652407412385
"74223","Stromal","Stromal",TRUE,0.0737791467922687
"78651","Macrophages_1","Macrophages_1",TRUE,0.0683545858732268
"102986","Stromal","Stromal",TRUE,0.0227477019540332
"92835","Stromal","Stromal",TRUE,0.0225052305562719
"92946","CD8+_T_Cells","Stromal",FALSE,0.0667301937911338
"92150","Endothelial","Endothelial",TRUE,0
"90437","Prolif_Invasive_Tumor","Prolif_Invasive_Tumor",TRUE,0.0142638703202489
"78275","CD4+_T_Cells","CD4+_T_Cells",TRUE,0.0501781084377958
"73558","Prolif_Invasive_Tumor","Prolif_Invasive_Tumor",TRUE,0
"76909","Stromal","Stromal",TRUE,0.0520569093328858
"91396","Endothelial","Endothelial",TRUE,0.0925968996751482
"76578","Stromal","Stromal",TRUE,0
"92060","Invasive_Tumor","Invasive_Tumor",TRUE,0
"105163","Stromal","Stromal",TRUE,0.0537860835735675
"76916","Stromal","Stromal",TRUE,0.0624433702309176
"92159","Endothelial","Endothelial",TRUE,0
"95135","CD8+_T_Cells","Stromal",FALSE,0.0689346674705539
"92059","Invasive_Tumor","Invasive_Tumor",TRUE,0.186524120094715
"78663","CD4+_T_Cells","CD4+_T_Cells",TRUE,0.0483664709391637
"90743","Invasive_Tumor","Invasive_Tumor",TRUE,0
"74166","Stromal","Stromal",TRUE,0.0855808111064163
"105335","Stromal","Stromal",TRUE,0.0115262554934348
"102989","Stromal","Stromal",TRUE,0.0120502225165742
"74224","Endothelial","Endothelial",TRUE,0.269017816654576
"78232","CD4+_T_Cells","CD4+_T_Cells",TRUE,0.059720958453105
"95125","Stromal","Stromal",TRUE,0.0467792269636806
"91378","CD4+_T_Cells","CD4+_T_Cells",TRUE,0.0518452608604577
"76896","Stromal","Stromal",TRUE,0
"73365","Invasive_Tumor","Invasive_Tumor",TRUE,0.070235174182925
"73567","DCIS 2","DCIS 2",TRUE,0.0686309179198489
"92451","Endothelial","Endothelial",TRUE,0.0211936153743338
"92058","Invasive_Tumor","Invasive_Tumor",TRUE,0.0186157989980492
"95148","B_Cells","B_Cells",TRUE,0.0249226291691936
"92147","CD4+_T_Cells","CD4+_T_Cells",TRUE,0.977354714312342
"75258","B_Cells","B_Cells",TRUE,0.00700174632945173
"8168","Stromal","Stromal",TRUE,0.0506566358208745
"90731","Invasive_Tumor","Invasive_Tumor",TRUE,0.00342573161862752
"78231","Stromal","Stromal",TRUE,0
"73585","Invasive_Tumor","Invasive_Tumor",TRUE,0.0222911339100859
"74127","CD4+_T_Cells","CD4+_T_Cells",TRUE,0.0704075547976896
"73550","Invasive_Tumor","Invasive_Tumor",TRUE,0.143539798628622
"74862","Invasive_Tumor","Invasive_Tumor",TRUE,0.00308983131275953
"95753","Stromal","Stromal",TRUE,0.0487919868086526
"77956","Myoepi_ACTA2+","Myoepi_ACTA2+",TRUE,0.0782300184766813
"77773","Stromal","Stromal",TRUE,0.0399817991403804
"92172","Macrophages_1","Macrophages_1",TRUE,0.0536123975947323
"92103","Invasive_Tumor","Invasive_Tumor",TRUE,0.157674104838203
"76885","Stromal","Stromal",TRUE,0.0283139085036695
"74239","CD8+_T_Cells","CD8+_T_Cells",TRUE,0.038366821336088
"95427","Macrophages_2","Macrophages_2",TRUE,0.0720999012946359
"105275","Stromal","Stromal",TRUE,0.0488942357962072
"94155","Stromal","Stromal",TRUE,0.0596621295371964
"76938","Stromal","Stromal",TRUE,0.0498677973851532
"90471","Invasive_Tumor","Invasive_Tumor",TRUE,0.00288436670166714
"76914","Stromal","Stromal",TRUE,0.0274818087866226
"77486","Stromal","Stromal",TRUE,0
"74229","Endothelial","Endothelial",TRUE,0.0114412514816535
"93054","Stromal","Stromal",TRUE,0
"73425","Prolif_Invasive_Tumor","Prolif_Invasive_Tumor",TRUE,0.0175920459144364
"95719","Stromal","Stromal",TRUE,0
"74858","Invasive_Tumor","Invasive_Tumor",TRUE,0.0453653652500687
"78067","Stromal","Stromal",TRUE,0.0485017393947091
"92561","Endothelial","Endothelial",TRUE,0
"90438","Invasive_Tumor","Invasive_Tumor",TRUE,0
"74859","Invasive_Tumor","Invasive_Tumor",TRUE,0.0113928342204123
"105173","Stromal","Stromal",TRUE,0.0325005479219533
"92457","CD4+_T_Cells","CD4+_T_Cells",TRUE,0.0410753920504638
"94152","CD4+_T_Cells","CD4+_T_Cells",TRUE,0.00816526648986748
"92661","Invasive_Tumor","Invasive_Tumor",TRUE,0
"103355","Stromal","Stromal",TRUE,0.0786720660397782
"92066","Invasive_Tumor","Invasive_Tumor",TRUE,0.00905765172236686
"77960","DCIS 2","DCIS 2",TRUE,0.0190579793075711
"6224","Macrophages_1","Macrophages_1",TRUE,0.0418128802532081
"74155","CD4+_T_Cells","Stromal",FALSE,0.0707950515337119
"92056","Invasive_Tumor","Invasive_Tumor",TRUE,0
"90436","Prolif_Invasive_Tumor","Prolif_Invasive_Tumor",TRUE,0
"93046","Stromal","Stromal",TRUE,0
"73374","Prolif_Invasive_Tumor","Prolif_Invasive_Tumor",TRUE,0.0464859419856561
"102985","Stromal","Stromal",TRUE,0
"92099","Prolif_Invasive_Tumor","Prolif_Invasive_Tumor",TRUE,0.0300499732250396
"103009","Stromal","Stromal",TRUE,0.0393871088191684
"90515","Invasive_Tumor","Invasive_Tumor",TRUE,0.00493027837775652
"92931","B_Cells","B_Cells",TRUE,0.417719282132545
"92057","Invasive_Tumor","Invasive_Tumor",TRUE,0
"105319","Macrophages_2","Stromal",FALSE,0.093692085496681
"76660","Stromal","Stromal",TRUE,0.0517513680778225
"92925","CD8+_T_Cells","CD8+_T_Cells",TRUE,0.382107579493769
"93616","Macrophages_1","Macrophages_1",TRUE,0.0799119904549469
"105330","Macrophages_2","Macrophages_2",TRUE,0.119146025371308
"75257","Stromal","Stromal",TRUE,0.0646478485587782
"74176","CD8+_T_Cells","CD8+_T_Cells",TRUE,0.0743449192426189
"92834","Stromal","Stromal",TRUE,0.0750153452255575
"92923","Endothelial","Endothelial",TRUE,0.0589271646926188
"104981","Stromal","Stromal",TRUE,0.0029276154316334
"94153","LAMP3+_DCs","LAMP3+_DCs",TRUE,0.034327166777558
"77938","Stromal","Stromal",TRUE,0
"73588","Prolif_Invasive_Tumor","Prolif_Invasive_Tumor",TRUE,0.00603784456593252
"90516","Prolif_Invasive_Tumor","Prolif_Invasive_Tumor",TRUE,0.0179823988482372
"90733","Prolif_Invasive_Tumor","Prolif_Invasive_Tumor",TRUE,0.000148911645566834
"92919","CD4+_T_Cells","CD4+_T_Cells",TRUE,0.0702522086649099
"78648","Stromal","Stromal",TRUE,0.0462845908074677
"74871","Macrophages_1","Macrophages_1",TRUE,0.0739426778264437
"74246","Stromal","Stromal",TRUE,0.036331066935099
"92653","Endothelial","Endothelial",TRUE,0.179738193764269
"91930","Invasive_Tumor","Invasive_Tumor",TRUE,0.0215853605351701
"76725","Stromal","Stromal",TRUE,0.0475554057216906
"91366","CD8+_T_Cells","CD8+_T_Cells",TRUE,0.0347623459689042
"77975","DCIS 2","DCIS 2",TRUE,0
"93047","Stromal","Stromal",TRUE,0
"103497","Stromal","Stromal",TRUE,0.0313806753353131
"73372","Prolif_Invasive_Tumor","Prolif_Invasive_Tumor",TRUE,0.225808545364918
"74899","Invasive_Tumor","Invasive_Tumor",TRUE,0.0115389513741083
"76566","CD8+_T_Cells","CD8+_T_Cells",TRUE,0.0219568645070013
"77987","DCIS 2","DCIS 2",TRUE,0.237201690363591
"76891","Stromal","Stromal",TRUE,0.0313777127055531
"75285","Macrophages_1","Macrophages_1",TRUE,0.0708218036725094
"77982","DCIS 2","DCIS 2",TRUE,0.0442287856347366
"92053","Invasive_Tumor","Invasive_Tumor",TRUE,0
"90479","Prolif_Invasive_Tumor","Prolif_Invasive_Tumor",TRUE,0.0120580820687912
"92926","Macrophages_1","Stromal",FALSE,1.13045012365704
"76561","CD4+_T_Cells","CD4+_T_Cells",TRUE,0
"92927","Macrophages_1","Macrophages_1",TRUE,0.00650815411974492
"74218","B_Cells","B_Cells",TRUE,0.0984205369077626
"102987","Stromal","Stromal",TRUE,0.0148641372132042
"95128","CD8+_T_Cells","CD8+_T_Cells",TRUE,0.0488880081650052
"95426","CD4+_T_Cells","CD4+_T_Cells",TRUE,0.0634838875105818
"73392","Invasive_Tumor","Invasive_Tumor",TRUE,0
"73600","Prolif_Invasive_Tumor","Prolif_Invasive_Tumor",TRUE,0.00141802572821475
"75254","Perivascular-Like","Perivascular-Like",TRUE,0.0940716882610261
"76557","CD4+_T_Cells","CD4+_T_Cells",TRUE,0.0465743657816221
"92456","Stromal","Stromal",TRUE,0.0522702415363489
"74864","Invasive_Tumor","Prolif_Invasive_Tumor",FALSE,1.8909215402679
"105170","Stromal","Stromal",TRUE,0.068240928993434
"90453","Prolif_Invasive_Tumor","Prolif_Invasive_Tumor",TRUE,0.00739289379951045
"78229","Stromal","Stromal",TRUE,0.902110463939507
"105282","Stromal","Stromal",TRUE,0.0727872531892284
"7445","Endothelial","Endothelial",TRUE,0.0272461500648882
"74216","Stromal","Stromal",TRUE,0.0214537276491564
"78230","Stromal","Stromal",TRUE,0
"8173","Myoepi_ACTA2+","Myoepi_ACTA2+",TRUE,0.0851113176989687
"78278","Stromal","Stromal",TRUE,0.0416148915464142
"105164","Stromal","Stromal",TRUE,0.114797610971632
"94185","Stromal","Stromal",TRUE,0.0365988045534762
"92458","Stromal","Stromal",TRUE,0.0445661430826249
"92928","CD8+_T_Cells","CD8+_T_Cells",TRUE,0.0438991230438003
"6334","Stromal","Stromal",TRUE,0.129906590293858
"7671","Stromal","Stromal",TRUE,0.108927885889963
"105331","Macrophages_1","Macrophages_1",TRUE,0.0442844148755989
"77949","Myoepi_ACTA2+","Myoepi_ACTA2+",TRUE,0.0500183988301356
"90514","Invasive_Tumor","Invasive_Tumor",TRUE,0.0127652012854682
"95750","CD8+_T_Cells","CD8+_T_Cells",TRUE,0.0491333335597354
"78069","Stromal","Stromal",TRUE,0.159423368626686
"92935","CD4+_T_Cells","CD4+_T_Cells",TRUE,0.0730196870103999
"73577","Invasive_Tumor","Invasive_Tumor",TRUE,0.0218118034987802
"91379","Macrophages_2","Macrophages_1",FALSE,1.51843610903779
"95769","Stromal","Stromal",TRUE,0.0736180954872666
"92102","Invasive_Tumor","Invasive_Tumor",TRUE,0.100033867361782
"94154","Stromal","Stromal",TRUE,0
"93680","Stromal","Stromal",TRUE,0.0172933077406889
"73426","Invasive_Tumor","Invasive_Tumor",TRUE,0.0321583151728147
"102999","Stromal","Stromal",TRUE,0.0306629700289547
"92649","Invasive_Tumor","Invasive_Tumor",TRUE,0.00776321491860787
"92144","CD4+_T_Cells","Perivascular-Like",FALSE,0.0344730798447006
"93687","Macrophages_1","Macrophages_1",TRUE,0.062556719278416
"8197","Myoepi_ACTA2+","Myoepi_ACTA2+",TRUE,0.0562116931963037
"90434","Invasive_Tumor","Invasive_Tumor",TRUE,0
"74175","CD4+_T_Cells","CD4+_T_Cells",TRUE,0.0665122776166109
"105314","Stromal","Stromal",TRUE,0.0451751609483454
"92837","Stromal","Stromal",TRUE,0.259108151318167
"78074","Endothelial","Endothelial",TRUE,0.0436662992185326
"92662","Invasive_Tumor","Invasive_Tumor",TRUE,0
"92945","Macrophages_2","Stromal",FALSE,0.105507993265512
"90456","Invasive_Tumor","Invasive_Tumor",TRUE,0
"94184","Stromal","Stromal",TRUE,0.0423456647069134
"78075","Stromal","Stromal",TRUE,0.0224929851029636
"92141","B_Cells","B_Cells",TRUE,0.000761117357021834
"94157","Stromal","Stromal",TRUE,0.029848755316108
"95755","Macrophages_1","Macrophages_1",TRUE,0.00052464234906624
"73555","Prolif_Invasive_Tumor","Prolif_Invasive_Tumor",TRUE,0.442030078313741
"94156","Stromal","Stromal",TRUE,0.0230906148263857
"90450","Invasive_Tumor","Invasive_Tumor",TRUE,0.00453076485309577
"74865","Prolif_Invasive_Tumor","Prolif_Invasive_Tumor",TRUE,0.0221732293590529
"95119","Macrophages_2","Macrophages_2",TRUE,0.04902740752363
"77972","DCIS 2","DCIS 2",TRUE,0.0335015130849143
"92142","Stromal","Stromal",TRUE,0.672907496884505
"6063","CD4+_T_Cells","CD4+_T_Cells",TRUE,0.092210678540191
"78667","CD4+_T_Cells","CD4+_T_Cells",TRUE,0.00432415832971608
"75264","CD8+_T_Cells","CD8+_T_Cells",TRUE,0.0649113253840954
"76917","Stromal","Stromal",TRUE,0.0455913367994695
"78011","Myoepi_ACTA2+","Myoepi_ACTA2+",TRUE,0.0549300305318966
"92050","Invasive_Tumor","Invasive_Tumor",TRUE,0.0157293949220514
"105310","Stromal","Stromal",TRUE,0.00567982964963519
"95732","Macrophages_1","Macrophages_1",TRUE,0.0638957335244066
"74145","Stromal","Stromal",TRUE,0
"76903","Stromal","Stromal",TRUE,0
"92929","Stromal","Stromal",TRUE,0.0596043919762648
"75256","CD8+_T_Cells","CD8+_T_Cells",TRUE,0.0611319531544404
"73548","Invasive_Tumor","Invasive_Tumor",TRUE,0
"92664","Invasive_Tumor","Invasive_Tumor",TRUE,0.00703295206252649
"75271","Macrophages_1","Macrophages_1",TRUE,0.0581210248405486
"92146","CD4+_T_Cells","CD4+_T_Cells",TRUE,0.00880659067224904
"92938","CD8+_T_Cells","CD8+_T_Cells",TRUE,0.00377619529565437
"92960","Stromal","Stromal",TRUE,0.0551397339395079
"92454","CD4+_T_Cells","CD4+_T_Cells",TRUE,0.0799641774091117
"90726","Invasive_Tumor","Invasive_Tumor",TRUE,0
"92963","Stromal","Stromal",TRUE,0.105904853644544
"92055","Invasive_Tumor","Invasive_Tumor",TRUE,0.209155938023134
"78070","Stromal","Stromal",TRUE,0.0399132058572712
"92137","LAMP3+_DCs","LAMP3+_DCs",TRUE,0.249516822754593
"95741","CD8+_T_Cells","CD8+_T_Cells",TRUE,0.0543575820278608
"104971","Stromal","Stromal",TRUE,0
"73381","Endothelial","Endothelial",TRUE,0.959949884683475
"73358","Invasive_Tumor","Invasive_Tumor",TRUE,0.00507084717615758
"90488","Invasive_Tumor","Invasive_Tumor",TRUE,0.0545400597998305
"92450","Endothelial","Endothelial",TRUE,0.0196307935787961
"73557","Prolif_Invasive_Tumor","Prolif_Invasive_Tumor",TRUE,0.164242411064097
"105278","Stromal","Stromal",TRUE,0
"90513","Invasive_Tumor","Invasive_Tumor",TRUE,0.0103586940902526
"76564","CD4+_T_Cells","CD4+_T_Cells",TRUE,0.00382142466227306
"92948","Macrophages_2","Macrophages_2",TRUE,0.128958905184209
"78662","B_Cells","B_Cells",TRUE,0.050637730068603
"74240","Macrophages_1","Macrophages_1",TRUE,0.0716833011767906
"92836","Stromal","Stromal",TRUE,0
"92143","Endothelial","Endothelial",TRUE,0
"73366","Prolif_Invasive_Tumor","Prolif_Invasive_Tumor",TRUE,3.10456693981172e-05
"78276","Stromal","Stromal",TRUE,0
"105166","Myoepi_ACTA2+","Myoepi_ACTA2+",TRUE,0.039615005442192
"76664","Stromal","Stromal",TRUE,0.0974440867503393
"93635","Stromal","Stromal",TRUE,0.0272086220858235
"92173","IRF7+_DCs","IRF7+_DCs",TRUE,0.0472568520705525
"76577","Stromal","Stromal",TRUE,0.113379992395342
"105300","Macrophages_1","Macrophages_1",TRUE,0.0622760535694182
"77941","Stromal","Stromal",TRUE,0.0615149562550259
"90427","Prolif_Invasive_Tumor","Prolif_Invasive_Tumor",TRUE,0
"92959","Stromal","Stromal",TRUE,0
"7444","Perivascular-Like","Perivascular-Like",TRUE,0.0280551024279432
"75255","CD4+_T_Cells","CD4+_T_Cells",TRUE,0
"76575","B_Cells","B_Cells",TRUE,0.0480627630677486
"95777","Stromal","Stromal",TRUE,0.0643024517762031
"90465","Prolif_Invasive_Tumor","Prolif_Invasive_Tumor",TRUE,0.00437272678145055
"95150","CD4+_T_Cells","Stromal",FALSE,0.0648627751943214
"92639","Invasive_Tumor","Invasive_Tumor",TRUE,0
"73371","Prolif_Invasive_Tumor","Invasive_Tumor",FALSE,1.21439767790921
"8178","Myoepi_ACTA2+","Myoepi_ACTA2+",TRUE,0.040212973076671
"78071","Stromal","Stromal",TRUE,0.153139249917808
"90729","Prolif_Invasive_Tumor","Prolif_Invasive_Tumor",TRUE,0.127106749384518
"73396","Invasive_Tumor","Invasive_Tumor",TRUE,0.00583689106728346
"91370","CD4+_T_Cells","CD4+_T_Cells",TRUE,0
"91409","DCIS 1","DCIS 1",TRUE,0.0615902549639446
"74172","CD4+_T_Cells","CD4+_T_Cells",TRUE,0.0549189089443043
"105281","Stromal","Stromal",TRUE,0.055067198899942
"92096","Invasive_Tumor","Invasive_Tumor",TRUE,0
"92947","Stromal","Stromal",TRUE,0.0395585565334157
"74872","Stromal","Stromal",TRUE,0
"78670","Macrophages_1","Macrophages_1",TRUE,0.0667332662560351
"76723","CD4+_T_Cells","CD4+_T_Cells",TRUE,0.0629924799199787
"105306","Stromal","Stromal",TRUE,0.0342271423740455
"92932","Endothelial","Endothelial",TRUE,0.0102332398480502
"93062","Stromal","Stromal",TRUE,0
"95739","Macrophages_1","Macrophages_1",TRUE,0.0316109986033226
"104979","Stromal","Stromal",TRUE,0
"95778","Stromal","Stromal",TRUE,0.0211627415686628
"74152","Stromal","Stromal",TRUE,0.0460004558870138
"95110","B_Cells","Stromal",FALSE,0.0819036741990362
"95764","Stromal","Stromal",TRUE,0.0400803489743294
"92052","Invasive_Tumor","Invasive_Tumor",TRUE,0.0516812946195976
"76572","Endothelial","Endothelial",TRUE,0
"78327","Stromal","Stromal",TRUE,0.0580725144960459
"92107","Invasive_Tumor","Invasive_Tumor",TRUE,0.00749702611644516
"92885","Macrophages_1","Macrophages_1",TRUE,0.00583895633077131
"78064","Stromal","Stromal",TRUE,0.0332986684194364
"92640","Invasive_Tumor","Invasive_Tumor",TRUE,0
"90433","Invasive_Tumor","Invasive_Tumor",TRUE,0.00534455520576823
"77498","Stromal","Stromal",TRUE,0.0337534161953945
"95137","Stromal","Stromal",TRUE,0.0496599887964759
"91947","Invasive_Tumor","Invasive_Tumor",TRUE,0.00455748569193388
"74252","B_Cells","B_Cells",TRUE,0.0777996341784741
"92047","Invasive_Tumor","Invasive_Tumor",TRUE,0
"8152","Myoepi_ACTA2+","Myoepi_ACTA2+",TRUE,0.780917411109996
"78279","Stromal","Stromal",TRUE,0.0404730266436839
"92140","Perivascular-Like","Perivascular-Like",TRUE,0.0573827250761085
"92933","Macrophages_1","Macrophages_1",TRUE,0.0381273272282538
"103007","Stromal","Stromal",TRUE,0.0693065353130672
"92934","Macrophages_2","Macrophages_2",TRUE,0.0477905358839858
"76718","Stromal","Stromal",TRUE,0.029344296407547
"77964","DCIS 2","DCIS 2",TRUE,0
"76666","Perivascular-Like","Perivascular-Like",TRUE,0.0189555356318789
"92887","Macrophages_1","Macrophages_1",TRUE,0
"90734","Invasive_Tumor","Invasive_Tumor",TRUE,0
"105321","B_Cells","B_Cells",TRUE,0.0545503649017402
"76662","Macrophages_1","Macrophages_1",TRUE,0.0194387471181264
"92046","Invasive_Tumor","Invasive_Tumor",TRUE,0
"76722","Stromal","Stromal",TRUE,0
"77493","Stromal","Stromal",TRUE,0.0553909873389081
"6222","Macrophages_1","Macrophages_1",TRUE,0.0864239046542425
"76892","Stromal","Stromal",TRUE,0.0387508548900198
"76576","Endothelial","Endothelial",TRUE,0.0249746044155107
"92892","Stromal","Stromal",TRUE,0.0735343550422383
"92646","Prolif_Invasive_Tumor","Prolif_Invasive_Tumor",TRUE,0
"92051","Invasive_Tumor","Invasive_Tumor",TRUE,0
"78328","Stromal","Stromal",TRUE,0
"74867","Invasive_Tumor","Invasive_Tumor",TRUE,0.457134452135646
"92048","Invasive_Tumor","Invasive_Tumor",TRUE,0
"76567","B_Cells","B_Cells",TRUE,0.0156092038070897
"90496","Invasive_Tumor","Invasive_Tumor",TRUE,0
"8207","Myoepi_ACTA2+","Myoepi_ACTA2+",TRUE,0.0710430105372077
"93052","Stromal","Stromal",TRUE,0
"6062","CD4+_T_Cells","CD4+_T_Cells",TRUE,0.0801499711050777
"92453","Perivascular-Like","Perivascular-Like",TRUE,0.0305761316842452
"75283","Macrophages_2","Macrophages_1",FALSE,0.210555146181391
"92139","Endothelial","Endothelial",TRUE,0.141747551740868
"78012","Myoepi_ACTA2+","Myoepi_ACTA2+",TRUE,0.04534506971363
"73385","Stromal","Stromal",TRUE,0.0519296378878328
"90730","Invasive_Tumor","Invasive_Tumor",TRUE,0
"73549","Prolif_Invasive_Tumor","Prolif_Invasive_Tumor",TRUE,0.0333915180514368
"8242","Myoepi_ACTA2+","Myoepi_ACTA2+",TRUE,0.0688411180862887
"7443","Macrophages_2","Macrophages_2",TRUE,0.0314016194409679
"76473","Stromal","Stromal",TRUE,0.0701771438677635
"78068","Endothelial","Endothelial",TRUE,0.0544046990158322
"74215","Stromal","Stromal",TRUE,0
"105280","Stromal","Stromal",TRUE,0.0440376668136015
"78063","Stromal","Stromal",TRUE,0.0230608122880128
"74861","Invasive_Tumor","Invasive_Tumor",TRUE,0
"76915","Stromal","Stromal",TRUE,0.00226050619323681
"95715","Stromal","Stromal",TRUE,0.0375474833604654
"102988","Stromal","Stromal",TRUE,0
"76591","Stromal","Stromal",TRUE,0.268540306466637
"77489","Stromal","Stromal",TRUE,0
"90473","Invasive_Tumor","Invasive_Tumor",TRUE,0.0078210709101991
"74897","Perivascular-Like","Perivascular-Like",TRUE,0.00603796813541124
"92554","Macrophages_1","Macrophages_1",TRUE,0.015493160454744
"73560","Stromal","Stromal",TRUE,0.0222981691378672
"6223","Stromal","Stromal",TRUE,0
"92930","Stromal","Stromal",TRUE,0.0677007609830705
"92951","Stromal","Stromal",TRUE,0
"94158","Stromal","Stromal",TRUE,0.0175869276642688
"77944","Myoepi_ACTA2+","Myoepi_ACTA2+",TRUE,0.0366481774313404
"103498","Stromal","Stromal",TRUE,0.00499653291207119
"92562","Endothelial","Endothelial",TRUE,0.00770738220713275
"103267","Stromal","Stromal",TRUE,0.0252078833130173
"92174","CD4+_T_Cells","CD4+_T_Cells",TRUE,0.0192365247841054
"91377","Macrophages_1","Invasive_Tumor",FALSE,1.21582959429591
"78657","CD8+_T_Cells","CD8+_T_Cells",TRUE,0.0696351295259138
"90430","Invasive_Tumor","Invasive_Tumor",TRUE,0
"76570","CD4+_T_Cells","CD4+_T_Cells",TRUE,0
"104980","Stromal","Stromal",TRUE,0.113707880234915
"92648","Prolif_Invasive_Tumor","Prolif_Invasive_Tumor",TRUE,0
"105177","Stromal","Stromal",TRUE,0.0427310707389361
"95126","Endothelial","Endothelial",TRUE,0.0475429876956504
"7463","Perivascular-Like","Stromal",FALSE,0.0533299992745352
"76669","Stromal","Stromal",TRUE,0
"8186","DCIS 2","DCIS 2",TRUE,0.0347617018552978
"73545","Invasive_Tumor","Invasive_Tumor",TRUE,0.0100283791164475
"105338","Stromal","Stromal",TRUE,0.219513766041035
"75270","Stromal","Stromal",TRUE,0.105636566414777
"95721","Stromal","Stromal",TRUE,0.0225850696776542
"90385","Invasive_Tumor","Invasive_Tumor",TRUE,0.0136595733099377
"77977","DCIS 2","DCIS 2",TRUE,0
"90728","Invasive_Tumor","Invasive_Tumor",TRUE,0
"73360","Prolif_Invasive_Tumor","Prolif_Invasive_Tumor",TRUE,0.186099869732566
"73439","Prolif_Invasive_Tumor","Prolif_Invasive_Tumor",TRUE,0.00335711500548855
"73406","DCIS 2","DCIS 2",TRUE,0.00503169031095788
"78666","Stromal","Stromal",TRUE,0.966657897898104
"74214","Macrophages_2","Macrophages_1",FALSE,0.18139907520749
"73741","Prolif_Invasive_Tumor","Prolif_Invasive_Tumor",TRUE,0
"76580","B_Cells","B_Cells",TRUE,0.80643142420769
"78168","CD4+_T_Cells","CD4+_T_Cells",TRUE,0.0573981515601804
"92645","Invasive_Tumor","Prolif_Invasive_Tumor",FALSE,1.97391312858676
"92045","Invasive_Tumor","Invasive_Tumor",TRUE,0
"95728","Stromal","Stromal",TRUE,0.0501830061954933
"90470","Prolif_Invasive_Tumor","Prolif_Invasive_Tumor",TRUE,0
"105169","Myoepi_ACTA2+","Myoepi_ACTA2+",TRUE,0.138100511181676
"73438","Stromal","Stromal",TRUE,0.0707817642473529
"95116","CD4+_T_Cells","CD4+_T_Cells",TRUE,0.0639066517339399
"77986","DCIS 2","DCIS 2",TRUE,0.01142017167407
"92889","CD4+_T_Cells","CD4+_T_Cells",TRUE,0.0640305097494842
"94159","CD8+_T_Cells","CD8+_T_Cells",TRUE,0.0425924092136464
"73367","Invasive_Tumor","Invasive_Tumor",TRUE,0.0535098859478702
"95747","CD4+_T_Cells","CD4+_T_Cells",TRUE,0.00423477573654951
"90449","Prolif_Invasive_Tumor","Prolif_Invasive_Tumor",TRUE,0.0931657323314561
"74902","Macrophages_1","Macrophages_1",TRUE,0.102112151433507
"78654","Stromal","Stromal",TRUE,0.0598746406961622
"92049","Invasive_Tumor","Invasive_Tumor",TRUE,0
"74177","CD4+_T_Cells","CD4+_T_Cells",TRUE,0.0716589948404648
"92138","CD8+_T_Cells","CD8+_T_Cells",TRUE,0.027580862628993
"92130","CD4+_T_Cells","CD4+_T_Cells",TRUE,0.123224637907684
"77950","DCIS 2","DCIS 2",TRUE,0
"78323","Stromal","Stromal",TRUE,0
"91369","CD4+_T_Cells","CD4+_T_Cells",TRUE,0.0548956768929278
"92564","Endothelial","Endothelial",TRUE,0
"74149","Stromal","Stromal",TRUE,0.037264795750015
"74243","Macrophages_1","Macrophages_1",TRUE,0.66316480450538
"105287","Stromal","Stromal",TRUE,0.0423938513174073
"6058","CD4+_T_Cells","CD4+_T_Cells",TRUE,0.048574570006114
"92953","Stromal","Stromal",TRUE,0.164627695676293
"94996","CD8+_T_Cells","CD8+_T_Cells",TRUE,0.0683369247858397
"104969","Stromal","Stromal",TRUE,0.057791683029361
"73552","Invasive_Tumor","Invasive_Tumor",TRUE,0.00783082471055012
"92936","Endothelial","Endothelial",TRUE,0.0323447029824467
"102668","Stromal","Stromal",TRUE,0.0224308906833048
"78172","CD4+_T_Cells","CD4+_T_Cells",TRUE,0.0585701870762801
"105344","CD8+_T_Cells","Stromal",FALSE,0.0670679527352074
"92863","Myoepi_ACTA2+","Myoepi_ACTA2+",TRUE,0.0527298867921855
"92886","Macrophages_1","Macrophages_1",TRUE,0
"77958","DCIS 2","DCIS 2",TRUE,0
"77971","DCIS 2","DCIS 2",TRUE,0.235655977116707
"95111","Macrophages_2","Macrophages_2",TRUE,0.0588871340364603
"92042","Endothelial","Endothelial",TRUE,0.0243043389083399
"74220","Stromal","Stromal",TRUE,0.0454630267166731
"103356","Stromal","Stromal",TRUE,0.111274123276298
"92937","Macrophages_1","Stromal",FALSE,1.01329334874836
"74254","Macrophages_1","Macrophages_1",TRUE,0.0124647661939387
"92134","CD4+_T_Cells","CD4+_T_Cells",TRUE,0.016524046614714
"105279","Stromal","Stromal",TRUE,0.0168275141186163
"92961","Stromal","Stromal",TRUE,0.0940841603865065
"93037","Stromal","Stromal",TRUE,0
"95779","CD8+_T_Cells","CD8+_T_Cells",TRUE,0.0424940244909393
"95785","CD8+_T_Cells","CD8+_T_Cells",TRUE,0.0187838461419516
"95744","Macrophages_2","Macrophages_1",FALSE,1.16019353111555
"103499","Stromal","Stromal",TRUE,0.0547892026131061
"95140","CD4+_T_Cells","CD4+_T_Cells",TRUE,0.29185774314187
"95131","Stromal","Stromal",TRUE,0.0372702134285363
"105311","Stromal","Stromal",TRUE,0
"74222","Stromal","Stromal",TRUE,0
"105328","Macrophages_1","Macrophages_1",TRUE,0.0631605192935086
"78065","Stromal","Stromal",TRUE,0.042992422267079
"78676","Stromal","Stromal",TRUE,0
"76665","Macrophages_1","Macrophages_1",TRUE,0.0465150672461931
"92663","Invasive_Tumor","Invasive_Tumor",TRUE,0
"103500","Stromal","Stromal",TRUE,0.600377729243753
"76568","CD4+_T_Cells","CD4+_T_Cells",TRUE,0.00789516889804966
"95736","CD8+_T_Cells","CD8+_T_Cells",TRUE,0.0618692652852117
"78652","Stromal","Stromal",TRUE,0.0311200422440622
"92952","CD4+_T_Cells","CD4+_T_Cells",TRUE,0.0718642797088223
"92044","Invasive_Tumor","Invasive_Tumor",TRUE,0.0320777396978642
"92864","Myoepi_ACTA2+","Myoepi_ACTA2+",TRUE,0.00753791365196524
"78326","Stromal","Stromal",TRUE,0.0615601617458262
"75252","Stromal","Stromal",TRUE,0.0874133536912533
"78066","Stromal","Stromal",TRUE,0.0519355972879507
"90452","Invasive_Tumor","Invasive_Tumor",TRUE,0.00433472585552262
"78169","Stromal","Stromal",TRUE,0
"95003","Stromal","Stromal",TRUE,0
"75274","Macrophages_1","Macrophages_1",TRUE,0.0319754643467618
"78170","Perivascular-Like","Perivascular-Like",TRUE,0.0188218319749424
"105342","Macrophages_1","Macrophages_1",TRUE,0.0585796148305757
"75253","CD8+_T_Cells","CD8+_T_Cells",TRUE,0.0570217071129278
"92853","Stromal","Stromal",TRUE,0.0317460710768444
"76585","Macrophages_1","Macrophages_1",TRUE,0.0409523118896554
"92950","Stromal","Stromal",TRUE,0.19705566514584
"75251","Stromal","Stromal",TRUE,0
"90374","Invasive_Tumor","Invasive_Tumor",TRUE,0
"92872","CD8+_T_Cells","CD8+_T_Cells",TRUE,0.06191078039918
"92881","Macrophages_1","Macrophages_1",TRUE,0.0251467692141756
"74898","Endothelial","Endothelial",TRUE,0.146739615738146
"76670","Macrophages_2","Macrophages_2",TRUE,0.0744245875833238
"73564","Macrophages_1","Stromal",FALSE,0.123441554961362
"78010","DCIS 2","DCIS 2",TRUE,0.0276037325965839
"90484","Invasive_Tumor","Invasive_Tumor",TRUE,0
"77993","DCIS 2","DCIS 2",TRUE,0.00329709485153143
"105189","Stromal","Stromal",TRUE,0.0405374226851877
"90455","Invasive_Tumor","Invasive_Tumor",TRUE,0
"74850","Stromal","Stromal",TRUE,0.0805679461049206
"73405","B_Cells","B_Cells",TRUE,0.00566711931063002
"90428","Invasive_Tumor","Invasive_Tumor",TRUE,0
"73547","Invasive_Tumor","Invasive_Tumor",TRUE,0.00584608101912952
"92850","Stromal","Stromal",TRUE,0
"95146","Stromal","Stromal",TRUE,0.0384081080543017
"73553","Invasive_Tumor","Invasive_Tumor",TRUE,0
"77973","DCIS 2","DCIS 2",TRUE,0
"7442","Myoepi_ACTA2+","Perivascular-Like",FALSE,0.0514574749454332
"78661","Stromal","Stromal",TRUE,0.0306222144258055
"77985","DCIS 2","DCIS 2",TRUE,0.0711290096430435
"90504","Prolif_Invasive_Tumor","Prolif_Invasive_Tumor",TRUE,0
"93044","Stromal","Stromal",TRUE,0
"7672","Stromal","Stromal",TRUE,0.0714107311139336
"74168","CD4+_T_Cells","CD4+_T_Cells",TRUE,0.0671535052541217
"76574","CD4+_T_Cells","Macrophages_1",FALSE,1.02912541590669
"95716","Stromal","Stromal",TRUE,0
"76583","Endothelial","Endothelial",TRUE,0
"90720","Invasive_Tumor","Invasive_Tumor",TRUE,0
"76590","Stromal","Stromal",TRUE,0.0719103059824913
"77957","DCIS 2","DCIS 2",TRUE,0
"74863","Invasive_Tumor","Invasive_Tumor",TRUE,0.282587183947239
"95783","CD8+_T_Cells","CD8+_T_Cells",TRUE,0.0276997784258593
"6356","Stromal","Stromal",TRUE,0
"74130","CD4+_T_Cells","CD4+_T_Cells",TRUE,0.0795559496781398
"105323","Stromal","Stromal",TRUE,0.916788813444457
"90451","Prolif_Invasive_Tumor","Prolif_Invasive_Tumor",TRUE,0
"8155","DCIS 1","DCIS 2",FALSE,2
"78689","Stromal","Stromal",TRUE,3.91126954356197e-05
"73375","Perivascular-Like","Stromal",FALSE,0.0475297780917806
"93885","Perivascular-Like","Perivascular-Like",TRUE,0.0287936674182222
"74230","Stromal","Stromal",TRUE,0.110382664488914
"7496","Macrophages_1","Macrophages_1",TRUE,0.0265076869490841
"75280","Stromal","Stromal",TRUE,0.0743533168696962
"102672","Stromal","Stromal",TRUE,0.0182311343974879
"94990","Stromal","Stromal",TRUE,0.0597551903408468
"8201","DCIS 2","DCIS 2",TRUE,0.033752523021483
"74876","Stromal","Stromal",TRUE,0.081604865706263
"76661","Stromal","Stromal",TRUE,0.0430644616198247
"95127","B_Cells","B_Cells",TRUE,0.0744523105725272
"93063","Stromal","Stromal",TRUE,0.0620580619703709
"74217","Stromal","Stromal",TRUE,0
"92175","CD8+_T_Cells","CD8+_T_Cells",TRUE,0.0419689067575155
"92041","CD8+_T_Cells","CD8+_T_Cells",TRUE,0.029509301452542
"76659","Stromal","Stromal",TRUE,0.0516671770672845
"103354","Stromal","Stromal",TRUE,0
"6061","CD4+_T_Cells","CD4+_T_Cells",TRUE,0.0591868861472643
"91372","Macrophages_1","Macrophages_1",TRUE,0.0947194697882235
"94999","Stromal","Stromal",TRUE,0.0732315528378957
"73747","Prolif_Invasive_Tumor","Prolif_Invasive_Tumor",TRUE,0.0236844150377575
"90399","Invasive_Tumor","Invasive_Tumor",TRUE,0
"103260","Stromal","Stromal",TRUE,0.0286533766687666
"78164","CD4+_T_Cells","Stromal",FALSE,0.0701026712535426
"78008","DCIS 2","DCIS 2",TRUE,0.0111681349211026
"78171","Stromal","Stromal",TRUE,0.0613924123574491
"92891","Stromal","Stromal",TRUE,0.037520208159802
"92133","CD4+_T_Cells","CD4+_T_Cells",TRUE,0.0390976397794123
"76581","Macrophages_2","Macrophages_1",FALSE,1.21132362608068
"95134","Macrophages_2","Macrophages_2",TRUE,0.0422693176617387
"74857","Macrophages_2","Macrophages_1",FALSE,2
"105174","Myoepi_ACTA2+","Myoepi_ACTA2+",TRUE,0.00425850050192575
"90392","Invasive_Tumor","Invasive_Tumor",TRUE,0
"102670","Stromal","Stromal",TRUE,0
"92105","Prolif_Invasive_Tumor","Prolif_Invasive_Tumor",TRUE,0.0107988471959014
"90511","Prolif_Invasive_Tumor","Prolif_Invasive_Tumor",TRUE,0.00302252416140507
"92647","Invasive_Tumor","Invasive_Tumor",TRUE,0.0031772089635227
"90431","Invasive_Tumor","Invasive_Tumor",TRUE,0
"92127","CD4+_T_Cells","CD4+_T_Cells",TRUE,0.688294061978159
"93889","CD8+_T_Cells","CD8+_T_Cells",TRUE,0.0766174080372098
"92660","Prolif_Invasive_Tumor","Prolif_Invasive_Tumor",TRUE,0.00357508213883073
"78668","Stromal","Stromal",TRUE,0
"90746","Invasive_Tumor","Invasive_Tumor",TRUE,0
"77937","Stromal","Stromal",TRUE,0.122024742086083
"74151","Stromal","Stromal",TRUE,0.0701244653374752
"73404","Stromal","Stromal",TRUE,0.0871687477367428
"90383","Invasive_Tumor","Invasive_Tumor",TRUE,0
"92642","Prolif_Invasive_Tumor","Prolif_Invasive_Tumor",TRUE,0
"92870","CD8+_T_Cells","CD8+_T_Cells",TRUE,0.0509080782650466
"78166","Stromal","Stromal",TRUE,0.0278618274231538
"73364","Prolif_Invasive_Tumor","Prolif_Invasive_Tumor",TRUE,0.0258533549306606
"79064","Stromal","Stromal",TRUE,0.0562254271355209
"92038","Invasive_Tumor","Invasive_Tumor",TRUE,0
"73437","Prolif_Invasive_Tumor","Prolif_Invasive_Tumor",TRUE,0.0366407135314028
"92637","Macrophages_1","Macrophages_1",TRUE,0.0321138545792338
"74874","Stromal","Stromal",TRUE,0.244011679447131
"93869","CD8+_T_Cells","CD8+_T_Cells",TRUE,0.0761820586348281
"76919","Stromal","Stromal",TRUE,0
"95788","CD8+_T_Cells","CD8+_T_Cells",TRUE,0.0375644940450934
"74896","Stromal","Stromal",TRUE,0.101998274385151
"6060","CD4+_T_Cells","CD4+_T_Cells",TRUE,0.00703951706327699
"105345","Stromal","Stromal",TRUE,0.0790965361023612
"95784","CD8+_T_Cells","CD8+_T_Cells",TRUE,0.0158254173729472
"92124","B_Cells","B_Cells",TRUE,0.0643615838421914
"92558","Endothelial","Endothelial",TRUE,0.0103428091230222
"95095","CD8+_T_Cells","CD8+_T_Cells",TRUE,0.00809036270632463
"92883","Macrophages_1","Macrophages_1",TRUE,0.0878059995089288
"94993","CD8+_T_Cells","CD8+_T_Cells",TRUE,0.00901357671037162
"102998","Stromal","Stromal",TRUE,0.0632080349817354
"77998","Myoepi_ACTA2+","Myoepi_ACTA2+",TRUE,0.432323777399109
"95113","B_Cells","B_Cells",TRUE,0.0757328869944061
"104984","Stromal","Stromal",TRUE,0
"95726","Stromal","Stromal",TRUE,0
"6059","CD4+_T_Cells","CD4+_T_Cells",TRUE,0.0163205353628126
"94979","CD4+_T_Cells","Stromal",FALSE,0.0540027397483682
"73740","Invasive_Tumor","Invasive_Tumor",TRUE,0
"92847","CD8+_T_Cells","CD8+_T_Cells",TRUE,0.0711989516583483
"73556","Stromal","Stromal",TRUE,0.0253828166919995
"94971","Stromal","Stromal",TRUE,0.0574937461471675
"92039","Invasive_Tumor","Invasive_Tumor",TRUE,0.0153385016434092
"79461","Stromal","Stromal",TRUE,0.171177986157622
"78679","Stromal","Stromal",TRUE,0
"91299","Stromal","Stromal",TRUE,0.122245783151139
"74868","Stromal","Stromal",TRUE,0.051151197781126
"90721","Invasive_Tumor","Invasive_Tumor",TRUE,0.0076396784443149
"6174","Stromal","Stromal",TRUE,0.448557227804495
"92100","Invasive_Tumor","Invasive_Tumor",TRUE,0
"105286","Stromal","Stromal",TRUE,0.0701946654572851
"76573","Macrophages_1","Macrophages_1",TRUE,0.0246020388693176
"103501","Myoepi_ACTA2+","Myoepi_ACTA2+",TRUE,0.0761716882708292
"76667","Stromal","Stromal",TRUE,0.05617766022022
"92040","Invasive_Tumor","Invasive_Tumor",TRUE,0.0280712069507178
"105184","Stromal","Stromal",TRUE,0.0740494146897784
"92136","Perivascular-Like","Perivascular-Like",TRUE,0.0277905387896458
"6043","Perivascular-Like","Perivascular-Like",TRUE,0.0202785201507699
"6172","Stromal","Stromal",TRUE,0.200260826134606
"92862","Myoepi_ACTA2+","Myoepi_ACTA2+",TRUE,0.0683148479476461
"78698","Stromal","Stromal",TRUE,0.00607413995186656
"77947","DCIS 2","DCIS 2",TRUE,0.0603300226576702
"76586","CD4+_T_Cells","CD4+_T_Cells",TRUE,0.0213822212197571
"103271","Macrophages_1","Macrophages_1",TRUE,0.0809091324453252
"79067","Stromal","Stromal",TRUE,0.0177169201726025
"8222","Endothelial","Endothelial",TRUE,0.00221091445962168
"74160","CD8+_T_Cells","CD8+_T_Cells",TRUE,0.0724932071654098
"90463","Invasive_Tumor","Invasive_Tumor",TRUE,0.000936122619924016
"95143","Stromal","Stromal",TRUE,0.0266772587940567
"92128","Perivascular-Like","Perivascular-Like",TRUE,0.000417430218585479
"92955","Stromal","Stromal",TRUE,0.0214561572248172
"75276","Perivascular-Like","Perivascular-Like",TRUE,0.0653556143408653
"105168","DCIS 2","DCIS 2",TRUE,0
"8320","DCIS 2","DCIS 2",TRUE,0
"90491","Invasive_Tumor","Invasive_Tumor",TRUE,0
"6360","Stromal","Stromal",TRUE,0
"93878","Stromal","Stromal",TRUE,0.0497268996554552
"73736","Prolif_Invasive_Tumor","Prolif_Invasive_Tumor",TRUE,0
"6362","Stromal","Stromal",TRUE,0.0470796428880114
"91298","Invasive_Tumor","Invasive_Tumor",TRUE,0.000975109335554107
"93039","Stromal","Stromal",TRUE,0.0672336217896082
"73544","Invasive_Tumor","Invasive_Tumor",TRUE,0
"92126","CD4+_T_Cells","CD4+_T_Cells",TRUE,0.00914620673818872
"95787","B_Cells","B_Cells",TRUE,0.00890611007881892
"74251","CD4+_T_Cells","CD4+_T_Cells",TRUE,0.00217962069923283
"105171","DCIS 2","DCIS 2",TRUE,0.0234711017688541
"90390","Invasive_Tumor","Invasive_Tumor",TRUE,0.0037178093308982
"79462","Stromal","Stromal",TRUE,0.302117530536301
"76587","Endothelial","Endothelial",TRUE,0.00159895688846529
"95781","B_Cells","B_Cells",TRUE,0
"77940","DCIS 2","DCIS 2",TRUE,0.0370717985587818
"90724","Invasive_Tumor","Invasive_Tumor",TRUE,0.0223593875442628
"103268","Stromal","Stromal",TRUE,0.0459636884343269
"90373","DCIS 2","DCIS 2",TRUE,0.029630049416262
"8177","DCIS 2","DCIS 2",TRUE,0.437871098332967
"92967","Stromal","Stromal",TRUE,0
"90375","Invasive_Tumor","Invasive_Tumor",TRUE,0.0043526711400013
"73424","DCIS 1","DCIS 1",TRUE,0.0865321889293624
"90495","Invasive_Tumor","Invasive_Tumor",TRUE,0.00998447600384032
"80221","Stromal","Stromal",TRUE,0.0522449987134204
"92880","CD4+_T_Cells","CD4+_T_Cells",TRUE,0.00223936274198361
"6173","Stromal","Stromal",TRUE,0.0496473087650629
"94998","Stromal","Stromal",TRUE,0.0496442065620353
"90404","Invasive_Tumor","Invasive_Tumor",TRUE,0.00757167940853652
"105178","Myoepi_ACTA2+","Myoepi_ACTA2+",TRUE,0.0429609348694298
"73744","Invasive_Tumor","Invasive_Tumor",TRUE,0
"73546","Prolif_Invasive_Tumor","Prolif_Invasive_Tumor",TRUE,0
"105327","B_Cells","B_Cells",TRUE,0.478387742253499
"90480","Invasive_Tumor","Invasive_Tumor",TRUE,0.00991618590386076
"76582","Macrophages_2","Macrophages_2",TRUE,0.111774096526819
"74259","CD4+_T_Cells","CD4+_T_Cells",TRUE,0.4865745351253
"80217","Stromal","Stromal",TRUE,0
"95123","Stromal","Stromal",TRUE,0.0586522163609749
"6057","Macrophages_1","Macrophages_1",TRUE,0.0547278725011189
"74137","Macrophages_1","Macrophages_1",TRUE,0.0129176920783249
"78319","Stromal","Stromal",TRUE,0
"76671","Stromal","Stromal",TRUE,0.0417664911437943
"95132","Macrophages_2","Macrophages_2",TRUE,0.160101931990233
"93864","Stromal","Stromal",TRUE,0.306189699584794
"92043","Invasive_Tumor","Invasive_Tumor",TRUE,0.0469552581063264
"92644","Prolif_Invasive_Tumor","Prolif_Invasive_Tumor",TRUE,0.0701122542579111
"75282","Stromal","Stromal",TRUE,0.0554627474213285
"95092","B_Cells","B_Cells",TRUE,0.0099654511975274
"93057","Stromal","Stromal",TRUE,0
"92854","B_Cells","Stromal",FALSE,0.0699339626929913
"92176","CD4+_T_Cells","CD4+_T_Cells",TRUE,0.00364197736246585
"73401","DCIS 2","DCIS 2",TRUE,0.900301032461019
"78009","Myoepi_ACTA2+","Myoepi_ACTA2+",TRUE,0.0829363087641073
"75250","CD8+_T_Cells","CD8+_T_Cells",TRUE,0.0673476136811432
"92555","CD8+_T_Cells","CD8+_T_Cells",TRUE,0.0204943972581747
"103249","Stromal","Stromal",TRUE,0.0371147653427602
"75249","Stromal","Stromal",TRUE,0
"103504","Myoepi_ACTA2+","Myoepi_ACTA2+",TRUE,0.0843051905274297
"75247","B_Cells","B_Cells",TRUE,0.0903371629656454
"92547","CD8+_T_Cells","CD8+_T_Cells",TRUE,0.00585366280377865
"105343","Macrophages_1","Macrophages_1",TRUE,0.0798038683769813
"92132","Perivascular-Like","Perivascular-Like",TRUE,0.0305776118635067
"76597","Stromal","Stromal",TRUE,0.0544061048447335
"93887","Stromal","Stromal",TRUE,0.056732252388646
"95083","CD4+_T_Cells","CD4+_T_Cells",TRUE,0.0472590173474882
"74244","B_Cells","B_Cells",TRUE,0.0783505645714527
"92563","CD4+_T_Cells","CD4+_T_Cells",TRUE,0.0141047130704412
"91367","B_Cells","B_Cells",TRUE,0.0226556970778313
"95102","CD4+_T_Cells","CD4+_T_Cells",TRUE,0.0413352993661951
"75268","Stromal","Stromal",TRUE,0.0992352014411744
"78167","Endothelial","Endothelial",TRUE,0.0403013727412325
"78712","Stromal","Stromal",TRUE,0.0564192148785805
"92037","Invasive_Tumor","Invasive_Tumor",TRUE,0
"92638","Invasive_Tumor","Invasive_Tumor",TRUE,0.00771390231192001
"95001","Stromal","Stromal",TRUE,0.0164234790351083
"93861","Stromal","Stromal",TRUE,0.085373069684437
"92559","Perivascular-Like","Perivascular-Like",TRUE,0.0282431916518097
"78007","DCIS 2","DCIS 2",TRUE,0
"92131","CD4+_T_Cells","CD4+_T_Cells",TRUE,0.186464785633193
"90727","Invasive_Tumor","Invasive_Tumor",TRUE,0
"103256","Stromal","Stromal",TRUE,0.0705893856440806
"92954","Stromal","Stromal",TRUE,0.449281569026543
"95086","CD4+_T_Cells","CD4+_T_Cells",TRUE,0.0428010621313873
"105320","B_Cells","B_Cells",TRUE,0.0959855660151229
"73408","Perivascular-Like","Perivascular-Like",TRUE,0
"92550","Endothelial","Endothelial",TRUE,0
"90503","Invasive_Tumor","Invasive_Tumor",TRUE,0.163964025071845
"92858","Stromal","Stromal",TRUE,0.0603993672021926
"74235","Stromal","Stromal",TRUE,0.0699645318438022
"80222","Stromal","Stromal",TRUE,0
"76663","Stromal","Stromal",TRUE,0.00947463976165244
"73738","Invasive_Tumor","Invasive_Tumor",TRUE,0.017522373393192
"95735","CD8+_T_Cells","Stromal",FALSE,0.04269440124381
"105285","Stromal","Stromal",TRUE,0.0611141035735999
"78161","CD8+_T_Cells","Stromal",FALSE,0.0713509469572862
"74148","CD8+_T_Cells","CD8+_T_Cells",TRUE,0
"95730","Stromal","Stromal",TRUE,0.0177555681865359
"78677","Stromal","Stromal",TRUE,0
"92178","Stromal","Stromal",TRUE,0.131759586939255
"92876","CD4+_T_Cells","CD4+_T_Cells",TRUE,0.0588328070212879
"78655","Stromal","Stromal",TRUE,0.0509801368455335
"92129","CD4+_T_Cells","CD4+_T_Cells",TRUE,0.0121144338269309
"90723","Invasive_Tumor","Invasive_Tumor",TRUE,0.0167782172422087
"74953","Stromal","Stromal",TRUE,0.02655446172297
"103503","Stromal","Stromal",TRUE,0.0492345005059613
"90454","Invasive_Tumor","Invasive_Tumor",TRUE,0
"94980","Stromal","Stromal",TRUE,0.209514057430967
"78685","Stromal","Stromal",TRUE,0.0206811733410083
"78165","CD4+_T_Cells","CD4+_T_Cells",TRUE,0.0658450722471617
"92125","Perivascular-Like","Perivascular-Like",TRUE,0.0112331434277245
"90378","Invasive_Tumor","Invasive_Tumor",TRUE,0.0533275782157248
"76676","Macrophages_1","Macrophages_1",TRUE,0.00348312792576505
"103502","Stromal","Stromal",TRUE,0.0735162542168085
"95782","Macrophages_1","Macrophages_1",TRUE,0.037441004686926
"102675","Stromal","Stromal",TRUE,0.0135989682578742
"102671","Endothelial","Endothelial",TRUE,0.0984093095712822
"102669","Stromal","Stromal",TRUE,0
"105180","Myoepi_ACTA2+","Myoepi_ACTA2+",TRUE,0.0729986050817119
"7454","Invasive_Tumor","Invasive_Tumor",TRUE,0
"76658","Stromal","Stromal",TRUE,0
"74157","CD4+_T_Cells","CD4+_T_Cells",TRUE,0
"77978","DCIS 2","DCIS 2",TRUE,0
"95114","CD4+_T_Cells","CD4+_T_Cells",TRUE,0.0522029470998877
"90485","Prolif_Invasive_Tumor","Prolif_Invasive_Tumor",TRUE,0
"103251","Stromal","Stromal",TRUE,0
"94969","CD8+_T_Cells","CD8+_T_Cells",TRUE,0.653386091860028
"92549","Endothelial","Endothelial",TRUE,0
"8153","DCIS 2","DCIS 2",TRUE,0.0429003638283598
"90398","Invasive_Tumor","Invasive_Tumor",TRUE,0
"95712","Macrophages_2","Macrophages_1",FALSE,1.13497669195066
"78682","Stromal","Stromal",TRUE,0
"104646","Stromal","Stromal",TRUE,0.0584429620816577
"91247","Invasive_Tumor","Invasive_Tumor",TRUE,0
"73770","Stromal","Stromal",TRUE,0
"90388","Invasive_Tumor","Invasive_Tumor",TRUE,0
"73748","Invasive_Tumor","Invasive_Tumor",TRUE,0.00071384996722499
"74221","Stromal","Stromal",TRUE,0.000785689412792806
"74842","Invasive_Tumor","Invasive_Tumor",TRUE,0
"74174","CD8+_T_Cells","Stromal",FALSE,0.107781508384074
"93867","Stromal","Stromal",TRUE,0.0888519073205011
"95118","Macrophages_1","Macrophages_1",TRUE,0.734277760376788
"90718","Invasive_Tumor","Invasive_Tumor",TRUE,0
"104996","Stromal","Stromal",TRUE,0.0648154568025149
"95082","Stromal","Stromal",TRUE,0.0794961570841915
"78159","CD4+_T_Cells","CD4+_T_Cells",TRUE,0.0630667523105445
"6056","CD4+_T_Cells","CD4+_T_Cells",TRUE,0.0358034947890687
"76592","Endothelial","Endothelial",TRUE,0
"105176","DCIS 2","DCIS 2",TRUE,0.0484881219512324
"91274","Macrophages_1","Macrophages_1",TRUE,0.089779856034059
"75272","Endothelial","Endothelial",TRUE,0
"77946","Myoepi_ACTA2+","Myoepi_ACTA2+",TRUE,0.0554103817338552
"6055","CD4+_T_Cells","CD4+_T_Cells",TRUE,0.0425797137001716
"92565","CD4+_T_Cells","CD4+_T_Cells",TRUE,0.0126365504710721
"73362","Stromal","Stromal",TRUE,0.0454596289419602
"90429","Invasive_Tumor","Invasive_Tumor",TRUE,0.0059598923002467
"73422","Prolif_Invasive_Tumor","Prolif_Invasive_Tumor",TRUE,0.0891324543191865
"79463","Myoepi_ACTA2+","Myoepi_ACTA2+",TRUE,0
"92121","Macrophages_1","Macrophages_1",TRUE,0.00610750219808343
"77952","DCIS 2","DCIS 2",TRUE,0.0539873530862395
"78321","Stromal","Stromal",TRUE,0.0469157612851935
"90510","Prolif_Invasive_Tumor","Prolif_Invasive_Tumor",TRUE,0.0178187145298589
"93858","Stromal","Stromal",TRUE,0.0467947331044188
"92882","Macrophages_1","Macrophages_1",TRUE,0.0120409571913165
"78325","Macrophages_1","Stromal",FALSE,0.0737227756375454
"105336","B_Cells","B_Cells",TRUE,0.572433554519908
"95139","Stromal","Stromal",TRUE,0.0404988614147916
"90401","Invasive_Tumor","Invasive_Tumor",TRUE,0.00356786861706988
"104978","Stromal","Stromal",TRUE,0.05326087495968
"90506","Invasive_Tumor","Invasive_Tumor",TRUE,0.150654120072328
"90715","Invasive_Tumor","Invasive_Tumor",TRUE,0.0406875470391439
"92557","Endothelial","Endothelial",TRUE,0.00220280792419313
"73771","Stromal","Stromal",TRUE,0.0184022714232138
"74129","CD8+_T_Cells","CD8+_T_Cells",TRUE,0.0136883263463811
"76483","Stromal","Stromal",TRUE,0.434137839068707
"92106","Prolif_Invasive_Tumor","Prolif_Invasive_Tumor",TRUE,0.129904601950683
"78674","Stromal","Stromal",TRUE,0
"92542","CD8+_T_Cells","CD8+_T_Cells",TRUE,0.0331401223230432
"103330","Perivascular-Like","Perivascular-Like",TRUE,0.0247111907782626
"78160","Stromal","Stromal",TRUE,0
"91359","Stromal","Stromal",TRUE,0.058194660048458
"76584","Macrophages_1","Macrophages_1",TRUE,0.0593915357412594
"6054","CD4+_T_Cells","CD4+_T_Cells",TRUE,0.0224681863163862
"92888","Stromal","Stromal",TRUE,0.0516431745556505
"90367","DCIS 2","DCIS 2",TRUE,0.114360207686175
"76589","CD4+_T_Cells","CD4+_T_Cells",TRUE,0.0483117949592305
"78695","Stromal","Stromal",TRUE,0.0174820983782507
"91327","Stromal","Stromal",TRUE,0.0144613785818147
"95088","CD8+_T_Cells","CD8+_T_Cells",TRUE,0
"90474","Invasive_Tumor","Invasive_Tumor",TRUE,0.00364109110114662
"74140","CD4+_T_Cells","CD4+_T_Cells",TRUE,0.0011719753989354
"95075","Macrophages_1","Macrophages_1",TRUE,0.0658113660315125
"92541","CD4+_T_Cells","CD4+_T_Cells",TRUE,0.537275690641067
"78158","Stromal","Stromal",TRUE,0.0782075937101422
"76588","Stromal","Stromal",TRUE,0.245851300759802
"73742","Prolif_Invasive_Tumor","Prolif_Invasive_Tumor",TRUE,0.0401302836940843
"95103","CD8+_T_Cells","CD8+_T_Cells",TRUE,0.00455621829943562
"76594","Endothelial","Endothelial",TRUE,0.595418092780573
"92113","Macrophages_2","Macrophages_2",TRUE,0.107338654283166
"73440","Invasive_Tumor","Invasive_Tumor",TRUE,0.0346805204260444
"92122","CD4+_T_Cells","CD4+_T_Cells",TRUE,0.0013863655773671
"8172","DCIS 2","DCIS 2",TRUE,0.0698607471672697
"78664","Stromal","Stromal",TRUE,0
"78163","CD8+_T_Cells","CD8+_T_Cells",TRUE,0.0575484079450937
"95786","CD8+_T_Cells","CD8+_T_Cells",TRUE,0.0666394649404718
"74895","Invasive_Tumor","Invasive_Tumor",TRUE,0.0328608354228637
"90722","Invasive_Tumor","Invasive_Tumor",TRUE,0
"78672","CD8+_T_Cells","CD8+_T_Cells",TRUE,0.056052388539073
"95108","B_Cells","B_Cells",TRUE,0.0605743897596852
"95130","Stromal","Stromal",TRUE,0
"6169","Macrophages_1","Macrophages_1",TRUE,0.00842431379465797
"105172","DCIS 2","DCIS 2",TRUE,0
"6171","Stromal","Stromal",TRUE,0
"105284","Stromal","Stromal",TRUE,0
"78162","Macrophages_1","Macrophages_1",TRUE,0.044152811780193
"77991","Myoepi_KRT15+","Myoepi_KRT15+",TRUE,0.00604271213787683
"90481","Invasive_Tumor","Invasive_Tumor",TRUE,0.134099715661912
"79060","Myoepi_ACTA2+","Myoepi_ACTA2+",TRUE,0.0669054947514167
"92866","CD8+_T_Cells","CD8+_T_Cells",TRUE,0.0633286623701774
"95724","Macrophages_2","Macrophages_2",TRUE,0.105134683931997
"78006","DCIS 2","DCIS 2",TRUE,0.00675901334871631
"78671","Stromal","Stromal",TRUE,0.0783562752467297
"76675","Macrophages_1","Macrophages_1",TRUE,0.37420144277084
"94995","Macrophages_1","Macrophages_1",TRUE,0.0676050017102467
"6170","Stromal","Stromal",TRUE,0.0487166677163691
"75245","Stromal","Stromal",TRUE,0
"74267","Endothelial","Endothelial",TRUE,0.0121533742361052
"102993","Stromal","Stromal",TRUE,0
"75246","Stromal","Stromal",TRUE,0
"92861","Macrophages_1","Macrophages_1",TRUE,0.0803709813076894
"95122","B_Cells","B_Cells",TRUE,0.0276162906501741
"73737","Invasive_Tumor","Invasive_Tumor",TRUE,0
"75248","CD8+_T_Cells","CD8+_T_Cells",TRUE,0.0756289159493617
"77939","DCIS 2","DCIS 2",TRUE,0.0376475901530933
"92852","Stromal","Stromal",TRUE,0.0478260210713924
"7439","Invasive_Tumor","Invasive_Tumor",TRUE,0
"94973","Stromal","Stromal",TRUE,0.0530778039811688
"95077","CD4+_T_Cells","CD4+_T_Cells",TRUE,0
"95145","CD8+_T_Cells","CD8+_T_Cells",TRUE,0.0466786804726134
"75277","Endothelial","Endothelial",TRUE,0
"74245","Stromal","Stromal",TRUE,0.03778905281869
"7673","Stromal","Stromal",TRUE,0.0776666098831925
"93875","Macrophages_1","Macrophages_1",TRUE,0.0584712338739591
"105165","DCIS 2","DCIS 2",TRUE,0
"79066","Stromal","Stromal",TRUE,0.0314671991395158
"75244","B_Cells","Stromal",FALSE,0.0698338315418958
"73441","Stromal","Stromal",TRUE,0.0466837145472369
"94977","B_Cells","B_Cells",TRUE,0.0365430441238958
"76600","Stromal","Stromal",TRUE,0.0377161656670419
"74256","CD4+_T_Cells","CD4+_T_Cells",TRUE,0.0157683367504549
"8244","Myoepi_KRT15+","Myoepi_KRT15+",TRUE,0
"92120","CD4+_T_Cells","CD4+_T_Cells",TRUE,0
"92641","Prolif_Invasive_Tumor","Prolif_Invasive_Tumor",TRUE,0.00609996368055719
"90414","Invasive_Tumor","Invasive_Tumor",TRUE,0
"79459","Myoepi_ACTA2+","Myoepi_ACTA2+",TRUE,0.101991732752872
"78322","Stromal","Stromal",TRUE,0.0648123046014621
"95087","CD8+_T_Cells","CD8+_T_Cells",TRUE,0.00359705300262708
"104977","Stromal","Stromal",TRUE,0
"105181","Myoepi_ACTA2+","Myoepi_ACTA2+",TRUE,0.0545175073236781
"92949","Stromal","Stromal",TRUE,0
"74847","Prolif_Invasive_Tumor","Prolif_Invasive_Tumor",TRUE,0.169480367788923
"90476","Invasive_Tumor","Invasive_Tumor",TRUE,0
"78324","Macrophages_1","Macrophages_1",TRUE,0.0801756525595758
"91319","Macrophages_1","Macrophages_1",TRUE,0.00707943387010751
"77959","DCIS 2","DCIS 2",TRUE,0.0033042845004202
"92643","Prolif_Invasive_Tumor","Prolif_Invasive_Tumor",TRUE,0.0295569648377396
"92123","CD4+_T_Cells","CD4+_T_Cells",TRUE,0
"90432","Invasive_Tumor","Invasive_Tumor",TRUE,0
"102674","Endothelial","Endothelial",TRUE,0.0425351986112056
"95072","B_Cells","B_Cells",TRUE,0.0123726407339245
"90466","Invasive_Tumor","Prolif_Invasive_Tumor",FALSE,1.87674958938765
"105324","Stromal","Stromal",TRUE,0.0708896290468121
"78711","Myoepi_ACTA2+","Myoepi_ACTA2+",TRUE,0.0421218540410153
"80211","CD8+_T_Cells","CD8+_T_Cells",TRUE,0.017957099471763
"103248","Stromal","Stromal",TRUE,0.0464381859474089
"90386","Invasive_Tumor","Invasive_Tumor",TRUE,0.0109524000358937
"6052","CD4+_T_Cells","CD4+_T_Cells",TRUE,0.0210282124051069
"93868","Macrophages_1","Macrophages_1",TRUE,0.0907642000806566
"92874","Stromal","Stromal",TRUE,0.0661649955883606
"90370","Invasive_Tumor","Invasive_Tumor",TRUE,0
"6355","Stromal","Stromal",TRUE,0.119244194243309
"102673","Stromal","Stromal",TRUE,0.0302710422016221
"90408","Prolif_Invasive_Tumor","Prolif_Invasive_Tumor",TRUE,0.0531007170132543
"92636","Invasive_Tumor","Invasive_Tumor",TRUE,0
"103511","Myoepi_ACTA2+","Myoepi_ACTA2+",TRUE,0.0481897624198617
"76674","Macrophages_1","Macrophages_1",TRUE,0.0734035624986124
"90501","Invasive_Tumor","Invasive_Tumor",TRUE,0.00971742329128139
"105347","B_Cells","B_Cells",TRUE,0.0711862244135076
"74836","Invasive_Tumor","Prolif_Invasive_Tumor",FALSE,0.0413797202065221
"95733","Stromal","Stromal",TRUE,0.0507547768961479
"77988","DCIS 2","DCIS 2",TRUE,0
"105185","Stromal","Stromal",TRUE,0.195466028085154
"73402","Stromal","Stromal",TRUE,0.0116026682368038
"91277","Invasive_Tumor","Invasive_Tumor",TRUE,0.0521933704304753
"105346","Macrophages_1","Macrophages_1",TRUE,0.111342149336613
"74839","Prolif_Invasive_Tumor","Prolif_Invasive_Tumor",TRUE,0.02117620788029
"91264","Invasive_Tumor","Invasive_Tumor",TRUE,0.0110571667093373
"95002","Macrophages_1","Macrophages_1",TRUE,0.0556151794223125
"74873","Stromal","Stromal",TRUE,0.0847642350207283
"79063","Stromal","Stromal",TRUE,0.0455718861869924
"7440","Prolif_Invasive_Tumor","Prolif_Invasive_Tumor",TRUE,0
"103505","Stromal","Stromal",TRUE,0.0882699135739066
"92556","Endothelial","Endothelial",TRUE,0.0115077490433653
"93065","Stromal","Stromal",TRUE,0.0670197080623432
"103507","DCIS 2","DCIS 2",TRUE,0.0424490667829118
"92566","Macrophages_1","Macrophages_1",TRUE,0.315717040368226
"73403","Endothelial","Endothelial",TRUE,0.0273359630187384
"92856","Macrophages_1","Macrophages_1",TRUE,0.0654977783807339
"8198","DCIS 2","DCIS 2",TRUE,0.00569526761159894
"6050","Perivascular-Like","Perivascular-Like",TRUE,0.0206666521717891
"104892","Stromal","Stromal",TRUE,2.51611033369112e-06
"79057","DCIS 2","DCIS 2",TRUE,0.0240629377910843
"74156","Perivascular-Like","Perivascular-Like",TRUE,0.0638146202708754
"90397","Invasive_Tumor","Invasive_Tumor",TRUE,0.00694466244429751
"95718","Stromal","Stromal",TRUE,0.0806404585555187
"78729","DCIS 2","DCIS 2",TRUE,0.0240804255106917
"95105","B_Cells","B_Cells",TRUE,0.0461158617535279
"73769","CD4+_T_Cells","Stromal",FALSE,0.0686818722684922
"76596","Endothelial","Endothelial",TRUE,0.00630956757317935
"74833","Invasive_Tumor","Invasive_Tumor",TRUE,0.00579011550287478
"78329","Stromal","Stromal",TRUE,0.069210608291472
"73733","Invasive_Tumor","Invasive_Tumor",TRUE,0.689692268724393
"90381","Invasive_Tumor","Invasive_Tumor",TRUE,0
"102736","Stromal","Stromal",TRUE,0.0721114088877068
"91297","Invasive_Tumor","Invasive_Tumor",TRUE,0.00645792294067458
"91317","Stromal","Stromal",TRUE,0
"78708","Myoepi_ACTA2+","Myoepi_ACTA2+",TRUE,0.0416497919575137
"76598","Perivascular-Like","Perivascular-Like",TRUE,0.0797603518160027
"80210","Stromal","Stromal",TRUE,0.0335482681518041
"94992","Stromal","Stromal",TRUE,0.0283021484089672
"74891","Prolif_Invasive_Tumor","Prolif_Invasive_Tumor",TRUE,0.0373767952789694
"80213","Stromal","Stromal",TRUE,0.0296000879472231
"93066","Stromal","Stromal",TRUE,0.0602276152051232
"105329","B_Cells","B_Cells",TRUE,0.000700745531346775
"75240","CD4+_T_Cells","CD4+_T_Cells",TRUE,0.0610815421010252
"103342","Stromal","Stromal",TRUE,0.0241423751764994
"91323","CD4+_T_Cells","CD4+_T_Cells",TRUE,0.00878735961549101
"92119","CD4+_T_Cells","CD4+_T_Cells",TRUE,0.00790258752685571
"94981","CD8+_T_Cells","CD8+_T_Cells",TRUE,0.0457189761033246
"102676","Stromal","Stromal",TRUE,0.0264573087161344
"95142","CD8+_T_Cells","CD8+_T_Cells",TRUE,0.00638093367170922
"76680","LAMP3+_DCs","LAMP3+_DCs",TRUE,0.0336978725872277
"93854","Stromal","Stromal",TRUE,0.112706927457337
"76494","Stromal","Stromal",TRUE,0.0306125779021638
"90717","Invasive_Tumor","Invasive_Tumor",TRUE,0
"74138","Endothelial","Endothelial",TRUE,0
"105288","Stromal","Stromal",TRUE,0.0625578658452217
"104986","Stromal","Stromal",TRUE,0.334403306158699
"90462","Invasive_Tumor","Invasive_Tumor",TRUE,0.0017048961100998
"7468","Prolif_Invasive_Tumor","Prolif_Invasive_Tumor",TRUE,0.0123507768809448
"76484","Stromal","Stromal",TRUE,0
"105340","Macrophages_1","Macrophages_1",TRUE,0.0382209290095785
"74167","Perivascular-Like","Perivascular-Like",TRUE,0.0137076036200652
"95093","B_Cells","B_Cells",TRUE,0.0252602534363298
"90357","DCIS 2","DCIS 2",TRUE,0.301482874906133
"103262","Stromal","Stromal",TRUE,0
"6357","CD8+_T_Cells","CD8+_T_Cells",TRUE,0.0632102233429244
"73420","Invasive_Tumor","Invasive_Tumor",TRUE,0.027698127767661
"73743","Prolif_Invasive_Tumor","Prolif_Invasive_Tumor",TRUE,0.0196394249193937
"90494","Invasive_Tumor","Invasive_Tumor",TRUE,0.033090360807183
"73551","Stromal","Stromal",TRUE,0.0382978692369907
"78156","Endothelial","Endothelial",TRUE,0.00969554252363716
"78005","DCIS 2","DCIS 2",TRUE,0
"90714","Invasive_Tumor","Invasive_Tumor",TRUE,0
"104648","Stromal","Stromal",TRUE,0
"79058","Myoepi_ACTA2+","Myoepi_ACTA2+",TRUE,0.0489585633749499
"76668","Stromal","Stromal",TRUE,0.0255777679228258
"105199","DCIS 2","DCIS 2",TRUE,0.0636674541713504
"105348","Stromal","Stromal",TRUE,0.0377058892431979
"92546","Endothelial","Endothelial",TRUE,0.0380734989379807
"75267","Stromal","Stromal",TRUE,0.0315062397117094
"103506","Stromal","Stromal",TRUE,0.0774709007795266
"91281","Invasive_Tumor","Invasive_Tumor",TRUE,0.0398771955559801
"73416","Invasive_Tumor","Invasive_Tumor",TRUE,0.0249849202507709
"102677","Stromal","Stromal",TRUE,0.0707185712959762
"78703","DCIS 2","DCIS 2",TRUE,0.0420932702538956
"105198","DCIS 2","DCIS 2",TRUE,0.0212642604915992
"93060","Stromal","Stromal",TRUE,0.113406704811879
"91271","Invasive_Tumor","Invasive_Tumor",TRUE,0
"90487","Invasive_Tumor","Invasive_Tumor",TRUE,0.0597067845073762
"95124","CD8+_T_Cells","CD8+_T_Cells",TRUE,0.00959270753903047
"80214","Myoepi_KRT15+","Myoepi_KRT15+",TRUE,0.086458592410151
"80215","Myoepi_ACTA2+","Myoepi_ACTA2+",TRUE,0
"79460","DCIS 2","DCIS 2",TRUE,0.203519598714693
"74228","Stromal","Stromal",TRUE,0.0203454012138592
"77992","DCIS 2","DCIS 2",TRUE,0.152847301693976
"104974","Stromal","Stromal",TRUE,0.190648161615935
"95722","Macrophages_2","Macrophages_2",TRUE,0.0685339036305883
"90719","Invasive_Tumor","Invasive_Tumor",TRUE,0
"95106","CD4+_T_Cells","CD4+_T_Cells",TRUE,0.0468910972968309
"95071","Endothelial","Endothelial",TRUE,0.0355765274597149
"91302","Invasive_Tumor","Invasive_Tumor",TRUE,0.00332642983961964
"95084","Macrophages_2","Macrophages_2",TRUE,0.201903849108271
"76689","CD4+_T_Cells","CD4+_T_Cells",TRUE,0.0555369467657394
"76685","Stromal","Stromal",TRUE,0.0489292523789369
"74276","Perivascular-Like","Perivascular-Like",TRUE,0.0280940950496081
"74261","CD8+_T_Cells","CD8+_T_Cells",TRUE,0
"76595","Stromal","Stromal",TRUE,0.0610490024550933
"91260","Invasive_Tumor","Invasive_Tumor",TRUE,0.0106279338555069
"74830","Invasive_Tumor","Invasive_Tumor",TRUE,0.0615441624400711
"95078","B_Cells","B_Cells",TRUE,0.057376023589157
"76471","Stromal","Stromal",TRUE,0.0456380535294739
"104651","Stromal","Stromal",TRUE,0.102932266162429
"8157","Myoepi_KRT15+","Myoepi_KRT15+",TRUE,0
"91361","Invasive_Tumor","Invasive_Tumor",TRUE,0.0201995927803221
"80208","Stromal","Stromal",TRUE,0.0579689680232108
"92543","B_Cells","B_Cells",TRUE,0.470783285002868
"104874","Macrophages_1","Stromal",FALSE,0.132639351145152
"93848","Stromal","Stromal",TRUE,0.0851710323917363
"76478","Stromal","Stromal",TRUE,0.139352180901548
"92846","Stromal","Stromal",TRUE,0.0251494095549934
"92551","Endothelial","Endothelial",TRUE,0
"92118","Macrophages_2","Macrophages_1",FALSE,1.52180579494147
"79448","Myoepi_ACTA2+","Myoepi_ACTA2+",TRUE,0.032591701434444
"90372","Invasive_Tumor","Invasive_Tumor",TRUE,0.0725228156248492
"95112","Stromal","Stromal",TRUE,0.0399191468232116
"79451","DCIS 2","DCIS 2",TRUE,0.0486646749593275
"75241","CD4+_T_Cells","CD4+_T_Cells",TRUE,0.0317368675286526
"92634","Stromal","Stromal",TRUE,0.0782415202479508
"78669","Stromal","Stromal",TRUE,0
"76469","Macrophages_1","Macrophages_1",TRUE,0.031861650250657
"77983","DCIS 2","DCIS 2",TRUE,0
"78320","Stromal","Stromal",TRUE,0.03502216782045
"74255","B_Cells","B_Cells",TRUE,0.0600834871010798
"76593","Endothelial","Endothelial",TRUE,0
"73419","Perivascular-Like","Perivascular-Like",TRUE,0.0396338029489301
"92534","CD4+_T_Cells","CD4+_T_Cells",TRUE,0.0148403348814747
"103508","Myoepi_KRT15+","Myoepi_KRT15+",TRUE,0.0547934282926239
"92855","Stromal","Stromal",TRUE,0
"78157","Stromal","Stromal",TRUE,0.146591003077668
"74951","Macrophages_1","Macrophages_1",TRUE,0.131134489678207
"90508","Invasive_Tumor","Invasive_Tumor",TRUE,0
"75243","CD4+_T_Cells","CD4+_T_Cells",TRUE,0.0347532708454474
"6423","Stromal","Stromal",TRUE,0.0618254982537014
"95133","Macrophages_2","Macrophages_2",TRUE,0.111671517537426
"90475","Prolif_Invasive_Tumor","Prolif_Invasive_Tumor",TRUE,0.217591813467247
"78673","Stromal","Stromal",TRUE,0
"91349","Prolif_Invasive_Tumor","Prolif_Invasive_Tumor",TRUE,0.0470868989198281
"105200","DCIS 1","DCIS 2",FALSE,1.87540222669356
"94972","CD8+_T_Cells","CD8+_T_Cells",TRUE,0.0526427280547273
"104972","Macrophages_2","Macrophages_2",TRUE,0.0995593544911937
"90685","Invasive_Tumor","Invasive_Tumor",TRUE,0
"93061","Stromal","Stromal",TRUE,0.0987524759345937
"8166","Myoepi_KRT15+","Myoepi_KRT15+",TRUE,0.162721262597329
"79456","DCIS 2","DCIS 2",TRUE,0
"93856","Macrophages_1","Macrophages_1",TRUE,0.0911541534215277
"90502","Invasive_Tumor","Invasive_Tumor",TRUE,0.840558817280264
"74141","Endothelial","Endothelial",TRUE,0.0090557658044266
"73407","Stromal","Stromal",TRUE,0.0560271377196654
"95098","CD4+_T_Cells","CD4+_T_Cells",TRUE,0.0125357023027376
"95138","Stromal","Stromal",TRUE,0.0525968206435624
"103510","Myoepi_ACTA2+","Myoepi_ACTA2+",TRUE,0.0555129420801261
"95049","Stromal","Stromal",TRUE,0.047537676244465
"94967","B_Cells","B_Cells",TRUE,0.0583717309888842
"75284","Stromal","Stromal",TRUE,0
"92860","B_Cells","B_Cells",TRUE,0.0972371320847733
"90478","Invasive_Tumor","Invasive_Tumor",TRUE,0
"90403","Invasive_Tumor","Invasive_Tumor",TRUE,0
"73730","Invasive_Tumor","DCIS 2",FALSE,2
"95070","Macrophages_2","Macrophages_1",FALSE,0.222442326755068
"103509","Myoepi_ACTA2+","Myoepi_ACTA2+",TRUE,0.0393559440268273
"94978","Stromal","Stromal",TRUE,0.0578310044585157
"74171","CD8+_T_Cells","CD8+_T_Cells",TRUE,0.0684842845571674
"74828","Prolif_Invasive_Tumor","Prolif_Invasive_Tumor",TRUE,0.0120203979563297
"80216","DCIS 2","DCIS 2",TRUE,0.0174165241758961
"80212","DCIS 2","DCIS 2",TRUE,0.197944933682543
"95061","Perivascular-Like","Perivascular-Like",TRUE,0.0244727923157043
"90413","Invasive_Tumor","Invasive_Tumor",TRUE,0
"92538","CD8+_T_Cells","CD8+_T_Cells",TRUE,0.00934460135156195
"90396","Invasive_Tumor","Invasive_Tumor",TRUE,0.00811624545584205
"95060","Stromal","Stromal",TRUE,0.0357174059748319
"90354","Invasive_Tumor","Invasive_Tumor",TRUE,0.00999751466228949
"95711","CD8+_T_Cells","CD8+_T_Cells",TRUE,0.0592478374878821
"92117","Macrophages_1","Macrophages_1",TRUE,0.000678541679408784
"105201","Myoepi_ACTA2+","Myoepi_ACTA2+",TRUE,0.0408469225263676
"103261","Stromal","Stromal",TRUE,0
"94997","Stromal","Stromal",TRUE,0.0390616278269998
"94994","Macrophages_1","Macrophages_1",TRUE,0.0414341782292147
"79059","Myoepi_ACTA2+","Stromal",FALSE,0.0762839113194402
"92849","Macrophages_1","Macrophages_1",TRUE,0.0996851509347345
"78155","Endothelial","Endothelial",TRUE,0.708865700109318
"91320","Stromal","Stromal",TRUE,0.176510043243895
"92528","LAMP3+_DCs","LAMP3+_DCs",TRUE,0.0250641798235356
"92114","CD8+_T_Cells","CD8+_T_Cells",TRUE,0.00223285520919636
"92622","Stromal","Stromal",TRUE,0.0199328043922551
"103252","Stromal","Stromal",TRUE,0
"102721","B_Cells","B_Cells",TRUE,0.0566065797337938
"103332","Prolif_Invasive_Tumor","Prolif_Invasive_Tumor",TRUE,0.011795801730122
"90402","Invasive_Tumor","Invasive_Tumor",TRUE,0.00617562261754128
"73739","Prolif_Invasive_Tumor","Prolif_Invasive_Tumor",TRUE,0.00228533149970326
"90468","Invasive_Tumor","Invasive_Tumor",TRUE,0.00503822752853673
"78317","CD8+_T_Cells","CD8+_T_Cells",TRUE,0.0412609117201033
"94975","Stromal","Stromal",TRUE,0.0521640775313799
"75242","Macrophages_1","Macrophages_1",TRUE,0.0493750853803147
"92890","CD4+_T_Cells","CD4+_T_Cells",TRUE,0.0106014411180866
"104993","IRF7+_DCs","IRF7+_DCs",TRUE,0.0304587318032576
"90490","Invasive_Tumor","Invasive_Tumor",TRUE,0
"103272","Stromal","Stromal",TRUE,0.0122447628645843
"78148","Stromal","Stromal",TRUE,0
"92112","Stromal","Stromal",TRUE,0.051407421474291
"6053","Perivascular-Like","Perivascular-Like",TRUE,0.0535669381078886
"76682","CD8+_T_Cells","CD8+_T_Cells",TRUE,0.0347997400113748
"74845","Invasive_Tumor","Invasive_Tumor",TRUE,0.0805320360824456
"76477","Stromal","Stromal",TRUE,0.0863612776768822
"80207","Stromal","Stromal",TRUE,0.0606613040126207
"91262","Invasive_Tumor","Invasive_Tumor",TRUE,0.141003492732059
"78153","Macrophages_1","Macrophages_1",TRUE,0.0847884278116429
"77997","DCIS 2","DCIS 2",TRUE,0
"73417","Prolif_Invasive_Tumor","Prolif_Invasive_Tumor",TRUE,0.0228250840979851
"78154","Stromal","Stromal",TRUE,0
"103512","Myoepi_ACTA2+","Myoepi_ACTA2+",TRUE,0.0335826020361268
"93870","Stromal","Stromal",TRUE,0.068503027055815
"104652","Stromal","Stromal",TRUE,0.0745663053258002
"90366","Prolif_Invasive_Tumor","Prolif_Invasive_Tumor",TRUE,0.0119423710218299
"92964","Stromal","Stromal",TRUE,0.0090429260102324
"8221","Prolif_Invasive_Tumor","Prolif_Invasive_Tumor",TRUE,0.00852943207332347
"78681","Stromal","Stromal",TRUE,0
"74128","CD4+_T_Cells","CD4+_T_Cells",TRUE,0.00303741273425548
"105341","Macrophages_1","Macrophages_1",TRUE,0.0369941286853266
"75269","Stromal","Stromal",TRUE,0
"92875","Stromal","Stromal",TRUE,0
"90387","Invasive_Tumor","Invasive_Tumor",TRUE,0
"79065","Stromal","Stromal",TRUE,0
"76690","Stromal","Stromal",TRUE,0.0276892819083923
"90409","Invasive_Tumor","Invasive_Tumor",TRUE,0.048260046965272
"90362","Invasive_Tumor","Invasive_Tumor",TRUE,0
"74284","CD4+_T_Cells","CD4+_T_Cells",TRUE,0.0056817245364916
"78704","Myoepi_ACTA2+","Myoepi_ACTA2+",TRUE,0.0396902585890671
"94984","CD8+_T_Cells","CD8+_T_Cells",TRUE,0.0614736216210304
"94982","Macrophages_1","Macrophages_1",TRUE,0.0906563281913477
"79053","DCIS 2","DCIS 2",TRUE,0
"90493","Prolif_Invasive_Tumor","Prolif_Invasive_Tumor",TRUE,0.0397757997367422
"78152","Stromal","Stromal",TRUE,0.0653525723117068
"76679","CD8+_T_Cells","CD8+_T_Cells",TRUE,0.0290870950751663
"76470","Perivascular-Like","Perivascular-Like",TRUE,0.00686832685483071
"74829","Invasive_Tumor","Invasive_Tumor",TRUE,0.0182879796221365
"102739","Stromal","Stromal",TRUE,0.0952767622779558
"102678","Stromal","Stromal",TRUE,0
"76673","Stromal","Stromal",TRUE,0.0054643011088971
"92540","CD4+_T_Cells","CD4+_T_Cells",TRUE,0.0327084728495561
"103513","Myoepi_KRT15+","Myoepi_KRT15+",TRUE,0.0130351639218545
"7459","Prolif_Invasive_Tumor","Prolif_Invasive_Tumor",TRUE,0
"91355","Invasive_Tumor","Prolif_Invasive_Tumor",FALSE,2
"76599","CD4+_T_Cells","CD4+_T_Cells",TRUE,0.0590370821744413
"6049","Endothelial","Endothelial",TRUE,0.0261158436343427
"104650","B_Cells","Stromal",FALSE,0.121598067976821
"7476","Invasive_Tumor","Invasive_Tumor",TRUE,0
"76694","Endothelial","Endothelial",TRUE,0.0626962821548838
"105204","Stromal","Stromal",TRUE,0
"94991","Stromal","Stromal",TRUE,0.0646811739418912
"90382","Prolif_Invasive_Tumor","Prolif_Invasive_Tumor",TRUE,0
"91307","Invasive_Tumor","Invasive_Tumor",TRUE,0.00594131412336171
"95004","CD4+_T_Cells","CD4+_T_Cells",TRUE,0.0559525043008246
"91249","Prolif_Invasive_Tumor","Prolif_Invasive_Tumor",TRUE,0
"93862","Stromal","Stromal",TRUE,0.0446676439159595
"78696","Myoepi_ACTA2+","Myoepi_ACTA2+",TRUE,0.073785527960586
"78149","Stromal","Stromal",TRUE,0
"6051","Perivascular-Like","Perivascular-Like",TRUE,0.0371941226251767
"74841","Invasive_Tumor","Invasive_Tumor",TRUE,0.10787366282187
"93880","Stromal","Stromal",TRUE,0.05362468905097
"76472","Macrophages_1","Macrophages_1",TRUE,0.0213545142061828
"92116","Macrophages_1","Macrophages_1",TRUE,0.0851758211156309
"90376","Invasive_Tumor","Invasive_Tumor",TRUE,0
"102683","Myoepi_ACTA2+","Myoepi_ACTA2+",TRUE,0.273078952012621
"105000","Endothelial","Stromal",FALSE,0.0774849982017372
"95121","CD4+_T_Cells","CD4+_T_Cells",TRUE,0.0635244626970691
"105203","DCIS 2","DCIS 2",TRUE,0
"102723","Stromal","Stromal",TRUE,0
"90420","Prolif_Invasive_Tumor","Prolif_Invasive_Tumor",TRUE,0
"78691","Stromal","Stromal",TRUE,0.0345743015926681
"91324","CD8+_T_Cells","CD8+_T_Cells",TRUE,9.28520291574308e-05
"91296","Stromal","Stromal",TRUE,0.126901810275094
"103259","Stromal","Stromal",TRUE,0
"95717","Stromal","Stromal",TRUE,0.122743276737892
"92635","Invasive_Tumor","Invasive_Tumor",TRUE,0.0686601204260746
"94989","Macrophages_1","Macrophages_1",TRUE,0.0468501170133854
"90680","Invasive_Tumor","Invasive_Tumor",TRUE,0
"90369","Invasive_Tumor","Invasive_Tumor",TRUE,0.00322439318502235
"92526","LAMP3+_DCs","LAMP3+_DCs",TRUE,0.0443122034106738
"92545","Perivascular-Like","Perivascular-Like",TRUE,0.19127128107098
"91340","Invasive_Tumor","Invasive_Tumor",TRUE,0.0431553843173981
"6363","B_Cells","Stromal",FALSE,0.051223998894447
"74144","Perivascular-Like","Perivascular-Like",TRUE,0.0278675384646025
"74135","CD4+_T_Cells","CD4+_T_Cells",TRUE,0.0119441944730937
"78151","Stromal","Stromal",TRUE,0
"91293","Invasive_Tumor","Invasive_Tumor",TRUE,0
"95141","Stromal","Stromal",TRUE,0.0768353165023333
"76475","Stromal","Stromal",TRUE,0
"103250","CD4+_T_Cells","CD4+_T_Cells",TRUE,0.0961420842588466
"79062","Stromal","Stromal",TRUE,0.00169225173327686
"74273","CD4+_T_Cells","CD4+_T_Cells",TRUE,0
"79054","DCIS 2","DCIS 2",TRUE,0.0213846339244762
"95079","B_Cells","B_Cells",TRUE,0.00360543400439781
"73768","Stromal","Stromal",TRUE,0.0124790178414522
"104999","Endothelial","Endothelial",TRUE,0.055442587444223
"91300","Invasive_Tumor","Invasive_Tumor",TRUE,0.00827141423678541
"74954","B_Cells","B_Cells",TRUE,0.865578484515183
"7595","Stromal","Stromal",TRUE,0
"95100","B_Cells","B_Cells",TRUE,0
"78728","DCIS 2","DCIS 2",TRUE,0.0404268427607972
"7438","Invasive_Tumor","Invasive_Tumor",TRUE,0.464251254369667
"74849","Invasive_Tumor","Invasive_Tumor",TRUE,0.31076816686619
"92851","Stromal","Stromal",TRUE,0
"80206","Myoepi_ACTA2+","Myoepi_ACTA2+",TRUE,0.0408852704975612
"77979","DCIS 2","DCIS 2",TRUE,0
"95136","Stromal","Stromal",TRUE,0.0603650483706511
"78678","Stromal","Stromal",TRUE,0.0305058877905171
"75237","Macrophages_1","Macrophages_1",TRUE,0.0361160788191164
"75239","CD8+_T_Cells","CD8+_T_Cells",TRUE,0.150747882245051
"77995","DCIS 2","DCIS 2",TRUE,0.13446238398248
"73414","Invasive_Tumor","Invasive_Tumor",TRUE,0.0292357257300944
"91270","Invasive_Tumor","DCIS 2",FALSE,1.76341651548337
"91333","Endothelial","Endothelial",TRUE,0.000974905150869565
"105339","Mast_Cells","Mast_Cells",TRUE,0.0422900542932759
"79434","Myoepi_ACTA2+","Myoepi_ACTA2+",TRUE,0.0615019807775433
"95062","Stromal","Stromal",TRUE,0.0510219023928375
"90500","Invasive_Tumor","Invasive_Tumor",TRUE,0
"94986","Macrophages_1","Macrophages_1",TRUE,0.140393349649405
"93884","B_Cells","B_Cells",TRUE,0.0996652789642426
"104647","Endothelial","Stromal",FALSE,0.0718695185468991
"78318","Stromal","Stromal",TRUE,0.0366229761551815
"93877","Stromal","Stromal",TRUE,0.0169068966971943
"74892","Prolif_Invasive_Tumor","Prolif_Invasive_Tumor",TRUE,0.00872610892475476
"90507","Invasive_Tumor","Invasive_Tumor",TRUE,0
"90483","Invasive_Tumor","Invasive_Tumor",TRUE,0
"95713","CD8+_T_Cells","CD8+_T_Cells",TRUE,0.0373471647499977
"80209","DCIS 2","DCIS 2",TRUE,0.0120950013560173
"105202","Stromal","Stromal",TRUE,0.205096638722261
"95000","Macrophages_1","Macrophages_1",TRUE,0.0718612528266086
"94970","CD4+_T_Cells","CD4+_T_Cells",TRUE,0.0484344593773874
"78680","Stromal","Stromal",TRUE,0
"74234","Stromal","Stromal",TRUE,0.0340047309475243
"76479","Stromal","Stromal",TRUE,0.0574514560872053
"104909","Stromal","Stromal",TRUE,0
"76601","Endothelial","Endothelial",TRUE,0.0483227687764325
"91258","Invasive_Tumor","Invasive_Tumor",TRUE,0.0111003253266432
"79454","DCIS 2","DCIS 2",TRUE,0
"103340","Invasive_Tumor","Invasive_Tumor",TRUE,0.0473892697741081
"90737","Invasive_Tumor","Invasive_Tumor",TRUE,0
"104985","Stromal","Stromal",TRUE,0
"91330","Perivascular-Like","Perivascular-Like",TRUE,0.0319188574496747
"76688","Stromal","Stromal",TRUE,0.00892329887847633
"91284","Prolif_Invasive_Tumor","Prolif_Invasive_Tumor",TRUE,0.00243609975238717
"6168","Stromal","Stromal",TRUE,0.0292229720355163
"90716","Invasive_Tumor","Invasive_Tumor",TRUE,0.0057502439475102
"102685","Stromal","Stromal",TRUE,0.0740572267482087
"90689","Invasive_Tumor","Invasive_Tumor",TRUE,0
"79443","DCIS 2","DCIS 2",TRUE,0
"6167","Stromal","Stromal",TRUE,0.0394944406334695
"105207","DCIS 2","DCIS 2",TRUE,0.291233021489316
"92865","Macrophages_1","Macrophages_1",TRUE,0.0823524592727549
"105333","B_Cells","B_Cells",TRUE,0.0376276006783751
"78726","DCIS 2","DCIS 2",TRUE,0.0238185314455436
"92527","CD4+_T_Cells","CD4+_T_Cells",TRUE,0.000592378422241524
"91364","Prolif_Invasive_Tumor","Prolif_Invasive_Tumor",TRUE,0
"93853","Stromal","Stromal",TRUE,0.225199476331884
"95055","CD8+_T_Cells","CD8+_T_Cells",TRUE,0.0524866318670005
"102684","Myoepi_ACTA2+","Myoepi_ACTA2+",TRUE,0.0446018284148763
"95051","CD8+_T_Cells","CD8+_T_Cells",TRUE,0.0451378755861733
"78145","CD8+_T_Cells","CD8+_T_Cells",TRUE,0.0570737291012391
"76699","Perivascular-Like","Perivascular-Like",TRUE,0.0387840463241307
"92525","CD8+_T_Cells","CD8+_T_Cells",TRUE,0.0792297771374116
"73722","Invasive_Tumor","Invasive_Tumor",TRUE,0.528050430639077
"74856","Endothelial","Endothelial",TRUE,0.631222730360258
"78150","Stromal","Stromal",TRUE,0
"78147","Stromal","Stromal",TRUE,0.0488002556024333
"105349","Stromal","Stromal",TRUE,0.0461237455175463
"73423","Endothelial","Endothelial",TRUE,0
"95053","B_Cells","B_Cells",TRUE,0.01143132476222
"90351","Invasive_Tumor","Invasive_Tumor",TRUE,0.00844323944346704
"74881","Invasive_Tumor","Invasive_Tumor",TRUE,0.00684105206773106
"95010","Stromal","Stromal",TRUE,0.0746494591487027
"75238","CD8+_T_Cells","CD8+_T_Cells",TRUE,0.0648436894006548
"104653","Stromal","Stromal",TRUE,0.0466932169336505
"79055","Myoepi_ACTA2+","Myoepi_ACTA2+",TRUE,0
"78702","DCIS 2","DCIS 2",TRUE,0.0225759754861885
"74265","Stromal","Stromal",TRUE,0
"103331","Invasive_Tumor","Invasive_Tumor",TRUE,0.00860557207584489
"90498","Prolif_Invasive_Tumor","Prolif_Invasive_Tumor",TRUE,0
"90416","Invasive_Tumor","Invasive_Tumor",TRUE,0
"104655","Endothelial","Endothelial",TRUE,0.0725994860709269
"95099","CD8+_T_Cells","CD8+_T_Cells",TRUE,0.00802230557449307
"74831","Prolif_Invasive_Tumor","Prolif_Invasive_Tumor",TRUE,0.102610568154896
"90371","Invasive_Tumor","Invasive_Tumor",TRUE,0.0121139373684222
"95008","CD4+_T_Cells","CD4+_T_Cells",TRUE,0.0599740910352765
"78675","Stromal","Stromal",TRUE,0
"79056","Myoepi_ACTA2+","Myoepi_ACTA2+",TRUE,0.212601510920836
"73732","Invasive_Tumor","Invasive_Tumor",TRUE,0.00547872174499219
"92537","CD4+_T_Cells","CD4+_T_Cells",TRUE,0
"78003","DCIS 1","DCIS 2",FALSE,1.08204502411845
"92878","CD4+_T_Cells","CD4+_T_Cells",TRUE,0.0400447761135441
"105205","DCIS 2","DCIS 2",TRUE,0.0276122769339113
"73728","Invasive_Tumor","Invasive_Tumor",TRUE,0.00789132802323819
"95066","CD8+_T_Cells","CD8+_T_Cells",TRUE,0.461895268038862
"94966","Stromal","Stromal",TRUE,0.0595171342197949
"78001","DCIS 2","DCIS 2",TRUE,0
"76497","Stromal","Stromal",TRUE,0
"91280","Invasive_Tumor","Invasive_Tumor",TRUE,0
"74287","CD4+_T_Cells","CD4+_T_Cells",TRUE,0.0450021007185076
"6166","Stromal","Stromal",TRUE,0
"92868","CD4+_T_Cells","CD4+_T_Cells",TRUE,0.0611726760406507
"94974","IRF7+_DCs","IRF7+_DCs",TRUE,0.0341853988103086
"77989","DCIS 2","DCIS 2",TRUE,0
"93847","Stromal","Stromal",TRUE,0.0982824156288372
"91295","Prolif_Invasive_Tumor","Prolif_Invasive_Tumor",TRUE,0
"76684","Macrophages_1","Macrophages_1",TRUE,0.0665922739924563
"74266","Stromal","Stromal",TRUE,0.0530534881678101
"105208","Stromal","Stromal",TRUE,0.0320064712423885
"74844","Invasive_Tumor","Invasive_Tumor",TRUE,0
"92857","Stromal","Stromal",TRUE,0.0595447127187992
"91263","Invasive_Tumor","Invasive_Tumor",TRUE,0
"80200","Macrophages_1","Macrophages_1",TRUE,0.1183128477309
"76678","Macrophages_1","Macrophages_1",TRUE,0.0717685075354206
"92965","Stromal","Stromal",TRUE,0.0589423172584634
"104997","Stromal","Stromal",TRUE,0
"90359","Invasive_Tumor","Invasive_Tumor",TRUE,0.100969730553018
"80219","Stromal","Stromal",TRUE,0.0175919343679471
"92869","Macrophages_1","Macrophages_1",TRUE,0.0629082934351822
"76692","Stromal","Stromal",TRUE,0.0509116650197865
"80205","DCIS 2","DCIS 2",TRUE,0.0126118406814324
"90418","Invasive_Tumor","Invasive_Tumor",TRUE,0.0968423989157513
"90467","Prolif_Invasive_Tumor","Prolif_Invasive_Tumor",TRUE,0.697547018269759
"90394","Prolif_Invasive_Tumor","Prolif_Invasive_Tumor",TRUE,0.00698128352530315
"74834","Prolif_Invasive_Tumor","Prolif_Invasive_Tumor",TRUE,0
"95094","Stromal","Stromal",TRUE,0.0508048058809712
"73421","Perivascular-Like","Perivascular-Like",TRUE,0.0832738864809618
"78000","DCIS 2","DCIS 2",TRUE,0
"74827","Prolif_Invasive_Tumor","Prolif_Invasive_Tumor",TRUE,0.00718412306460946
"105206","Stromal","Stromal",TRUE,0.0811039929032514
"92884","Macrophages_2","Macrophages_1",FALSE,1.73972671467885
"76474","Stromal","Stromal",TRUE,0.0356854675476662
"95059","CD4+_T_Cells","CD4+_T_Cells",TRUE,0.0212164359460685
"92848","CD8+_T_Cells","CD8+_T_Cells",TRUE,0.032877420092665
"76687","Stromal","Stromal",TRUE,0.0694551216121638
"103518","Myoepi_KRT15+","Myoepi_KRT15+",TRUE,0
"79435","DCIS 2","DCIS 2",TRUE,0.176481695362913
"80201","Stromal","Stromal",TRUE,0.077465059458684
"91346","Prolif_Invasive_Tumor","Prolif_Invasive_Tumor",TRUE,0
"90410","Invasive_Tumor","Invasive_Tumor",TRUE,0.0774361849786689
"95117","CD8+_T_Cells","CD8+_T_Cells",TRUE,0.659703592743009
"7461","Invasive_Tumor","Invasive_Tumor",TRUE,0.86980300290617
"92524","Macrophages_1","Macrophages_1",TRUE,0.00280703456146381
"102680","Stromal","Stromal",TRUE,0
"90350","DCIS 2","DCIS 2",TRUE,0.0784532655023751
"92957","Stromal","Stromal",TRUE,0.739720711778291
"94976","CD4+_T_Cells","CD4+_T_Cells",TRUE,0.0512886113062047
"79094","Macrophages_1","Macrophages_1",TRUE,0.0596998408966829
"78146","CD4+_T_Cells","CD4+_T_Cells",TRUE,0.0637812426016938
"95069","CD4+_T_Cells","CD4+_T_Cells",TRUE,0.0381941770583596
"78330","Stromal","Stromal",TRUE,0.0454553972639339
"76509","Stromal","Stromal",TRUE,0.0502132193671335
"92544","Endothelial","Endothelial",TRUE,0.0133961654252883
"91294","Prolif_Invasive_Tumor","Prolif_Invasive_Tumor",TRUE,0.727836627841631
"73415","Invasive_Tumor","Invasive_Tumor",TRUE,0
"94983","CD8+_T_Cells","CD8+_T_Cells",TRUE,0.0689011966761008
"79458","DCIS 2","DCIS 2",TRUE,0
"103517","Myoepi_KRT15+","Myoepi_KRT15+",TRUE,0
"8179","Myoepi_KRT15+","Myoepi_KRT15+",TRUE,0.0193962642542751
"90698","Prolif_Invasive_Tumor","Prolif_Invasive_Tumor",TRUE,0.00554755729304521
"75278","Stromal","Stromal",TRUE,0.0409710769443374
"74258","Stromal","Stromal",TRUE,0
"90472","Invasive_Tumor","Invasive_Tumor",TRUE,0.00497124373066592
"95129","CD8+_T_Cells","CD8+_T_Cells",TRUE,0.0420562277057247
"102720","Macrophages_2","Stromal",FALSE,0.155231308780385
"76482","Stromal","Stromal",TRUE,0.0342555496145726
"76677","Myoepi_ACTA2+","Stromal",FALSE,0.136529661852599
"74143","CD8+_T_Cells","CD8+_T_Cells",TRUE,0.908463618344419
"73746","Endothelial","Endothelial",TRUE,0.0141639938537383
"76691","Myoepi_ACTA2+","Myoepi_ACTA2+",TRUE,0.00252767558581166
"78690","Stromal","Stromal",TRUE,0.0427308161799247
"102686","Myoepi_KRT15+","Myoepi_KRT15+",TRUE,0.0254190767104814
"103329","Invasive_Tumor","Invasive_Tumor",TRUE,0.0094750891973317
"91255","Prolif_Invasive_Tumor","Prolif_Invasive_Tumor",TRUE,0.00602318432094915
"74154","Macrophages_2","Macrophages_2",TRUE,0.0270530429008025
"95009","Stromal","Stromal",TRUE,0.0797611898332319
"95054","CD4+_T_Cells","CD4+_T_Cells",TRUE,0.581618764119624
"6165","Stromal","Stromal",TRUE,0
"91331","Endothelial","Endothelial",TRUE,0.0112043558363594
"75265","Macrophages_2","Macrophages_2",TRUE,0.102374819506126
"76480","Endothelial","Endothelial",TRUE,0.0221699831867453
"74942","Stromal","Stromal",TRUE,0.0870894081541083
"80202","DCIS 2","DCIS 2",TRUE,0.0485227727120192
"95080","CD8+_T_Cells","CD8+_T_Cells",TRUE,0.0406170244777213
"105007","B_Cells","B_Cells",TRUE,0.0397558434387062
"78002","DCIS 2","DCIS 2",TRUE,0.266579906184421
"103514","Myoepi_KRT15+","Myoepi_KRT15+",TRUE,0.0485875981231352
"92535","Macrophages_1","Macrophages_1",TRUE,0.536456039387611
"90674","Prolif_Invasive_Tumor","Prolif_Invasive_Tumor",TRUE,0.00769614238161639
"91306","Invasive_Tumor","Invasive_Tumor",TRUE,0.00539914203781809
"105209","Myoepi_ACTA2+","Myoepi_ACTA2+",TRUE,0.0614635188106188
"92871","CD8+_T_Cells","CD8+_T_Cells",TRUE,0.0649162563050955
"78143","Macrophages_1","Macrophages_1",TRUE,0.0944300693597526
"104654","Macrophages_1","Macrophages_1",TRUE,0.0780062625870848
"6340","B_Cells","B_Cells",TRUE,0.0364149221254315
"91351","Invasive_Tumor","Invasive_Tumor",TRUE,0
"90361","Invasive_Tumor","Invasive_Tumor",TRUE,0.0269839124044526
"91325","B_Cells","B_Cells",TRUE,0.0402279843548385
"80203","Myoepi_KRT15+","Myoepi_KRT15+",TRUE,0.0432666205823712
"93863","Stromal","Stromal",TRUE,0.0782004553565059
"90492","Prolif_Invasive_Tumor","Prolif_Invasive_Tumor",TRUE,0.00475411735319071
"105337","CD8+_T_Cells","CD8+_T_Cells",TRUE,0.0515154607328651
"75236","Stromal","Stromal",TRUE,0
"73916","Macrophages_1","Macrophages_1",TRUE,0.905970464371949
"74158","CD4+_T_Cells","CD4+_T_Cells",TRUE,0.0546025661385399
"78142","CD8+_T_Cells","CD8+_T_Cells",TRUE,0.0414837228791274
"95063","B_Cells","B_Cells",TRUE,0.0129317458760026
"90464","Prolif_Invasive_Tumor","Prolif_Invasive_Tumor",TRUE,0.00123797954201426
"95041","CD4+_T_Cells","CD4+_T_Cells",TRUE,0.0614820246675079
"78715","Stromal","Stromal",TRUE,0.0686736199784619
"78140","Stromal","Stromal",TRUE,0.0415524715186712
"103254","Stromal","Stromal",TRUE,0.0151662260436701
"105001","Stromal","Stromal",TRUE,0.149223611008054
"103515","Myoepi_KRT15+","Myoepi_KRT15+",TRUE,0.0296287560829006
"74950","Stromal","Stromal",TRUE,0.0329784088672997
"103247","Stromal","Stromal",TRUE,0.0172068525041937
"8192","DCIS 2","DCIS 2",TRUE,0.153417878787232
"90705","Invasive_Tumor","Invasive_Tumor",TRUE,0
"95052","B_Cells","B_Cells",TRUE,0.0163008032642492
"79051","DCIS 2","DCIS 2",TRUE,0.188645037573793
"93064","Stromal","Stromal",TRUE,0
"7542","Stromal","Stromal",TRUE,0.0177798615330342
"90690","Invasive_Tumor","Invasive_Tumor",TRUE,0.902151856982235
"76488","Stromal","Stromal",TRUE,0.0587254130454223
"91267","Invasive_Tumor","Invasive_Tumor",TRUE,0.0413391043946286
"90415","Invasive_Tumor","Invasive_Tumor",TRUE,0.0116195302864508
"73735","Prolif_Invasive_Tumor","Prolif_Invasive_Tumor",TRUE,0.0549951039654178
"92613","Stromal","Stromal",TRUE,0.0460932259535634
"92618","B_Cells","B_Cells",TRUE,0.064934829654627
"95076","CD8+_T_Cells","CD8+_T_Cells",TRUE,0.00561207241833631
"73707","Perivascular-Like","Perivascular-Like",TRUE,0.00507558860583374
"90368","Invasive_Tumor","Invasive_Tumor",TRUE,0.0355500495404017
"105353","Stromal","Stromal",TRUE,0.0420301675336766
"94968","CD8+_T_Cells","CD8+_T_Cells",TRUE,0.0322056062090467
"93886","CD8+_T_Cells","CD8+_T_Cells",TRUE,0
"91314","Invasive_Tumor","Invasive_Tumor",TRUE,0.00608590258868445
"94988","Stromal","Stromal",TRUE,0.0267634993788455
"74134","CD8+_T_Cells","CD8+_T_Cells",TRUE,0.00132697996271952
"73734","Invasive_Tumor","Invasive_Tumor",TRUE,0.0381921285319899
"102689","Myoepi_ACTA2+","Myoepi_ACTA2+",TRUE,0.0530019383287906
"7486","Prolif_Invasive_Tumor","Prolif_Invasive_Tumor",TRUE,0.053118488357272
"79425","Myoepi_ACTA2+","Myoepi_ACTA2+",TRUE,0.0364578345874659
"103334","Prolif_Invasive_Tumor","Prolif_Invasive_Tumor",TRUE,0.0195498791518769
"90353","Invasive_Tumor","Invasive_Tumor",TRUE,0
"95047","Stromal","Stromal",TRUE,0.0756699279849249
"7537","Stromal","Stromal",TRUE,0.0484902230713037
"90365","Prolif_Invasive_Tumor","DCIS 2",FALSE,1.9494663001725
"95056","CD4+_T_Cells","CD4+_T_Cells",TRUE,0.0574633479534556
"104657","Stromal","Stromal",TRUE,0.0953733804744086
"6359","Stromal","Stromal",TRUE,0.0283279751458297
"90497","Invasive_Tumor","Invasive_Tumor",TRUE,0.00863656590819963
"90489","Invasive_Tumor","Invasive_Tumor",TRUE,0.00222516606198969
"104887","Stromal","Stromal",TRUE,0.0505725741144333
"91326","CD8+_T_Cells","CD8+_T_Cells",TRUE,0.00270017604017159
"93067","Stromal","Stromal",TRUE,0
"77984","DCIS 2","DCIS 2",TRUE,0
"95050","Stromal","Stromal",TRUE,0.0540074489092477
"90400","Invasive_Tumor","Invasive_Tumor",TRUE,0
"76704","Stromal","Stromal",TRUE,0.0799071167930923
"92621","Macrophages_1","Macrophages_1",TRUE,0.0905447153084143
"103516","Myoepi_KRT15+","Myoepi_KRT15+",TRUE,0
"74840","Invasive_Tumor","Invasive_Tumor",TRUE,0.0202081274272283
"78925","Stromal","Stromal",TRUE,0
"104656","Stromal","Stromal",TRUE,0
"78727","DCIS 2","DCIS 2",TRUE,0
"104894","Stromal","Stromal",TRUE,0
"90380","Invasive_Tumor","Invasive_Tumor",TRUE,0.0451925986071771
"91287","Invasive_Tumor","Invasive_Tumor",TRUE,0.00463786035282873
"74825","Invasive_Tumor","Invasive_Tumor",TRUE,0.0185196921593624
"93851","Stromal","Stromal",TRUE,0
"79047","Myoepi_KRT15+","Myoepi_KRT15+",TRUE,0.0286565658370754
"73726","Invasive_Tumor","Invasive_Tumor",TRUE,0
"90505","Invasive_Tumor","Invasive_Tumor",TRUE,0.0304251897583654
"91342","Invasive_Tumor","Invasive_Tumor",TRUE,0.00312889825937065
"95005","Stromal","Stromal",TRUE,0
"78138","Stromal","Stromal",TRUE,0
"92532","CD4+_T_Cells","CD4+_T_Cells",TRUE,0.0249541490933466
"6048","Endothelial","Endothelial",TRUE,0.0362428738681488
"95068","B_Cells","B_Cells",TRUE,0.011580961472951
"78315","Stromal","Stromal",TRUE,0.0309066351991347
"95120","Macrophages_2","Stromal",FALSE,1.14602461396247
"77999","DCIS 2","DCIS 2",TRUE,0
"95089","CD4+_T_Cells","CD4+_T_Cells",TRUE,0.00490867369218202
"93069","Stromal","Stromal",TRUE,0
"75288","Stromal","Stromal",TRUE,0.0517144213858395
"78687","Perivascular-Like","Perivascular-Like",TRUE,0.0550063679764149
"94985","CD4+_T_Cells","CD4+_T_Cells",TRUE,0.0568629198211221
"93866","Stromal","Stromal",TRUE,0.0166089055965618
"90482","Invasive_Tumor","Invasive_Tumor",TRUE,0
"7603","B_Cells","B_Cells",TRUE,0.0943295259278301
"78144","Macrophages_1","Macrophages_1",TRUE,0.0696463180569767
"73711","Prolif_Invasive_Tumor","Prolif_Invasive_Tumor",TRUE,0
"78141","Macrophages_1","Macrophages_1",TRUE,0.0610363813475398
"78725","DCIS 2","DCIS 2",TRUE,0
"95097","CD8+_T_Cells","CD8+_T_Cells",TRUE,0.0590325803068237
"92612","B_Cells","Stromal",FALSE,0.041783021464085
"90423","Invasive_Tumor","Invasive_Tumor",TRUE,0
"105351","Stromal","Stromal",TRUE,0
"7602","CD4+_T_Cells","CD4+_T_Cells",TRUE,0.0636061754458445
"74888","Prolif_Invasive_Tumor","Prolif_Invasive_Tumor",TRUE,0.00143600787698702
"76490","B_Cells","B_Cells",TRUE,0.0332872032319447
"73721","Invasive_Tumor","Invasive_Tumor",TRUE,0
"92619","Macrophages_1","Macrophages_1",TRUE,0.291773785871318
"93883","B_Cells","B_Cells",TRUE,0.0905016370130776
"90678","Invasive_Tumor","Invasive_Tumor",TRUE,0.0211994772784598
"74289","CD8+_T_Cells","CD8+_T_Cells",TRUE,0.0523878185780035
"91310","Prolif_Invasive_Tumor","Prolif_Invasive_Tumor",TRUE,0
"93859","Stromal","Stromal",TRUE,0.0599572221930688
"105210","DCIS 2","DCIS 2",TRUE,0.0397336981899724
"90681","Invasive_Tumor","Invasive_Tumor",TRUE,0
"103353","Stromal","Stromal",TRUE,0.0336687192731158
"79441","DCIS 2","DCIS 2",TRUE,0
"95090","CD8+_T_Cells","CD8+_T_Cells",TRUE,0.0120933137713908
"74848","Invasive_Tumor","Invasive_Tumor",TRUE,0
"91238","Invasive_Tumor","Invasive_Tumor",TRUE,0.00426201622011857
"95107","Stromal","Stromal",TRUE,0.0742903787868636
"92631","Stromal","Stromal",TRUE,0
"104907","Stromal","Stromal",TRUE,0.0718280252048705
"73729","Invasive_Tumor","Invasive_Tumor",TRUE,0.0209151342135279
"102682","Stromal","Stromal",TRUE,0
"95012","Stromal","Stromal",TRUE,0.0632553834996092
"105212","Stromal","Stromal",TRUE,0.0360114550747128
"74955","Endothelial","Endothelial",TRUE,0.00253083862886869
"90360","DCIS 1","DCIS 2",FALSE,1.19976426130644
"76486","Macrophages_2","Stromal",FALSE,0.116487632842827
"79085","Myoepi_ACTA2+","Myoepi_ACTA2+",TRUE,0.0667195978390597
"80204","DCIS 2","DCIS 2",TRUE,0
"76683","Stromal","Stromal",TRUE,0.0383375081205175
"79052","DCIS 2","DCIS 2",TRUE,0.0291701833987776
"90384","Invasive_Tumor","Invasive_Tumor",TRUE,0.0403304554496529
"92873","CD8+_T_Cells","CD8+_T_Cells",TRUE,0.0297807758489817
"92877","CD8+_T_Cells","CD8+_T_Cells",TRUE,0.0489603344319318
"74260","Stromal","Stromal",TRUE,0.0461539920127503
"76696","Stromal","Stromal",TRUE,0.0396080377657144
"103346","Invasive_Tumor","Invasive_Tumor",TRUE,0.0297182020149939
"103338","Prolif_Invasive_Tumor","Prolif_Invasive_Tumor",TRUE,0
"93855","Stromal","Stromal",TRUE,0
"74880","Prolif_Invasive_Tumor","Prolif_Invasive_Tumor",TRUE,0.0398761602522001
"92529","CD4+_T_Cells","CD4+_T_Cells",TRUE,0.836832018290796
"104649","Perivascular-Like","Perivascular-Like",TRUE,0.0642414875857056
"78683","Macrophages_1","Macrophages_1",TRUE,0.0370380870906891
"74843","Invasive_Tumor","Invasive_Tumor",TRUE,0
"92536","CD4+_T_Cells","CD4+_T_Cells",TRUE,0.0659408068586781
"7437","Prolif_Invasive_Tumor","Prolif_Invasive_Tumor",TRUE,0
"78139","Stromal","Stromal",TRUE,0.091736608789223
"79428","DCIS 2","DCIS 2",TRUE,0
"78705","Myoepi_ACTA2+","Myoepi_ACTA2+",TRUE,0.0251388169456462
"76681","Myoepi_ACTA2+","Myoepi_ACTA2+",TRUE,0
"91348","Invasive_Tumor","Invasive_Tumor",TRUE,0.00730640073888014
"91251","Invasive_Tumor","Invasive_Tumor",TRUE,0.00400987427757281
"91244","Invasive_Tumor","Invasive_Tumor",TRUE,0.0139958194901362
"78700","Stromal","Stromal",TRUE,0.0371516174573348
"95014","CD4+_T_Cells","CD4+_T_Cells",TRUE,0.0492651462792098
"93850","Stromal","Stromal",TRUE,0.0726202452780426
"102688","Stromal","Stromal",TRUE,0.00542714186961496
"7614","CD4+_T_Cells","CD4+_T_Cells",TRUE,0.0119425963561585
"76481","Perivascular-Like","Perivascular-Like",TRUE,0.0188721689856522
"7539","Macrophages_1","Stromal",FALSE,0.0899021124124548
"91261","Prolif_Invasive_Tumor","Prolif_Invasive_Tumor",TRUE,0
"90412","Invasive_Tumor","Invasive_Tumor",TRUE,0.00931024064753645
"103200","Stromal","Stromal",TRUE,0.0447526385780415
"90419","Invasive_Tumor","Invasive_Tumor",TRUE,0.0392723013647226
"105211","DCIS 2","DCIS 2",TRUE,0.00247147526841953
"103519","Myoepi_KRT15+","Myoepi_KRT15+",TRUE,0.00228937993911967
"95013","Stromal","Stromal",TRUE,0.0404937244940642
"7545","CD8+_T_Cells","CD8+_T_Cells",TRUE,0.0722213280086552
"102690","Myoepi_KRT15+","Myoepi_KRT15+",TRUE,0.0430632615843865
"74150","CD4+_T_Cells","CD4+_T_Cells",TRUE,0.0710875256468098
"90486","Invasive_Tumor","Invasive_Tumor",TRUE,0.00325178209286461
"90349","Invasive_Tumor","Invasive_Tumor",TRUE,0.259586278946743
"90391","Invasive_Tumor","Invasive_Tumor",TRUE,0
"105213","DCIS 2","DCIS 2",TRUE,0.02663770864474
"80197","Myoepi_ACTA2+","Myoepi_ACTA2+",TRUE,0.212754656273773
"75287","Macrophages_2","Macrophages_2",TRUE,0.0741288449662244
"78692","Endothelial","Stromal",FALSE,0.0800425658481946
"79061","Stromal","Stromal",TRUE,0.0759709465574663
"95057","B_Cells","B_Cells",TRUE,0.0205516987336946
"93874","B_Cells","B_Cells",TRUE,0.486160827448529
"90477","Invasive_Tumor","Invasive_Tumor",TRUE,0.0167266716409118
"102864","Stromal","Stromal",TRUE,0
"7525","Stromal","Stromal",TRUE,0.0342496296182618
"92943","Stromal","Stromal",TRUE,0
"73767","Stromal","Stromal",TRUE,0.011393806983117
"78137","Stromal","Stromal",TRUE,0.0450211002596227
"90363","Prolif_Invasive_Tumor","Prolif_Invasive_Tumor",TRUE,0.0158749847673498
"75232","CD4+_T_Cells","CD4+_T_Cells",TRUE,0.0472308929556422
"74851","Prolif_Invasive_Tumor","Prolif_Invasive_Tumor",TRUE,0.607423601092545
"90355","Invasive_Tumor","Invasive_Tumor",TRUE,0
"91292","Invasive_Tumor","Invasive_Tumor",TRUE,0
"95032","B_Cells","B_Cells",TRUE,0.0580965535893706
"102726","Macrophages_2","Macrophages_2",TRUE,0.128212293491986
"73766","Stromal","Stromal",TRUE,0.037894298713788
"78926","Stromal","Stromal",TRUE,0
"7522","Stromal","Stromal",TRUE,0.0538120167901261
"78684","Macrophages_1","Macrophages_1",TRUE,0.0614976106226366
"7621","CD8+_T_Cells","Stromal",FALSE,0.0617616758225219
"78316","Macrophages_1","Macrophages_1",TRUE,0.0470891383539726
"91265","Invasive_Tumor","Invasive_Tumor",TRUE,0.0297868769565579
"102725","B_Cells","B_Cells",TRUE,0.0541694320209085
"80196","Stromal","Stromal",TRUE,0
"78136","CD4+_T_Cells","CD4+_T_Cells",TRUE,0.0305127380100158
"78723","DCIS 2","DCIS 2",TRUE,0
"91311","Invasive_Tumor","Prolif_Invasive_Tumor",FALSE,1.92019208178167
"104995","Stromal","Stromal",TRUE,0.0691663957559437
"7543","Stromal","Stromal",TRUE,0.0607228285832407
"102866","Stromal","Stromal",TRUE,0.0388014073253481
"92962","Stromal","Stromal",TRUE,0.0221855806183621
"76487","Endothelial","Perivascular-Like",FALSE,0.037188021019209
"104982","Stromal","Stromal",TRUE,0.0233259228398541
"7506","CD4+_T_Cells","CD4+_T_Cells",TRUE,0.0037338242425205
"103343","Invasive_Tumor","Invasive_Tumor",TRUE,0
"95046","B_Cells","B_Cells",TRUE,0.0465469168418161
"91275","Endothelial","Endothelial",TRUE,0.036885339609877
"76714","CD8+_T_Cells","CD8+_T_Cells",TRUE,0.0572056509568311
"7513","CD4+_T_Cells","CD4+_T_Cells",TRUE,0.0383564419391869
"102716","Stromal","Stromal",TRUE,0.0262252316548168
"80195","Stromal","Stromal",TRUE,0.0498394039110269
"73765","Endothelial","Endothelial",TRUE,0.0170804845298066
"78314","Stromal","Stromal",TRUE,0
"91329","Macrophages_1","Macrophages_1",TRUE,0.0939067160399075
"7598","Stromal","Stromal",TRUE,0.135383100726152
"7520","CD4+_T_Cells","CD4+_T_Cells",TRUE,0.0481314041534302
"76697","Stromal","Stromal",TRUE,0.0126204849605783
"7606","CD4+_T_Cells","CD4+_T_Cells",TRUE,0.640203923816885
"102681","Stromal","Stromal",TRUE,0
"104915","Perivascular-Like","Perivascular-Like",TRUE,0.0738314181619195
"95058","Stromal","Stromal",TRUE,0.0261510518831592
"78921","Stromal","Stromal",TRUE,0
"105216","Stromal","Stromal",TRUE,0.0616440082855753
"73412","Macrophages_1","Macrophages_1",TRUE,0.0848108429856755
"91343","Invasive_Tumor","Invasive_Tumor",TRUE,0.00474216326466241
"73749","Endothelial","Endothelial",TRUE,0
"7681","Stromal","Stromal",TRUE,0
"95065","B_Cells","B_Cells",TRUE,0.0262485969109798
"104988","Stromal","Stromal",TRUE,0
"90406","Invasive_Tumor","Invasive_Tumor",TRUE,0.0823492046130097
"95074","Stromal","Stromal",TRUE,0.0279698281318447
"73713","Invasive_Tumor","Invasive_Tumor",TRUE,0.00158042097978567
"6047","Perivascular-Like","Perivascular-Like",TRUE,0
"74169","CD8+_T_Cells","CD8+_T_Cells",TRUE,0.0505795893891785
"73409","Perivascular-Like","Perivascular-Like",TRUE,0
"105002","Stromal","Stromal",TRUE,0.0500322898749192
"91360","Invasive_Tumor","Invasive_Tumor",TRUE,0.0103395650311167
"91308","Invasive_Tumor","Invasive_Tumor",TRUE,0
"95109","Stromal","Stromal",TRUE,0.0498536740537748
"95096","Stromal","Stromal",TRUE,0.0570227437018652
"105352","CD8+_T_Cells","CD8+_T_Cells",TRUE,0.0958460159682418
"102073","Myoepi_KRT15+","Myoepi_KRT15+",TRUE,0
"91291","Prolif_Invasive_Tumor","Prolif_Invasive_Tumor",TRUE,0.0553197642708748
"95064","CD4+_T_Cells","CD4+_T_Cells",TRUE,0.0600055306352698
"8196","DCIS 2","DCIS 2",TRUE,0
"7466","Invasive_Tumor","Invasive_Tumor",TRUE,0.00534479416452797
"78013","DCIS 2","DCIS 2",TRUE,0.13089726722514
"105350","Stromal","Stromal",TRUE,0
"73413","Stromal","Stromal",TRUE,0.125438267806652
"103520","Myoepi_KRT15+","Myoepi_KRT15+",TRUE,0.0147354845185794
"90347","Invasive_Tumor","Invasive_Tumor",TRUE,0.00843189372228913
"6164","Stromal","Stromal",TRUE,0
"79082","Myoepi_ACTA2+","Myoepi_ACTA2+",TRUE,0.028133513283712
"75235","Stromal","Stromal",TRUE,0.0563321551659868
"7619","CD4+_T_Cells","CD4+_T_Cells",TRUE,0.688848384205203
"102735","Macrophages_1","Macrophages_1",TRUE,0.0775023413058946
"74290","Stromal","Stromal",TRUE,0.0499692556332526
"73906","B_Cells","B_Cells",TRUE,0.039594308982178
"102693","Myoepi_ACTA2+","Myoepi_ACTA2+",TRUE,0.06130720565712
"79415","DCIS 2","DCIS 2",TRUE,0.0183025252119272
"90688","Invasive_Tumor","Invasive_Tumor",TRUE,0.268516778887373
"80199","DCIS 2","DCIS 2",TRUE,0.0119757274485966
"7485","Invasive_Tumor","Invasive_Tumor",TRUE,0.281701405690124
"90377","Invasive_Tumor","Invasive_Tumor",TRUE,0
"6046","Endothelial","Endothelial",TRUE,0.025433871203646
"73719","Prolif_Invasive_Tumor","Prolif_Invasive_Tumor",TRUE,0.00998242483395258
"91339","Invasive_Tumor","Invasive_Tumor",TRUE,0.0109618383778614
"90358","Invasive_Tumor","Invasive_Tumor",TRUE,0
"7540","Macrophages_1","Macrophages_1",TRUE,0.101939807818498
"90364","Prolif_Invasive_Tumor","Prolif_Invasive_Tumor",TRUE,0.0803808697670997
"105420","Stromal","Stromal",TRUE,0
"73727","Invasive_Tumor","Invasive_Tumor",TRUE,0.01169383020424
"7750","Stromal","Stromal",TRUE,0.54517659610879
"102719","Stromal","Stromal",TRUE,0.0198200741576542
"92596","Macrophages_2","Macrophages_2",TRUE,0.0701786619876525
"78131","Stromal","Stromal",TRUE,0.0491931472580239
"76710","CD4+_T_Cells","Stromal",FALSE,0.0822531308335988
"91350","Invasive_Tumor","Invasive_Tumor",TRUE,0.0104246250402229
"7596","Macrophages_1","Macrophages_1",TRUE,0.0563024754615442
"79046","DCIS 2","DCIS 2",TRUE,0.00933278015381944
"95085","CD8+_T_Cells","CD8+_T_Cells",TRUE,0
"80218","Myoepi_KRT15+","Myoepi_KRT15+",TRUE,0.0407936349608349
"92610","Stromal","Stromal",TRUE,0.0247906075599202
"75231","Stromal","Stromal",TRUE,0
"77996","DCIS 2","DCIS 2",TRUE,0.0133028744908057
"79048","DCIS 2","DCIS 2",TRUE,0
"76686","Myoepi_ACTA2+","Myoepi_ACTA2+",TRUE,0.0348312754247856
"78313","Macrophages_1","Macrophages_1",TRUE,0.190688403247948
"8240","Myoepi_KRT15+","Myoepi_KRT15+",TRUE,0
"74894","Invasive_Tumor","Invasive_Tumor",TRUE,0.026805862358796
"78133","Macrophages_2","Macrophages_2",TRUE,0.0825679220598916
"92530","Stromal","Stromal",TRUE,0.0715698624923786
"79050","DCIS 2","DCIS 2",TRUE,0
"76491","B_Cells","B_Cells",TRUE,0.0530674719461913
"103337","Invasive_Tumor","Invasive_Tumor",TRUE,0
"91257","Invasive_Tumor","Invasive_Tumor",TRUE,0
"73712","Prolif_Invasive_Tumor","Prolif_Invasive_Tumor",TRUE,0.0122086139250224
"102692","Myoepi_KRT15+","Myoepi_KRT15+",TRUE,0.0397018005424632
"104665","B_Cells","B_Cells",TRUE,0.0645676335253571
"90642","Invasive_Tumor","Invasive_Tumor",TRUE,0.0093191532483108
"7529","CD4+_T_Cells","Stromal",FALSE,0.0709935736811769
"79413","DCIS 2","DCIS 2",TRUE,0.0391769188113879
"92968","Stromal","Stromal",TRUE,0
"76499","Stromal","Stromal",TRUE,0.059539184051736
"79040","DCIS 2","DCIS 2",TRUE,0.0109288243336945
"73723","Invasive_Tumor","Invasive_Tumor",TRUE,0.00689335748594459
"92781","Macrophages_1","Macrophages_1",TRUE,0.669910829542304
"103209","Stromal","Stromal",TRUE,0.0329099979369288
"74826","Invasive_Tumor","Invasive_Tumor",TRUE,0
"7533","Macrophages_1","Macrophages_1",TRUE,0.0420258740863172
"76496","Stromal","Stromal",TRUE,0.0149216800859104
"95011","Stromal","Stromal",TRUE,0
"78312","Perivascular-Like","Perivascular-Like",TRUE,0.0267534336801575
"105215","Myoepi_ACTA2+","Myoepi_ACTA2+",TRUE,0.00449229709551928
"92627","Endothelial","Endothelial",TRUE,0.022055888751084
"79041","DCIS 2","DCIS 2",TRUE,0
"7499","CD8+_T_Cells","CD8+_T_Cells",TRUE,0.000834293113394446
"90725","Invasive_Tumor","Invasive_Tumor",TRUE,0.0477818703089827
"104922","Stromal","Stromal",TRUE,0.0846621883496688
"91269","Invasive_Tumor","Invasive_Tumor",TRUE,0.0518972005460291
"79421","DCIS 2","DCIS 2",TRUE,0
"74162","CD4+_T_Cells","CD4+_T_Cells",TRUE,0.030151402756335
"105358","Macrophages_1","Macrophages_1",TRUE,0.097494993121263
"91312","Invasive_Tumor","Invasive_Tumor",TRUE,0
"78132","Stromal","Stromal",TRUE,0.0665554745826282
"79049","DCIS 2","DCIS 2",TRUE,0
"91304","Invasive_Tumor","Invasive_Tumor",TRUE,0
"92762","CD8+_T_Cells","CD8+_T_Cells",TRUE,0.0060454575509854
"91335","Prolif_Invasive_Tumor","Prolif_Invasive_Tumor",TRUE,0.0612871526158127
"104877","Endothelial","Endothelial",TRUE,0.0817347118258684
"104666","Macrophages_1","Macrophages_1",TRUE,0.0709637331515829
"105010","Stromal","Stromal",TRUE,0.057730138741519
"7436","Invasive_Tumor","Invasive_Tumor",TRUE,0.00722445226147637
"6163","Stromal","Stromal",TRUE,0.073922970422376
"74912","DCIS 1","DCIS 1",TRUE,0.0136251574156799
"104662","Stromal","Stromal",TRUE,0
"74270","Stromal","Stromal",TRUE,0.0546668043592128
"76485","Stromal","Stromal",TRUE,0.0411665919539986
"90499","Invasive_Tumor","Invasive_Tumor",TRUE,0
"90677","Invasive_Tumor","Invasive_Tumor",TRUE,0.0438626291674848
"74268","Stromal","Stromal",TRUE,0
"76713","CD4+_T_Cells","CD4+_T_Cells",TRUE,0.00399259788174017
"93844","Stromal","Stromal",TRUE,0
"74272","Myoepi_ACTA2+","Myoepi_ACTA2+",TRUE,0.0486428727674674
"6162","Stromal","Stromal",TRUE,0.0760727197444045
"95067","Stromal","Stromal",TRUE,0.0649044222939952
"6361","Macrophages_1","Macrophages_1",TRUE,0.0726452176901485
"7526","Macrophages_1","Macrophages_1",TRUE,0.0361952453287354
"92607","Stromal","Stromal",TRUE,0
"92601","Endothelial","Endothelial",TRUE,0.013341551828584
"90644","Invasive_Tumor","Invasive_Tumor",TRUE,0
"92611","Prolif_Invasive_Tumor","Prolif_Invasive_Tumor",TRUE,0.0030155933975015
"76489","Stromal","Stromal",TRUE,0.0376795222940497
"78724","DCIS 2","DCIS 2",TRUE,0.0221065193432187
"74837","Invasive_Tumor","Invasive_Tumor",TRUE,0.00889193308532037
"7535","CD8+_T_Cells","CD8+_T_Cells",TRUE,0.00609778837200475
"91273","Macrophages_1","Macrophages_1",TRUE,0.0185198717193399
"74915","Macrophages_1","Macrophages_1",TRUE,0.0230400723176284
"95044","CD8+_T_Cells","CD8+_T_Cells",TRUE,0.045191086429835
"80198","Myoepi_KRT15+","Myoepi_KRT15+",TRUE,0.117566902524614
"102072","Myoepi_KRT15+","Myoepi_KRT15+",TRUE,0.103095831457108
"90426","Invasive_Tumor","Invasive_Tumor",TRUE,0
"7546","Stromal","Stromal",TRUE,0.0608711866810165
"103350","Invasive_Tumor","Invasive_Tumor",TRUE,0.0100127367546695
"75230","Stromal","Stromal",TRUE,0.0514347328179388
"95045","CD4+_T_Cells","CD4+_T_Cells",TRUE,0.0104940929803769
"78130","Stromal","Stromal",TRUE,0.0435769303490237
"7616","Stromal","Stromal",TRUE,0.329740278662149
"76700","Stromal","Stromal",TRUE,0.0535282321176474
"91243","Invasive_Tumor","Invasive_Tumor",TRUE,0.0241266266688518
"95029","B_Cells","B_Cells",TRUE,0.999600638707781
"92608","Prolif_Invasive_Tumor","Prolif_Invasive_Tumor",TRUE,0
"95016","CD8+_T_Cells","CD8+_T_Cells",TRUE,0.0572191172008263
"7541","Stromal","Stromal",TRUE,0.0681432506808725
"78693","Endothelial","Endothelial",TRUE,0.0488721092729344
"93068","Stromal","Stromal",TRUE,0.0654909829438688
"102738","Stromal","Stromal",TRUE,0
"7623","CD8+_T_Cells","CD8+_T_Cells",TRUE,0.0860590301109095
"7613","Stromal","Stromal",TRUE,0
"105214","Stromal","Stromal",TRUE,0.00855521668527374
"74132","CD8+_T_Cells","CD8+_T_Cells",TRUE,0.0349526256788073
"78707","Myoepi_ACTA2+","Myoepi_ACTA2+",TRUE,0
"7601","B_Cells","B_Cells",TRUE,0.0586971337714341
"102715","Stromal","Stromal",TRUE,0
"91322","B_Cells","B_Cells",TRUE,0.0275449456822158
"76695","Myoepi_ACTA2+","Myoepi_ACTA2+",TRUE,0.0357925031041735
"8176","DCIS 2","DCIS 2",TRUE,0.000450187182043094
"74408","Stromal","Stromal",TRUE,0
"78697","Stromal","Stromal",TRUE,0
"78135","Macrophages_1","Macrophages_1",TRUE,0.0792584855270091
"7509","CD8+_T_Cells","CD8+_T_Cells",TRUE,0.0192740431275806
"76706","Stromal","Stromal",TRUE,0.0638291600165184
"93860","Stromal","Stromal",TRUE,0.0370019796174998
"90417","Invasive_Tumor","Invasive_Tumor",TRUE,0
"80193","Myoepi_ACTA2+","Myoepi_ACTA2+",TRUE,0.0481626041046678
"7515","CD8+_T_Cells","CD8+_T_Cells",TRUE,0.0221636263345661
"104660","Stromal","Stromal",TRUE,0.0732513294706676
"91354","Invasive_Tumor","Invasive_Tumor",TRUE,0.0123736483341094
"92598","Endothelial","Endothelial",TRUE,0.0133365604830883
"104928","Macrophages_1","Macrophages_1",TRUE,0.0918772873263475
"73703","Perivascular-Like","Perivascular-Like",TRUE,0.0103678100828418
"74846","Invasive_Tumor","Invasive_Tumor",TRUE,0.0497530747701653
"74147","B_Cells","B_Cells",TRUE,0.0340436087586065
"90811","Invasive_Tumor","Invasive_Tumor",TRUE,0
"91290","Invasive_Tumor","Invasive_Tumor",TRUE,0
"95104","CD4+_T_Cells","CD4+_T_Cells",TRUE,0.0514767359743229
"92970","Stromal","Stromal",TRUE,0
"95042","CD4+_T_Cells","CD4+_T_Cells",TRUE,0.0603677164354146
"90639","Invasive_Tumor","Invasive_Tumor",TRUE,0
"79442","Macrophages_1","Macrophages_1",TRUE,0.0081252541290128
"105218","DCIS 2","DCIS 2",TRUE,0.00433680760289734
"79452","Myoepi_KRT15+","Myoepi_KRT15+",TRUE,0.0108211491918856
"73709","Prolif_Invasive_Tumor","Prolif_Invasive_Tumor",TRUE,0
"78134","CD8+_T_Cells","Stromal",FALSE,0.0621084568669767
"73731","Invasive_Tumor","Invasive_Tumor",TRUE,0.0350826738582726
"78701","Stromal","Stromal",TRUE,0.00379084903349725
"74292","Stromal","Stromal",TRUE,0
"6106","CD8+_T_Cells","CD8+_T_Cells",TRUE,0.0235073142721937
"102691","Stromal","Stromal",TRUE,0.0583342612673379
"78129","Stromal","Stromal",TRUE,0.0531700239939202
"91316","Macrophages_1","Macrophages_1",TRUE,0.0106890087940897
"90411","Invasive_Tumor","Invasive_Tumor",TRUE,0.0262121685200121
"105217","Stromal","Stromal",TRUE,0.0819790915380736
"91239","Invasive_Tumor","Invasive_Tumor",TRUE,0.0254221987479578
"92629","CD4+_T_Cells","CD4+_T_Cells",TRUE,0.453487717718081
"104987","Stromal","Stromal",TRUE,0
"80190","Stromal","Stromal",TRUE,0
"7505","B_Cells","B_Cells",TRUE,0.631541554437755
"78918","Stromal","Stromal",TRUE,0.0479927199915907
"95081","LAMP3+_DCs","LAMP3+_DCs",TRUE,0.00613406781155622
"73724","Prolif_Invasive_Tumor","Prolif_Invasive_Tumor",TRUE,0
"73410","Perivascular-Like","Perivascular-Like",TRUE,0.462848114357686
"78914","Stromal","Stromal",TRUE,0
"78722","DCIS 2","DCIS 2",TRUE,0.0308761765405872
"104671","Stromal","Stromal",TRUE,0.0562086757588706
"92764","Endothelial","Endothelial",TRUE,0.211007084464183
"92761","Endothelial","Endothelial",TRUE,0.0185370340137342
"79084","DCIS 2","DCIS 2",TRUE,0.0280157712819393
"92614","Invasive_Tumor","Invasive_Tumor",TRUE,0.00335942821568722
"7620","Macrophages_2","Macrophages_2",TRUE,0.0346655675735724
"90344","Invasive_Tumor","Invasive_Tumor",TRUE,0
"95006","Stromal","Stromal",TRUE,0.0495495590416721
"7531","CD8+_T_Cells","CD8+_T_Cells",TRUE,0.00896731867623424
"90346","Invasive_Tumor","Invasive_Tumor",TRUE,0
"92763","Macrophages_1","Macrophages_1",TRUE,0.00162528355077529
"105220","Myoepi_ACTA2+","Myoepi_ACTA2+",TRUE,0.155134483725908
"93857","Stromal","Stromal",TRUE,0.0555832821600018
"102694","Myoepi_KRT15+","Myoepi_KRT15+",TRUE,0.0417341471435651
"90509","Invasive_Tumor","Invasive_Tumor",TRUE,0
"104881","Stromal","Stromal",TRUE,0.084314184821594
"78686","Stromal","Stromal",TRUE,0.0327227980444117
"90405","Invasive_Tumor","Invasive_Tumor",TRUE,0.0385724669660756
"8205","DCIS 2","DCIS 2",TRUE,0
"7527","CD4+_T_Cells","CD4+_T_Cells",TRUE,0.013762908574979
"74585","Stromal","Stromal",TRUE,0.0433517510758629
"102695","Myoepi_ACTA2+","Myoepi_ACTA2+",TRUE,0.0513898929775623
"79089","Myoepi_ACTA2+","Myoepi_ACTA2+",TRUE,0.044340094329781
"73714","Invasive_Tumor","Invasive_Tumor",TRUE,0
"74909","Prolif_Invasive_Tumor","Prolif_Invasive_Tumor",TRUE,0
"74885","Stromal","Stromal",TRUE,0.0404129458292195
"7584","CD4+_T_Cells","CD4+_T_Cells",TRUE,0.756702251528751
"90706","Invasive_Tumor","Invasive_Tumor",TRUE,0.0711137588370286
"95073","CD8+_T_Cells","CD8+_T_Cells",TRUE,0.0161434713726709
"7574","CD4+_T_Cells","CD4+_T_Cells",TRUE,0.0112431172617375
"79037","DCIS 2","DCIS 2",TRUE,0.0201976986914063
"6098","Stromal","Stromal",TRUE,0.0315459979681177
"92759","Endothelial","Endothelial",TRUE,0.0140000937216528
"103348","Invasive_Tumor","Invasive_Tumor",TRUE,0
"95031","B_Cells","B_Cells",TRUE,0.0024443810642495
"76492","Stromal","Stromal",TRUE,0.0556163455036704
"79068","DCIS 2","DCIS 2",TRUE,0
"78706","Macrophages_1","Macrophages_1",TRUE,0.0616989012433827
"91266","DCIS 2","DCIS 2",TRUE,0.0364716347086438
"105219","Stromal","Stromal",TRUE,0.0785297838764118
"91347","Invasive_Tumor","Invasive_Tumor",TRUE,0
"93845","Stromal","Stromal",TRUE,0
"73698","Endothelial","Endothelial",TRUE,0
"92609","Invasive_Tumor","Invasive_Tumor",TRUE,0
"91283","Invasive_Tumor","Invasive_Tumor",TRUE,0
"75229","CD4+_T_Cells","CD4+_T_Cells",TRUE,0
"7488","Invasive_Tumor","Invasive_Tumor",TRUE,0
"90356","Invasive_Tumor","Invasive_Tumor",TRUE,0
"7605","CD4+_T_Cells","CD4+_T_Cells",TRUE,0.0523538060282722
"90393","Prolif_Invasive_Tumor","Prolif_Invasive_Tumor",TRUE,0
"102075","Myoepi_KRT15+","Myoepi_KRT15+",TRUE,0.010301549525392
"90699","Invasive_Tumor","Invasive_Tumor",TRUE,0.116424665816091
"78311","Stromal","Stromal",TRUE,0
"73706","Prolif_Invasive_Tumor","Prolif_Invasive_Tumor",TRUE,0
"95015","B_Cells","B_Cells",TRUE,0.0405884477416028
"102696","Myoepi_ACTA2+","Myoepi_ACTA2+",TRUE,0.0428668598055071
"78310","Stromal","Stromal",TRUE,0.0630742484217671
"90641","Invasive_Tumor","Invasive_Tumor",TRUE,0
"95048","CD8+_T_Cells","CD8+_T_Cells",TRUE,0.0526713397012815
"74838","Invasive_Tumor","Invasive_Tumor",TRUE,0.0330513827447407
"91356","Invasive_Tumor","Invasive_Tumor",TRUE,0
"7625","B_Cells","B_Cells",TRUE,0.0595367644120919
"74402","Stromal","Stromal",TRUE,0.0624864081940231
"73763","Stromal","Stromal",TRUE,0.0239537291922072
"92605","Prolif_Invasive_Tumor","Prolif_Invasive_Tumor",TRUE,0.00277536058817799
"92599","Macrophages_2","Macrophages_2",TRUE,0.119423360135453
"105004","B_Cells","B_Cells",TRUE,0.0529089992297646
"74280","Myoepi_ACTA2+","Myoepi_ACTA2+",TRUE,0.0519049924957857
"90352","Invasive_Tumor","Invasive_Tumor",TRUE,0.0191524418169131
"92780","Macrophages_1","Macrophages_1",TRUE,0.0104902259807454
"76500","Stromal","Stromal",TRUE,0.231821919551605
"91256","Invasive_Tumor","Invasive_Tumor",TRUE,0.1464889662781
"91362","Invasive_Tumor","Invasive_Tumor",TRUE,0
"90424","Invasive_Tumor","Invasive_Tumor",TRUE,0.247692961972025
"105223","Stromal","Stromal",TRUE,0
"104895","Stromal","Stromal",TRUE,0.0743289744392789
"73907","B_Cells","B_Cells",TRUE,0.0138520202963734
"80191","Stromal","Stromal",TRUE,0.0390920182690301
"76693","DCIS 2","DCIS 2",TRUE,0.0229798853435595
"91337","Macrophages_1","Macrophages_1",TRUE,0.00433046052533917
"7518","CD8+_T_Cells","CD8+_T_Cells",TRUE,0.0424175754622195
"90379","Invasive_Tumor","Invasive_Tumor",TRUE,0
"7580","CD4+_T_Cells","CD4+_T_Cells",TRUE,0.0451549111170365
"90634","Invasive_Tumor","Invasive_Tumor",TRUE,0
"90712","Prolif_Invasive_Tumor","Prolif_Invasive_Tumor",TRUE,0.0578379233267918
"79406","DCIS 2","DCIS 2",TRUE,0.0891704773280522
"92587","CD4+_T_Cells","CD4+_T_Cells",TRUE,0.0629459130839506
"92765","Stromal","Stromal",TRUE,0.0976821234662361
"7599","CD4+_T_Cells","CD4+_T_Cells",TRUE,0.0459806288670327
"103344","Invasive_Tumor","Invasive_Tumor",TRUE,0
"7628","Stromal","Stromal",TRUE,0.211205011065615
"90702","Invasive_Tumor","Invasive_Tumor",TRUE,0
"102074","DCIS 2","DCIS 2",TRUE,0.0149854654587258
"90341","Invasive_Tumor","Invasive_Tumor",TRUE,0
"102713","Stromal","Stromal",TRUE,0
"79419","DCIS 2","DCIS 2",TRUE,0.0188653317196679
"78688","Stromal","Stromal",TRUE,0.124301052167701
"80220","Myoepi_ACTA2+","Myoepi_ACTA2+",TRUE,0
"105221","Myoepi_ACTA2+","Myoepi_ACTA2+",TRUE,0.033050709860921
"105222","Stromal","Stromal",TRUE,0
"104668","CD8+_T_Cells","CD8+_T_Cells",TRUE,0.0416791087610566
"79427","Myoepi_KRT15+","Myoepi_KRT15+",TRUE,0
"103204","Stromal","Stromal",TRUE,0.0267392963621677
"76703","Stromal","Stromal",TRUE,0.0692377286396504
"102687","Stromal","Stromal",TRUE,0
"79411","DCIS 2","DCIS 2",TRUE,0
"73762","Perivascular-Like","Perivascular-Like",TRUE,0.158798650670734
"6126","CD4+_T_Cells","Stromal",FALSE,0.0629484629451946
"104918","Endothelial","Endothelial",TRUE,0.183784984133091
"78335","Perivascular-Like","Perivascular-Like",TRUE,0.019775866820513
"6128","CD4+_T_Cells","CD4+_T_Cells",TRUE,0.00767626692027776
"92616","Invasive_Tumor","Invasive_Tumor",TRUE,0
"73725","Invasive_Tumor","Invasive_Tumor",TRUE,0
"7560","B_Cells","B_Cells",TRUE,0.0788841415100195
"90633","Prolif_Invasive_Tumor","Prolif_Invasive_Tumor",TRUE,0
"7764","Stromal","Stromal",TRUE,0
"92626","B_Cells","B_Cells",TRUE,0.00164844677602566
"7536","CD8+_T_Cells","CD8+_T_Cells",TRUE,0.0693740200999697
"95021","B_Cells","B_Cells",TRUE,0.0386408843955796
"7597","Macrophages_1","Macrophages_1",TRUE,0.0392603083462538
"78331","LAMP3+_DCs","LAMP3+_DCs",TRUE,0.0249780974455478
"104661","Stromal","Stromal",TRUE,0
"92615","Invasive_Tumor","Invasive_Tumor",TRUE,0
"92630","CD8+_T_Cells","CD8+_T_Cells",TRUE,0.0652757135763553
"103336","Prolif_Invasive_Tumor","Prolif_Invasive_Tumor",TRUE,0
"93876","Stromal","Stromal",TRUE,0
"105360","Stromal","Stromal",TRUE,0.0980199455540779
"91313","Invasive_Tumor","Invasive_Tumor",TRUE,0
"91344","Invasive_Tumor","Invasive_Tumor",TRUE,0.0917586922859477
"95007","Macrophages_1","Macrophages_1",TRUE,0.0754698065816224
"104669","Stromal","Stromal",TRUE,0.00248444762280797
"95101","CD4+_T_Cells","CD4+_T_Cells",TRUE,0.000716312159752486
"73903","CD8+_T_Cells","CD8+_T_Cells",TRUE,0.0170744327892543
"7538","CD8+_T_Cells","CD8+_T_Cells",TRUE,0.0527235092774219
"79414","DCIS 2","DCIS 2",TRUE,0.0108969786269404
"73716","Prolif_Invasive_Tumor","Prolif_Invasive_Tumor",TRUE,0.0232203879437789
"74884","Invasive_Tumor","Invasive_Tumor",TRUE,0
"74279","Stromal","Stromal",TRUE,0
"76717","Stromal","Stromal",TRUE,0.0163793483385867
"7547","CD8+_T_Cells","CD8+_T_Cells",TRUE,0.0593169713405717
"7532","CD4+_T_Cells","CD4+_T_Cells",TRUE,0.339840229844395
"74878","Perivascular-Like","Perivascular-Like",TRUE,0.00296944322496195
"78721","Myoepi_ACTA2+","Myoepi_ACTA2+",TRUE,0
"73697","Endothelial","Endothelial",TRUE,0.0159070570636022
"74410","CD4+_T_Cells","CD4+_T_Cells",TRUE,0.0547323489915988
"78908","Stromal","Stromal",TRUE,0
"90691","Invasive_Tumor","Invasive_Tumor",TRUE,0.554621484159041
"104983","Stromal","Stromal",TRUE,0.0741814474384085
"90640","Prolif_Invasive_Tumor","Prolif_Invasive_Tumor",TRUE,0.0216614121337706
"102727","B_Cells","B_Cells",TRUE,0.0567593749275314
"7607","Macrophages_1","Macrophages_1",TRUE,0.0511541894630581
"76493","Macrophages_1","Macrophages_1",TRUE,0.0596966834241023
"90675","Invasive_Tumor","Invasive_Tumor",TRUE,0
"7524","CD4+_T_Cells","CD4+_T_Cells",TRUE,0.00529928005264646
"76702","Myoepi_ACTA2+","Myoepi_ACTA2+",TRUE,0.032392769389836
"6161","CD8+_T_Cells","CD8+_T_Cells",TRUE,0.0647812247921216
"95020","CD8+_T_Cells","CD8+_T_Cells",TRUE,0.0487229497805151
"90632","Invasive_Tumor","Invasive_Tumor",TRUE,0.0592441483320141
"7435","Prolif_Invasive_Tumor","Prolif_Invasive_Tumor",TRUE,0.0331001470575125
"91246","Invasive_Tumor","Invasive_Tumor",TRUE,0
"79033","DCIS 2","DCIS 2",TRUE,0
"79083","DCIS 2","DCIS 2",TRUE,0.0227425258099323
"7587","CD4+_T_Cells","CD4+_T_Cells",TRUE,0
"105356","Stromal","Stromal",TRUE,0.0692436345893684
"7510","B_Cells","B_Cells",TRUE,0.0098617857467434
"92606","Invasive_Tumor","Invasive_Tumor",TRUE,0.00822095846238384
"7612","Macrophages_2","Macrophages_2",TRUE,0.114297067424445
"91252","Invasive_Tumor","Invasive_Tumor",TRUE,0.365921076874774
"79038","DCIS 2","DCIS 2",TRUE,0
"74409","Stromal","Stromal",TRUE,0
"76606","Myoepi_KRT15+","Myoepi_KRT15+",TRUE,0.0166436987716956
"7579","CD4+_T_Cells","CD4+_T_Cells",TRUE,0.0578405963991344
"73700","Perivascular-Like","Perivascular-Like",TRUE,0.0558492221005213
"80189","Myoepi_ACTA2+","Myoepi_ACTA2+",TRUE,0.0468157170097822
"90629","Invasive_Tumor","Invasive_Tumor",TRUE,0.00355507240142543
"78127","Stromal","Stromal",TRUE,0.071777117922917
"104673","Macrophages_1","Macrophages_1",TRUE,0.0903978750447661
"80192","DCIS 2","DCIS 2",TRUE,0.119324795294932
"74070","Stromal","Stromal",TRUE,0.0566047987071198
"74832","Invasive_Tumor","Invasive_Tumor",TRUE,0.0175885214593944
"79407","DCIS 2","DCIS 2",TRUE,0.140765179811762
"103196","Invasive_Tumor","Invasive_Tumor",TRUE,0
"78694","Endothelial","Endothelial",TRUE,0.0702532915689253
"90806","Invasive_Tumor","Invasive_Tumor",TRUE,0.0469776671523785
"91305","Prolif_Invasive_Tumor","Prolif_Invasive_Tumor",TRUE,0
"92595","Invasive_Tumor","Invasive_Tumor",TRUE,0
"74153","CD8+_T_Cells","CD8+_T_Cells",TRUE,0.0530657966925636
"92633","Macrophages_2","Macrophages_2",TRUE,0.121469239521122
"7575","CD8+_T_Cells","CD8+_T_Cells",TRUE,0.0100883312855802
"73757","Macrophages_2","Macrophages_2",TRUE,0.0659426491182896
"74930","Stromal","Stromal",TRUE,0.0466279854288551
"78913","Stromal","Stromal",TRUE,0.0371358591769212
"90343","Invasive_Tumor","Invasive_Tumor",TRUE,0
"95028","CD4+_T_Cells","CD4+_T_Cells",TRUE,0.0375631821688189
"7534","B_Cells","B_Cells",TRUE,0.0746733913140224
"104667","Stromal","Stromal",TRUE,0
"7497","CD8+_T_Cells","CD8+_T_Cells",TRUE,0.000565243437639279
"7434","Invasive_Tumor","Invasive_Tumor",TRUE,0.00892586545416221
"105224","DCIS 2","DCIS 2",TRUE,0.0049344056144407
"95017","CD8+_T_Cells","CD8+_T_Cells",TRUE,0.0529614419072975
"7528","B_Cells","B_Cells",TRUE,0.0376359860470404
"73745","Perivascular-Like","Perivascular-Like",TRUE,0.0908588546593724
"93881","Stromal","Stromal",TRUE,0
"104879","Endothelial","Endothelial",TRUE,0.0616481143511328
"7470","Invasive_Tumor","Invasive_Tumor",TRUE,0
"91352","Invasive_Tumor","Invasive_Tumor",TRUE,0.148050634819307
"103223","Stromal","Stromal",TRUE,0.0348761236807261
"74075","Prolif_Invasive_Tumor","Prolif_Invasive_Tumor",TRUE,0.0264343490883006
"91288","B_Cells","B_Cells",TRUE,0.00274162658751026
"102076","DCIS 2","DCIS 2",TRUE,0.00946721637877829
"7618","Stromal","Stromal",TRUE,0.0463633006049747
"79081","DCIS 2","DCIS 2",TRUE,0.219423840542146
"102734","Stromal","Stromal",TRUE,0.0470446733095464
"7610","CD4+_T_Cells","CD4+_T_Cells",TRUE,0.0655066631480811
"78128","Stromal","Stromal",TRUE,0
"73411","Macrophages_1","Macrophages_1",TRUE,0.00235099607077666
"92590","Endothelial","Endothelial",TRUE,0
"93865","Stromal","Stromal",TRUE,0.0376548599216876
"73761","CD4+_T_Cells","CD4+_T_Cells",TRUE,0.0286466947257632
"74910","Prolif_Invasive_Tumor","Prolif_Invasive_Tumor",TRUE,0.0309888629973222
"73704","Prolif_Invasive_Tumor","Prolif_Invasive_Tumor",TRUE,0.105169762282011
"7608","Stromal","Stromal",TRUE,0.0654757662714534
"91241","Invasive_Tumor","Invasive_Tumor",TRUE,0
"95018","Macrophages_2","Macrophages_2",TRUE,0.0104245463279823
"80194","DCIS 2","DCIS 2",TRUE,0
"102697","Myoepi_KRT15+","Myoepi_KRT15+",TRUE,0.030704425413089
"105009","CD8+_T_Cells","CD8+_T_Cells",TRUE,0.073531464425329
"6364","Stromal","Stromal",TRUE,0
"90638","Invasive_Tumor","Invasive_Tumor",TRUE,0.00845513731713469
"102698","Myoepi_ACTA2+","Myoepi_ACTA2+",TRUE,0.0557037043844218
"102862","Stromal","Stromal",TRUE,0.0911106729686706
"74889","DCIS 2","DCIS 2",TRUE,0.0272982631951482
"74404","Stromal","Stromal",TRUE,0.0703286372769589
"92623","Stromal","Stromal",TRUE,0.0383194972106552
"79044","DCIS 2","DCIS 2",TRUE,0
"92600","Invasive_Tumor","Invasive_Tumor",TRUE,0
"74163","B_Cells","B_Cells",TRUE,0.0368742986873436
"6160","Macrophages_1","Stromal",FALSE,0.0699679347466449
"78309","Macrophages_1","Macrophages_1",TRUE,0.0723778921339408
"73718","Prolif_Invasive_Tumor","Prolif_Invasive_Tumor",TRUE,0
"79035","DCIS 2","DCIS 2",TRUE,0
"78126","Stromal","Stromal",TRUE,0
"79092","Myoepi_ACTA2+","Myoepi_ACTA2+",TRUE,0.0425894898190286
"8199","DCIS 2","DCIS 2",TRUE,0.100973437228771
"105228","B_Cells","B_Cells",TRUE,0.0968124621024478
"7629","Stromal","Stromal",TRUE,0.012795998970613
"80182","Macrophages_1","Macrophages_1",TRUE,0.0383146219411163
"78125","Stromal","Stromal",TRUE,0.0519761775575222
"105227","Myoepi_ACTA2+","Myoepi_ACTA2+",TRUE,0.094072814218785
"90345","Invasive_Tumor","Invasive_Tumor",TRUE,0
"76708","Macrophages_1","Macrophages_1",TRUE,0.0810138168876595
"73896","Stromal","Stromal",TRUE,0.0375718429674865
"7676","Stromal","Stromal",TRUE,0
"102077","DCIS 2","DCIS 2",TRUE,0
"105226","CD8+_T_Cells","CD8+_T_Cells",TRUE,0.0645264037982645
"95030","Stromal","Stromal",TRUE,0.0469185482174459
"7530","Macrophages_1","Macrophages_1",TRUE,0.18808747140168
"105430","Stromal","Stromal",TRUE,0
"6159","Stromal","Stromal",TRUE,0.0693600288054608
"7521","CD8+_T_Cells","CD8+_T_Cells",TRUE,0.0781894747120142
"90701","Invasive_Tumor","Invasive_Tumor",TRUE,0
"7615","CD8+_T_Cells","CD8+_T_Cells",TRUE,0.0636261663602483
"104991","Stromal","Stromal",TRUE,0
"91338","Macrophages_1","Macrophages_1",TRUE,0
"92585","Perivascular-Like","CD4+_T_Cells",FALSE,0.960639629515856
"7600","Stromal","Stromal",TRUE,0.122831262652553
"91336","Macrophages_1","Macrophages_1",TRUE,0.0314467569188208
"92592","Endothelial","Endothelial",TRUE,0.00671250393274336
"80186","Myoepi_ACTA2+","Stromal",FALSE,0.0914703042050109
"74281","Stromal","Stromal",TRUE,0.0208590474615635
"74407","Stromal","Stromal",TRUE,0.0705136729608951
"102717","Stromal","Stromal",TRUE,0.0871384097135733
"78308","Stromal","Stromal",TRUE,0.0405909442286593
"92775","Invasive_Tumor","Invasive_Tumor",TRUE,0.00107689105372842
"93846","Stromal","Stromal",TRUE,0
"74405","CD8+_T_Cells","CD8+_T_Cells",TRUE,0.0450435150467441
"90814","Invasive_Tumor","Invasive_Tumor",TRUE,0.00849176868591227
"73760","CD4+_T_Cells","CD4+_T_Cells",TRUE,0.0474257615040819
"74946","Stromal","Stromal",TRUE,0.0371966252784457
"105225","Stromal","Stromal",TRUE,0
"79412","DCIS 2","DCIS 2",TRUE,0.0084011332640152
"102078","Myoepi_KRT15+","Myoepi_KRT15+",TRUE,0.0792366641665996
"104893","Endothelial","Endothelial",TRUE,0.000469599059598008
"95027","B_Cells","B_Cells",TRUE,0.043788089338527
"74304","Stromal","Stromal",TRUE,0.0470892962543604
"79095","Myoepi_ACTA2+","Myoepi_ACTA2+",TRUE,0.0461401944346205
"7586","CD8+_T_Cells","CD8+_T_Cells",TRUE,0.0423851498110353
"7519","CD4+_T_Cells","CD4+_T_Cells",TRUE,0.0101883240544372
"105355","CD8+_T_Cells","CD8+_T_Cells",TRUE,0.0649580051190645
"79430","Myoepi_KRT15+","Myoepi_KRT15+",TRUE,0.00748583499737487
"7632","Stromal","Stromal",TRUE,0
"92971","Stromal","Stromal",TRUE,0.0372307663387751
"103333","Prolif_Invasive_Tumor","Prolif_Invasive_Tumor",TRUE,0.530887701366049
"78338","Stromal","Stromal",TRUE,0.0383767437741523
"8150","DCIS 2","DCIS 2",TRUE,0.282837154198297
"7578","CD8+_T_Cells","CD8+_T_Cells",TRUE,0.000717385031751089
"105426","Stromal","Stromal",TRUE,0.0669679065293729
"7567","B_Cells","B_Cells",TRUE,0.0675304479976797
"105354","CD4+_T_Cells","CD4+_T_Cells",TRUE,0.0737291530912439
"74300","CD4+_T_Cells","CD4+_T_Cells",TRUE,0.0484747087543144
"90635","Invasive_Tumor","Invasive_Tumor",TRUE,0.649060168738241
"73705","Prolif_Invasive_Tumor","Prolif_Invasive_Tumor",TRUE,0
"7514","B_Cells","B_Cells",TRUE,0.0170154605573721
"79399","DCIS 2","DCIS 2",TRUE,0.0158539352756295
"91289","Invasive_Tumor","Invasive_Tumor",TRUE,0
"76709","Myoepi_ACTA2+","Myoepi_ACTA2+",TRUE,0.05984663351444
"91332","CD8+_T_Cells","CD8+_T_Cells",TRUE,0.684050961915663
"79400","DCIS 2","DCIS 2",TRUE,0
"90623","Invasive_Tumor","Invasive_Tumor",TRUE,0.434452311239277
"79090","DCIS 2","DCIS 2",TRUE,0.0442068806267506
"76607","Macrophages_1","Macrophages_1",TRUE,0
"74835","Prolif_Invasive_Tumor","Prolif_Invasive_Tumor",TRUE,0
"90407","Invasive_Tumor","Invasive_Tumor",TRUE,0
"97144","Stromal","Stromal",TRUE,0.0604383836625509
"7624","Stromal","Stromal",TRUE,0.040523368353179
"80187","DCIS 1","DCIS 2",FALSE,1.27630209813344
"7523","CD8+_T_Cells","CD8+_T_Cells",TRUE,0.0783902116819603
"78720","DCIS 2","DCIS 2",TRUE,0.00701268553795804
"95022","Macrophages_1","Macrophages_1",TRUE,0.0535663551894959
"78307","Stromal","Stromal",TRUE,0.025707097053798
"91357","Prolif_Invasive_Tumor","Prolif_Invasive_Tumor",TRUE,0.0205137290707868
"78709","Stromal","Stromal",TRUE,0.308107778832118
"7583","CD4+_T_Cells","CD4+_T_Cells",TRUE,0.0534034991499586
"78124","Stromal","Stromal",TRUE,0.039193420272408
"6127","CD8+_T_Cells","CD8+_T_Cells",TRUE,0
"91345","Invasive_Tumor","Invasive_Tumor",TRUE,0.0025004968522042
"74401","Stromal","Stromal",TRUE,0.0587356557191224
"97140","B_Cells","B_Cells",TRUE,0.0722477913774365
"90624","Prolif_Invasive_Tumor","Prolif_Invasive_Tumor",TRUE,0.0870305391340891
"92603","Invasive_Tumor","Invasive_Tumor",TRUE,0
"102079","Myoepi_ACTA2+","Myoepi_ACTA2+",TRUE,0
"74285","Stromal","Stromal",TRUE,0.0383971978977013
"74893","Invasive_Tumor","Stromal",FALSE,0.0758735436220079
"91254","Invasive_Tumor","Invasive_Tumor",TRUE,0.00545940670059461
"73720","Prolif_Invasive_Tumor","Prolif_Invasive_Tumor",TRUE,0.0189573299343774
"90636","Invasive_Tumor","Invasive_Tumor",TRUE,0.0283471434895908
"92758","Prolif_Invasive_Tumor","Prolif_Invasive_Tumor",TRUE,0.0125408183234756
"79417","Myoepi_KRT15+","Myoepi_KRT15+",TRUE,0
"93873","Stromal","Stromal",TRUE,0
"8180","DCIS 2","DCIS 2",TRUE,0
"92966","Stromal","Stromal",TRUE,0.0762466940299012
"74397","Stromal","Stromal",TRUE,0
"103198","Invasive_Tumor","Invasive_Tumor",TRUE,0
"90425","Invasive_Tumor","Invasive_Tumor",TRUE,0
"6129","Stromal","Stromal",TRUE,0.850763772552873
"90627","Invasive_Tumor","Invasive_Tumor",TRUE,0
"74406","CD8+_T_Cells","CD8+_T_Cells",TRUE,0.0283516608440017
"7508","B_Cells","B_Cells",TRUE,0.00538724815729791
"90348","Prolif_Invasive_Tumor","Prolif_Invasive_Tumor",TRUE,0.00610603571722342
"92757","Stromal","Stromal",TRUE,0.0388933247095304
"103347","Invasive_Tumor","Invasive_Tumor",TRUE,0.0130765679290333
"7604","Stromal","Stromal",TRUE,0.0490799576207357
"90643","Invasive_Tumor","Invasive_Tumor",TRUE,0
"97124","CD8+_T_Cells","CD8+_T_Cells",TRUE,0.0123498784017775
"103328","Invasive_Tumor","Invasive_Tumor",TRUE,0
"105230","Stromal","Stromal",TRUE,0.0436003916253916
"95019","CD4+_T_Cells","CD4+_T_Cells",TRUE,0.0191784169469117
"103352","Invasive_Tumor","Invasive_Tumor",TRUE,0.00772984018107871
"97197","CD4+_T_Cells","CD4+_T_Cells",TRUE,0.0654122618769448
"74069","Stromal","Stromal",TRUE,0.0543902288480718
"90631","Invasive_Tumor","Invasive_Tumor",TRUE,0
"78902","Stromal","Stromal",TRUE,0.0564864647789984
"76501","Stromal","Stromal",TRUE,0.0575828155162688
"73699","Perivascular-Like","Perivascular-Like",TRUE,0.157857189976051
"74178","CD4+_T_Cells","CD4+_T_Cells",TRUE,0.0546273238907172
"93852","Stromal","Stromal",TRUE,0.051050295831885
"105359","Stromal","Stromal",TRUE,0
"105229","Stromal","Stromal",TRUE,0.0978300506225773
"7590","B_Cells","B_Cells",TRUE,0.0489947424802312
"95025","CD4+_T_Cells","CD4+_T_Cells",TRUE,0.047980304029088
"91237","Invasive_Tumor","Invasive_Tumor",TRUE,0
"76705","DCIS 2","DCIS 2",TRUE,0.0245297622499042
"92628","Endothelial","CD4+_T_Cells",FALSE,1.06481974776682
"97142","IRF7+_DCs","IRF7+_DCs",TRUE,0.0373644097920363
"91282","Invasive_Tumor","Invasive_Tumor",TRUE,0
"90626","Invasive_Tumor","Invasive_Tumor",TRUE,0
"79393","DCIS 2","DCIS 2",TRUE,0
"7589","CD4+_T_Cells","CD4+_T_Cells",TRUE,0
"92604","Invasive_Tumor","Invasive_Tumor",TRUE,0
"7516","B_Cells","B_Cells",TRUE,0.0170061921700348
"90694","Invasive_Tumor","Invasive_Tumor",TRUE,0
"79042","DCIS 2","DCIS 2",TRUE,0
"102699","Myoepi_KRT15+","Myoepi_KRT15+",TRUE,0.0250775684543464
"105232","Myoepi_ACTA2+","Myoepi_ACTA2+",TRUE,0
"73693","Endothelial","Endothelial",TRUE,0.00967529497126574
"103212","Stromal","Stromal",TRUE,0.0565942171595321
"7576","CD8+_T_Cells","CD8+_T_Cells",TRUE,0.00738088982300614
"80188","DCIS 2","DCIS 2",TRUE,0
"73717","Prolif_Invasive_Tumor","Prolif_Invasive_Tumor",TRUE,0.0128038271625315
"79420","Myoepi_KRT15+","Myoepi_KRT15+",TRUE,0
"90802","Prolif_Invasive_Tumor","Prolif_Invasive_Tumor",TRUE,0
"91245","Invasive_Tumor","Invasive_Tumor",TRUE,0.0111959162833815
"7591","Macrophages_1","Macrophages_1",TRUE,0.0517498264945478
"76602","DCIS 2","DCIS 2",TRUE,0
"7502","CD4+_T_Cells","CD4+_T_Cells",TRUE,0.00299628949815961
"97122","CD4+_T_Cells","CD4+_T_Cells",TRUE,0.0483879746341297
"74072","Stromal","Stromal",TRUE,0.0579286908898467
"105003","Stromal","Stromal",TRUE,0.0206507189833983
"79034","DCIS 2","DCIS 2",TRUE,0
"90395","Invasive_Tumor","Invasive_Tumor",TRUE,0.00288244431622785
"95033","CD8+_T_Cells","CD4+_T_Cells",FALSE,1.11437836222878
"74886","Stromal","Stromal",TRUE,0.966138017689941
"102700","Stromal","Stromal",TRUE,0.099970251156227
"90804","Prolif_Invasive_Tumor","Prolif_Invasive_Tumor",TRUE,0.0375456351706724
"90389","Prolif_Invasive_Tumor","Prolif_Invasive_Tumor",TRUE,0
"80183","Myoepi_ACTA2+","Myoepi_ACTA2+",TRUE,0.0691487934986234
"90679","Prolif_Invasive_Tumor","Prolif_Invasive_Tumor",TRUE,0
"7483","Invasive_Tumor","Invasive_Tumor",TRUE,0.00973640280069588
"78890","Stromal","Stromal",TRUE,0
"90637","Invasive_Tumor","Invasive_Tumor",TRUE,0
"92756","Prolif_Invasive_Tumor","Prolif_Invasive_Tumor",TRUE,0
"78334","Macrophages_1","Macrophages_1",TRUE,0.0862329058019304
"78713","Perivascular-Like","Perivascular-Like",TRUE,0.0632023992646613
"97126","Macrophages_1","Macrophages_1",TRUE,0.00294419474443808
"76711","Myoepi_ACTA2+","Myoepi_ACTA2+",TRUE,0.0351119950666517
"76495","Macrophages_1","Macrophages_1",TRUE,0.347877604451282
"73708","Prolif_Invasive_Tumor","Prolif_Invasive_Tumor",TRUE,0
"92779","Prolif_Invasive_Tumor","Prolif_Invasive_Tumor",TRUE,0.0308077583193979
"104888","CD8+_T_Cells","CD8+_T_Cells",TRUE,0.0639717798833639
"104994","Stromal","Stromal",TRUE,0.0422584734106195
"7433","Invasive_Tumor","Invasive_Tumor",TRUE,0
"78339","CD8+_T_Cells","CD8+_T_Cells",TRUE,0.057408096792949
"78123","Stromal","Stromal",TRUE,0.0786444635934549
"104783","Stromal","Stromal",TRUE,0.041599726162119
"104989","Stromal","Stromal",TRUE,0.719840548083678
"95037","Macrophages_2","Macrophages_2",TRUE,0.0843852183149911
"90707","Invasive_Tumor","Invasive_Tumor",TRUE,0.0150804762050462
"102708","Myoepi_KRT15+","Myoepi_KRT15+",TRUE,0.0341551458665416
"73692","Perivascular-Like","Stromal",FALSE,1.08028730756907
"78719","Myoepi_ACTA2+","Myoepi_ACTA2+",TRUE,0.0610829393764587
"96450","Macrophages_1","Macrophages_1",TRUE,0.0601157938321248
"78306","Stromal","Stromal",TRUE,0
"7480","Prolif_Invasive_Tumor","Prolif_Invasive_Tumor",TRUE,0.019133008125922
"79409","DCIS 2","DCIS 2",TRUE,0.0188675190895179
"97150","CD4+_T_Cells","CD4+_T_Cells",TRUE,0.0740320216327078
"90618","Invasive_Tumor","Invasive_Tumor",TRUE,0.0867110275997995
"102080","Myoepi_KRT15+","Myoepi_KRT15+",TRUE,0
"97118","CD8+_T_Cells","CD8+_T_Cells",TRUE,0.062889273444156
"96446","CD8+_T_Cells","CD8+_T_Cells",TRUE,0.0685907235551757
"6158","CD8+_T_Cells","CD8+_T_Cells",TRUE,0.0553803493135465
"7565","CD4+_T_Cells","CD4+_T_Cells",TRUE,0.0294259825442894
"7617","Stromal","Stromal",TRUE,0
"105361","Stromal","Stromal",TRUE,0
"74403","CD4+_T_Cells","CD4+_T_Cells",TRUE,0.0554783329843265
"91253","Invasive_Tumor","Invasive_Tumor",TRUE,0
"7622","Stromal","Stromal",TRUE,0.0425588547670768
"7588","CD8+_T_Cells","CD8+_T_Cells",TRUE,0.0549892603729636
"104672","Stromal","Stromal",TRUE,0.0563477672022017
"91353","Invasive_Tumor","Invasive_Tumor",TRUE,0.111516913366801
"105231","Stromal","Stromal",TRUE,0
"102703","Stromal","Stromal",TRUE,0.0601265632934093
"74066","Prolif_Invasive_Tumor","Prolif_Invasive_Tumor",TRUE,0.0422229945201553
"97120","CD8+_T_Cells","CD8+_T_Cells",TRUE,0.0311912653053264
"80184","DCIS 2","DCIS 2",TRUE,0.0510352004724726
"104663","Stromal","Stromal",TRUE,0.0536157171929812
"7563","CD4+_T_Cells","CD4+_T_Cells",TRUE,0.0516789934295055
"97131","CD8+_T_Cells","CD8+_T_Cells",TRUE,9.06288480831963e-05
"73702","Macrophages_2","Macrophages_2",TRUE,0.854445499237531
"95034","B_Cells","B_Cells",TRUE,0.0482939458904091
"92593","Invasive_Tumor","Invasive_Tumor",TRUE,0
"79045","DCIS 2","DCIS 2",TRUE,0
"103253","Stromal","Stromal",TRUE,0
"78343","CD4+_T_Cells","CD4+_T_Cells",TRUE,0.0317635952409295
"7582","CD8+_T_Cells","CD8+_T_Cells",TRUE,0.0384003682577422
"91363","Invasive_Tumor","Invasive_Tumor",TRUE,0
"104675","Stromal","Stromal",TRUE,0.169968131285898
"6122","CD4+_T_Cells","CD4+_T_Cells",TRUE,0.0127091929637035
"92602","Prolif_Invasive_Tumor","Prolif_Invasive_Tumor",TRUE,0
"90647","Invasive_Tumor","Invasive_Tumor",TRUE,0.651066977533237
"76498","Macrophages_2","Macrophages_2",TRUE,0.0982813095253782
"92588","Prolif_Invasive_Tumor","Prolif_Invasive_Tumor",TRUE,0.00363103035175059
"73902","Stromal","Stromal",TRUE,0.0677281623626765
"90809","Invasive_Tumor","Invasive_Tumor",TRUE,0
"91279","Macrophages_1","Macrophages_1",TRUE,0.0465776424121689
"74914","Stromal","Stromal",TRUE,0.0386741222824697
"74399","Stromal","Stromal",TRUE,0.0378849475863909
"95024","B_Cells","B_Cells",TRUE,0.0409986369882607
"97138","CD8+_T_Cells","CD8+_T_Cells",TRUE,0.0369400542558129
"102081","DCIS 2","DCIS 2",TRUE,0.0536194175428454
"92594","Invasive_Tumor","Invasive_Tumor",TRUE,0
"7573","Stromal","Stromal",TRUE,0.0554637104445243
"97151","CD8+_T_Cells","CD8+_T_Cells",TRUE,0.06873561297549
"105234","Myoepi_ACTA2+","Myoepi_ACTA2+",TRUE,0.430385840163128
"74078","Invasive_Tumor","Invasive_Tumor",TRUE,0.054570188978471
"73759","Stromal","Stromal",TRUE,0
"8200","Macrophages_1","Macrophages_1",TRUE,0.00603425363574417
"7577","CD8+_T_Cells","CD8+_T_Cells",TRUE,0.0258108897817638
"95035","Stromal","Stromal",TRUE,0.0447207130579964
"104664","Stromal","Stromal",TRUE,0.0480136293781305
"80185","DCIS 2","DCIS 2",TRUE,0
"91268","Macrophages_1","Macrophages_1",TRUE,0.0110629767754414
"7611","CD8+_T_Cells","CD8+_T_Cells",TRUE,0.0532140272379109
"105008","Stromal","Stromal",TRUE,0.0679601996535485
"97152","CD8+_T_Cells","CD8+_T_Cells",TRUE,0.0343846169478479
"97127","Macrophages_1","Macrophages_1",TRUE,0.00468590122800433
"76712","DCIS 2","DCIS 2",TRUE,0.0727736701680369
"78710","Stromal","Stromal",TRUE,0
"92580","Perivascular-Like","Perivascular-Like",TRUE,0.0365229278425431
"73710","Invasive_Tumor","Invasive_Tumor",TRUE,0.0160475812561229
"90422","Invasive_Tumor","Invasive_Tumor",TRUE,0
"74887","Invasive_Tumor","Invasive_Tumor",TRUE,0.0416106225264793
"7452","Invasive_Tumor","Invasive_Tumor",TRUE,0
"7512","CD4+_T_Cells","CD4+_T_Cells",TRUE,0.0485551021272967
"80176","Stromal","Stromal",TRUE,0.007112690542577
"74573","Stromal","Stromal",TRUE,0.109097686086608
"92624","CD4+_T_Cells","CD4+_T_Cells",TRUE,0.0682543450629671
"103202","Invasive_Tumor","Invasive_Tumor",TRUE,0
"104932","Macrophages_1","Macrophages_1",TRUE,0.104637766281126
"78121","Stromal","Stromal",TRUE,0
"6157","Stromal","Stromal",TRUE,0.0445654998056264
"91276","Invasive_Tumor","Invasive_Tumor",TRUE,0.00491159069790487
"104674","Stromal","Stromal",TRUE,0
"8163","DCIS 2","DCIS 2",TRUE,0.0022935271639682
"79398","DCIS 2","DCIS 2",TRUE,0.260737024865882
"103341","Prolif_Invasive_Tumor","Prolif_Invasive_Tumor",TRUE,0.13545124571014
"91321","Macrophages_1","Stromal",FALSE,0.0986287675878441
"97154","Macrophages_1","Macrophages_1",TRUE,0.00269918186301241
"74937","Stromal","Stromal",TRUE,0.037607532957737
"97156","CD8+_T_Cells","CD8+_T_Cells",TRUE,0.06529301715389
"91341","Stromal","Stromal",TRUE,0.0853341043944946
"74890","Invasive_Tumor","Invasive_Tumor",TRUE,0.0722368503862618
"78341","Stromal","Stromal",TRUE,0
"7569","CD4+_T_Cells","CD4+_T_Cells",TRUE,0.00906718896636086
"102702","Myoepi_ACTA2+","Myoepi_ACTA2+",TRUE,0.0274882764201557
"7426","Macrophages_1","Macrophages_1",TRUE,0.18069049895348
"102704","Myoepi_KRT15+","Myoepi_KRT15+",TRUE,0.0234685533762335
"91301","Invasive_Tumor","Invasive_Tumor",TRUE,0.00950779073727583
"7627","Stromal","Stromal",TRUE,0
"8219","Invasive_Tumor","Invasive_Tumor",TRUE,0.00322412975607983
"73758","Macrophages_2","CD8+_T_Cells",FALSE,0.0755346341161166
"91309","Prolif_Invasive_Tumor","Prolif_Invasive_Tumor",TRUE,0.0557110691043222
"95023","CD4+_T_Cells","CD4+_T_Cells",TRUE,0.0540256254967307
"92770","Stromal","Stromal",TRUE,0.0480635188442812
"90625","Prolif_Invasive_Tumor","Prolif_Invasive_Tumor",TRUE,0
"103207","Prolif_Invasive_Tumor","Prolif_Invasive_Tumor",TRUE,0.00378557897339781
"80179","Myoepi_ACTA2+","Myoepi_ACTA2+",TRUE,0.0848440485859168
"91248","Prolif_Invasive_Tumor","Prolif_Invasive_Tumor",TRUE,0.0235229606737639
"79410","Myoepi_KRT15+","Myoepi_KRT15+",TRUE,0
"7634","Stromal","Stromal",TRUE,0
"7478","Invasive_Tumor","Invasive_Tumor",TRUE,0
"102733","Stromal","Stromal",TRUE,0
"79093","Myoepi_ACTA2+","Myoepi_ACTA2+",TRUE,0.0967619282431239
"102814","Stromal","Stromal",TRUE,0.12462745143115
"74569","Stromal","Stromal",TRUE,0.317733713506353
"7677","Stromal","Stromal",TRUE,0
"97484","CD4+_T_Cells","CD4+_T_Cells",TRUE,0.0128177342182429
"74299","Stromal","Stromal",TRUE,0
"7630","Stromal","Stromal",TRUE,0.0578994332185139
"78337","Stromal","Stromal",TRUE,0.0285746752005778
"78718","DCIS 2","DCIS 2",TRUE,0.0704097740001767
"79076","DCIS 2","DCIS 2",TRUE,0.00117242017261204
"74924","Macrophages_1","Macrophages_1",TRUE,0.11833780530092
"7507","Macrophages_1","Macrophages_1",TRUE,0
"102701","Stromal","Stromal",TRUE,0.0484533018279957
"105418","Stromal","Stromal",TRUE,0
"7581","CD4+_T_Cells","CD4+_T_Cells",TRUE,0
"91240","Invasive_Tumor","Invasive_Tumor",TRUE,0.0150731060400139
"90812","Invasive_Tumor","Invasive_Tumor",TRUE,0.00837978199077566
"90619","Invasive_Tumor","Invasive_Tumor",TRUE,0
"93871","Macrophages_1","Stromal",FALSE,0.0728880374105437
"73919","Macrophages_1","Macrophages_1",TRUE,0.10851158099025
"103339","Invasive_Tumor","Invasive_Tumor",TRUE,0
"7559","Stromal","Stromal",TRUE,0.0673930793294762
"76715","Myoepi_ACTA2+","Myoepi_ACTA2+",TRUE,0.160552998715074
"78896","Myoepi_ACTA2+","Myoepi_ACTA2+",TRUE,0
"7564","CD8+_T_Cells","CD8+_T_Cells",TRUE,0.0406017881129459
"97153","IRF7+_DCs","IRF7+_DCs",TRUE,0.00975428938413721
"73756","Macrophages_1","B_Cells",FALSE,0.0332674617096882
"74400","Macrophages_1","Macrophages_1",TRUE,0.0104591811992656
"102084","Myoepi_ACTA2+","Myoepi_ACTA2+",TRUE,0.0779267972576017
"73695","Endothelial","Endothelial",TRUE,0.0599714594459657
"91259","Invasive_Tumor","Invasive_Tumor",TRUE,0
"79423","Myoepi_KRT15+","Myoepi_KRT15+",TRUE,0.0169783363919359
"104670","Stromal","Stromal",TRUE,0.0373339308374954
"97198","CD4+_T_Cells","CD4+_T_Cells",TRUE,0.00642737774358071
"93890","Stromal","Stromal",TRUE,0.181925525270617
"74394","Stromal","Stromal",TRUE,0
"78305","Stromal","Stromal",TRUE,0
"92582","Endothelial","Endothelial",TRUE,0.015523537205715
"90620","Invasive_Tumor","Invasive_Tumor",TRUE,0
"80181","DCIS 2","DCIS 2",TRUE,0
"73884","Macrophages_1","Macrophages_1",TRUE,0.058419267391798
"75167","Macrophages_1","Macrophages_1",TRUE,0.47479894979173
"7626","Stromal","Stromal",TRUE,0.0162389577899287
"79032","DCIS 2","DCIS 2",TRUE,0
"97128","Macrophages_1","Macrophages_1",TRUE,0.00404952641153981
"90810","Invasive_Tumor","Invasive_Tumor",TRUE,0.0107195587569903
"79382","DCIS 2","DCIS 2",TRUE,0
"104882","CD8+_T_Cells","CD8+_T_Cells",TRUE,0.0874330467753487
"97157","CD8+_T_Cells","CD8+_T_Cells",TRUE,0.055209524376493
"95026","CD4+_T_Cells","CD4+_T_Cells",TRUE,0.0380560248594649
"105233","Stromal","Stromal",TRUE,0.0619770367020691
"78332","Stromal","Stromal",TRUE,0.0686979057615521
"74067","Stromal","Stromal",TRUE,0.0136684950715378
"79416","Myoepi_KRT15+","Myoepi_KRT15+",TRUE,0
"80312","Macrophages_1","Macrophages_1",TRUE,0.0663665423501108
"97146","Stromal","Stromal",TRUE,0
"102729","Stromal","Stromal",TRUE,0
"7500","CD4+_T_Cells","CD4+_T_Cells",TRUE,0.000804554354293781
"78345","Endothelial","Endothelial",TRUE,0
"79080","DCIS 2","DCIS 2",TRUE,0
"79404","Myoepi_KRT15+","Myoepi_KRT15+",TRUE,0
"78119","Stromal","Stromal",TRUE,0
"90621","Invasive_Tumor","Invasive_Tumor",TRUE,0.00967397443441713
"78888","Stromal","Stromal",TRUE,0
"7504","B_Cells","B_Cells",TRUE,0.0429274518564549
"79213","DCIS 2","DCIS 2",TRUE,0
"76608","DCIS 2","DCIS 2",TRUE,0
"75172","Stromal","Stromal",TRUE,0
"78344","Stromal","Stromal",TRUE,0.0355890461074251
"90683","Prolif_Invasive_Tumor","Prolif_Invasive_Tumor",TRUE,0.0132723480227811
"90700","Invasive_Tumor","Invasive_Tumor",TRUE,0
"104917","Stromal","Stromal",TRUE,0.0720733905238513
"103335","Invasive_Tumor","Invasive_Tumor",TRUE,0.27626441561032
"7562","B_Cells","B_Cells",TRUE,0.0559749932885932
"76716","DCIS 2","DCIS 2",TRUE,0.761284037249045
"79385","DCIS 2","DCIS 2",TRUE,0.0241102634570873
"80307","Stromal","Stromal",TRUE,0.0477572762441969
"90670","Invasive_Tumor","Invasive_Tumor",TRUE,0
"78304","Macrophages_1","Macrophages_1",TRUE,0.100447721894759
"95040","Macrophages_2","CD8+_T_Cells",FALSE,0.0885122652648891
"90650","Invasive_Tumor","Invasive_Tumor",TRUE,0.0472997425539385
"6322","Stromal","Stromal",TRUE,0.0404976284025227
"74584","Prolif_Invasive_Tumor","Prolif_Invasive_Tumor",TRUE,0.0511900627101299
"8193","Myoepi_ACTA2+","Myoepi_ACTA2+",TRUE,0.00357037615652874
"103215","Stromal","Stromal",TRUE,0.00972721412202676
"90807","Invasive_Tumor","Invasive_Tumor",TRUE,0
"75163","Macrophages_2","Macrophages_2",TRUE,0.0363534685418231
"73715","Prolif_Invasive_Tumor","Prolif_Invasive_Tumor",TRUE,0.0525117311169425
"7503","CD4+_T_Cells","CD4+_T_Cells",TRUE,0.0335171531241294
"97195","CD8+_T_Cells","CD8+_T_Cells",TRUE,0.0296286560097705
"102722","Stromal","Stromal",TRUE,0.00452390092961603
"91286","Prolif_Invasive_Tumor","Prolif_Invasive_Tumor",TRUE,0.00446151251106734
"78871","Stromal","Stromal",TRUE,0.0528482219754538
"76502","Stromal","Stromal",TRUE,0.041946602683436
"91334","Perivascular-Like","Perivascular-Like",TRUE,0.052083364826106
"102082","Myoepi_KRT15+","Myoepi_KRT15+",TRUE,0.045012350984895
"92753","Prolif_Invasive_Tumor","Prolif_Invasive_Tumor",TRUE,0.00140551474512727
"103309","Invasive_Tumor","Invasive_Tumor",TRUE,0.00495336888232464
"105236","Stromal","Stromal",TRUE,0.0160989458589946
"90630","Invasive_Tumor","Invasive_Tumor",TRUE,0
"74061","Invasive_Tumor","Invasive_Tumor",TRUE,0.00240575290016851
"105357","Macrophages_1","Macrophages_1",TRUE,0.0475241366871427
"96444","Macrophages_1","Macrophages_1",TRUE,0.0519223806958046
"102085","Myoepi_KRT15+","Myoepi_KRT15+",TRUE,0
"90803","Invasive_Tumor","Invasive_Tumor",TRUE,0.0422284841960979
"90611","Invasive_Tumor","Invasive_Tumor",TRUE,0
"79073","DCIS 1","DCIS 2",FALSE,1.93065678702641
"97155","Stromal","Stromal",TRUE,0.0361922354250676
"90791","Invasive_Tumor","Invasive_Tumor",TRUE,0
"103195","Prolif_Invasive_Tumor","Prolif_Invasive_Tumor",TRUE,0.0253177325937162
"80174","Stromal","Stromal",TRUE,0.0731104304980669
"90342","Invasive_Tumor","Invasive_Tumor",TRUE,0.00888936285166148
"105434","Stromal","Stromal",TRUE,0
"97200","Stromal","Stromal",TRUE,0.0435630989933583
"7501","Stromal","Stromal",TRUE,0.0502719028042405
"90622","Invasive_Tumor","Invasive_Tumor",TRUE,0.0784594376820253
"75174","Stromal","Stromal",TRUE,0
"97121","CD4+_T_Cells","CD4+_T_Cells",TRUE,0.0651759117429471
"91358","Prolif_Invasive_Tumor","Prolif_Invasive_Tumor",TRUE,0
"7556","Stromal","Stromal",TRUE,0.0419473787457582
"105237","Stromal","Stromal",TRUE,0.0842758497020179
"105362","Stromal","Stromal",TRUE,0.00710321885501197
"102083","Myoepi_KRT15+","Myoepi_KRT15+",TRUE,0
"74882","Invasive_Tumor","Invasive_Tumor",TRUE,0.0519734989836038
"97488","Macrophages_1","Macrophages_1",TRUE,0.0321476418250954
"92586","Invasive_Tumor","Invasive_Tumor",TRUE,0
"103349","Prolif_Invasive_Tumor","Prolif_Invasive_Tumor",TRUE,0.00428335074493403
"78906","Stromal","Stromal",TRUE,0
"80177","DCIS 2","DCIS 2",TRUE,0.0511958083895809
"105364","Stromal","Stromal",TRUE,0.0214632382290943
"79086","DCIS 2","DCIS 2",TRUE,0
"97160","B_Cells","B_Cells",TRUE,0.0663788631817312
"79039","DCIS 2","DCIS 2",TRUE,0
"76613","DCIS 2","DCIS 2",TRUE,0
"74396","Perivascular-Like","Perivascular-Like",TRUE,0.0305896030051698
"74392","Stromal","Stromal",TRUE,0.0410737212985807
"79030","DCIS 2","DCIS 2",TRUE,0.220522108846654
"102743","Myoepi_KRT15+","Myoepi_KRT15+",TRUE,0.0438764057339172
"78120","CD8+_T_Cells","CD8+_T_Cells",TRUE,0.0572421918413655
"105235","Stromal","Stromal",TRUE,0
"92754","Invasive_Tumor","Invasive_Tumor",TRUE,0
"95039","Macrophages_1","Macrophages_1",TRUE,0.040133711605401
"92769","Macrophages_1","Macrophages_1",TRUE,0.0523995808339021
"80305","Stromal","Stromal",TRUE,0
"80180","DCIS 2","DCIS 2",TRUE,0.0221903635377645
"91278","Macrophages_1","Macrophages_1",TRUE,0.0182580436106309
"97134","CD8+_T_Cells","CD8+_T_Cells",TRUE,0.0532628540602736
"90794","Invasive_Tumor","Invasive_Tumor",TRUE,0
"92584","Prolif_Invasive_Tumor","Prolif_Invasive_Tumor",TRUE,0
"78117","Stromal","Stromal",TRUE,0
"8175","Myoepi_ACTA2+","Myoepi_ACTA2+",TRUE,0.0976198056516326
"79214","DCIS 2","DCIS 2",TRUE,0
"6156","Stromal","Stromal",TRUE,0.00241993762771447
"92575","Macrophages_2","Macrophages_2",TRUE,0.0970531452994221
"104990","Stromal","Stromal",TRUE,0
"78717","DCIS 2","DCIS 2",TRUE,0.0261057976436588
"90711","Invasive_Tumor","Invasive_Tumor",TRUE,0
"92505","Macrophages_1","Macrophages_1",TRUE,0.00863810519883623
"104992","Stromal","Stromal",TRUE,0.165741856196838
"78873","Stromal","Stromal",TRUE,0
"102087","Myoepi_ACTA2+","Myoepi_ACTA2+",TRUE,0.0477340037789056
"78714","Stromal","Stromal",TRUE,0.0613041968777637
"7511","CD4+_T_Cells","CD4+_T_Cells",TRUE,0.0483358740143491
"90612","Invasive_Tumor","Invasive_Tumor",TRUE,0.0126561109880037
"97139","Stromal","Stromal",TRUE,0.0566306951183083
"7571","Stromal","Stromal",TRUE,0.0407733459217027
"79390","DCIS 2","DCIS 2",TRUE,0.000445988617457038
"78342","Stromal","Stromal",TRUE,0.0414541353676702
"73696","Stromal","Stromal",TRUE,0.0959715682386794
"104676","Stromal","Stromal",TRUE,0.0254294995263508
"74074","Invasive_Tumor","Invasive_Tumor",TRUE,0
"93895","Stromal","Stromal",TRUE,0
"79043","DCIS 2","DCIS 2",TRUE,0.261688040308536
"92755","CD4+_T_Cells","CD4+_T_Cells",TRUE,0.0150312814951654
"92506","Perivascular-Like","Perivascular-Like",TRUE,0.0513287232292264
"95036","Macrophages_2","Macrophages_1",FALSE,1.27125446277784
"91242","Invasive_Tumor","Invasive_Tumor",TRUE,0.00513393766291838
"80178","Myoepi_ACTA2+","Myoepi_ACTA2+",TRUE,0.0935134052444589
"97487","CD4+_T_Cells","CD4+_T_Cells",TRUE,0.392127835307018
"102711","Myoepi_KRT15+","Myoepi_KRT15+",TRUE,0.0412334649860379
"74393","B_Cells","B_Cells",TRUE,0
"91250","Invasive_Tumor","Invasive_Tumor",TRUE,0
"91303","Invasive_Tumor","Invasive_Tumor",TRUE,0.033289996644782
"74387","Stromal","Stromal",TRUE,0.062694953999474
"97158","CD4+_T_Cells","CD4+_T_Cells",TRUE,0.010773980932333
"96449","CD4+_T_Cells","CD4+_T_Cells",TRUE,0.051871466338654
"103205","Invasive_Tumor","Invasive_Tumor",TRUE,0
"79408","Myoepi_KRT15+","Myoepi_KRT15+",TRUE,0
"103225","Macrophages_1","Stromal",FALSE,0.0822823732391078
"92591","Invasive_Tumor","Invasive_Tumor",TRUE,0.0161311170098292
"74395","Perivascular-Like","Perivascular-Like",TRUE,0.0317806025878468
"79396","Myoepi_ACTA2+","Myoepi_ACTA2+",TRUE,0.0574658556071291
"7754","B_Cells","B_Cells",TRUE,0.00895802573537091
"97123","CD4+_T_Cells","CD4+_T_Cells",TRUE,0.0742914231709451
"95038","Macrophages_2","Macrophages_1",FALSE,1.30959240836055
"105439","Stromal","Stromal",TRUE,0.0584893042188004
"102737","Stromal","Stromal",TRUE,0
"92774","Macrophages_1","Macrophages_1",TRUE,0.00814669787655296
"7568","CD4+_T_Cells","CD4+_T_Cells",TRUE,0.0449985670139953
"74071","CD4+_T_Cells","CD4+_T_Cells",TRUE,0.0671325361091742
"102706","Stromal","Stromal",TRUE,0
"79096","DCIS 2","DCIS 2",TRUE,0.0148200006859893
"90646","Invasive_Tumor","Invasive_Tumor",TRUE,0
"90628","Invasive_Tumor","Invasive_Tumor",TRUE,0
"7432","Invasive_Tumor","Invasive_Tumor",TRUE,0
"7473","Prolif_Invasive_Tumor","Prolif_Invasive_Tumor",TRUE,0.12051254977383
"102709","Myoepi_KRT15+","Myoepi_KRT15+",TRUE,0.0509481690188172
"102705","Stromal","Stromal",TRUE,0
"92504","Endothelial","Endothelial",TRUE,0.0600522541848713
"79373","DCIS 2","DCIS 2",TRUE,0.167252542390152
"6358","B_Cells","B_Cells",TRUE,0.0487539095768996
"90645","Invasive_Tumor","Invasive_Tumor",TRUE,0.477700040745851
"96452","Stromal","Stromal",TRUE,0.0525335133595325
"90653","Invasive_Tumor","Invasive_Tumor",TRUE,0
"73891","Stromal","Stromal",TRUE,0.0501057891436817
"78346","Stromal","Stromal",TRUE,0.0427460909968365
"97201","CD8+_T_Cells","CD8+_T_Cells",TRUE,0.0175945746360915
"74578","Macrophages_1","Macrophages_1",TRUE,0.0355423096625724
"97161","B_Cells","B_Cells",TRUE,0.0265315997856437
"76505","Stromal","Stromal",TRUE,0.0612173571407633
"74926","Stromal","Stromal",TRUE,0.000844802960733006
"8321","Myoepi_ACTA2+","Myoepi_ACTA2+",TRUE,0
"90613","Invasive_Tumor","Invasive_Tumor",TRUE,0.0547534819309841
"96448","Macrophages_1","Macrophages_1",TRUE,0.0784431858463104
"79401","Myoepi_KRT15+","Myoepi_KRT15+",TRUE,0.00368152727362567
"74389","Stromal","Stromal",TRUE,0
"97117","CD8+_T_Cells","CD8+_T_Cells",TRUE,0.0631656895246588
"93872","Stromal","Stromal",TRUE,0.0824367276405735
"78116","Stromal","Stromal",TRUE,0
"7557","CD8+_T_Cells","CD8+_T_Cells",TRUE,0.0298554151906975
"92589","Invasive_Tumor","Invasive_Tumor",TRUE,0
"90614","DCIS 2","DCIS 2",TRUE,0.00139397968970326
"79218","DCIS 2","DCIS 2",TRUE,0
"105238","Stromal","Stromal",TRUE,0.0310321100183401
"7495","Invasive_Tumor","Invasive_Tumor",TRUE,0
"97551","Macrophages_1","Macrophages_1",TRUE,0.00466625560248202
"102707","Myoepi_ACTA2+","Myoepi_ACTA2+",TRUE,0.0406631882127204
"103345","Invasive_Tumor","Invasive_Tumor",TRUE,0
"90649","DCIS 2","DCIS 2",TRUE,0.00132026115647996
"103211","Invasive_Tumor","Invasive_Tumor",TRUE,0.00501678474098211
"90421","Invasive_Tumor","Invasive_Tumor",TRUE,0
"79031","DCIS 2","DCIS 2",TRUE,0
"78302","Stromal","Stromal",TRUE,0.0454963674209819
"92750","CD8+_T_Cells","Stromal",FALSE,0.0819579263597824
"93879","Stromal","Stromal",TRUE,0
"78875","Myoepi_ACTA2+","Myoepi_ACTA2+",TRUE,0
"103318","Invasive_Tumor","Invasive_Tumor",TRUE,0.00439347505075061
"97129","CD8+_T_Cells","CD8+_T_Cells",TRUE,0.0678703229780995
"97490","Perivascular-Like","Perivascular-Like",TRUE,0.0682370073276473
"74879","Macrophages_1","Macrophages_1",TRUE,0.0717604390706361
"91285","Endothelial","Endothelial",TRUE,0.0162182896220043
"78922","Stromal","Stromal",TRUE,0
"102091","Myoepi_ACTA2+","Stromal",FALSE,0.0968756980940481
"80310","Stromal","Stromal",TRUE,0.062944736482587
"92632","Stromal","Stromal",TRUE,0.0191033123797357
"97485","Macrophages_2","Macrophages_2",TRUE,0.0601292973647521
"75165","CD4+_T_Cells","CD4+_T_Cells",TRUE,0.894185865690346
"104784","Stromal","Stromal",TRUE,0.049984312593861
"6123","Macrophages_1","Macrophages_1",TRUE,0.0880690984967757
"78303","Stromal","Stromal",TRUE,0
"102742","Myoepi_KRT15+","Myoepi_KRT15+",TRUE,0.00823708543228042
"74911","Invasive_Tumor","Invasive_Tumor",TRUE,0.0680353162653916
"92579","Prolif_Invasive_Tumor","Prolif_Invasive_Tumor",TRUE,0
"76503","B_Cells","B_Cells",TRUE,0.0436729569020174
"74883","DCIS 2","DCIS 2",TRUE,0.0233395672495467
"90682","Prolif_Invasive_Tumor","Prolif_Invasive_Tumor",TRUE,0
"78336","Stromal","Stromal",TRUE,0.0446182662293765
"79215","DCIS 2","DCIS 2",TRUE,0
"103351","Prolif_Invasive_Tumor","Prolif_Invasive_Tumor",TRUE,0.030069391841369
"102086","Myoepi_KRT15+","Myoepi_KRT15+",TRUE,0
"97495","CD8+_T_Cells","CD8+_T_Cells",TRUE,0.0496191736799157
"97162","B_Cells","B_Cells",TRUE,0.0375702529988943
"90671","Invasive_Tumor","Invasive_Tumor",TRUE,0
"90796","Invasive_Tumor","Invasive_Tumor",TRUE,0.12162164439071
"7631","Stromal","Stromal",TRUE,0
"90808","Invasive_Tumor","Invasive_Tumor",TRUE,0.0904967845479031
"74302","Stromal","Stromal",TRUE,0.0248382299615722
"104792","Stromal","Stromal",TRUE,0.0813259874066802
"90813","Invasive_Tumor","Invasive_Tumor",TRUE,0.0445270386225681
"6155","Stromal","Stromal",TRUE,0.0208122633318876
"79074","DCIS 2","DCIS 2",TRUE,0
"80308","Stromal","Stromal",TRUE,0.0415166231138823
"105363","Stromal","Stromal",TRUE,0
"102089","Myoepi_KRT15+","Myoepi_KRT15+",TRUE,0.0371984520367741
"8241","Myoepi_ACTA2+","Myoepi_ACTA2+",TRUE,0.0710637091235271
"91272","Invasive_Tumor","Invasive_Tumor",TRUE,0
"80175","Myoepi_ACTA2+","Myoepi_ACTA2+",TRUE,0.0887910556904636
"78716","Myoepi_ACTA2+","Myoepi_ACTA2+",TRUE,0.0703460311695705
"74055","Prolif_Invasive_Tumor","Prolif_Invasive_Tumor",TRUE,0.0340332003687399
"74053","Invasive_Tumor","Invasive_Tumor",TRUE,0.150265486340085
"79028","DCIS 2","DCIS 2",TRUE,0.192035901492968
"78864","Myoepi_ACTA2+","Myoepi_ACTA2+",TRUE,0.0776420316820008
"90709","Invasive_Tumor","Invasive_Tumor",TRUE,0.00823887539810871
"90667","Invasive_Tumor","Invasive_Tumor",TRUE,0
"90617","Invasive_Tumor","Invasive_Tumor",TRUE,0
"74567","Endothelial","Endothelial",TRUE,0.0769540080073109
"96453","Stromal","Stromal",TRUE,0.0653844755211623
"91315","Invasive_Tumor","Invasive_Tumor",TRUE,0
"102741","Myoepi_KRT15+","Myoepi_KRT15+",TRUE,0
"105368","Macrophages_1","Macrophages_1",TRUE,0.080134835537247
"74945","Macrophages_1","Macrophages_1",TRUE,0.100119150427374
"97202","B_Cells","B_Cells",TRUE,0.0212291014187973
"78340","Stromal","Stromal",TRUE,0.821915799803062
"97147","CD8+_T_Cells","CD8+_T_Cells",TRUE,0.0619479886738654
"73701","Invasive_Tumor","Invasive_Tumor",TRUE,0.00102560359592416
"96447","Macrophages_1","Macrophages_1",TRUE,0.059465522969833
"8154","Myoepi_ACTA2+","Myoepi_ACTA2+",TRUE,0.0454416115627867
"7554","B_Cells","Stromal",FALSE,0.059265711535671
"104933","Stromal","Stromal",TRUE,0.0469784046365687
"92577","Prolif_Invasive_Tumor","Prolif_Invasive_Tumor",TRUE,0.058970955053641
"79072","DCIS 2","DCIS 2",TRUE,0
"97550","CD4+_T_Cells","CD4+_T_Cells",TRUE,0.0229111597569688
"102718","Stromal","Stromal",TRUE,0.00209941167347998
"78351","Macrophages_2","Macrophages_2",TRUE,0.23056671059364
"105413","Stromal","Stromal",TRUE,0.0395359590835087
"79379","DCIS 2","DCIS 2",TRUE,0.0242158650505937
"103312","Invasive_Tumor","Invasive_Tumor",TRUE,0.00791247502236252
"79314","DCIS 2","DCIS 2",TRUE,0
"75159","Macrophages_1","Macrophages_1",TRUE,0.858800892822686
"103307","Prolif_Invasive_Tumor","Prolif_Invasive_Tumor",TRUE,0
"74068","Stromal","Stromal",TRUE,0
"92752","CD8+_T_Cells","CD8+_T_Cells",TRUE,0.0197038146548021
"92570","Endothelial","Endothelial",TRUE,0.0261486792785363
"74385","Stromal","Stromal",TRUE,0
"79209","DCIS 2","DCIS 2",TRUE,0.0245345531531292
"103199","Invasive_Tumor","Invasive_Tumor",TRUE,0
"74305","Stromal","Stromal",TRUE,0.0247995546744021
"74388","Stromal","Stromal",TRUE,0
"78333","Stromal","Stromal",TRUE,0.0545966828173969
"90798","Prolif_Invasive_Tumor","Prolif_Invasive_Tumor",TRUE,0.0404806052566154
"78301","Stromal","Stromal",TRUE,0.0662098937286278
"97145","CD4+_T_Cells","CD4+_T_Cells",TRUE,0.0472002119179324
"79317","DCIS 2","DCIS 2",TRUE,0
"92502","Macrophages_1","Macrophages_1",TRUE,0.0624555005139273
"74390","Stromal","Stromal",TRUE,0
"78118","Stromal","Stromal",TRUE,0
"73883","Macrophages_1","Macrophages_1",TRUE,0.0565558804705622
"7651","Stromal","Stromal",TRUE,0.189468413388544
"90697","Prolif_Invasive_Tumor","Prolif_Invasive_Tumor",TRUE,0
"7561","Stromal","Stromal",TRUE,0.0276530555902872
"7572","B_Cells","B_Cells",TRUE,0.0605610204536092
"78115","Stromal","Stromal",TRUE,0.0300611928067947
"79376","Myoepi_ACTA2+","Myoepi_ACTA2+",TRUE,0.0645651681185861
"7633","Stromal","Stromal",TRUE,0
"90793","Prolif_Invasive_Tumor","Prolif_Invasive_Tumor",TRUE,0
"7474","Invasive_Tumor","Invasive_Tumor",TRUE,0
"104896","Macrophages_1","Macrophages_1",TRUE,0.081072708503431
"92498","Endothelial","Endothelial",TRUE,0.00029350133935413
"90616","Invasive_Tumor","Invasive_Tumor",TRUE,0.0106390618568902
"79217","DCIS 2","DCIS 2",TRUE,0
"104906","Stromal","Stromal",TRUE,0
"97203","CD4+_T_Cells","CD4+_T_Cells",TRUE,0.364767376415108
"90609","Invasive_Tumor","Invasive_Tumor",TRUE,0.0144133987391702
"8189","Stromal","Stromal",TRUE,0.0946533953303115
"92625","Macrophages_2","CD8+_T_Cells",FALSE,0.71588258156209
"6154","Stromal","Stromal",TRUE,0
"90607","Invasive_Tumor","Invasive_Tumor",TRUE,0.0114035596739217
"92518","Invasive_Tumor","Stromal",FALSE,0.044455319351992
"80173","DCIS 2","DCIS 2",TRUE,0.0218533810655528
"97492","Stromal","Stromal",TRUE,0.0477450770193215
"79405","Myoepi_KRT15+","Myoepi_KRT15+",TRUE,0
"97164","CD4+_T_Cells","CD4+_T_Cells",TRUE,0.00652901508976272
"92581","Invasive_Tumor","Invasive_Tumor",TRUE,0
"73755","Stromal","Stromal",TRUE,0.0103211868547881
"103197","Invasive_Tumor","Invasive_Tumor",TRUE,0
"90704","Invasive_Tumor","Invasive_Tumor",TRUE,0
"7558","CD4+_T_Cells","CD4+_T_Cells",TRUE,0.0311635771254834
"78357","B_Cells","B_Cells",TRUE,0.00232984495736732
"74307","Stromal","Stromal",TRUE,0
"7635","Stromal","Stromal",TRUE,0.0965217417954041
"90606","Invasive_Tumor","Invasive_Tumor",TRUE,0
"97556","LAMP3+_DCs","LAMP3+_DCs",TRUE,0.0272335491810431
"105366","Stromal","Stromal",TRUE,0.0351582226623624
"76611","DCIS 2","DCIS 2",TRUE,0.157075388113703
"102088","Myoepi_KRT15+","Myoepi_KRT15+",TRUE,0
"97163","Macrophages_1","Macrophages_1",TRUE,0.0105406765683198
"90651","Invasive_Tumor","Invasive_Tumor",TRUE,0.019418964608304
"73872","Perivascular-Like","Perivascular-Like",TRUE,0.242571736686268
"78300","Stromal","Stromal",TRUE,0.05235131257964
"97553","CD4+_T_Cells","CD4+_T_Cells",TRUE,0.0323466605427815
"80311","Stromal","Stromal",TRUE,0.342909288614089
"93888","Macrophages_2","Macrophages_2",TRUE,0.133746368236592
"102710","Stromal","Stromal",TRUE,0.0691616061745273
"92574","Endothelial","Endothelial",TRUE,0.0694282526647018
"7704","CD8+_T_Cells","CD8+_T_Cells",TRUE,0.030170490953832
"76605","DCIS 2","DCIS 2",TRUE,0.139344393351463
"76504","Stromal","Stromal",TRUE,0.0496346065966712
"102090","Myoepi_KRT15+","Myoepi_KRT15+",TRUE,0.0339546007637961
"79367","Stromal","Stromal",TRUE,0.0501477472884682
"105239","Stromal","Stromal",TRUE,0.0649957658829283
"102740","Myoepi_ACTA2+","Myoepi_ACTA2+",TRUE,0.0301962129343734
"74570","Macrophages_1","Macrophages_1",TRUE,0.0968681627109292
"97143","B_Cells","B_Cells",TRUE,0.0514188310054187
"103230","Stromal","Stromal",TRUE,0.0698552306087999
"74076","Invasive_Tumor","Invasive_Tumor",TRUE,0.0809235839009879
"92272","Invasive_Tumor","Invasive_Tumor",TRUE,0.48804534137155
"92263","DCIS 2","DCIS 2",TRUE,0.016780793124087
"78349","Stromal","Stromal",TRUE,0.039181452595311
"79370","DCIS 2","DCIS 2",TRUE,0.0330288507961577
"92260","Invasive_Tumor","Invasive_Tumor",TRUE,0.672238131567128
"102730","Stromal","Stromal",TRUE,0
"7551","Stromal","Stromal",TRUE,0.0315553305515107
"103299","Invasive_Tumor","Invasive_Tumor",TRUE,0.0802272394837888
"97554","CD4+_T_Cells","CD4+_T_Cells",TRUE,0
"97489","CD4+_T_Cells","CD4+_T_Cells",TRUE,0.698727173298214
"79386","Myoepi_ACTA2+","Myoepi_ACTA2+",TRUE,0.090513414780063
"90805","Invasive_Tumor","Invasive_Tumor",TRUE,0
"97132","CD8+_T_Cells","CD8+_T_Cells",TRUE,0.0807755844631802
"90676","Invasive_Tumor","Invasive_Tumor",TRUE,0.000141943645000964
"90652","Invasive_Tumor","Invasive_Tumor",TRUE,0.00865937515302313
"97555","CD4+_T_Cells","CD4+_T_Cells",TRUE,0.0370959662321345
"105005","Stromal","Stromal",TRUE,0.0226703342746126
"97552","CD8+_T_Cells","CD8+_T_Cells",TRUE,0.000325460869894156
"97135","Stromal","Stromal",TRUE,0.0583702434261628
"92583","Invasive_Tumor","Invasive_Tumor",TRUE,0.01223526198358
"79210","DCIS 2","DCIS 2",TRUE,0
"74943","Prolif_Invasive_Tumor","Prolif_Invasive_Tumor",TRUE,0.000419004134999693
"79380","Myoepi_ACTA2+","Myoepi_ACTA2+",TRUE,0.054122374082158
"92501","Endothelial","Endothelial",TRUE,0.0781473488730492
"76621","Macrophages_1","Macrophages_1",TRUE,0.0115040357874956
"75175","Stromal","Stromal",TRUE,0
"92751","Invasive_Tumor","DCIS 2",FALSE,1.88349849264983
"74931","Invasive_Tumor","Invasive_Tumor",TRUE,0.0266907892241192
"74582","Stromal","Stromal",TRUE,0
"97196","CD4+_T_Cells","CD4+_T_Cells",TRUE,0.341118810118117
"96445","CD4+_T_Cells","CD4+_T_Cells",TRUE,0.388007390158002
"92503","Macrophages_1","Macrophages_1",TRUE,0.0477061984060931
"97549","CD4+_T_Cells","CD4+_T_Cells",TRUE,0.0371254942488894
"93882","Stromal","Stromal",TRUE,0.140533495852723
"74934","Invasive_Tumor","Invasive_Tumor",TRUE,0.0219429655985473
"97130","Macrophages_1","Macrophages_1",TRUE,0.0346930022002029
"97628","CD8+_T_Cells","CD8+_T_Cells",TRUE,0.037372936400587
"78869","Myoepi_ACTA2+","Myoepi_ACTA2+",TRUE,0.349092769541551
"74073","Stromal","Stromal",TRUE,0.0703405822836968
"92572","Stromal","Stromal",TRUE,0.0509004014447645
"90786","Invasive_Tumor","Invasive_Tumor",TRUE,0
"97165","CD4+_T_Cells","CD4+_T_Cells",TRUE,0.00795536553406323
"80303","Macrophages_1","Macrophages_1",TRUE,0.0867552041457555
"79395","Myoepi_KRT15+","Myoepi_KRT15+",TRUE,0.0171256805385001
"78355","Endothelial","Endothelial",TRUE,0.0184381909968541
"92499","Macrophages_1","Macrophages_1",TRUE,0.143281765363966
"97125","CD8+_T_Cells","CD8+_T_Cells",TRUE,0.00632624123025727
"79319","DCIS 2","DCIS 2",TRUE,0
"102329","Myoepi_KRT15+","Myoepi_KRT15+",TRUE,0.0645565375830642
"96455","Stromal","Stromal",TRUE,0.0200274978699448
"78353","Stromal","Stromal",TRUE,0.0516271970744774
"97491","Endothelial","Endothelial",TRUE,0.0703101482462457
"102094","Myoepi_ACTA2+","Myoepi_ACTA2+",TRUE,0.0362534410217863
"92514","Stromal","Stromal",TRUE,0.0264321663560275
"6117","Prolif_Invasive_Tumor","Prolif_Invasive_Tumor",TRUE,0.0041426731435408
"90615","Prolif_Invasive_Tumor","Prolif_Invasive_Tumor",TRUE,0.105421282933344
"103255","Stromal","Stromal",TRUE,0
"92497","Endothelial","Endothelial",TRUE,0.0637255647300191
"92576","Invasive_Tumor","Invasive_Tumor",TRUE,0.064505801998682
"76554","Stromal","Stromal",TRUE,0.0343640660661555
"79372","Myoepi_ACTA2+","Myoepi_ACTA2+",TRUE,0.038950438275469
"74386","CD8+_T_Cells","CD8+_T_Cells",TRUE,0.0652025802578189
"74564","Stromal","Stromal",TRUE,0.413927772166434
"105375","Stromal","Stromal",TRUE,0.073991867149994
"7493","Invasive_Tumor","Invasive_Tumor",TRUE,0.0580157001991098
"74952","Stromal","Stromal",TRUE,0.0266516866793247
"80306","Stromal","Stromal",TRUE,0.062619728779725
"78883","Stromal","Stromal",TRUE,0
"92523","Stromal","Stromal",TRUE,0.0593919651452062
"74063","Stromal","Stromal",TRUE,0.0555918846781036
"74936","Invasive_Tumor","Invasive_Tumor",TRUE,0.0330443733928373
"79087","DCIS 2","DCIS 2",TRUE,0
"105369","CD4+_T_Cells","CD4+_T_Cells",TRUE,0.00684723952483607
"97166","CD8+_T_Cells","CD8+_T_Cells",TRUE,0.0125008584991894
"7472","Invasive_Tumor","Invasive_Tumor",TRUE,0
"80302","Macrophages_1","Macrophages_1",TRUE,0.0733387157066926
"80300","CD8+_T_Cells","CD8+_T_Cells",TRUE,0.0434753622956653
"92510","Endothelial","Endothelial",TRUE,0.0858858156541826
"79036","DCIS 2","DCIS 2",TRUE,0.00880185923573394
"92500","Endothelial","Endothelial",TRUE,0.00393271076385951
"92258","Endothelial","Endothelial",TRUE,0.0378956179943036
"102093","Myoepi_KRT15+","Myoepi_KRT15+",TRUE,0
"102092","Myoepi_KRT15+","Myoepi_KRT15+",TRUE,0.282079341590448
"7431","Invasive_Tumor","Invasive_Tumor",TRUE,0.00517113339574603
"97566","CD4+_T_Cells","CD4+_T_Cells",TRUE,0.0793284368129644
"7464","Invasive_Tumor","Invasive_Tumor",TRUE,0
"79211","DCIS 2","DCIS 2",TRUE,0
"104880","Stromal","Stromal",TRUE,0.0369994774309486
"104785","Stromal","Stromal",TRUE,0.0218520617369679
"90800","Invasive_Tumor","Invasive_Tumor",TRUE,0.0219635239570564
"97563","B_Cells","B_Cells",TRUE,0.0647081035968442
"90648","Prolif_Invasive_Tumor","Prolif_Invasive_Tumor",TRUE,0
"92972","Stromal","Stromal",TRUE,0.174634741803815
"7548","Stromal","Stromal",TRUE,0.0431494315711149
"76630","DCIS 2","DCIS 2",TRUE,0
"102865","Stromal","Stromal",TRUE,0.0193478953042539
"97137","B_Cells","B_Cells",TRUE,0.065664609953296
"92521","Stromal","Stromal",TRUE,0.0646848734820269
"78880","DCIS 2","DCIS 2",TRUE,0.146135868768248
"7566","Macrophages_1","Macrophages_1",TRUE,0.225143180655763
"104677","Stromal","Stromal",TRUE,0
"105370","CD8+_T_Cells","CD8+_T_Cells",TRUE,0.0558752175590558
"73881","Stromal","Stromal",TRUE,0.0696757711238516
"78299","Stromal","Stromal",TRUE,0
"79077","DCIS 2","DCIS 2",TRUE,0
"103208","Invasive_Tumor","Invasive_Tumor",TRUE,0
"90608","Invasive_Tumor","Invasive_Tumor",TRUE,0.00562925468460164
"92748","Stromal","Stromal",TRUE,0.0577418307173407
"97149","CD8+_T_Cells","CD8+_T_Cells",TRUE,0.0164847478712157
"92768","Invasive_Tumor","Invasive_Tumor",TRUE,0.0360805649378286
"105422","Stromal","Stromal",TRUE,0.098462004452099
"90605","Invasive_Tumor","Invasive_Tumor",TRUE,0
"97141","Macrophages_1","Macrophages_1",TRUE,0.00178609001892105
"74568","Endothelial","Endothelial",TRUE,0.0297337363087769
"74391","Perivascular-Like","Perivascular-Like",TRUE,0.0353476355550745
"79369","Myoepi_ACTA2+","Myoepi_ACTA2+",TRUE,0.0565779576858519
"97119","CD4+_T_Cells","CD4+_T_Cells",TRUE,0.464389110459792
"105240","Stromal","Stromal",TRUE,0.0140651642277833
"96459","Stromal","Stromal",TRUE,0
"76603","DCIS 2","DCIS 2",TRUE,0.0183230321111012
"74059","Stromal","Stromal",TRUE,0.0250611433000088
"78348","CD4+_T_Cells","CD4+_T_Cells",TRUE,0.0549295295398981
"103214","Invasive_Tumor","Invasive_Tumor",TRUE,0
"76552","Stromal","Stromal",TRUE,0.0244789400454888
"102331","Myoepi_KRT15+","Myoepi_KRT15+",TRUE,0.0024145660794177
"96454","Stromal","Stromal",TRUE,0.107433797735691
"92973","Stromal","Stromal",TRUE,0.0693850400768228
"79315","DCIS 2","DCIS 2",TRUE,0
"103194","Invasive_Tumor","Invasive_Tumor",TRUE,0
"92509","Perivascular-Like","Perivascular-Like",TRUE,0.0157312262484886
"105241","Stromal","Stromal",TRUE,0.0526474379713118
"75156","Macrophages_1","Macrophages_1",TRUE,0.0320072822823377
"90664","Prolif_Invasive_Tumor","Prolif_Invasive_Tumor",TRUE,0.00312106290633783
"103308","Prolif_Invasive_Tumor","Prolif_Invasive_Tumor",TRUE,0
"97624","CD8+_T_Cells","CD8+_T_Cells",TRUE,0.0343040360552948
"79206","DCIS 2","DCIS 2",TRUE,0.0327853849505416
"103236","Stromal","Stromal",TRUE,0.0283501533000052
"80309","Myoepi_ACTA2+","Myoepi_ACTA2+",TRUE,0.0909915636743988
"80301","Stromal","Stromal",TRUE,0.0463939760417462
"103217","Invasive_Tumor","Invasive_Tumor",TRUE,0.00963816460476848
"102328","Stromal","Stromal",TRUE,0.0562774167068987
"76616","DCIS 2","DCIS 2",TRUE,0
"90610","Invasive_Tumor","Invasive_Tumor",TRUE,0.0272965821120528
"74947","Stromal","Stromal",TRUE,0.0378910382763416
"73914","Stromal","Stromal",TRUE,0
"97558","CD4+_T_Cells","CD4+_T_Cells",TRUE,0.00322049771964843
"78915","Stromal","Stromal",TRUE,0
"93896","Stromal","Stromal",TRUE,0.107355246422836
"92495","Stromal","Stromal",TRUE,0.0801458162777595
"6121","Stromal","Stromal",TRUE,0.0536357703777258
"79383","Myoepi_ACTA2+","Myoepi_ACTA2+",TRUE,0.0887987919282501
"104787","Endothelial","Endothelial",TRUE,0.0480951149862245
"90790","Invasive_Tumor","Invasive_Tumor",TRUE,0
"90710","Invasive_Tumor","Invasive_Tumor",TRUE,0
"104788","Perivascular-Like","Perivascular-Like",TRUE,0.0742558370632297
"103314","Invasive_Tumor","Invasive_Tumor",TRUE,0.0421245432181667
"6153","Stromal","Stromal",TRUE,0
"76506","Macrophages_2","Macrophages_2",TRUE,0.120358671170113
"79365","Stromal","Stromal",TRUE,0.0541170230912392
"76545","Stromal","Stromal",TRUE,0
"97618","CD4+_T_Cells","CD4+_T_Cells",TRUE,0.0133814282586244
"103303","Invasive_Tumor","Invasive_Tumor",TRUE,0.325031849532924
"74077","Invasive_Tumor","Invasive_Tumor",TRUE,0.0489222084555797
"105365","Macrophages_1","Macrophages_1",TRUE,0.079441024214778
"103201","Invasive_Tumor","Invasive_Tumor",TRUE,0
"103306","Invasive_Tumor","Invasive_Tumor",TRUE,0.0713979284827926
"105431","Stromal","Stromal",TRUE,0
"97564","CD4+_T_Cells","CD4+_T_Cells",TRUE,0.0257446696423605
"79070","DCIS 2","DCIS 2",TRUE,0
"74580","Perivascular-Like","Perivascular-Like",TRUE,0.0851840787884436
"7555","Macrophages_1","Macrophages_1",TRUE,0.0581932093594728
"78298","Stromal","Stromal",TRUE,0.00641849096789802
"92254","Macrophages_2","Macrophages_2",TRUE,0.0376677676307564
"90669","Prolif_Invasive_Tumor","Prolif_Invasive_Tumor",TRUE,0
"92578","Invasive_Tumor","Prolif_Invasive_Tumor",FALSE,2
"78850","Stromal","Stromal",TRUE,0.078580593921026
"92519","Stromal","Stromal",TRUE,0.0529265613616302
"103221","Stromal","Stromal",TRUE,0.0481713529246426
"97167","B_Cells","B_Cells",TRUE,0.0171288645641298
"73754","Stromal","Stromal",TRUE,0.0754314513813563
"92253","Stromal","Stromal",TRUE,0
"75150","Endothelial","Endothelial",TRUE,0.0779497912425581
"102326","Myoepi_KRT15+","Myoepi_KRT15+",TRUE,0.0271190743024345
"97567","CD8+_T_Cells","CD8+_T_Cells",TRUE,0
"92277","Invasive_Tumor","Invasive_Tumor",TRUE,0
"74583","Stromal","Stromal",TRUE,0
"93894","Stromal","Stromal",TRUE,0
"102096","Myoepi_ACTA2+","Myoepi_ACTA2+",TRUE,0.0444645057872811
"78297","Stromal","Stromal",TRUE,0
"97570","CD4+_T_Cells","CD4+_T_Cells",TRUE,0.00536781517786905
"104798","Stromal","Stromal",TRUE,0.0119109007180938
"79320","DCIS 2","DCIS 2",TRUE,0.0214962669454557
"79371","Myoepi_ACTA2+","Myoepi_ACTA2+",TRUE,0.0713539511201086
"78356","CD4+_T_Cells","CD4+_T_Cells",TRUE,0.0376601404796853
"97494","CD4+_T_Cells","CD4+_T_Cells",TRUE,4.87826348983256e-05
"97561","CD4+_T_Cells","CD4+_T_Cells",TRUE,0.00266777722868065
"78927","Stromal","Stromal",TRUE,0.0036967001009526
"105437","Stromal","Stromal",TRUE,0.100966558867792
"102333","Myoepi_KRT15+","Myoepi_KRT15+",TRUE,0.239991223028301
"97557","B_Cells","B_Cells",TRUE,0.0564483498460976
"90795","Invasive_Tumor","Invasive_Tumor",TRUE,0.108555810543637
"90696","Invasive_Tumor","Invasive_Tumor",TRUE,0.00802672197115692
"79216","DCIS 2","DCIS 2",TRUE,0
"97133","B_Cells","B_Cells",TRUE,0.0740445789654875
"102327","Stromal","Stromal",TRUE,0.0672445433166321
"79378","Myoepi_ACTA2+","Myoepi_ACTA2+",TRUE,0.0347683996338224
"97107","CD8+_T_Cells","CD8+_T_Cells",TRUE,0.0717011121680556
"74039","Invasive_Tumor","Invasive_Tumor",TRUE,0.0829022077289692
"78928","Stromal","Stromal",TRUE,0.0477012452104844
"102332","Myoepi_KRT15+","Myoepi_KRT15+",TRUE,0.0610764612298976
"90659","Invasive_Tumor","Invasive_Tumor",TRUE,0
"90654","Prolif_Invasive_Tumor","Prolif_Invasive_Tumor",TRUE,0.00552611368003113
"102732","Stromal","Stromal",TRUE,0
"80304","Stromal","Stromal",TRUE,0.0305715935537971
"7430","Invasive_Tumor","Invasive_Tumor",TRUE,0.0112521837129608
"97560","Stromal","Stromal",TRUE,0.0488321253930144
"75148","CD8+_T_Cells","CD8+_T_Cells",TRUE,0.0331069792637217
"96451","Stromal","Stromal",TRUE,0.04982968308006
"79069","DCIS 2","DCIS 2",TRUE,0
"97169","CD4+_T_Cells","CD4+_T_Cells",TRUE,0.00159899500664218
"79377","Myoepi_ACTA2+","Myoepi_ACTA2+",TRUE,0.0658604546456954
"92282","Prolif_Invasive_Tumor","Prolif_Invasive_Tumor",TRUE,0
"78361","Endothelial","Endothelial",TRUE,0.0165707409679769
"79318","DCIS 2","DCIS 2",TRUE,0
"75155","B_Cells","Stromal",FALSE,0.0332316821488646
"97148","CD8+_T_Cells","CD8+_T_Cells",TRUE,0.048455870636497
"90684","Prolif_Invasive_Tumor","Prolif_Invasive_Tumor",TRUE,0.00334510551215503
"74382","Stromal","Stromal",TRUE,0
"78886","Stromal","Stromal",TRUE,0.0482769530807135
"74906","Stromal","Stromal",TRUE,0.0513739343936892
"7636","Stromal","Stromal",TRUE,0.0974499436424201
"105367","Stromal","Stromal",TRUE,0.0519861223315727
"79366","Macrophages_1","Stromal",FALSE,0.0848070189432155
"90668","Invasive_Tumor","Prolif_Invasive_Tumor",FALSE,2
"78844","Stromal","Stromal",TRUE,0
"74927","Prolif_Invasive_Tumor","Prolif_Invasive_Tumor",TRUE,0.0117665514808918
"79368","Stromal","Stromal",TRUE,0
"97572","B_Cells","B_Cells",TRUE,0.0122911706069476
"92569","Prolif_Invasive_Tumor","Prolif_Invasive_Tumor",TRUE,0.0662401294008503
"102744","Stromal","Stromal",TRUE,0
"76546","Stromal","Stromal",TRUE,0
"74056","Stromal","Stromal",TRUE,0.0478731248571277
"105446","Stromal","Stromal",TRUE,0.0518073492859449
"97022","B_Cells","B_Cells",TRUE,0.000446660568968027
"90778","Invasive_Tumor","Invasive_Tumor",TRUE,0
"92515","Invasive_Tumor","Invasive_Tumor",TRUE,0.0182653283110107
"90666","Invasive_Tumor","Invasive_Tumor",TRUE,0.00544936849316678
"79402","Stromal","Stromal",TRUE,0.0236796260861837
"73859","Stromal","Stromal",TRUE,0.0390969668885933
"97622","CD4+_T_Cells","CD4+_T_Cells",TRUE,0.0468468252531942
"104931","Stromal","Stromal",TRUE,0.178464169453173
"97170","CD4+_T_Cells","CD4+_T_Cells",TRUE,0.050185753427996
"74381","Stromal","Stromal",TRUE,0.0668153441514902
"79208","DCIS 2","DCIS 2",TRUE,0
"74384","IRF7+_DCs","IRF7+_DCs",TRUE,0.0458412492983462
"79088","DCIS 2","DCIS 2",TRUE,0
"92571","Invasive_Tumor","Invasive_Tumor",TRUE,0.00325401503929794
"96461","Stromal","Stromal",TRUE,0.0462491513692403
"103296","Invasive_Tumor","Invasive_Tumor",TRUE,0.0447607242147055
"102095","Myoepi_KRT15+","Myoepi_KRT15+",TRUE,0.00546431333990506
"102728","Stromal","Stromal",TRUE,0.0396323813992914
"97024","CD8+_T_Cells","CD8+_T_Cells",TRUE,0.00574678963816105
"97023","CD8+_T_Cells","CD8+_T_Cells",TRUE,0
"90799","Invasive_Tumor","Invasive_Tumor",TRUE,0
"6118","Invasive_Tumor","Invasive_Tumor",TRUE,0.0805786379478561
"7481","DCIS 1","DCIS 1",TRUE,0.647095622214961
"90663","Invasive_Tumor","Invasive_Tumor",TRUE,0
"102724","Stromal","Stromal",TRUE,0.0400030210744501
"90785","Invasive_Tumor","Invasive_Tumor",TRUE,0
"102099","Stromal","Stromal",TRUE,0.108489083517681
"93893","Stromal","Stromal",TRUE,0
"92270","Invasive_Tumor","Invasive_Tumor",TRUE,0.0896028345760721
"97565","CD4+_T_Cells","CD4+_T_Cells",TRUE,0.519082873475386
"73890","Stromal","Stromal",TRUE,0.0718771848638103
"79212","DCIS 2","DCIS 2",TRUE,0
"74380","Stromal","Stromal",TRUE,0.0590070442451883
"74052","Invasive_Tumor","Invasive_Tumor",TRUE,0.0321941982865494
"78863","Myoepi_ACTA2+","Myoepi_ACTA2+",TRUE,0.00815980287407753
"80297","Stromal","Stromal",TRUE,0
"102712","Stromal","Stromal",TRUE,0.0558484849782949
"78354","Macrophages_1","Macrophages_1",TRUE,0.0586510446949535
"102324","Myoepi_ACTA2+","Myoepi_ACTA2+",TRUE,0.0735227948670368
"97025","CD8+_T_Cells","CD4+_T_Cells",FALSE,2
"74920","Invasive_Tumor","Invasive_Tumor",TRUE,0.0542905056034691
"103302","Invasive_Tumor","Invasive_Tumor",TRUE,0
"78885","DCIS 2","DCIS 2",TRUE,0.0184893973431768
"97204","CD4+_T_Cells","CD4+_T_Cells",TRUE,0.0652116118282444
"92275","Invasive_Tumor","Invasive_Tumor",TRUE,0
"80299","Macrophages_1","Macrophages_1",TRUE,0.0554647195647556
"105371","Endothelial","Stromal",FALSE,0.0985279159534365
"92496","Stromal","Stromal",TRUE,0.0444803652106581
"7550","Stromal","Stromal",TRUE,0.0727168967754805
"7553","Stromal","Stromal",TRUE,0.056477781289548
"79306","DCIS 2","DCIS 2",TRUE,0
"97103","CD4+_T_Cells","CD4+_T_Cells",TRUE,0.0701215090268046
"76610","Myoepi_ACTA2+","Myoepi_ACTA2+",TRUE,0
"92777","Prolif_Invasive_Tumor","Prolif_Invasive_Tumor",TRUE,0.110012656459633
"7462","Invasive_Tumor","Invasive_Tumor",TRUE,0.0567509717560674
"78296","Stromal","Stromal",TRUE,0.0656194648857386
"76626","DCIS 2","DCIS 2",TRUE,0
"97573","CD4+_T_Cells","CD4+_T_Cells",TRUE,0.0100008808916949
"97559","B_Cells","B_Cells",TRUE,0.0154139872077077
"79387","Myoepi_ACTA2+","Myoepi_ACTA2+",TRUE,0.0486668120891658
"79363","Macrophages_1","Macrophages_1",TRUE,0.0492463933488915
"74308","Stromal","Stromal",TRUE,0
"97172","CD8+_T_Cells","CD8+_T_Cells",TRUE,0.0108682420902182
"6119","Invasive_Tumor","Invasive_Tumor",TRUE,0
"80298","CD8+_T_Cells","CD8+_T_Cells",TRUE,0.0476580783933126
"79203","Myoepi_ACTA2+","Myoepi_ACTA2+",TRUE,0
"75154","Stromal","Stromal",TRUE,0
"105373","Stromal","Stromal",TRUE,0.0640705635038561
"73885","Stromal","Stromal",TRUE,0.0330093522509355
"7494","Invasive_Tumor","Invasive_Tumor",TRUE,0
"79204","DCIS 2","DCIS 2",TRUE,0.0095218213320572
"76643","DCIS 2","DCIS 2",TRUE,0
"92749","Prolif_Invasive_Tumor","Prolif_Invasive_Tumor",TRUE,0.00519916455112773
"74571","Endothelial","Endothelial",TRUE,0.619396934220423
"79091","DCIS 2","DCIS 2",TRUE,0
"97026","CD4+_T_Cells","CD4+_T_Cells",TRUE,0.0358031876838842
"92573","Invasive_Tumor","Invasive_Tumor",TRUE,0.160251122128446
"105376","CD8+_T_Cells","CD8+_T_Cells",TRUE,0.0660917236669453
"6365","Stromal","Stromal",TRUE,0
"79374","Myoepi_ACTA2+","Myoepi_ACTA2+",TRUE,0.060562261822231
"92493","Endothelial","Endothelial",TRUE,0.0654084804625939
"90708","Invasive_Tumor","Invasive_Tumor",TRUE,0.00283815295887662
"97174","Macrophages_1","Macrophages_1",TRUE,0.0736228834952223
"7498","Stromal","Stromal",TRUE,0.0489029291418226
"74383","Stromal","Stromal",TRUE,0.0475161521386895
"103210","Invasive_Tumor","Invasive_Tumor",TRUE,0
"97569","Endothelial","Endothelial",TRUE,0.0184296154555136
"96458","Stromal","Stromal",TRUE,0.0629072818871121
"92259","Endothelial","Endothelial",TRUE,0.0432991543179093
"97575","CD4+_T_Cells","CD4+_T_Cells",TRUE,0.0496977115756429
"7680","Stromal","Stromal",TRUE,0
"97562","CD4+_T_Cells","CD4+_T_Cells",TRUE,0.0366556347022468
"78917","Stromal","Stromal",TRUE,0
"102098","Myoepi_KRT15+","Myoepi_KRT15+",TRUE,0.0184797517684576
"102097","Myoepi_ACTA2+","Myoepi_ACTA2+",TRUE,0.189616808357325
"97609","CD4+_T_Cells","CD4+_T_Cells",TRUE,0.0547287243965656
"97027","CD4+_T_Cells","CD4+_T_Cells",TRUE,0.00819363680564571
"105242","Stromal","Stromal",TRUE,0
"97168","Stromal","Stromal",TRUE,0.0284291483159594
"74306","Stromal","Stromal",TRUE,0.275812548096207
"7552","CD8+_T_Cells","CD8+_T_Cells",TRUE,0.062542843614333
"97086","CD4+_T_Cells","CD4+_T_Cells",TRUE,0.0600053024415592
"104793","Stromal","Stromal",TRUE,0.0857982829996216
"90604","Invasive_Tumor","Invasive_Tumor",TRUE,0
"102320","Myoepi_KRT15+","Myoepi_KRT15+",TRUE,0.547954718480875
"90665","Prolif_Invasive_Tumor","Prolif_Invasive_Tumor",TRUE,0.00344623048433594
"90781","Invasive_Tumor","Invasive_Tumor",TRUE,0.00953186917961026
"78347","Stromal","Stromal",TRUE,0
"79312","DCIS 2","DCIS 2",TRUE,0
"103203","Prolif_Invasive_Tumor","Prolif_Invasive_Tumor",TRUE,0.0180720530816231
"76636","DCIS 2","DCIS 2",TRUE,0
"80295","Macrophages_1","Macrophages_1",TRUE,0.00555385743383485
"92567","Invasive_Tumor","Invasive_Tumor",TRUE,0
"97171","Macrophages_1","Macrophages_1",TRUE,0.0276790258606935
"97631","CD8+_T_Cells","CD8+_T_Cells",TRUE,0.0293848093689605
"104794","Stromal","Stromal",TRUE,0.0188491362809853
"8249","Stromal","Stromal",TRUE,0.0405226476869373
"92492","Stromal","Stromal",TRUE,0.0829681391262711
"75176","Stromal","Stromal",TRUE,0.0403580270018112
"104901","Stromal","Stromal",TRUE,0.0584267236881527
"78365","Endothelial","Endothelial",TRUE,0.0902108604675188
"73842","Endothelial","Endothelial",TRUE,0
"97030","CD4+_T_Cells","CD4+_T_Cells",TRUE,0.0319476232716491
"75161","Stromal","Stromal",TRUE,0.0147452312761784
"92286","Invasive_Tumor","Invasive_Tumor",TRUE,0
"90788","Invasive_Tumor","Invasive_Tumor",TRUE,0.0594140781657692
"92290","Invasive_Tumor","Invasive_Tumor",TRUE,0.013248119930484
"74057","Invasive_Tumor","Invasive_Tumor",TRUE,0.0618064867584451
"78350","Stromal","Stromal",TRUE,0.0648703525124023
"92491","Prolif_Invasive_Tumor","Prolif_Invasive_Tumor",TRUE,0.00132022661443085
"92293","Prolif_Invasive_Tumor","Prolif_Invasive_Tumor",TRUE,0
"7455","Invasive_Tumor","Invasive_Tumor",TRUE,0
"92250","Perivascular-Like","Perivascular-Like",TRUE,0.0326870864442128
"74923","Invasive_Tumor","Invasive_Tumor",TRUE,0.00806286293612374
"102318","Stromal","Stromal",TRUE,0.0780393749547776
"79375","Myoepi_ACTA2+","Myoepi_ACTA2+",TRUE,0.0401015565551236
"104680","Stromal","Stromal",TRUE,0.172597489792192
"74064","Stromal","Stromal",TRUE,0.0413534340079494
"97574","CD4+_T_Cells","CD4+_T_Cells",TRUE,0.0180425179985657
"97031","Stromal","Stromal",TRUE,0.0145353446620317
"103218","Prolif_Invasive_Tumor","Prolif_Invasive_Tumor",TRUE,0.0469716909412591
"76632","DCIS 2","DCIS 2",TRUE,0
"79384","Myoepi_ACTA2+","Myoepi_ACTA2+",TRUE,0.0758211782769285
"103313","Prolif_Invasive_Tumor","Invasive_Tumor",FALSE,1.14464080991345
"76543","Stromal","Stromal",TRUE,0.0911482849036447
"78853","DCIS 1","DCIS 1",TRUE,0.218889400434958
"92281","DCIS 2","DCIS 2",TRUE,0.0163789508774899
"102822","Stromal","Stromal",TRUE,0.0278103407851877
"7679","Stromal","Stromal",TRUE,0
"78295","Stromal","Stromal",TRUE,0.0459760603297103
"76648","Myoepi_ACTA2+","Myoepi_ACTA2+",TRUE,0.802955659220028
"105421","Stromal","Stromal",TRUE,0.0564127476507623
"104681","Stromal","Stromal",TRUE,0.058795723138086
"79364","Stromal","Stromal",TRUE,0.048718554932539
"96462","Stromal","Stromal",TRUE,0.0678241406805531
"6114","Prolif_Invasive_Tumor","Prolif_Invasive_Tumor",TRUE,0.0905968631985604
"76641","DCIS 2","DCIS 2",TRUE,0.0455110017933578
"74940","Invasive_Tumor","Invasive_Tumor",TRUE,0.0441315775317163
"97028","CD4+_T_Cells","CD4+_T_Cells",TRUE,0.0179519805564609
"104923","Stromal","Stromal",TRUE,0.0342572599027756
"97614","Stromal","Stromal",TRUE,0.0684509270515304
"97032","CD8+_T_Cells","CD8+_T_Cells",TRUE,0.00245913717411786
"79029","DCIS 2","DCIS 2",TRUE,0.0425332106393302
"76612","Myoepi_ACTA2+","Myoepi_ACTA2+",TRUE,0.0125988789597691
"97576","Macrophages_1","Macrophages_1",TRUE,0.993063761759159
"78359","CD4+_T_Cells","CD4+_T_Cells",TRUE,0.0430810213786456
"105244","Stromal","Stromal",TRUE,0
"73918","CD4+_T_Cells","CD4+_T_Cells",TRUE,0.0258298155821373
"103305","Invasive_Tumor","Invasive_Tumor",TRUE,0.0353138700729492
"92268","Invasive_Tumor","Invasive_Tumor",TRUE,0.0442707399640633
"74565","Endothelial","Endothelial",TRUE,0.0600086152404999
"79207","DCIS 2","DCIS 2",TRUE,0
"90792","DCIS 1","DCIS 1",TRUE,0.481464647059801
"104884","Stromal","Stromal",TRUE,0.229681076570741
"105374","Stromal","Stromal",TRUE,0.0107550861530079
"90801","Invasive_Tumor","Invasive_Tumor",TRUE,0.232251043924933
"78294","Stromal","Stromal",TRUE,0.00798326986175881
"6151","Stromal","Stromal",TRUE,0.0681559516609046
"75157","CD4+_T_Cells","CD4+_T_Cells",TRUE,0.0454031461655793
"90660","Invasive_Tumor","Invasive_Tumor",TRUE,0.0302523778203905
"75169","Stromal","Stromal",TRUE,0
"74579","Endothelial","Endothelial",TRUE,0.0715227760969875
"92274","Prolif_Invasive_Tumor","Prolif_Invasive_Tumor",TRUE,0.0350962884215952
"74581","Endothelial","Endothelial",TRUE,0.0443160654719743
"105428","Stromal","Stromal",TRUE,0.16109376302676
"104789","Endothelial","Endothelial",TRUE,0.0522942817888848
"73851","Macrophages_1","Macrophages_1",TRUE,0.0100081274240889
"90797","Invasive_Tumor","Invasive_Tumor",TRUE,0.161700615517987
"78899","Stromal","Stromal",TRUE,0.0640469219727615
"78352","Stromal","Stromal",TRUE,0.0239289319245486
"79381","Myoepi_ACTA2+","Myoepi_ACTA2+",TRUE,0
"74379","Stromal","Stromal",TRUE,0
"97626","CD8+_T_Cells","CD8+_T_Cells",TRUE,0.600181914102075
"92522","Stromal","Stromal",TRUE,0.0104679516700247
"92512","Stromal","Stromal",TRUE,0.0345409183358264
"97106","Stromal","Stromal",TRUE,0.0666118081480195
"97634","CD4+_T_Cells","CD4+_T_Cells",TRUE,0.0109098351830469
"6152","Macrophages_1","Macrophages_1",TRUE,0.0701957870018054
"73869","Macrophages_1","Macrophages_1",TRUE,0.0552068747709413
"97175","CD4+_T_Cells","CD4+_T_Cells",TRUE,0.0777430287761591
"97029","CD4+_T_Cells","CD4+_T_Cells",TRUE,0.00290246697858815
"96457","Stromal","Stromal",TRUE,0.102562952951231
"92511","Stromal","Stromal",TRUE,0.0513054648327224
"80296","Stromal","Stromal",TRUE,0
"105246","Stromal","Stromal",TRUE,0.0532492448921154
"97568","CD8+_T_Cells","CD8+_T_Cells",TRUE,0.0577898559295463
"90672","Invasive_Tumor","Invasive_Tumor",TRUE,0.0077942228768853
"97033","CD4+_T_Cells","CD4+_T_Cells",TRUE,0.0683131213579226
"102316","Myoepi_ACTA2+","Myoepi_ACTA2+",TRUE,0.0280254090053565
"73876","Stromal","Stromal",TRUE,0
"97034","Macrophages_1","Macrophages_1",TRUE,0.0667142672122313
"8164","Stromal","Stromal",TRUE,0
"97109","Stromal","Stromal",TRUE,0.0470401730338204
"105245","Macrophages_1","Macrophages_1",TRUE,0.0971029005618802
"90789","Invasive_Tumor","Invasive_Tumor",TRUE,0.553969353939039
"92489","Invasive_Tumor","Invasive_Tumor",TRUE,0.0107085865322866
"79361","Stromal","Stromal",TRUE,0.0270911940579223
"78882","Stromal","Stromal",TRUE,0.046079894239938
"97177","CD4+_T_Cells","CD4+_T_Cells",TRUE,0.00104923799722367
"105372","Stromal","Stromal",TRUE,0.0615369314904928
"92490","Invasive_Tumor","Invasive_Tumor",TRUE,0.00235961420828573
"79202","Myoepi_ACTA2+","Myoepi_ACTA2+",TRUE,0
"102823","Stromal","Stromal",TRUE,0
"97633","Macrophages_1","Macrophages_1",TRUE,0.0104646796140155
"78293","Stromal","Stromal",TRUE,0.01647137973132
"102071","Stromal","Stromal",TRUE,0
"73860","CD8+_T_Cells","Stromal",FALSE,0.0685996130006202
"90656","Invasive_Tumor","Invasive_Tumor",TRUE,0
"105425","Stromal","Stromal",TRUE,0
"97035","CD4+_T_Cells","CD4+_T_Cells",TRUE,0.0496229470741088
"78358","Perivascular-Like","Perivascular-Like",TRUE,0.0210265650467044
"102319","Stromal","Stromal",TRUE,0.0550879980443701
"97580","CD8+_T_Cells","CD8+_T_Cells",TRUE,0.0247279756776981
"97098","CD8+_T_Cells","CD8+_T_Cells",TRUE,0.0541656242094979
"74577","Perivascular-Like","Perivascular-Like",TRUE,0.0667509544498262
"79200","Stromal","Stromal",TRUE,0.0594751774177409
"80292","Stromal","Stromal",TRUE,0
"74560","Endothelial","Endothelial",TRUE,0.0742449969806507
"93892","Stromal","Stromal",TRUE,0
"79071","DCIS 2","DCIS 2",TRUE,0
"79360","Stromal","Stromal",TRUE,0.0337979840490122
"103300","Invasive_Tumor","Invasive_Tumor",TRUE,0
"75153","Macrophages_1","Macrophages_1",TRUE,0.0963957866843901
"92488","Stromal","Stromal",TRUE,0.149788719302828
"90657","Invasive_Tumor","Invasive_Tumor",TRUE,0.19635412435163
"90594","Invasive_Tumor","Invasive_Tumor",TRUE,0
"102853","Stromal","Stromal",TRUE,0
"97176","B_Cells","B_Cells",TRUE,0.00309401373471316
"103228","Macrophages_1","Macrophages_1",TRUE,0.00937372121024413
"92517","Invasive_Tumor","Invasive_Tumor",TRUE,0.0171585369715663
"79316","DCIS 2","DCIS 2",TRUE,0
"6150","Stromal","Stromal",TRUE,0.0208739604898406
"92508","Macrophages_1","Stromal",FALSE,0.0626365376195579
"97178","CD4+_T_Cells","CD4+_T_Cells",TRUE,0.0343437740915787
"75145","Stromal","Stromal",TRUE,0.0635256894971129
"102313","Myoepi_KRT15+","Myoepi_KRT15+",TRUE,0.0010086077030346
"79205","Myoepi_ACTA2+","Myoepi_ACTA2+",TRUE,0.0424462205181063
"92255","Stromal","Stromal",TRUE,0.100507329012206
"75164","Stromal","Stromal",TRUE,0.145107511060449
"102323","Stromal","Stromal",TRUE,0.0011094700599783
"90695","Invasive_Tumor","Invasive_Tumor",TRUE,0.0398101225053896
"78292","Stromal","Stromal",TRUE,0.0307406100161274
"97629","CD4+_T_Cells","CD4+_T_Cells",TRUE,0.013975156109421
"92969","Stromal","Stromal",TRUE,0
"103319","Invasive_Tumor","Invasive_Tumor",TRUE,0
"102100","Myoepi_KRT15+","Myoepi_KRT15+",TRUE,0.0331286258172209
"78912","Stromal","Stromal",TRUE,0
"79078","DCIS 2","DCIS 2",TRUE,0.145048004497484
"92746","Invasive_Tumor","Invasive_Tumor",TRUE,0.00633708873069393
"102820","Stromal","Stromal",TRUE,0.0424310095927932
"6116","Invasive_Tumor","Invasive_Tumor",TRUE,0
"79358","Stromal","Stromal",TRUE,0.0412753240238048
"90780","Invasive_Tumor","Invasive_Tumor",TRUE,0.0101204318135416
"103297","Invasive_Tumor","Invasive_Tumor",TRUE,0
"90771","Prolif_Invasive_Tumor","Prolif_Invasive_Tumor",TRUE,0.0402429301126765
"75179","B_Cells","B_Cells",TRUE,0.036766378401961
"78369","Macrophages_2","Macrophages_2",TRUE,0
"105243","Macrophages_1","Macrophages_1",TRUE,0.0612920819602689
"97036","CD4+_T_Cells","CD4+_T_Cells",TRUE,0.00158151552648396
"92244","Macrophages_1","Macrophages_1",TRUE,0.681288676481455
"97207","CD4+_T_Cells","CD4+_T_Cells",TRUE,0.00507377803698627
"74916","Invasive_Tumor","Invasive_Tumor",TRUE,0.0348849542853587
"78373","B_Cells","B_Cells",TRUE,0.104236998974202
"78878","DCIS 2","DCIS 2",TRUE,0
"79392","Stromal","Stromal",TRUE,0.0515968359536676
"90687","Invasive_Tumor","Invasive_Tumor",TRUE,0
"97600","B_Cells","B_Cells",TRUE,0.0482433966922568
"74378","Stromal","Stromal",TRUE,0.0521066367507885
"80294","Stromal","Stromal",TRUE,0.0643515884084323
"92568","Invasive_Tumor","Invasive_Tumor",TRUE,0
"97577","CD4+_T_Cells","CD4+_T_Cells",TRUE,0.00826741934225544
"76629","DCIS 2","DCIS 2",TRUE,0
"103293","Invasive_Tumor","Invasive_Tumor",TRUE,0
"76508","B_Cells","B_Cells",TRUE,0.0506958648727337
"105006","Stromal","Stromal",TRUE,0.0230221571065827
"97615","Stromal","Stromal",TRUE,0.0666188506372851
"73753","Macrophages_1","Macrophages_1",TRUE,0.636171517555228
"92237","Invasive_Tumor","Invasive_Tumor",TRUE,0.0308173035711762
"73893","Stromal","Stromal",TRUE,0.0232575655762739
"104790","Endothelial","Endothelial",TRUE,0.0950606456278587
"92520","Stromal","Stromal",TRUE,0.0463862409621263
"78859","DCIS 2","DCIS 2",TRUE,0.108515754321323
"97037","CD8+_T_Cells","CD8+_T_Cells",TRUE,0.00475587743803246
"90662","Invasive_Tumor","Invasive_Tumor",TRUE,0
"97179","CD4+_T_Cells","CD4+_T_Cells",TRUE,0.012191992588892
"97038","CD8+_T_Cells","CD8+_T_Cells",TRUE,0.0081120039400065
"90658","Invasive_Tumor","Invasive_Tumor",TRUE,0.15286771224426
"79362","Stromal","Stromal",TRUE,0
"76615","DCIS 2","DCIS 2",TRUE,0.0297580008877004
"97589","CD8+_T_Cells","CD8+_T_Cells",TRUE,0.0127838509192303
"78364","Endothelial","Endothelial",TRUE,0
"79304","DCIS 2","DCIS 2",TRUE,0
"74575","Perivascular-Like","Perivascular-Like",TRUE,0.0324622517044441
"90775","Prolif_Invasive_Tumor","Prolif_Invasive_Tumor",TRUE,0.00279369849806948
"103232","Stromal","Stromal",TRUE,0
"97181","CD4+_T_Cells","CD4+_T_Cells",TRUE,0.0307080028252571
"77829","DCIS 2","DCIS 2",TRUE,0
"96460","Stromal","Stromal",TRUE,0.040547962228567
"97582","Endothelial","Endothelial",TRUE,0
"73910","CD4+_T_Cells","Stromal",FALSE,0.0840363248004445
"79388","Stromal","Stromal",TRUE,0.0618614869811468
"78378","Macrophages_2","Macrophages_2",TRUE,0.093379025608966
"92292","Invasive_Tumor","Invasive_Tumor",TRUE,0.00836424287728832
"97180","CD4+_T_Cells","LAMP3+_DCs",FALSE,0.0328307540007688
"104899","Stromal","Stromal",TRUE,0.0834716018531383
"92246","Macrophages_1","Macrophages_1",TRUE,0.0507482027047441
"103289","Prolif_Invasive_Tumor","Invasive_Tumor",FALSE,1.96218113318591
"79397","Myoepi_ACTA2+","Myoepi_ACTA2+",TRUE,0.0607918426330667
"92288","Macrophages_1","Macrophages_1",TRUE,0.0227168208337643
"7638","Stromal","Stromal",TRUE,0.143573289272749
"79309","DCIS 2","DCIS 2",TRUE,0
"104920","CD8+_T_Cells","CD8+_T_Cells",TRUE,0.0692195636413962
"79299","DCIS 2","DCIS 2",TRUE,0.331790129131018
"96456","Stromal","Stromal",TRUE,0.0995680823120503
"96415","Stromal","Stromal",TRUE,0.0288311659582215
"92278","Invasive_Tumor","Invasive_Tumor",TRUE,0.0617026339115974
"92485","Prolif_Invasive_Tumor","Prolif_Invasive_Tumor",TRUE,0
"97101","CD8+_T_Cells","CD8+_T_Cells",TRUE,0.0382738570236867
"97113","B_Cells","B_Cells",TRUE,0.0590024749237985
"75170","Stromal","Stromal",TRUE,0
"76651","Myoepi_ACTA2+","Myoepi_ACTA2+",TRUE,0.0507382770268151
"90782","Invasive_Tumor","Invasive_Tumor",TRUE,0.0175043618258157
"97607","Stromal","Stromal",TRUE,0.0350040248052503
"79199","Stromal","Stromal",TRUE,0.0846569689762
"104799","Stromal","Stromal",TRUE,0.0324507639499294
"97598","Stromal","Stromal",TRUE,0
"92273","Stromal","Stromal",TRUE,0.0429274336813355
"74038","Stromal","Stromal",TRUE,0
"103216","Invasive_Tumor","Invasive_Tumor",TRUE,0
"97045","CD4+_T_Cells","CD4+_T_Cells",TRUE,0.0456397711272938
"79311","DCIS 2","DCIS 2",TRUE,0
"97042","CD4+_T_Cells","CD4+_T_Cells",TRUE,0.0126274828040206
"97039","CD8+_T_Cells","CD8+_T_Cells",TRUE,0.000796963154675756
"92773","Invasive_Tumor","Invasive_Tumor",TRUE,0.080050801244869
"97579","CD4+_T_Cells","CD4+_T_Cells",TRUE,0.0109075706433378
"78848","Myoepi_ACTA2+","Myoepi_ACTA2+",TRUE,0.0666145046053934
"93899","Stromal","Stromal",TRUE,0.0743869173567744
"102309","Stromal","Stromal",TRUE,0.0326448883525166
"78363","CD4+_T_Cells","CD4+_T_Cells",TRUE,0.0505422004506766
"97040","CD4+_T_Cells","CD4+_T_Cells",TRUE,0.0169597455997607
"74935","Invasive_Tumor","Invasive_Tumor",TRUE,0.0234803495429212
"97044","CD4+_T_Cells","CD4+_T_Cells",TRUE,0.0121972131256332
"76623","DCIS 2","DCIS 2",TRUE,0.0174926689088846
"75143","Macrophages_2","Macrophages_2",TRUE,0.0823018141289925
"102308","Myoepi_ACTA2+","Myoepi_ACTA2+",TRUE,0
"92486","Invasive_Tumor","Invasive_Tumor",TRUE,0.059906727941194
"74921","Invasive_Tumor","Invasive_Tumor",TRUE,0
"8195","Endothelial","Endothelial",TRUE,0.109171610616403
"90564","Prolif_Invasive_Tumor","Prolif_Invasive_Tumor",TRUE,0.00182031989254194
"74925","Invasive_Tumor","Invasive_Tumor",TRUE,0
"92267","Stromal","Stromal",TRUE,0.0412894222873892
"102731","Stromal","Stromal",TRUE,0.0470697338910459
"79359","Stromal","Stromal",TRUE,0
"90787","Invasive_Tumor","Invasive_Tumor",TRUE,0
"76647","Myoepi_ACTA2+","Myoepi_ACTA2+",TRUE,0.0696855875176551
"97578","Macrophages_1","Macrophages_1",TRUE,0.101929205375201
"74058","Stromal","Stromal",TRUE,0.0490691360895759
"97632","CD8+_T_Cells","CD8+_T_Cells",TRUE,0
"97043","CD8+_T_Cells","CD8+_T_Cells",TRUE,0.000168760047575961
"90661","Prolif_Invasive_Tumor","Prolif_Invasive_Tumor",TRUE,0.026106733016015
"102307","Myoepi_KRT15+","Myoepi_KRT15+",TRUE,0.0520331037851969
"73852","Endothelial","Endothelial",TRUE,0.0123784030372166
"76642","Myoepi_ACTA2+","Myoepi_KRT15+",FALSE,0.127411251706882
"97630","CD4+_T_Cells","CD4+_T_Cells",TRUE,0.0298709420470066
"7457","Invasive_Tumor","Invasive_Tumor",TRUE,0.00312128155302885
"92487","Endothelial","Endothelial",TRUE,0.065376912366414
"103245","Stromal","Stromal",TRUE,0
"102306","Myoepi_KRT15+","Myoepi_KRT15+",TRUE,0.149819588226928
"78845","Stromal","Stromal",TRUE,0.035955207955318
"97208","CD4+_T_Cells","CD4+_T_Cells",TRUE,0.0224343420689437
"77832","DCIS 2","DCIS 2",TRUE,0
"97182","CD4+_T_Cells","CD4+_T_Cells",TRUE,0.0115472365182243
"92256","Stromal","Stromal",TRUE,0.0707079606134117
"104683","Stromal","Stromal",TRUE,0
"97047","CD4+_T_Cells","CD4+_T_Cells",TRUE,0.0348660221365811
"97596","Stromal","Stromal",TRUE,0.039156979350975
"97041","CD4+_T_Cells","CD4+_T_Cells",TRUE,0.017861091695143
"74377","CD4+_T_Cells","CD4+_T_Cells",TRUE,0.0371578724013577
"92484","Stromal","Stromal",TRUE,0.0052502433938476
"104786","Stromal","Stromal",TRUE,0.0152663633663122
"75141","CD8+_T_Cells","CD8+_T_Cells",TRUE,0.0333766040188877
"74060","Macrophages_1","Stromal",FALSE,0.113886336485298
"103213","Prolif_Invasive_Tumor","Prolif_Invasive_Tumor",TRUE,0.00795472705145262
"74065","Invasive_Tumor","DCIS 2",FALSE,1.21470992553021
"76637","DCIS 2","DCIS 2",TRUE,0.0274401717955159
"103224","Invasive_Tumor","Invasive_Tumor",TRUE,0.00590234124454277
"73836","CD8+_T_Cells","Stromal",FALSE,1.04830367087905
"76619","DCIS 2","DCIS 2",TRUE,0.0388830103609987
"6115","Invasive_Tumor","Invasive_Tumor",TRUE,0.0309145235383251
"75147","Stromal","Stromal",TRUE,0.0687103347423905
"92266","Macrophages_1","Macrophages_1",TRUE,0.066247965817576
"76622","DCIS 2","DCIS 2",TRUE,0.0150741096403452
"6320","Stromal","Stromal",TRUE,0.0506088835622281
"97046","CD4+_T_Cells","CD4+_T_Cells",TRUE,0
"97104","CD4+_T_Cells","CD4+_T_Cells",TRUE,0.0607199328021297
"90766","Invasive_Tumor","Invasive_Tumor",TRUE,0.0254955658861515
"105383","Stromal","Stromal",TRUE,0.0747422494320518
"79403","Stromal","Stromal",TRUE,0
"104885","Myoepi_ACTA2+","Myoepi_ACTA2+",TRUE,0.0592544935248488
"90783","Invasive_Tumor","Invasive_Tumor",TRUE,0.00485938810339978
"80293","Stromal","Stromal",TRUE,0.0576757155825033
"105380","Myoepi_ACTA2+","Myoepi_ACTA2+",TRUE,0.00616687595332932
"97613","CD8+_T_Cells","CD8+_T_Cells",TRUE,0.00793548018490611
"102628","Myoepi_KRT15+","Myoepi_KRT15+",TRUE,0.0333199316410487
"6113","Invasive_Tumor","Invasive_Tumor",TRUE,0
"73915","CD8+_T_Cells","CD8+_T_Cells",TRUE,0.0628340220847545
"97592","CD4+_T_Cells","CD4+_T_Cells",TRUE,0.013271961645004
"73854","B_Cells","B_Cells",TRUE,0.0643829177234063
"105377","Myoepi_ACTA2+","Myoepi_ACTA2+",TRUE,0.0500591583811428
"97209","CD4+_T_Cells","CD4+_T_Cells",TRUE,0.00269012833369425
"74048","Stromal","Stromal",TRUE,0.138318938854919
"104912","CD8+_T_Cells","CD8+_T_Cells",TRUE,0.00179390470992102
"92245","Macrophages_2","Macrophages_2",TRUE,0.0692635765974899
"74548","Macrophages_2","Macrophages_2",TRUE,0.115190297066222
"103316","Invasive_Tumor","Prolif_Invasive_Tumor",FALSE,1.14878241041563
"96414","Stromal","Stromal",TRUE,0.149757821895778
"92240","Stromal","Stromal",TRUE,0.056708739043827
"97587","Endothelial","Endothelial",TRUE,0.00391990414302304
"90570","Invasive_Tumor","Invasive_Tumor",TRUE,0
"80291","Endothelial","Endothelial",TRUE,0.0545953208091609
"76604","Stromal","Stromal",TRUE,0.0741530156225548
"76653","Myoepi_ACTA2+","Myoepi_ACTA2+",TRUE,0.0648468850695071
"92747","Stromal","Stromal",TRUE,0.0552546821761924
"97184","CD4+_T_Cells","CD4+_T_Cells",TRUE,0.31228198852585
"92776","Prolif_Invasive_Tumor","Prolif_Invasive_Tumor",TRUE,0.0325628986985331
"79307","DCIS 2","DCIS 2",TRUE,0
"78862","Stromal","Stromal",TRUE,0.0224512803084042
"7549","Stromal","Stromal",TRUE,0
"8188","CD8+_T_Cells","CD8+_T_Cells",TRUE,0.81907020149818
"104875","Myoepi_ACTA2+","Myoepi_ACTA2+",TRUE,0
"73887","Macrophages_1","Macrophages_1",TRUE,0.102562582176733
"74376","Stromal","Stromal",TRUE,0
"97048","CD4+_T_Cells","CD4+_T_Cells",TRUE,0.0089033898186493
"103235","Stromal","Stromal",TRUE,0.0707700153691051
"90595","Invasive_Tumor","Invasive_Tumor",TRUE,0.000739548155166605
"97602","Macrophages_1","Macrophages_1",TRUE,0.0440180115420348
"105412","Stromal","Stromal",TRUE,0.195624813905975
"97585","IRF7+_DCs","IRF7+_DCs",TRUE,0.00848761373789708
"102627","Stromal","Stromal",TRUE,0.0781328745541948
"79201","DCIS 2","DCIS 2",TRUE,0.0170882031469591
"105424","Stromal","Stromal",TRUE,0.0508895501034697
"73879","Macrophages_2","Macrophages_2",TRUE,0.107515943694456
"90673","Invasive_Tumor","Invasive_Tumor",TRUE,0
"76555","Stromal","Stromal",TRUE,0.0450439715439717
"104796","Stromal","Stromal",TRUE,0.0767547862794611
"74559","Endothelial","Endothelial",TRUE,0.0993087051139798
"103295","Invasive_Tumor","Invasive_Tumor",TRUE,0
"103317","Invasive_Tumor","Invasive_Tumor",TRUE,0
"102626","Myoepi_KRT15+","Myoepi_KRT15+",TRUE,0.0648747558902718
"75151","Stromal","Stromal",TRUE,0.654371900113506
"103219","Prolif_Invasive_Tumor","Prolif_Invasive_Tumor",TRUE,0
"97620","Endothelial","Endothelial",TRUE,0.0245347389494702
"104889","Stromal","Stromal",TRUE,0.0763596609437182
"79198","Myoepi_ACTA2+","Myoepi_ACTA2+",TRUE,0.0606490017213741
"105072","Stromal","Stromal",TRUE,0.0959141750974811
"79305","DCIS 2","DCIS 2",TRUE,0
"77833","DCIS 2","DCIS 2",TRUE,0
"6149","Stromal","Stromal",TRUE,0.00936859075008339
"90561","Prolif_Invasive_Tumor","Prolif_Invasive_Tumor",TRUE,0.522780494579227
"76549","Stromal","Stromal",TRUE,0.00381387836396349
"76541","Stromal","Stromal",TRUE,0.0634740549079814
"6147","Stromal","Stromal",TRUE,0.0267352616827169
"80290","Stromal","Stromal",TRUE,0.0205747860117483
"97581","B_Cells","B_Cells",TRUE,0.00988948414000884
"102858","Stromal","Stromal",TRUE,0
"97584","CD4+_T_Cells","CD4+_T_Cells",TRUE,0.011703126028382
"73877","Mast_Cells","Mast_Cells",TRUE,0.00258102760478451
"92516","Invasive_Tumor","Invasive_Tumor",TRUE,0.0132564554766207
"103310","Prolif_Invasive_Tumor","Prolif_Invasive_Tumor",TRUE,0
"78360","Stromal","Stromal",TRUE,0
"102818","Macrophages_2","Macrophages_1",FALSE,1.16480601638538
"97183","Perivascular-Like","Perivascular-Like",TRUE,0.00283935258359412
"79389","Stromal","Stromal",TRUE,0.0296074217570183
"78291","Myoepi_ACTA2+","Myoepi_ACTA2+",TRUE,0.056532853688223
"79357","Stromal","Stromal",TRUE,0.0476177004610786
"92247","Perivascular-Like","Perivascular-Like",TRUE,0.0641407476812541
"73862","Macrophages_1","Macrophages_1",TRUE,0.17511682183463
"97186","CD8+_T_Cells","CD8+_T_Cells",TRUE,0.0289076765637772
"79424","IRF7+_DCs","IRF7+_DCs",TRUE,0.0322511241921846
"102812","Stromal","Stromal",TRUE,0.178856411002684
"103237","Stromal","Stromal",TRUE,0
"80285","Stromal","Stromal",TRUE,0.0333339715526013
"7637","Macrophages_2","Macrophages_2",TRUE,0.078701193798587
"104791","Stromal","Stromal",TRUE,0.11859578894755
"74551","Stromal","Stromal",TRUE,0.0339960001920876
"92249","CD8+_T_Cells","CD8+_T_Cells",TRUE,0.05092671557411
"97097","Stromal","Stromal",TRUE,0.452075866378174
"97625","Perivascular-Like","Perivascular-Like",TRUE,0.0297843034481065
"79195","Stromal","Stromal",TRUE,0.0426778758019188
"97099","CD8+_T_Cells","CD8+_T_Cells",TRUE,0.0179062065608362
"78366","CD4+_T_Cells","CD4+_T_Cells",TRUE,0.00550169133953135
"97583","CD8+_T_Cells","CD8+_T_Cells",TRUE,0.0039692392011885
"97627","CD8+_T_Cells","CD8+_T_Cells",TRUE,0.0103877867372086
"73750","Prolif_Invasive_Tumor","Prolif_Invasive_Tumor",TRUE,0
"90772","Invasive_Tumor","Invasive_Tumor",TRUE,0
"73868","Macrophages_1","Macrophages_1",TRUE,0.611767991069016
"73917","CD4+_T_Cells","CD4+_T_Cells",TRUE,0.0306719141706446
"76634","DCIS 2","DCIS 2",TRUE,0.0391302985357508
"76542","Stromal","Stromal",TRUE,0
"79300","DCIS 2","DCIS 2",TRUE,0
"73846","Endothelial","Endothelial",TRUE,0.00271411162990634
"79394","Stromal","Stromal",TRUE,0.55304145027924
"79356","Stromal","Stromal",TRUE,0.00998249460766676
"75180","Stromal","Stromal",TRUE,0.0293765036257902
"92507","Stromal","Stromal",TRUE,0.0327705477362861
"74375","Stromal","Stromal",TRUE,0
"78893","DCIS 2","DCIS 2",TRUE,0
"76639","Myoepi_ACTA2+","Myoepi_ACTA2+",TRUE,0.0670836934365413
"7429","Invasive_Tumor","Invasive_Tumor",TRUE,0
"74908","DCIS 2","DCIS 2",TRUE,0.0576632094649014
"97049","CD4+_T_Cells","CD4+_T_Cells",TRUE,0.0214980241998348
"97604","CD4+_T_Cells","CD4+_T_Cells",TRUE,0.0343384565840647
"74563","Stromal","Stromal",TRUE,0.0524771968464284
"90773","Invasive_Tumor","Invasive_Tumor",TRUE,0
"90693","Invasive_Tumor","Invasive_Tumor",TRUE,0.0786652330530624
"6321","Stromal","Stromal",TRUE,0
"75158","Stromal","Stromal",TRUE,0
"97050","B_Cells","B_Cells",TRUE,0.00803474524647285
"76631","Myoepi_ACTA2+","Myoepi_ACTA2+",TRUE,0.0293102242282225
"79313","DCIS 2","DCIS 2",TRUE,0.277709563548435
"78855","DCIS 2","DCIS 2",TRUE,0
"97612","B_Cells","B_Cells",TRUE,0.0665152522272488
"102630","Myoepi_ACTA2+","Myoepi_ACTA2+",TRUE,0.0413349510427666
"104678","Stromal","Stromal",TRUE,0.0363614909931437
"105378","Myoepi_ACTA2+","Myoepi_ACTA2+",TRUE,0.0612565436746277
"74374","B_Cells","B_Cells",TRUE,0.0526586941927937
"6148","Endothelial","Endothelial",TRUE,0.06233655804715
"74949","Macrophages_2","Macrophages_2",TRUE,0.116246421420348
"102302","Myoepi_ACTA2+","Myoepi_ACTA2+",TRUE,0
"97185","CD8+_T_Cells","CD8+_T_Cells",TRUE,0.00973647427300833
"76547","Stromal","Stromal",TRUE,0.0937652941517707
"92289","Invasive_Tumor","Invasive_Tumor",TRUE,0.00182877803900666
"7416","Invasive_Tumor","Invasive_Tumor",TRUE,0.00331131119344397
"7417","Invasive_Tumor","Invasive_Tumor",TRUE,0
"7414","Invasive_Tumor","Invasive_Tumor",TRUE,0.0323829475030964
"105386","Stromal","Stromal",TRUE,0.0572651553801044
"74929","Invasive_Tumor","Invasive_Tumor",TRUE,0.00227728864073261
"78377","B_Cells","B_Cells",TRUE,0.0684017615055371
"74370","Stromal","Stromal",TRUE,0.0141065264508358
"97116","Stromal","Stromal",TRUE,0.0644545960263858
"97590","CD4+_T_Cells","CD4+_T_Cells",TRUE,0.011756430333607
"92294","Invasive_Tumor","Invasive_Tumor",TRUE,0.946608606377751
"102300","Myoepi_KRT15+","Myoepi_KRT15+",TRUE,0.049668483571589
"79303","DCIS 2","DCIS 2",TRUE,0
"104684","Stromal","Stromal",TRUE,0.000675600114438166
"103291","Invasive_Tumor","Invasive_Tumor",TRUE,0
"102297","Stromal","Stromal",TRUE,0.0359276348411673
"90686","Invasive_Tumor","Invasive_Tumor",TRUE,0
"97548","Endothelial","Endothelial",TRUE,0.0933136113113788
"79197","Myoepi_ACTA2+","Myoepi_ACTA2+",TRUE,0.0362727520975631
"97054","CD4+_T_Cells","CD4+_T_Cells",TRUE,0.0395901551663556
"90591","Invasive_Tumor","Invasive_Tumor",TRUE,0
"97591","IRF7+_DCs","IRF7+_DCs",TRUE,0.00486054666440378
"103220","Invasive_Tumor","Invasive_Tumor",TRUE,0.0124307208880328
"78836","Stromal","Stromal",TRUE,0
"73853","Macrophages_1","Macrophages_1",TRUE,0.0648519398395083
"97053","Endothelial","Endothelial",TRUE,0.0203548477399214
"104876","DCIS 2","DCIS 2",TRUE,0.0427309737591742
"8218","Invasive_Tumor","Invasive_Tumor",TRUE,0
"75137","B_Cells","B_Cells",TRUE,0.0715515052763081
"97187","CD4+_T_Cells","CD4+_T_Cells",TRUE,0.0134826388327607
"92234","Prolif_Invasive_Tumor","Prolif_Invasive_Tumor",TRUE,0
"97051","CD4+_T_Cells","CD4+_T_Cells",TRUE,0.00118585646859937
"104902","Stromal","Stromal",TRUE,0.0437470045537233
"90578","Invasive_Tumor","Invasive_Tumor",TRUE,0.0122832802418653
"76617","Myoepi_ACTA2+","Myoepi_ACTA2+",TRUE,0.0596686807601226
"78362","Stromal","Stromal",TRUE,0.088110882245328
"78371","CD4+_T_Cells","CD4+_T_Cells",TRUE,0.0288353200657054
"104679","Stromal","Stromal",TRUE,0.00785934937969007
"79391","Stromal","Stromal",TRUE,0
"97619","Endothelial","Endothelial",TRUE,0.0184127826999662
"93897","Stromal","Stromal",TRUE,0.0554615091361889
"90777","Invasive_Tumor","Invasive_Tumor",TRUE,0
"73829","Stromal","Stromal",TRUE,0.0272535323164023
"105071","Stromal","Stromal",TRUE,0.0530995550161577
"74948","Stromal","Stromal",TRUE,0
"76652","Myoepi_ACTA2+","Myoepi_ACTA2+",TRUE,0.037654982809106
"74918","Invasive_Tumor","Invasive_Tumor",TRUE,0
"103231","Macrophages_1","Macrophages_1",TRUE,0.0658613141865087
"73897","Stromal","Stromal",TRUE,0
"7079","Prolif_Invasive_Tumor","Prolif_Invasive_Tumor",TRUE,0.0255101107359282
"73752","Stromal","Stromal",TRUE,0.0664779825433212
"90763","Invasive_Tumor","Invasive_Tumor",TRUE,0
"79194","Stromal","Stromal",TRUE,0.0213603810585064
"78290","Myoepi_ACTA2+","Myoepi_ACTA2+",TRUE,0.0278376266090579
"97052","CD4+_T_Cells","CD4+_T_Cells",TRUE,0.0202247197923019
"76536","Macrophages_2","Macrophages_2",TRUE,0.153565269667422
"75178","CD4+_T_Cells","CD4+_T_Cells",TRUE,0.0518263965903634
"75140","B_Cells","B_Cells",TRUE,0.0405527939241747
"75144","CD8+_T_Cells","CD8+_T_Cells",TRUE,0.0671436282843987
"97189","Endothelial","Endothelial",TRUE,0.0083954325907164
"74372","Stromal","Stromal",TRUE,0.0315296953852527
"75160","Stromal","Stromal",TRUE,0.0662467291648321
"78289","Myoepi_ACTA2+","Myoepi_ACTA2+",TRUE,0.0449890137627003
"97188","Endothelial","Endothelial",TRUE,0
"104682","Stromal","Stromal",TRUE,0.0313727127272373
"97586","CD4+_T_Cells","CD4+_T_Cells",TRUE,0.00932737015305929
"90784","Invasive_Tumor","Invasive_Tumor",TRUE,0.0705648943001486
"92252","Macrophages_2","Macrophages_2",TRUE,0.0477418970134044
"102629","Myoepi_KRT15+","Myoepi_KRT15+",TRUE,0.0620364726873933
"97597","Stromal","Stromal",TRUE,0.0329204102441801
"76614","Stromal","Stromal",TRUE,0
"74561","DCIS 2","DCIS 2",TRUE,0.0252301072213799
"97083","Stromal","Stromal",TRUE,0
"73905","Stromal","Stromal",TRUE,0.0808582601007172
"97055","Macrophages_1","Macrophages_1",TRUE,0.0365225011720471
"77826","DCIS 2","DCIS 2",TRUE,0
"90592","Invasive_Tumor","Invasive_Tumor",TRUE,0.265928473902027
"97606","CD4+_T_Cells","CD4+_T_Cells",TRUE,0.0498594609956628
"102294","Myoepi_KRT15+","Myoepi_KRT15+",TRUE,0.154903471606678
"79355","Endothelial","Endothelial",TRUE,0.085685388914742
"92242","DCIS 2","DCIS 2",TRUE,0.0423127655107618
"73873","Stromal","Stromal",TRUE,0.0210003297981199
"102714","Stromal","Stromal",TRUE,0.00173526852219295
"90574","Invasive_Tumor","Invasive_Tumor",TRUE,0.00876482781330534
"102292","Myoepi_KRT15+","Myoepi_KRT15+",TRUE,0.0440079817589548
"92744","Prolif_Invasive_Tumor","Prolif_Invasive_Tumor",TRUE,0.0256853145139029
"76609","Stromal","Stromal",TRUE,0
"78868","DCIS 2","DCIS 2",TRUE,0
"102293","Stromal","Stromal",TRUE,0.0314744288009158
"80281","Stromal","Stromal",TRUE,0.0454254178127207
"6319","Stromal","Stromal",TRUE,0.241018430456343
"92229","Invasive_Tumor","Invasive_Tumor",TRUE,0.0333300759301833
"79297","DCIS 2","DCIS 2",TRUE,0.14911458906222
"90593","Invasive_Tumor","Invasive_Tumor",TRUE,0.0536610383971938
"92238","Prolif_Invasive_Tumor","Prolif_Invasive_Tumor",TRUE,0.0276130349028785
"97543","Stromal","Stromal",TRUE,0.0319419422325988
"90779","Prolif_Invasive_Tumor","Prolif_Invasive_Tumor",TRUE,0.00230525083449898
"104542","Stromal","Stromal",TRUE,0.035910790877874
"75171","CD8+_T_Cells","CD8+_T_Cells",TRUE,0.0603395444152687
"7268","Invasive_Tumor","Invasive_Tumor",TRUE,0
"6111","Stromal","Stromal",TRUE,0.0568645188649159
"105379","DCIS 2","DCIS 2",TRUE,0.0313055084026978
"97621","CD8+_T_Cells","CD8+_T_Cells",TRUE,0.0241728245906855
"7073","Prolif_Invasive_Tumor","Prolif_Invasive_Tumor",TRUE,0.0141557498415421
"97593","B_Cells","B_Cells",TRUE,0.000490952107903814
"97056","Endothelial","Endothelial",TRUE,0
"74572","Endothelial","Endothelial",TRUE,0.266708184743427
"78370","Macrophages_1","Macrophages_1",TRUE,0.0186776127805637
"105443","Stromal","Stromal",TRUE,0
"102062","Stromal","Stromal",TRUE,0.0330373497618315
"90565","Invasive_Tumor","Invasive_Tumor",TRUE,0
"6112","Stromal","Stromal",TRUE,0.0526699972992731
"90568","Invasive_Tumor","Invasive_Tumor",TRUE,0.174594542753139
"78288","Myoepi_ACTA2+","Myoepi_ACTA2+",TRUE,0
"79433","CD4+_T_Cells","CD4+_T_Cells",TRUE,0.0383374366163058
"102809","Stromal","Stromal",TRUE,0.0228928774075133
"90774","Invasive_Tumor","Invasive_Tumor",TRUE,0.00390652838468478
"77830","DCIS 2","DCIS 2",TRUE,0
"73849","Macrophages_1","Macrophages_1",TRUE,0.014876927816935
"97610","Endothelial","Endothelial",TRUE,0.00845220646564709
"103227","Invasive_Tumor","Invasive_Tumor",TRUE,0.0148916454821297
"79308","DCIS 2","DCIS 2",TRUE,0
"102632","Myoepi_KRT15+","Myoepi_KRT15+",TRUE,0.0427595971845157
"90703","Invasive_Tumor","Invasive_Tumor",TRUE,0.0623360961252295
"76538","Stromal","Stromal",TRUE,0.0483946674436561
"103311","Prolif_Invasive_Tumor","Prolif_Invasive_Tumor",TRUE,0.0113881545173734
"97594","CD4+_T_Cells","CD4+_T_Cells",TRUE,0.0194569426506386
"74549","Prolif_Invasive_Tumor","Prolif_Invasive_Tumor",TRUE,0
"77714","Stromal","Stromal",TRUE,0.0406499209045485
"74373","CD4+_T_Cells","CD4+_T_Cells",TRUE,0.0285097979007959
"90655","Invasive_Tumor","Invasive_Tumor",TRUE,0.00610364332389773
"7262","Endothelial","Endothelial",TRUE,0.006533046493513
"90713","Prolif_Invasive_Tumor","Prolif_Invasive_Tumor",TRUE,0.00285368378602434
"78895","Stromal","Stromal",TRUE,0
"79353","Stromal","Stromal",TRUE,0
"104891","Myoepi_KRT15+","Myoepi_KRT15+",TRUE,0.813758029632652
"97205","Endothelial","Endothelial",TRUE,0.00332796181727865
"104925","Macrophages_1","Macrophages_1",TRUE,0.0843097536528814
"78834","Stromal","Stromal",TRUE,0
"79351","Myoepi_ACTA2+","Myoepi_ACTA2+",TRUE,0.0316078625762346
"78877","Perivascular-Like","Perivascular-Like",TRUE,0.071183982026051
"92745","Stromal","Stromal",TRUE,0
"74944","Perivascular-Like","Perivascular-Like",TRUE,0.0997513164069793
"8206","Stromal","Stromal",TRUE,0.212696778196126
"104919","CD8+_T_Cells","CD8+_T_Cells",TRUE,0.075747857845598
"73856","CD4+_T_Cells","CD4+_T_Cells",TRUE,0.0596721424682694
"102289","Myoepi_ACTA2+","Myoepi_ACTA2+",TRUE,0.0460365622816676
"103239","Stromal","Stromal",TRUE,0
"74536","Stromal","Stromal",TRUE,0.0854168565846372
"92271","Macrophages_1","Macrophages_1",TRUE,0.269312198657512
"73837","Perivascular-Like","Perivascular-Like",TRUE,0.00220337863571457
"73845","Perivascular-Like","Perivascular-Like",TRUE,0.0176452959343692
"74046","CD4+_T_Cells","Stromal",FALSE,0.0957208114393997
"75168","Stromal","Stromal",TRUE,0.0412337782487539
"105384","Myoepi_ACTA2+","Myoepi_ACTA2+",TRUE,0.064810271096271
"90767","Invasive_Tumor","Invasive_Tumor",TRUE,0.120693030142304
"104898","Myoepi_ACTA2+","Myoepi_ACTA2+",TRUE,0.0043740820173587
"79190","Stromal","Stromal",TRUE,0
"77831","DCIS 2","DCIS 2",TRUE,0
"78375","Endothelial","Endothelial",TRUE,0.0219893662637589
"6187","Myoepi_ACTA2+","Myoepi_ACTA2+",TRUE,0.0783943538455121
"78841","CD8+_T_Cells","CD8+_T_Cells",TRUE,0.0604874750120015
"96925","Endothelial","Endothelial",TRUE,0.0591281047142839
"102303","Myoepi_KRT15+","Myoepi_KRT15+",TRUE,0.0737096504153952
"92257","Macrophages_1","Macrophages_1",TRUE,0.0109524827159328
"78368","CD4+_T_Cells","CD4+_T_Cells",TRUE,0.0322688942435188
"104883","DCIS 2","DCIS 2",TRUE,0.0122610643704583
"79418","Stromal","Stromal",TRUE,0.0344744836810856
"97498","Endothelial","Endothelial",TRUE,0.0158780049219622
"103315","Invasive_Tumor","Invasive_Tumor",TRUE,0.00478382955692433
"73911","Stromal","Stromal",TRUE,0
"102821","Stromal","Stromal",TRUE,0.0397569288954918
"102631","Myoepi_ACTA2+","Myoepi_ACTA2+",TRUE,0.048829281476392
"97058","CD4+_T_Cells","CD4+_T_Cells",TRUE,0.00361862169813265
"76544","Stromal","Stromal",TRUE,0.0379971611433593
"97190","Endothelial","Endothelial",TRUE,0.00536799143902542
"6110","CD8+_T_Cells","Stromal",FALSE,0.0606270640308021
"96920","CD4+_T_Cells","CD4+_T_Cells",TRUE,0.0343880901106507
"78838","Stromal","Stromal",TRUE,0
"78842","Myoepi_ACTA2+","Myoepi_ACTA2+",TRUE,0.0136006423499185
"96927","Endothelial","Endothelial",TRUE,0.0191848957679017
"79193","Stromal","Stromal",TRUE,0.0705533944758562
"102069","Stromal","Stromal",TRUE,0
"96924","CD8+_T_Cells","CD8+_T_Cells",TRUE,0.00440987652424141
"103294","Invasive_Tumor","Invasive_Tumor",TRUE,0
"73861","IRF7+_DCs","IRF7+_DCs",TRUE,0.0326026673122192
"76650","Stromal","Stromal",TRUE,0.0514990717967869
"103292","Invasive_Tumor","Invasive_Tumor",TRUE,0.218472430994822
"105082","Macrophages_1","Macrophages_1",TRUE,0.0809293707894473
"73867","Macrophages_2","Macrophages_2",TRUE,0.104130568842624
"104795","Stromal","Stromal",TRUE,0.0819927864268066
"73889","Stromal","Stromal",TRUE,0.0699545079465316
"76640","Stromal","Stromal",TRUE,0.111264054205694
"78367","Stromal","Stromal",TRUE,0.0715525002609844
"74062","CD8+_T_Cells","Stromal",FALSE,0.0680577353413301
"79301","DCIS 2","DCIS 2",TRUE,0
"80287","Macrophages_1","Macrophages_1",TRUE,0.0832205752238224
"104905","Myoepi_ACTA2+","Myoepi_ACTA2+",TRUE,0.0552580544567338
"97057","CD4+_T_Cells","CD4+_T_Cells",TRUE,0.0210171536779979
"104914","Stromal","Stromal",TRUE,0.0337471559935729
"75152","Stromal","Stromal",TRUE,0.150816298634757
"76533","Macrophages_1","Macrophages_1",TRUE,0.0468958045365901
"97105","Stromal","Stromal",TRUE,0.0691570238964193
"97193","CD4+_T_Cells","CD4+_T_Cells",TRUE,0.00960750839856644
"76551","Stromal","Stromal",TRUE,0.00275688543559134
"96923","Endothelial","Endothelial",TRUE,0.000531697453072973
"6195","Stromal","Stromal",TRUE,0.0935793694661975
"76627","Myoepi_ACTA2+","Myoepi_ACTA2+",TRUE,0.0781236968971596
"103304","Prolif_Invasive_Tumor","Prolif_Invasive_Tumor",TRUE,0.0215396810301881
"97089","Stromal","Stromal",TRUE,0.0356132959178696
"74051","Invasive_Tumor","Invasive_Tumor",TRUE,0.0475401172633894
"97191","Endothelial","Endothelial",TRUE,0.0106562398224119
"79191","Stromal","Stromal",TRUE,0
"80282","Perivascular-Like","Perivascular-Like",TRUE,0.0944918043200881
"90765","Invasive_Tumor","Invasive_Tumor",TRUE,0.00832857140835883
"7088","Macrophages_1","Macrophages_1",TRUE,0.424148439113918
"97062","CD4+_T_Cells","CD4+_T_Cells",TRUE,0.0146544451903062
"77828","DCIS 2","DCIS 2",TRUE,0
"77827","DCIS 2","DCIS 2",TRUE,0.0167579578713266
"76618","Stromal","Stromal",TRUE,0
"74553","Invasive_Tumor","Invasive_Tumor",TRUE,0
"74042","Stromal","Stromal",TRUE,0
"74907","Invasive_Tumor","Invasive_Tumor",TRUE,0.0065467949331488
"103439","Prolif_Invasive_Tumor","Prolif_Invasive_Tumor",TRUE,0.0117288046191433
"80286","Endothelial","Endothelial",TRUE,0.0776496869182591
"97194","Endothelial","Endothelial",TRUE,0.000588516759917446
"105077","Macrophages_1","Macrophages_1",TRUE,0.0796337588656096
"7070","Invasive_Tumor","Invasive_Tumor",TRUE,0
"78858","DCIS 2","DCIS 2",TRUE,0.0385426870994374
"105382","DCIS 2","DCIS 2",TRUE,0
"79431","CD8+_T_Cells","CD8+_T_Cells",TRUE,0.076427021690789
"8174","CD4+_T_Cells","Stromal",FALSE,0.082360163581023
"73878","Macrophages_2","Macrophages_2",TRUE,0
"103222","Invasive_Tumor","Invasive_Tumor",TRUE,0
"74050","Invasive_Tumor","Invasive_Tumor",TRUE,0.0462408290648906
"97206","Endothelial","Endothelial",TRUE,0.0770958809467808
"97499","Endothelial","Endothelial",TRUE,0
"73904","Macrophages_1","Macrophages_1",TRUE,0.0766838501638309
"97603","CD4+_T_Cells","CD4+_T_Cells",TRUE,0.0337110276515923
"79293","DCIS 2","DCIS 2",TRUE,0.027546015141387
"7090","Prolif_Invasive_Tumor","Prolif_Invasive_Tumor",TRUE,0.00112128115014497
"92269","Stromal","Stromal",TRUE,0.0395692028959384
"92251","Stromal","Stromal",TRUE,0.108292075841954
"79196","DCIS 2","DCIS 2",TRUE,0.032019089730854
"90756","Invasive_Tumor","Invasive_Tumor",TRUE,0.00501336560272109
"97599","Macrophages_2","Stromal",FALSE,0.127992482115771
"79302","DCIS 2","DCIS 2",TRUE,0
"97608","Endothelial","Endothelial",TRUE,0.0578290428748686
"90758","Invasive_Tumor","Invasive_Tumor",TRUE,0.0168685695181333
"105381","DCIS 2","DCIS 2",TRUE,0.0371332682549556
"102287","Myoepi_KRT15+","Myoepi_KRT15+",TRUE,0
"90769","Invasive_Tumor","Invasive_Tumor",TRUE,0
"90738","Invasive_Tumor","Invasive_Tumor",TRUE,0.0822785193181328
"76548","Stromal","Stromal",TRUE,0.0346383234311128
"79354","Stromal","Stromal",TRUE,0.0517608576142742
"92291","Invasive_Tumor","Invasive_Tumor",TRUE,0.0559852157546183
"97061","CD8+_T_Cells","CD8+_T_Cells",TRUE,0.00795560718350699
"75146","Stromal","Stromal",TRUE,0.0136221000021559
"73908","Macrophages_1","Macrophages_1",TRUE,0.0627063496807308
"96417","Stromal","Stromal",TRUE,0.0787064741330222
"97059","Endothelial","Endothelial",TRUE,0.00613010606902736
"74452","DCIS 1","DCIS 2",FALSE,1.62602958673199
"74913","DCIS 2","DCIS 2",TRUE,0.0790127497241806
"6107","Macrophages_1","Macrophages_1",TRUE,0.00542640618652113
"7428","Invasive_Tumor","Invasive_Tumor",TRUE,0
"90272","Invasive_Tumor","Invasive_Tumor",TRUE,0
"97617","CD8+_T_Cells","CD8+_T_Cells",TRUE,0.0461266348163414
"75138","Stromal","Stromal",TRUE,0.0748845324428796
"77825","DCIS 2","DCIS 2",TRUE,0
"97192","Endothelial","Endothelial",TRUE,0.0146627438013409
"76522","Endothelial","Endothelial",TRUE,0.0649917360403294
"102635","Stromal","Stromal",TRUE,0.039775498475375
"80288","Stromal","Stromal",TRUE,0.0384522387088068
"96922","CD8+_T_Cells","CD8+_T_Cells",TRUE,0.0258459505045063
"76524","Macrophages_1","Macrophages_1",TRUE,0.00347526211722576
"97060","CD4+_T_Cells","CD4+_T_Cells",TRUE,0.0138195563459109
"80289","Stromal","Stromal",TRUE,0.0498241261312951
"78287","DCIS 2","DCIS 2",TRUE,0.0379782475342241
"105396","Stromal","Stromal",TRUE,0.0596166160620708
"78372","Macrophages_2","Macrophages_2",TRUE,0.0766312131683934
"96921","CD8+_T_Cells","CD8+_T_Cells",TRUE,0.0359062447110101
"77713","Stromal","Stromal",TRUE,0.0458652792065988
"7640","Stromal","Stromal",TRUE,0
"78286","DCIS 2","DCIS 2",TRUE,0.464119952303354
"90572","Invasive_Tumor","Invasive_Tumor",TRUE,0.0222280584775413
"97063","CD4+_T_Cells","CD4+_T_Cells",TRUE,0.0152911988535659
"73875","LAMP3+_DCs","LAMP3+_DCs",TRUE,0.0540317470716839
"90692","Invasive_Tumor","Invasive_Tumor",TRUE,0.0521499657518287
"75177","CD4+_T_Cells","CD4+_T_Cells",TRUE,0.0730658045879589
"92261","Invasive_Tumor","Invasive_Tumor",TRUE,0.165457474481056
"92239","Invasive_Tumor","Invasive_Tumor",TRUE,0.0795486646248307
"102859","Stromal","Stromal",TRUE,0.0041978500377767
"7075","Invasive_Tumor","Invasive_Tumor",TRUE,0.0529863151174453
"103246","Stromal","Stromal",TRUE,0
"102275","Stromal","Stromal",TRUE,0
"96418","Stromal","Stromal",TRUE,0
"103226","Invasive_Tumor","Invasive_Tumor",TRUE,0
"92283","Endothelial","Endothelial",TRUE,0.0298441193977418
"73830","Stromal","Stromal",TRUE,0.031404958491657
"90776","Invasive_Tumor","Invasive_Tumor",TRUE,0
"78894","DCIS 2","DCIS 2",TRUE,0
"92236","Prolif_Invasive_Tumor","Prolif_Invasive_Tumor",TRUE,0.00632927187526422
"104685","Stromal","Stromal",TRUE,0.0307886913015715
"92231","Prolif_Invasive_Tumor","Prolif_Invasive_Tumor",TRUE,0
"90588","Invasive_Tumor","Prolif_Invasive_Tumor",FALSE,1.94032657435793
"105389","Myoepi_ACTA2+","Myoepi_ACTA2+",TRUE,0.0459676640752176
"73530","Stromal","Stromal",TRUE,0.0899529161052613
"97541","CD4+_T_Cells","CD4+_T_Cells",TRUE,0.060978260029015
"104496","Macrophages_1","Macrophages_1",TRUE,0.0797607817033222
"104927","CD8+_T_Cells","CD8+_T_Cells",TRUE,0.0645478391529532
"77822","DCIS 2","DCIS 2",TRUE,0
"103281","Prolif_Invasive_Tumor","Prolif_Invasive_Tumor",TRUE,0.051715963067504
"96926","CD4+_T_Cells","CD4+_T_Cells",TRUE,0.0161629327712613
"79347","Myoepi_ACTA2+","Myoepi_ACTA2+",TRUE,0.0506573280629014
"97611","Perivascular-Like","Perivascular-Like",TRUE,0.0374474450884963
"73912","Stromal","Stromal",TRUE,0.0743180414605907
"105423","Stromal","Stromal",TRUE,0
"90569","Invasive_Tumor","Invasive_Tumor",TRUE,0
"79295","DCIS 2","DCIS 2",TRUE,0.0221378260153521
"102834","Stromal","Stromal",TRUE,0.0363832081380211
"75139","Stromal","Stromal",TRUE,0.140242777024265
"105388","DCIS 2","DCIS 2",TRUE,0.00338799801937237
"80283","Stromal","Stromal",TRUE,0
"93900","Stromal","Stromal",TRUE,0.038176535268078
"102636","Stromal","Stromal",TRUE,0.0336222569909026
"96420","Stromal","Stromal",TRUE,0.0676289832051434
"76530","Macrophages_1","Macrophages_1",TRUE,0.0742469470630147
"77627","Stromal","Stromal",TRUE,0
"74543","Invasive_Tumor","Invasive_Tumor",TRUE,0
"102277","Myoepi_ACTA2+","Myoepi_ACTA2+",TRUE,0.0479890567292701
"79346","Myoepi_ACTA2+","Myoepi_ACTA2+",TRUE,0.0794362835059012
"90577","Invasive_Tumor","Invasive_Tumor",TRUE,0
"102633","Stromal","Stromal",TRUE,0.0529772731836738
"7266","Prolif_Invasive_Tumor","Prolif_Invasive_Tumor",TRUE,0.0482538902545204
"90764","Invasive_Tumor","Invasive_Tumor",TRUE,0.0274422504863005
"97094","CD4+_T_Cells","CD4+_T_Cells",TRUE,0.00690301464133403
"102831","Stromal","Stromal",TRUE,0.0436850990232426
"75022","Stromal","Stromal",TRUE,0.221437294549505
"74995","Stromal","Stromal",TRUE,0
"7487","Invasive_Tumor","Invasive_Tumor",TRUE,0.00565326779646796
"104897","DCIS 2","DCIS 2",TRUE,0.0469408226939063
"79348","Stromal","Stromal",TRUE,0.0426415883636562
"97605","B_Cells","B_Cells",TRUE,0.0562755651944749
"92287","Endothelial","Endothelial",TRUE,0.000260020699991287
"93898","Stromal","Stromal",TRUE,0
"6564","Stromal","Stromal",TRUE,0.0698325826200859
"79465","Stromal","Stromal",TRUE,0
"97504","B_Cells","B_Cells",TRUE,0.0415858924486256
"92742","CD8+_T_Cells","CD8+_T_Cells",TRUE,0.0645837340193344
"103285","Invasive_Tumor","Invasive_Tumor",TRUE,0
"92279","Perivascular-Like","Perivascular-Like",TRUE,0.0109873636089088
"102824","Stromal","Stromal",TRUE,0
"74933","Stromal","Stromal",TRUE,0.0319363959830446
"103325","Invasive_Tumor","Invasive_Tumor",TRUE,0
"97064","CD4+_T_Cells","CD4+_T_Cells",TRUE,0
"90589","Invasive_Tumor","Invasive_Tumor",TRUE,0
"75135","CD4+_T_Cells","CD4+_T_Cells",TRUE,0.0878752462234923
"79192","Perivascular-Like","Perivascular-Like",TRUE,0.108567879140341
"104804","Stromal","Stromal",TRUE,0.0404152032256191
"97501","Stromal","Stromal",TRUE,0.037513660455014
"73855","B_Cells","B_Cells",TRUE,0.0663873465119075
"76633","Stromal","Stromal",TRUE,0.0564802042968038
"102283","Myoepi_KRT15+","Myoepi_KRT15+",TRUE,0
"96979","Endothelial","Endothelial",TRUE,0.363239982417579
"6214","Myoepi_ACTA2+","Myoepi_ACTA2+",TRUE,0.126597740434966
"6109","Perivascular-Like","Perivascular-Like",TRUE,0.0405904490247281
"7479","Invasive_Tumor","Invasive_Tumor",TRUE,0.00850551315337705
"92241","DCIS 2","DCIS 2",TRUE,0.0117133340947402
"7085","Invasive_Tumor","Invasive_Tumor",TRUE,0.00715140808821517
"76550","Stromal","Stromal",TRUE,0.0490337762616648
"80276","CD8+_T_Cells","CD8+_T_Cells",TRUE,0.0557515629684973
"76624","Stromal","Stromal",TRUE,0.00426579782365349
"104900","DCIS 2","DCIS 2",TRUE,0.0277982410543842
"102854","Stromal","Stromal",TRUE,0
"74369","Stromal","Stromal",TRUE,0.0608859209769305
"103233","DCIS 2","DCIS 2",TRUE,0.0163047387344015
"104916","Stromal","Stromal",TRUE,0.0330948105017989
"105073","Stromal","Stromal",TRUE,0.0940381337741833
"73533","Stromal","Stromal",TRUE,0.0402454152203889
"7068","Prolif_Invasive_Tumor","Prolif_Invasive_Tumor",TRUE,0.02122844318085
"97084","CD8+_T_Cells","CD8+_T_Cells",TRUE,0.0681793421150503
"79422","Stromal","Stromal",TRUE,0.00835526879510987
"79221","Myoepi_ACTA2+","Myoepi_ACTA2+",TRUE,0.0513589059520366
"74554","Invasive_Tumor","Invasive_Tumor",TRUE,0
"105074","B_Cells","B_Cells",TRUE,0.0899287235707587
"6102","Endothelial","Endothelial",TRUE,0.103771822840257
"96980","Endothelial","Endothelial",TRUE,0.0151130581536824
"7100","Endothelial","Endothelial",TRUE,0.0133015343738743
"104910","Myoepi_ACTA2+","Myoepi_ACTA2+",TRUE,0.0161789269690403
"96982","CD4+_T_Cells","CD4+_T_Cells",TRUE,0.00536591086068999
"73863","Macrophages_2","Macrophages_2",TRUE,0.0958404672224045
"79296","DCIS 2","DCIS 2",TRUE,0
"92248","Endothelial","Endothelial",TRUE,0.0871024906897303
"74547","Invasive_Tumor","Invasive_Tumor",TRUE,0
"102279","Stromal","Stromal",TRUE,0.0464167339854011
"78376","CD8+_T_Cells","CD8+_T_Cells",TRUE,0.0469205739106327
"7083","Stromal","Stromal",TRUE,0.0143083245798679
"105394","Stromal","Stromal",TRUE,0.0848095824556369
"73848","Macrophages_2","Macrophages_2",TRUE,0.0380378546369731
"73832","Macrophages_1","Macrophages_1",TRUE,0.103935360922232
"73844","Macrophages_2","Macrophages_2",TRUE,0.077112222388665
"96930","CD8+_T_Cells","CD8+_T_Cells",TRUE,0.00193564936769497
"76535","Macrophages_1","Macrophages_1",TRUE,0.002076608684456
"96978","Perivascular-Like","Perivascular-Like",TRUE,0.0317142233067312
"79432","Stromal","Stromal",TRUE,0.0512064430235125
"90768","Invasive_Tumor","Invasive_Tumor",TRUE,0.0347205109016747
"80280","Stromal","Stromal",TRUE,0
"92243","Stromal","Stromal",TRUE,0.0285158779727411
"7077","Invasive_Tumor","Invasive_Tumor",TRUE,0.136673916981851
"105385","DCIS 2","DCIS 2",TRUE,0
"7261","Endothelial","Stromal",FALSE,0.116273613811607
"75136","CD8+_T_Cells","CD8+_T_Cells",TRUE,0.0444910400997904
"96772","B_Cells","B_Cells",TRUE,0.0100689263430592
"79345","Stromal","Stromal",TRUE,0.0315392814855386
"74535","Invasive_Tumor","Invasive_Tumor",TRUE,0
"73532","Macrophages_1","Macrophages_1",TRUE,0.0545868226498285
"90590","Prolif_Invasive_Tumor","Prolif_Invasive_Tumor",TRUE,0.00346494634387775
"6215","DCIS 2","DCIS 2",TRUE,0.0337723571957617
"78872","Endothelial","Endothelial",TRUE,0.0344550753259714
"79292","DCIS 2","DCIS 2",TRUE,0.0162029487888205
"78285","DCIS 2","DCIS 2",TRUE,0.0231186960641444
"104801","Stromal","Stromal",TRUE,0.595638534380077
"103298","Macrophages_1","Macrophages_1",TRUE,0.0923709990569961
"97108","Stromal","Stromal",TRUE,0.0350572115045694
"102269","Myoepi_ACTA2+","Myoepi_ACTA2+",TRUE,0.00292991704323113
"92280","Endothelial","Endothelial",TRUE,0.0201790074453707
"74371","Stromal","Stromal",TRUE,0.693812599270671
"79352","Stromal","Stromal",TRUE,0.0784845498136318
"79188","Endothelial","Endothelial",TRUE,0.0627736830099171
"92772","Stromal","Stromal",TRUE,0.0441565776534548
"104811","Stromal","Stromal",TRUE,0
"90749","Invasive_Tumor","Invasive_Tumor",TRUE,0.00662996609464151
"104886","Myoepi_KRT15+","Myoepi_KRT15+",TRUE,0.00342092454018947
"96773","CD8+_T_Cells","CD8+_T_Cells",TRUE,0.00830467105272602
"96775","CD4+_T_Cells","CD4+_T_Cells",TRUE,0.00344547917220361
"90752","Invasive_Tumor","Prolif_Invasive_Tumor",FALSE,1.37756341997088
"97496","CD8+_T_Cells","CD8+_T_Cells",TRUE,0.0356365773961415
"102634","Stromal","Stromal",TRUE,0.0796671565555852
"79294","DCIS 2","DCIS 2",TRUE,0.0542349906248507
"90757","Invasive_Tumor","Invasive_Tumor",TRUE,0.125111817292005
"96774","CD4+_T_Cells","CD4+_T_Cells",TRUE,0.00455709397211605
"7639","Stromal","Stromal",TRUE,0
"75032","Stromal","Stromal",TRUE,0.0281496044375305
"74049","Invasive_Tumor","Invasive_Tumor",TRUE,0
"75002","Stromal","Stromal",TRUE,0
"105387","Myoepi_KRT15+","Myoepi_KRT15+",TRUE,0.946210639475046
"78835","Stromal","Stromal",TRUE,0.0405482458074788
"104890","DCIS 2","DCIS 2",TRUE,0.0136852586591014
"74526","Invasive_Tumor","Invasive_Tumor",TRUE,0.0418688248515268
"102274","Myoepi_KRT15+","Myoepi_KRT15+",TRUE,0.052350149397755
"77711","Stromal","Stromal",TRUE,0
"104503","Stromal","Stromal",TRUE,0.0716980399804895
"97066","B_Cells","B_Cells",TRUE,0.0189793113670012
"96932","CD4+_T_Cells","CD4+_T_Cells",TRUE,0.0412258549497086
"96929","CD4+_T_Cells","CD4+_T_Cells",TRUE,0
"7096","DCIS 2","DCIS 2",TRUE,0.015493626612848
"73888","Stromal","Stromal",TRUE,0.0508756974464722
"6213","Myoepi_ACTA2+","Myoepi_ACTA2+",TRUE,0.0399628470254317
"78851","DCIS 2","DCIS 2",TRUE,0.0134650395472813
"97601","Stromal","Stromal",TRUE,0.0610647202962873
"74550","Invasive_Tumor","Invasive_Tumor",TRUE,0.00116883626677759
"77821","DCIS 2","DCIS 2",TRUE,0
"76527","Macrophages_1","Macrophages_1",TRUE,0.0439177430760431
"74456","Invasive_Tumor","Invasive_Tumor",TRUE,0.0365788721357154
"6105","Endothelial","Endothelial",TRUE,0.00721992428852608
"76519","B_Cells","B_Cells",TRUE,0.0412252025211618
"102296","Myoepi_ACTA2+","Myoepi_ACTA2+",TRUE,0
"7072","Invasive_Tumor","Invasive_Tumor",TRUE,0
"96776","CD4+_T_Cells","CD4+_T_Cells",TRUE,0
"79350","Stromal","Stromal",TRUE,0
"97114","Macrophages_1","Macrophages_1",TRUE,0.0428736696174489
"74557","Invasive_Tumor","Invasive_Tumor",TRUE,0.0156435599488225
"92233","Prolif_Invasive_Tumor","Prolif_Invasive_Tumor",TRUE,0.00146942484538889
"73898","Stromal","Stromal",TRUE,0
"7269","Prolif_Invasive_Tumor","Prolif_Invasive_Tumor",TRUE,0.000194058036930633
"76655","Stromal","Stromal",TRUE,0
"97595","Macrophages_1","Stromal",FALSE,0.0732893397303422
"103229","Invasive_Tumor","Invasive_Tumor",TRUE,0
"90261","Invasive_Tumor","Invasive_Tumor",TRUE,0.0129534019218194
"76539","Stromal","Stromal",TRUE,0.0112578014909094
"90600","Invasive_Tumor","Invasive_Tumor",TRUE,0.00649352987931386
"77823","DCIS 2","DCIS 2",TRUE,0
"79349","Stromal","Stromal",TRUE,0
"97497","CD8+_T_Cells","Stromal",FALSE,0.0406276468464854
"74457","Invasive_Tumor","Invasive_Tumor",TRUE,0.0354819279373098
"78284","DCIS 2","DCIS 2",TRUE,0.139292387219137
"96936","CD8+_T_Cells","CD8+_T_Cells",TRUE,0.762824374845311
"77707","Stromal","Stromal",TRUE,0
"79446","CD4+_T_Cells","CD4+_T_Cells",TRUE,0.0577290699716231
"76514","B_Cells","B_Cells",TRUE,0.0768070765536286
"78374","B_Cells","B_Cells",TRUE,0.0478250244634814
"104903","DCIS 2","DCIS 2",TRUE,0
"96928","Macrophages_2","Macrophages_2",TRUE,0.0605433407684211
"74555","Invasive_Tumor","Invasive_Tumor",TRUE,0.00149776022819099
"76620","Stromal","Stromal",TRUE,0
"74997","Stromal","Stromal",TRUE,0.188311076052736
"104506","Macrophages_1","Stromal",FALSE,0.0910853566860371
"92235","Prolif_Invasive_Tumor","Prolif_Invasive_Tumor",TRUE,0.00691405580796878
"78881","DCIS 2","DCIS 2",TRUE,0
"103241","Stromal","Stromal",TRUE,0.102292070652191
"75026","Stromal","Stromal",TRUE,0.0454010151838815
"96938","CD4+_T_Cells","CD4+_T_Cells",TRUE,0.0308960003294163
"90587","Invasive_Tumor","Invasive_Tumor",TRUE,0
"90754","Prolif_Invasive_Tumor","Prolif_Invasive_Tumor",TRUE,0.0344943253904145
"103301","Invasive_Tumor","Invasive_Tumor",TRUE,0.00941791488386344
"92285","Endothelial","Endothelial",TRUE,0.0174220587351404
"103287","Invasive_Tumor","Invasive_Tumor",TRUE,0.046357841861205
"105392","DCIS 2","DCIS 2",TRUE,0.030267144621428
"74540","Invasive_Tumor","Invasive_Tumor",TRUE,0
"7078","Invasive_Tumor","Invasive_Tumor",TRUE,0.148027286400767
"105435","Stromal","Stromal",TRUE,0.157469377311626
"79439","Macrophages_2","Macrophages_2",TRUE,0.119209166788209
"6318","Stromal","Stromal",TRUE,0
"96981","CD8+_T_Cells","CD8+_T_Cells",TRUE,0.036769042470315
"6108","Stromal","Stromal",TRUE,0.0386637930414706
"78852","Stromal","Stromal",TRUE,0.0334925539341005
"103322","Invasive_Tumor","Invasive_Tumor",TRUE,0
"79342","Myoepi_ACTA2+","Myoepi_ACTA2+",TRUE,0.121188232356322
"74040","Endothelial","Endothelial",TRUE,0.0719674486142357
"96933","CD4+_T_Cells","CD4+_T_Cells",TRUE,0.00838923164172872
"104494","B_Cells","B_Cells",TRUE,0.0803016297920706
"102638","Stromal","Stromal",TRUE,0.0385582043898487
"102264","Myoepi_ACTA2+","Myoepi_ACTA2+",TRUE,0.0582745454030661
"96983","CD4+_T_Cells","CD4+_T_Cells",TRUE,0.0189806226924056
"104521","Myoepi_ACTA2+","Myoepi_ACTA2+",TRUE,0.0704275732121962
"90573","Invasive_Tumor","Invasive_Tumor",TRUE,0.0101857172712358
"79437","Stromal","Stromal",TRUE,0.0357298442990147
"80284","Stromal","Stromal",TRUE,0.016146687579875
"104797","Stromal","Stromal",TRUE,0.0724273575738306
"102268","Stromal","Stromal",TRUE,0.100275131225071
"105391","DCIS 2","DCIS 2",TRUE,0.189872629339802
"78879","Stromal","Stromal",TRUE,0.052260066818803
"96422","Stromal","Stromal",TRUE,0.103116515396416
"103240","Macrophages_1","Macrophages_1",TRUE,0.0621308252598394
"77841","DCIS 2","DCIS 2",TRUE,0
"105393","Myoepi_ACTA2+","Myoepi_ACTA2+",TRUE,0.0578476417072216
"96985","CD4+_T_Cells","CD4+_T_Cells",TRUE,0.0584982554605963
"104543","Stromal","Stromal",TRUE,0.0313354356763499
"79189","Myoepi_ACTA2+","Myoepi_ACTA2+",TRUE,0.00730410525005676
"90759","Invasive_Tumor","Invasive_Tumor",TRUE,0.0528870766779153
"102278","Myoepi_KRT15+","Myoepi_KRT15+",TRUE,0.0321287801443509
"102288","Stromal","Stromal",TRUE,0.0595678961072851
"74459","Invasive_Tumor","Invasive_Tumor",TRUE,0.035984663732149
"102816","Stromal","Stromal",TRUE,0.101194860565842
"80278","Stromal","Stromal",TRUE,0.0279641959619328
"74451","Invasive_Tumor","Invasive_Tumor",TRUE,0.00796316682357615
"104806","Stromal","Stromal",TRUE,0.0242214082436363
"73987","DCIS 1","Stromal",FALSE,0.093145625665545
"90761","Invasive_Tumor","Invasive_Tumor",TRUE,0.00795426549384125
"105417","Stromal","Stromal",TRUE,0.0421922635318061
"96939","B_Cells","B_Cells",TRUE,0.0660102540704157
"78283","DCIS 2","DCIS 2",TRUE,0
"96777","CD4+_T_Cells","CD4+_T_Cells",TRUE,0
"102863","Stromal","Stromal",TRUE,0.0279098469616788
"102056","Stromal","Stromal",TRUE,0
"76529","Macrophages_2","Macrophages_2",TRUE,0.0776410294736445
"103434","Invasive_Tumor","Invasive_Tumor",TRUE,0.00576863019806288
"7093","Invasive_Tumor","Invasive_Tumor",TRUE,0.0102795246992067
"97508","CD8+_T_Cells","CD8+_T_Cells",TRUE,0.0497040893794526
"7260","Stromal","Stromal",TRUE,0.108003401299626
"78861","DCIS 2","DCIS 2",TRUE,0.184538610291423
"76644","Stromal","Stromal",TRUE,0
"104913","DCIS 2","DCIS 2",TRUE,0.0643955214988699
"103438","Invasive_Tumor","Invasive_Tumor",TRUE,0
"96416","Stromal","Stromal",TRUE,0
"90567","Invasive_Tumor","Invasive_Tumor",TRUE,0
"73870","Macrophages_1","Macrophages_1",TRUE,0.0537091799052234
"7642","Stromal","Stromal",TRUE,0.0691457628142299
"90266","Invasive_Tumor","Invasive_Tumor",TRUE,0.0293637938296747
"92741","Endothelial","Endothelial",TRUE,0.0106930978559198
"79310","DCIS 2","DCIS 2",TRUE,0
"76625","Macrophages_1","Macrophages_1",TRUE,0.0717771968235058
"96988","CD8+_T_Cells","CD8+_T_Cells",TRUE,0.0122006879063859
"90770","Invasive_Tumor","Prolif_Invasive_Tumor",FALSE,0.0241219637518745
"76762","Stromal","Stromal",TRUE,0
"74917","Stromal","Stromal",TRUE,0
"79426","Stromal","Stromal",TRUE,0.0417083998584689
"102637","Stromal","Stromal",TRUE,0.0522773327700247
"79444","Macrophages_2","B_Cells",FALSE,0.0752063773451694
"73847","Macrophages_2","Macrophages_1",FALSE,1.39133483022667
"79344","Stromal","Stromal",TRUE,0.215083322355246
"7427","Invasive_Tumor","Invasive_Tumor",TRUE,0
"74941","Endothelial","Endothelial",TRUE,0.0926434691176239
"96419","Macrophages_2","Stromal",FALSE,0.121877688289061
"105390","DCIS 2","DCIS 2",TRUE,0.0164559142179203
"80277","Stromal","Stromal",TRUE,0.04434446813947
"96779","CD4+_T_Cells","CD4+_T_Cells",TRUE,0.0344193334227059
"104549","Macrophages_1","Macrophages_1",TRUE,0.065175805817371
"77670","Stromal","Stromal",TRUE,0
"78839","Stromal","Stromal",TRUE,0.0373057280541927
"96987","CD4+_T_Cells","CD4+_T_Cells",TRUE,0.0706327920426013
"79186","Stromal","Stromal",TRUE,0.0586812783811687
"73864","Macrophages_1","Macrophages_1",TRUE,0.0107047048910472
"73901","Stromal","Stromal",TRUE,0.0362580564757207
"8247","Stromal","Stromal",TRUE,0.0772995885058038
"7095","Invasive_Tumor","Invasive_Tumor",TRUE,0
"7069","Invasive_Tumor","Invasive_Tumor",TRUE,0
"80279","CD8+_T_Cells","Stromal",FALSE,0.0708189600149227
"79179","Stromal","Stromal",TRUE,0.0387419363280354
"90748","Invasive_Tumor","Invasive_Tumor",TRUE,0
"90584","Prolif_Invasive_Tumor","Prolif_Invasive_Tumor",TRUE,0.00650257756343021
"79185","Stromal","Stromal",TRUE,0.034952797205795
"6314","Macrophages_1","Macrophages_1",TRUE,0.0515641231982424
"79343","Myoepi_ACTA2+","Myoepi_ACTA2+",TRUE,0.0613051390197264
"90566","Invasive_Tumor","Invasive_Tumor",TRUE,0.00400975186905483
"92295","Stromal","Stromal",TRUE,0.110590573521401
"105079","Macrophages_1","Macrophages_1",TRUE,0.0364573543172598
"6211","Myoepi_ACTA2+","DCIS 2",FALSE,0.0753074067171849
"77824","DCIS 2","DCIS 2",TRUE,0
"96780","B_Cells","B_Cells",TRUE,0.656287594871605
"102265","Myoepi_ACTA2+","Myoepi_ACTA2+",TRUE,0.0431418880547376
"77702","Stromal","Stromal",TRUE,0
"74939","Endothelial","Endothelial",TRUE,0.0207747360027175
"102855","B_Cells","B_Cells",TRUE,0.0123218293225201
"93901","Stromal","Stromal",TRUE,0
"97067","CD8+_T_Cells","CD8+_T_Cells",TRUE,0.0840851940779468
"73909","Stromal","Stromal",TRUE,0.0205540313138596
"73857","Stromal","Stromal",TRUE,0.0329016234338163
"97096","B_Cells","B_Cells",TRUE,0.00672940779292411
"7074","Invasive_Tumor","Invasive_Tumor",TRUE,0.0106040209133213
"7102","Macrophages_1","Macrophages_1",TRUE,0.0232094912613178
"104908","DCIS 2","DCIS 2",TRUE,0
"6104","DCIS 2","DCIS 2",TRUE,0.0282953842855619
"7087","Invasive_Tumor","Invasive_Tumor",TRUE,0
"74041","Stromal","Stromal",TRUE,0.0245877815193679
"97068","B_Cells","B_Cells",TRUE,0
"75173","Stromal","Stromal",TRUE,0.0345292786476762
"80271","CD8+_T_Cells","CD8+_T_Cells",TRUE,0.0713427104980461
"97509","B_Cells","B_Cells",TRUE,0.0562305698342022
"78282","DCIS 2","DCIS 2",TRUE,0.137930420331145
"103288","Invasive_Tumor","Invasive_Tumor",TRUE,0
"96984","CD8+_T_Cells","CD8+_T_Cells",TRUE,0.00957217976154183
"90256","Invasive_Tumor","Invasive_Tumor",TRUE,0.133935429479068
"96778","LAMP3+_DCs","LAMP3+_DCs",TRUE,0.0217334437828791
"90576","Macrophages_1","Macrophages_1",TRUE,0.0134942263348633
"79180","Endothelial","Endothelial",TRUE,0.00402819298750656
"104921","Myoepi_ACTA2+","Myoepi_ACTA2+",TRUE,0.0270826224382766
"73895","Stromal","Stromal",TRUE,0
"79298","DCIS 2","DCIS 2",TRUE,0
"105395","Myoepi_KRT15+","Myoepi_KRT15+",TRUE,0.00318562175588213
"7265","Invasive_Tumor","Invasive_Tumor",TRUE,0
"96464","Stromal","Stromal",TRUE,0
"92230","Invasive_Tumor","Invasive_Tumor",TRUE,0.000491624883114737
"103280","Invasive_Tumor","Invasive_Tumor",TRUE,0
"105083","Macrophages_1","Macrophages_1",TRUE,0.0946200709901698
"7099","Stromal","Stromal",TRUE,0.0431898750532744
"76516","B_Cells","B_Cells",TRUE,0.0176449754849546
"6591","Stromal","Stromal",TRUE,0.0186460879237397
"96940","B_Cells","B_Cells",TRUE,0.0112783465559905
"74527","Invasive_Tumor","Invasive_Tumor",TRUE,0
"102639","Macrophages_1","Macrophages_1",TRUE,0.0535202512051141
"92771","Endothelial","Endothelial",TRUE,0
"77638","Stromal","Stromal",TRUE,0
"74034","Stromal","Stromal",TRUE,0.0680145757753922
"102266","DCIS 2","DCIS 2",TRUE,0.0153990957350278
"7413","Perivascular-Like","Perivascular-Like",TRUE,0.02635907869725
"76532","B_Cells","B_Cells",TRUE,0.0483883660981989
"96990","CD4+_T_Cells","CD4+_T_Cells",TRUE,0.00459304861439108
"96986","B_Cells","B_Cells",TRUE,0.0100317177533223
"7091","Prolif_Invasive_Tumor","Prolif_Invasive_Tumor",TRUE,0.0114307166230083
"97506","B_Cells","B_Cells",TRUE,0.0185269295392967
"73986","Stromal","Stromal",TRUE,0.0468351403918196
"78889","Stromal","Stromal",TRUE,0
"102856","Perivascular-Like","Perivascular-Like",TRUE,0.0232833767431032
"97088","Macrophages_1","Macrophages_1",TRUE,0.0534309409907521
"78843","Myoepi_ACTA2+","Myoepi_ACTA2+",TRUE,0.0288913979599961
"79464","B_Cells","B_Cells",TRUE,0.0135836523477265
"96992","CD4+_T_Cells","CD4+_T_Cells",TRUE,0.0152357883080749
"96941","Macrophages_1","Macrophages_1",TRUE,0.0200592838352702
"104686","Stromal","Stromal",TRUE,0.0356736196307609
"75034","Macrophages_1","Macrophages_1",TRUE,0.0564699419564418
"74447","Prolif_Invasive_Tumor","Prolif_Invasive_Tumor",TRUE,0.0378804787302974
"96934","CD4+_T_Cells","CD4+_T_Cells",TRUE,0.0314666791347567
"90750","Invasive_Tumor","Invasive_Tumor",TRUE,0
"7086","Invasive_Tumor","Invasive_Tumor",TRUE,0.0102919703944633
"74529","Prolif_Invasive_Tumor","Prolif_Invasive_Tumor",TRUE,0.081317846977884
"104904","DCIS 2","DCIS 2",TRUE,0
"96989","B_Cells","B_Cells",TRUE,0.0149205721752582
"77712","Stromal","Stromal",TRUE,0
"76520","CD8+_T_Cells","CD8+_T_Cells",TRUE,0.0101197650540039
"103238","Stromal","Stromal",TRUE,0.0339630785081395
"96465","Stromal","Stromal",TRUE,0
"73834","Macrophages_2","Macrophages_2",TRUE,0.249657218802464
"102861","Endothelial","Endothelial",TRUE,0.0264404906969885
"97069","CD8+_T_Cells","CD8+_T_Cells",TRUE,0.0115312614994901
"76537","Endothelial","Endothelial",TRUE,0.741994156739159
"104539","Myoepi_ACTA2+","Myoepi_ACTA2+",TRUE,0.0927831440635091
"104936","Myoepi_KRT15+","Myoepi_KRT15+",TRUE,0.0820822939447289
"76553","Stromal","Stromal",TRUE,0.05517553700927
"90271","Invasive_Tumor","Invasive_Tumor",TRUE,0
"102291","Macrophages_1","Macrophages_1",TRUE,0.0658095388988827
"79429","Stromal","Stromal",TRUE,0.0902557588260696
"6212","DCIS 2","DCIS 2",TRUE,0.135520066136423
"103234","DCIS 2","Invasive_Tumor",FALSE,1.52229716270175
"75142","Stromal","Stromal",TRUE,0.10107188230554
"78847","Stromal","Stromal",TRUE,0
"96931","Stromal","Stromal",TRUE,0.497844186100432
"90586","Invasive_Tumor","Invasive_Tumor",TRUE,0.0495996104989258
"7484","Invasive_Tumor","Invasive_Tumor",TRUE,0.00494079440407273
"105076","Stromal","Stromal",TRUE,0.00173467235849928
"74544","Invasive_Tumor","Invasive_Tumor",TRUE,0
"96943","CD4+_T_Cells","CD4+_T_Cells",TRUE,0.0482917068864762
"7244","Prolif_Invasive_Tumor","Prolif_Invasive_Tumor",TRUE,0.0791874318569285
"102258","Myoepi_ACTA2+","Myoepi_ACTA2+",TRUE,0.0694200466077896
"78904","DCIS 2","DCIS 2",TRUE,0
"90602","DCIS 2","DCIS 2",TRUE,0.0637019735284833
"75134","Stromal","Stromal",TRUE,0.770212743487366
"77819","DCIS 2","DCIS 2",TRUE,0
"97115","B_Cells","B_Cells",TRUE,0.0399765393125567
"73913","Stromal","Stromal",TRUE,0.0942779005800097
"78281","DCIS 2","DCIS 2",TRUE,0.231842356938185
"90562","Invasive_Tumor","Invasive_Tumor",TRUE,0.0495196168519034
"79340","Myoepi_ACTA2+","Myoepi_ACTA2+",TRUE,0.0701666464014636
"76764","Macrophages_2","Macrophages_1",FALSE,1.51136130570871
"7076","Invasive_Tumor","Invasive_Tumor",TRUE,0.0560294989566988
"78856","DCIS 2","DCIS 2",TRUE,0
"103458","Prolif_Invasive_Tumor","Prolif_Invasive_Tumor",TRUE,0.0923612150692385
"97500","Stromal","Stromal",TRUE,0.0245899910615569
"79281","DCIS 2","DCIS 2",TRUE,0
"78876","DCIS 2","DCIS 2",TRUE,0
"104531","Myoepi_ACTA2+","Myoepi_ACTA2+",TRUE,0.000141881900197753
"78866","Stromal","Stromal",TRUE,0.0436111660894902
"76638","Stromal","Stromal",TRUE,0
"103462","Invasive_Tumor","Invasive_Tumor",TRUE,0
"90585","Prolif_Invasive_Tumor","Prolif_Invasive_Tumor",TRUE,0.088783637255917
"78840","Stromal","Stromal",TRUE,0
"96781","CD4+_T_Cells","CD4+_T_Cells",TRUE,0.370273718990559
"97542","B_Cells","B_Cells",TRUE,0.0636274667407988
"73542","CD4+_T_Cells","CD4+_T_Cells",TRUE,0.0570804056736926
"92778","Macrophages_1","Macrophages_1",TRUE,0.0831214948649877
"7253","Prolif_Invasive_Tumor","Prolif_Invasive_Tumor",TRUE,0
"7098","Invasive_Tumor","Invasive_Tumor",TRUE,0.0386677148500216
"73886","Stromal","Stromal",TRUE,0.0262406999769224
"74556","Invasive_Tumor","Invasive_Tumor",TRUE,0.0194230894310411
"7097","Invasive_Tumor","Invasive_Tumor",TRUE,0
"105080","Stromal","Stromal",TRUE,0
"80275","Stromal","Stromal",TRUE,0.0568019298071188
"92740","Prolif_Invasive_Tumor","Prolif_Invasive_Tumor",TRUE,0
"90751","Prolif_Invasive_Tumor","Prolif_Invasive_Tumor",TRUE,0.00903776750649098
"104926","Stromal","Stromal",TRUE,0.0161410572698423
"7641","Stromal","Stromal",TRUE,0
"92232","Invasive_Tumor","Invasive_Tumor",TRUE,0.137440795130953
"79187","DCIS 1","DCIS 2",FALSE,2
"74047","Perivascular-Like","Perivascular-Like",TRUE,0.021219752232472
"105400","Stromal","Stromal",TRUE,0.0551896612409954
"79339","Myoepi_ACTA2+","Myoepi_ACTA2+",TRUE,0.06819568516702
"96944","CD4+_T_Cells","CD4+_T_Cells",TRUE,0.0345920179191597
"105407","DCIS 2","DCIS 2",TRUE,0
"102839","Stromal","Stromal",TRUE,0
"74932","Macrophages_2","Macrophages_2",TRUE,0.126871441847836
"78837","Stromal","Stromal",TRUE,0.214339854451871
"77817","DCIS 2","DCIS 2",TRUE,0
"77820","DCIS 2","DCIS 2",TRUE,0
"103290","Prolif_Invasive_Tumor","Prolif_Invasive_Tumor",TRUE,0.0284119560105771
"7270","Invasive_Tumor","Invasive_Tumor",TRUE,0
"8167","Macrophages_1","Macrophages_1",TRUE,0.040245898854212
"74542","Invasive_Tumor","Invasive_Tumor",TRUE,0.0644226678244344
"74045","Endothelial","Endothelial",TRUE,0.00820182581345411
"7267","Invasive_Tumor","Invasive_Tumor",TRUE,0.00466590627257775
"102256","Myoepi_ACTA2+","Myoepi_ACTA2+",TRUE,0.0674451623920678
"74989","Stromal","Stromal",TRUE,0.0567842070921034
"96991","CD8+_T_Cells","CD8+_T_Cells",TRUE,0.0460946991346802
"73981","Stromal","Stromal",TRUE,0.0647794600261231
"104512","Myoepi_ACTA2+","Myoepi_ACTA2+",TRUE,0.0528757479145726
"6103","Invasive_Tumor","Invasive_Tumor",TRUE,0.00226460499969384
"103441","Invasive_Tumor","Invasive_Tumor",TRUE,0.00894100525433042
"96423","Stromal","Stromal",TRUE,0
"7259","Prolif_Invasive_Tumor","Prolif_Invasive_Tumor",TRUE,0.0424611654492657
"90599","Invasive_Tumor","Invasive_Tumor",TRUE,0.170774564314068
"7456","Invasive_Tumor","Invasive_Tumor",TRUE,0.665177404032151
"104526","Myoepi_ACTA2+","Myoepi_ACTA2+",TRUE,0.0218270814144829
"73982","Stromal","Stromal",TRUE,0
"79341","DCIS 2","DCIS 2",TRUE,0.010219266782322
"105397","Stromal","Stromal",TRUE,0.0497399886482427
"104930","Stromal","Stromal",TRUE,0
"76531","CD4+_T_Cells","CD4+_T_Cells",TRUE,0
"103242","Macrophages_1","Macrophages_1",TRUE,0.0839901342584545
"7071","Invasive_Tumor","Invasive_Tumor",TRUE,0.00223757458542598
"97070","CD4+_T_Cells","CD4+_T_Cells",TRUE,0
"6309","Macrophages_2","Macrophages_2",TRUE,0.112230328660955
"102860","Endothelial","Endothelial",TRUE,0
"104911","DCIS 2","DCIS 2",TRUE,0
"96421","Stromal","Stromal",TRUE,0
"73866","Macrophages_1","Macrophages_1",TRUE,0.00538660289428902
"77818","DCIS 2","DCIS 2",TRUE,0
"90264","Invasive_Tumor","Invasive_Tumor",TRUE,0
"74533","Invasive_Tumor","Invasive_Tumor",TRUE,0.0436826795129867
"7255","Invasive_Tumor","Invasive_Tumor",TRUE,0
"74968","Stromal","Stromal",TRUE,0.0549294931068973
"78280","DCIS 2","DCIS 2",TRUE,0
"73529","Stromal","Stromal",TRUE,0
"79182","Stromal","Stromal",TRUE,0.0187746227069702
"96947","CD4+_T_Cells","CD4+_T_Cells",TRUE,0.0481051178519943
"76757","B_Cells","B_Cells",TRUE,0.0408916803286359
"79289","DCIS 2","DCIS 2",TRUE,0
"7245","Invasive_Tumor","Invasive_Tumor",TRUE,0.0128387371173292
"90760","Invasive_Tumor","Invasive_Tumor",TRUE,0.00342826259255505
"74928","Stromal","Stromal",TRUE,0.0532488488077163
"77842","DCIS 2","DCIS 2",TRUE,0
"79338","Myoepi_ACTA2+","Myoepi_ACTA2+",TRUE,0
"7080","Perivascular-Like","Perivascular-Like",TRUE,0.0180407004597675
"76540","Macrophages_2","Macrophages_2",TRUE,0.63938173408264
"7264","Invasive_Tumor","Invasive_Tumor",TRUE,0
"76512","Macrophages_1","Macrophages_1",TRUE,0.150892677857771
"73839","Macrophages_2","Macrophages_2",TRUE,0.00355506828106569
"80270","Stromal","Stromal",TRUE,0.0901457217785467
"75025","Stromal","Stromal",TRUE,0.0838337536804751
"102068","Stromal","Stromal",TRUE,0
"77834","DCIS 2","DCIS 2",TRUE,0
"73543","Stromal","Stromal",TRUE,0.0359943778408546
"6315","CD4+_T_Cells","CD4+_T_Cells",TRUE,0.0801420058163003
"7106","Macrophages_1","CD8+_T_Cells",FALSE,0.874506955676029
"77700","CD4+_T_Cells","CD4+_T_Cells",TRUE,0.076109349101433
"103321","Invasive_Tumor","Invasive_Tumor",TRUE,0
"96782","CD8+_T_Cells","CD8+_T_Cells",TRUE,0.0485911634858056
"90250","Invasive_Tumor","Invasive_Tumor",TRUE,0
"6210","DCIS 2","DCIS 2",TRUE,0.0353396772051899
"7082","Stromal","Stromal",TRUE,0.0650153490496979
"96942","CD4+_T_Cells","CD4+_T_Cells",TRUE,0
"73835","Macrophages_2","Macrophages_2",TRUE,0.127277534048691
"90762","Invasive_Tumor","Invasive_Tumor",TRUE,0.0318029345630613
"96995","CD8+_T_Cells","CD8+_T_Cells",TRUE,0.0528292787633646
"96314","Stromal","Stromal",TRUE,0
"90253","Invasive_Tumor","Invasive_Tumor",TRUE,0
"103432","Invasive_Tumor","Invasive_Tumor",TRUE,0
"96993","CD4+_T_Cells","CD4+_T_Cells",TRUE,0
"90571","Stromal","Stromal",TRUE,0.0493036290402557
"97100","CD4+_T_Cells","CD4+_T_Cells",TRUE,0.0542818635492489
"79181","DCIS 2","DCIS 2",TRUE,0.0708805651095868
"97513","CD4+_T_Cells","CD4+_T_Cells",TRUE,0.0663931501759265
"97091","B_Cells","B_Cells",TRUE,0.000768796355937101
"97502","Stromal","Stromal",TRUE,0.16601574388394
"79280","DCIS 2","DCIS 2",TRUE,0
"74546","Invasive_Tumor","Invasive_Tumor",TRUE,0.00667860907811086
"105398","Stromal","Stromal",TRUE,0.0484591811031382
"96996","CD4+_T_Cells","CD4+_T_Cells",TRUE,0.0732062456474759
"102267","DCIS 2","DCIS 2",TRUE,0.0456306368185632
"105401","Myoepi_ACTA2+","Myoepi_ACTA2+",TRUE,0
"75133","Stromal","Stromal",TRUE,0.0359281702374535
"79449","Stromal","Stromal",TRUE,0
"103431","Invasive_Tumor","Invasive_Tumor",TRUE,0.0185855000003761
"73541","Stromal","Stromal",TRUE,0.0490091695086924
"74458","Prolif_Invasive_Tumor","Prolif_Invasive_Tumor",TRUE,0.0495584133684192
"73824","Macrophages_1","Macrophages_1",TRUE,0.0677045606369724
"79337","Stromal","Stromal",TRUE,0.0882932958855505
"96945","Stromal","Stromal",TRUE,0.0416503102013328
"104938","DCIS 2","DCIS 2",TRUE,0.0231366075042711
"76628","Stromal","Stromal",TRUE,0.0706288189724367
"75113","CD4+_T_Cells","CD4+_T_Cells",TRUE,0.0442272280947924
"79172","Stromal","Stromal",TRUE,0.0882971748243657
"6101","Invasive_Tumor","Invasive_Tumor",TRUE,0
"73871","Macrophages_1","Macrophages_1",TRUE,0.00329290240041358
"96937","B_Cells","Stromal",FALSE,0.0544038783996532
"97516","CD8+_T_Cells","CD8+_T_Cells",TRUE,0.0458944478528544
"102640","Macrophages_1","Macrophages_1",TRUE,0.0746489594185425
"7241","CD4+_T_Cells","CD4+_T_Cells",TRUE,0.00901753885641066
"79177","Perivascular-Like","Stromal",FALSE,0.0633063818866061
"102641","Macrophages_1","Macrophages_1",TRUE,0.0478041868342591
"97071","Stromal","Stromal",TRUE,0.312530341800376
"74562","Endothelial","Endothelial",TRUE,0.109338913147269
"104535","Myoepi_ACTA2+","Myoepi_ACTA2+",TRUE,0.0695426424644446
"96950","CD4+_T_Cells","CD4+_T_Cells",TRUE,0.0135907022732999
"75132","Stromal","Stromal",TRUE,0.0547230602940395
"102259","DCIS 2","DCIS 2",TRUE,0.0238365607996909
"103435","Invasive_Tumor","Invasive_Tumor",TRUE,0.175257529097629
"102251","DCIS 2","DCIS 2",TRUE,0
"6209","DCIS 2","DCIS 2",TRUE,0.162019163859874
"76534","Endothelial","Endothelial",TRUE,0
"7109","Invasive_Tumor","Invasive_Tumor",TRUE,0.034233613277766
"102852","Endothelial","Endothelial",TRUE,0.0610361845956482
"96946","CD8+_T_Cells","CD8+_T_Cells",TRUE,0.0609933912992308
"97073","CD4+_T_Cells","CD4+_T_Cells",TRUE,0.0585492105034153
"104946","Myoepi_KRT15+","Myoepi_KRT15+",TRUE,0
"97544","B_Cells","B_Cells",TRUE,0.0803672127317733
"103273","Prolif_Invasive_Tumor","Prolif_Invasive_Tumor",TRUE,0.00383678403094809
"7101","Invasive_Tumor","Stromal",FALSE,0.0638540810395757
"77844","DCIS 2","DCIS 2",TRUE,0.0684656552818678
"96948","CD4+_T_Cells","CD4+_T_Cells",TRUE,0.043085189699986
"74531","Prolif_Invasive_Tumor","Prolif_Invasive_Tumor",TRUE,0.0054259854864169
"102644","Myoepi_ACTA2+","Myoepi_ACTA2+",TRUE,0.224675472526408
"97515","CD4+_T_Cells","CD4+_T_Cells",TRUE,0.00291297519019025
"76657","Stromal","Stromal",TRUE,0
"104958","DCIS 2","DCIS 2",TRUE,0.0189600531483826
"75016","Myoepi_ACTA2+","Myoepi_ACTA2+",TRUE,0.0515769074313677
"103443","Prolif_Invasive_Tumor","Prolif_Invasive_Tumor",TRUE,0.0058490700405527
"96784","B_Cells","B_Cells",TRUE,0.0082670857524165
"75005","Myoepi_ACTA2+","Myoepi_ACTA2+",TRUE,0.0336388201487258
"90581","Prolif_Invasive_Tumor","Prolif_Invasive_Tumor",TRUE,0.00118210227799124
"6097","Invasive_Tumor","Invasive_Tumor",TRUE,0.128659174386121
"7643","CD8+_T_Cells","Stromal",FALSE,0.0593828237175503
"77692","Stromal","Stromal",TRUE,0
"90248","Invasive_Tumor","Invasive_Tumor",TRUE,0
"92739","Invasive_Tumor","Invasive_Tumor",TRUE,0
"77636","Stromal","Stromal",TRUE,0
"90753","Invasive_Tumor","Invasive_Tumor",TRUE,0
"90603","DCIS 2","DCIS 2",TRUE,0.00583482145820036
"79174","Stromal","Stromal",TRUE,0.0486608375484304
"79184","DCIS 2","DCIS 2",TRUE,0.0357421891775533
"7257","Invasive_Tumor","Invasive_Tumor",TRUE,0
"78900","DCIS 2","DCIS 2",TRUE,0
"6317","Stromal","Stromal",TRUE,0
"92767","Endothelial","Endothelial",TRUE,0.0337791791189215
"96994","CD4+_T_Cells","CD4+_T_Cells",TRUE,0.0511077726878198
"96783","B_Cells","B_Cells",TRUE,0.0833261158486632
"76528","CD4+_T_Cells","CD4+_T_Cells",TRUE,0.00796975771728645
"105410","DCIS 2","DCIS 2",TRUE,0
"92766","Stromal","Stromal",TRUE,0.0989610644578937
"76510","CD4+_T_Cells","CD4+_T_Cells",TRUE,0.0103763039473701
"76758","Stromal","Stromal",TRUE,0.0468188877386655
"79335","Myoepi_ACTA2+","Myoepi_ACTA2+",TRUE,0.0348974473139286
"103283","Prolif_Invasive_Tumor","Prolif_Invasive_Tumor",TRUE,0.0508657872765983
"7248","Prolif_Invasive_Tumor","Prolif_Invasive_Tumor",TRUE,0
"75108","CD4+_T_Cells","CD4+_T_Cells",TRUE,0.0403430218704446
"92782","Macrophages_2","Macrophages_1",FALSE,1.59263894651517
"74987","Stromal","Stromal",TRUE,0
"76749","Macrophages_1","Macrophages_1",TRUE,0.0359542484826949
"104544","Stromal","Stromal",TRUE,0
"7113","Invasive_Tumor","Invasive_Tumor",TRUE,0.0448572258143725
"105414","Stromal","Stromal",TRUE,0
"90579","Invasive_Tumor","Invasive_Tumor",TRUE,0.0257110364763146
"102840","Stromal","Stromal",TRUE,0.760880348174808
"79436","Endothelial","Endothelial",TRUE,0.0387944760986789
"80268","CD8+_T_Cells","CD8+_T_Cells",TRUE,0.0670260347671253
"104511","Myoepi_ACTA2+","Myoepi_ACTA2+",TRUE,0.0763851142434201
"96997","CD4+_T_Cells","CD4+_T_Cells",TRUE,0.0335028997253474
"74036","Stromal","Stromal",TRUE,0.0794413919221068
"73980","Stromal","Stromal",TRUE,0.0205858938716519
"97505","Stromal","Stromal",TRUE,0.097325317225453
"97510","B_Cells","B_Cells",TRUE,0.0498924440296141
"97072","CD4+_T_Cells","CD4+_T_Cells",TRUE,0.0796099199274112
"104815","Stromal","Stromal",TRUE,0.0408655946764761
"90747","Invasive_Tumor","Invasive_Tumor",TRUE,0
"73843","Macrophages_1","Macrophages_1",TRUE,0.0288509130098901
"73900","Endothelial","Endothelial",TRUE,0.062615351069898
"97000","CD4+_T_Cells","CD4+_T_Cells",TRUE,0.0391538235806997
"74534","Invasive_Tumor","Invasive_Tumor",TRUE,0.00348357686793638
"76635","Stromal","Stromal",TRUE,0
"7104","Invasive_Tumor","Invasive_Tumor",TRUE,0.0202107105677381
"96424","Macrophages_1","Stromal",FALSE,0.106456182237471
"90575","Stromal","Stromal",TRUE,0.101602367119028
"104826","Stromal","Stromal",TRUE,0.0519648572137376
"105406","DCIS 2","DCIS 2",TRUE,0
"96786","B_Cells","B_Cells",TRUE,0.0152786574777254
"96785","B_Cells","B_Cells",TRUE,0.0233982578164975
"74367","Stromal","Stromal",TRUE,0.0365859661213087
"74521","Invasive_Tumor","Invasive_Tumor",TRUE,0.0279362978282622
"104924","Myoepi_ACTA2+","Myoepi_ACTA2+",TRUE,0
"7089","Invasive_Tumor","Invasive_Tumor",TRUE,0
"78857","DCIS 2","DCIS 2",TRUE,0.0221674192403014
"77630","Stromal","Stromal",TRUE,0.0458126916999957
"79333","DCIS 2","DCIS 2",TRUE,0.0436421271908737
"76518","Stromal","Stromal",TRUE,0
"87471","Endothelial","Stromal",FALSE,0.127196659268914
"103243","Perivascular-Like","Perivascular-Like",TRUE,0.0797721590093989
"73841","Macrophages_1","Macrophages_1",TRUE,0.0863780599353258
"87828","Invasive_Tumor","Invasive_Tumor",TRUE,0
"80273","Stromal","Stromal",TRUE,0
"102825","Stromal","Stromal",TRUE,0.0533826422119504
"96949","CD8+_T_Cells","CD8+_T_Cells",TRUE,0.0454726011989807
"74043","Endothelial","Endothelial",TRUE,0.0983005241772437
"78870","DCIS 2","DCIS 2",TRUE,0.00332749131341093
"97517","Stromal","Stromal",TRUE,0.0393286166047322
"6313","Stromal","Stromal",TRUE,0
"102250","DCIS 2","DCIS 2",TRUE,0.0373488712939265
"7252","Invasive_Tumor","Invasive_Tumor",TRUE,0.0586399525997769
"102282","Stromal","Stromal",TRUE,0.0498125482768078
"76755","IRF7+_DCs","IRF7+_DCs",TRUE,0.0197186952286671
"104800","Stromal","Stromal",TRUE,0
"79183","DCIS 2","DCIS 2",TRUE,0.262226831891983
"7425","Invasive_Tumor","Invasive_Tumor",TRUE,0
"7084","Invasive_Tumor","Invasive_Tumor",TRUE,0.0284819116631345
"74974","Stromal","Stromal",TRUE,0
"104805","Stromal","Stromal",TRUE,0
"77715","Stromal","Stromal",TRUE,0
"105404","DCIS 2","DCIS 2",TRUE,0.0407797356868779
"97001","CD4+_T_Cells","CD4+_T_Cells",TRUE,0.0526858571745022
"102642","Endothelial","Endothelial",TRUE,0.00369848724207628
"90583","Invasive_Tumor","Invasive_Tumor",TRUE,0.0213823733345375
"73894","Stromal","Stromal",TRUE,0.0688265049025708
"6310","Stromal","Stromal",TRUE,0.0298497611226051
"103286","Prolif_Invasive_Tumor","Prolif_Invasive_Tumor",TRUE,0.00450184130096499
"105081","Stromal","Stromal",TRUE,0.0662835875011786
"77646","Stromal","Stromal",TRUE,0
"90257","Invasive_Tumor","Invasive_Tumor",TRUE,0
"79178","Endothelial","Stromal",FALSE,0.0814979382419522
"102247","Myoepi_ACTA2+","Myoepi_ACTA2+",TRUE,0.020798171940148
"96951","B_Cells","B_Cells",TRUE,0.244926532419735
"104548","B_Cells","B_Cells",TRUE,0.0648290360317974
"80272","Stromal","Stromal",TRUE,0
"76526","CD4+_T_Cells","CD4+_T_Cells",TRUE,0.963105959525146
"79440","Endothelial","Endothelial",TRUE,0.0401000615265946
"97074","B_Cells","B_Cells",TRUE,0.0218495915758339
"74541","Prolif_Invasive_Tumor","Prolif_Invasive_Tumor",TRUE,0
"74446","Prolif_Invasive_Tumor","Prolif_Invasive_Tumor",TRUE,0.044210033846783
"79482","DCIS 2","DCIS 2",TRUE,0
"87848","Prolif_Invasive_Tumor","Prolif_Invasive_Tumor",TRUE,0.00748259131062157
"74368","Stromal","Stromal",TRUE,0
"77689","Stromal","Stromal",TRUE,0.017145889778278
"77835","DCIS 2","DCIS 2",TRUE,0
"97087","CD4+_T_Cells","CD4+_T_Cells",TRUE,0.069309948424803
"80274","Stromal","Stromal",TRUE,0.0747496635760406
"74519","Invasive_Tumor","Invasive_Tumor",TRUE,0
"73865","Macrophages_2","Macrophages_1",FALSE,1.59008393478508
"76649","Stromal","Stromal",TRUE,0
"96998","CD4+_T_Cells","CD4+_T_Cells",TRUE,0.0455980222060211
"80269","Stromal","Stromal",TRUE,0.0512603829917329
"103471","Invasive_Tumor","Invasive_Tumor",TRUE,0.0645500467399002
"7682","Stromal","Stromal",TRUE,0.0730177504190354
"7258","Invasive_Tumor","Prolif_Invasive_Tumor",FALSE,1.96505162540592
"79279","DCIS 2","DCIS 2",TRUE,0
"90597","Invasive_Tumor","DCIS 2",FALSE,1.45941282231572
"104537","DCIS 2","DCIS 2",TRUE,0.0290920220649319
"74552","Prolif_Invasive_Tumor","Prolif_Invasive_Tumor",TRUE,0
"89220","Prolif_Invasive_Tumor","Prolif_Invasive_Tumor",TRUE,0.0117485318454999
"79176","Myoepi_ACTA2+","Myoepi_ACTA2+",TRUE,0.0169181976240536
"7092","Invasive_Tumor","Invasive_Tumor",TRUE,0
"79330","Stromal","Stromal",TRUE,0.0462368179397797
"102857","Endothelial","Endothelial",TRUE,0
"78846","Macrophages_1","Macrophages_1",TRUE,0.0350125210202154
"75028","Stromal","Stromal",TRUE,0.0660279763969668
"104939","DCIS 2","DCIS 2",TRUE,0
"104569","DCIS 2","DCIS 2",TRUE,0.0163733942245234
"104945","DCIS 2","DCIS 2",TRUE,0
"76645","Stromal","Stromal",TRUE,0.0477930451611672
"97092","CD4+_T_Cells","CD4+_T_Cells",TRUE,0.0346214350626391
"96999","CD4+_T_Cells","CD4+_T_Cells",TRUE,0.0152674212892905
"104493","Stromal","Stromal",TRUE,0.0522445309273049
"103461","Invasive_Tumor","Invasive_Tumor",TRUE,0.00960994153731426
"76760","B_Cells","B_Cells",TRUE,0.00641920481635594
"74525","Invasive_Tumor","Invasive_Tumor",TRUE,0.0071907103548876
"90755","Invasive_Tumor","Invasive_Tumor",TRUE,0.00438894947006209
"79285","DCIS 2","DCIS 2",TRUE,0.1808019502393
"79171","Macrophages_2","Macrophages_2",TRUE,0.0520733803613757
"79334","Endothelial","Endothelial",TRUE,0.0845817855424956
"77708","Stromal","Stromal",TRUE,0.0680909139987068
"75001","Myoepi_ACTA2+","Myoepi_ACTA2+",TRUE,0
"104948","Myoepi_KRT15+","Myoepi_KRT15+",TRUE,0
"97085","Stromal","Stromal",TRUE,0.0441698002430686
"6099","Invasive_Tumor","Invasive_Tumor",TRUE,0.0376551116345361
"96952","CD8+_T_Cells","CD8+_T_Cells",TRUE,0.0492691576977002
"6560","Stromal","Stromal",TRUE,0
"92738","Prolif_Invasive_Tumor","Prolif_Invasive_Tumor",TRUE,0.143615388260206
"104501","Macrophages_1","Macrophages_1",TRUE,0.0711981469344284
"79332","Stromal","Stromal",TRUE,0.463382425758561
"7242","Macrophages_2","Macrophages_2",TRUE,0.193301532744137
"80266","Stromal","Stromal",TRUE,0
"102643","CD8+_T_Cells","CD8+_T_Cells",TRUE,0.159466250231726
"6304","Perivascular-Like","Perivascular-Like",TRUE,0.0665963128848426
"77642","CD4+_T_Cells","Stromal",FALSE,0.0623973430314593
"103456","Invasive_Tumor","Invasive_Tumor",TRUE,0.010889058103444
"79445","Stromal","Stromal",TRUE,0.0297854927092475
"77659","CD4+_T_Cells","CD4+_T_Cells",TRUE,0.00177283111852439
"103440","Invasive_Tumor","Invasive_Tumor",TRUE,0.252661813712379
"87823","Invasive_Tumor","Invasive_Tumor",TRUE,0.00581011993568945
"89216","Stromal","Stromal",TRUE,0.0675531375716205
"6316","Stromal","Stromal",TRUE,0.0800164897107309
"96787","B_Cells","B_Cells",TRUE,0.0197398590044021
"7249","Prolif_Invasive_Tumor","Prolif_Invasive_Tumor",TRUE,0
"8326","Myoepi_ACTA2+","Myoepi_ACTA2+",TRUE,0.0721317639894768
"89221","Endothelial","Endothelial",TRUE,0.189375198021728
"79336","Stromal","Stromal",TRUE,0.240452573480276
"80267","Stromal","Stromal",TRUE,0
"96315","Stromal","Stromal",TRUE,0.0666427003904826
"104523","DCIS 2","DCIS 2",TRUE,0
"105419","Stromal","Stromal",TRUE,0.0912846713701259
"105078","Stromal","Stromal",TRUE,0.511626296625632
"104935","DCIS 2","DCIS 2",TRUE,0
"102649","Myoepi_ACTA2+","DCIS 2",FALSE,0.032330389838906
"7121","Invasive_Tumor","Invasive_Tumor",TRUE,0.0636615184858682
"74976","Stromal","Stromal",TRUE,0.0498006348586057
"76763","CD4+_T_Cells","CD4+_T_Cells",TRUE,0.0483564128858087
"76521","B_Cells","B_Cells",TRUE,0.00848196740459421
"104941","DCIS 2","DCIS 2",TRUE,0.182981435915271
"96953","CD4+_T_Cells","CD4+_T_Cells",TRUE,0.038688299946121
"6142","DCIS 2","DCIS 2",TRUE,0
"104808","Stromal","Stromal",TRUE,0.0679410038473198
"103275","Invasive_Tumor","Invasive_Tumor",TRUE,0.00406844545014546
"103433","Prolif_Invasive_Tumor","Prolif_Invasive_Tumor",TRUE,0.00708659981819711
"75116","Macrophages_2","Macrophages_2",TRUE,0.090865885532541
"75021","Myoepi_ACTA2+","Myoepi_ACTA2+",TRUE,0.0306686304598138
"90242","Prolif_Invasive_Tumor","Prolif_Invasive_Tumor",TRUE,0.09795709071853
"6100","Macrophages_1","Macrophages_1",TRUE,0.105190653566069
"97075","Stromal","Stromal",TRUE,0.0333623406486078
"102263","Myoepi_ACTA2+","Myoepi_ACTA2+",TRUE,0.0304421376737498
"7475","Invasive_Tumor","Invasive_Tumor",TRUE,0
"73833","CD4+_T_Cells","CD4+_T_Cells",TRUE,0.727600903465486
"75103","Stromal","Stromal",TRUE,0.0588131998035208
"96788","B_Cells","B_Cells",TRUE,0.534801458559355
"74512","Invasive_Tumor","Invasive_Tumor",TRUE,0.466501478739421
"105438","Stromal","Stromal",TRUE,0
"97110","Macrophages_1","Macrophages_1",TRUE,0.0609830343445568
"102065","B_Cells","B_Cells",TRUE,0.0706768814446339
"77815","DCIS 2","DCIS 2",TRUE,0
"7094","Invasive_Tumor","Invasive_Tumor",TRUE,0.059488658416335
"74538","Prolif_Invasive_Tumor","Prolif_Invasive_Tumor",TRUE,0.00961613686084051
"7412","Perivascular-Like","Perivascular-Like",TRUE,0.0927359696372907
"104545","Stromal","Stromal",TRUE,0
"102647","Myoepi_ACTA2+","Myoepi_ACTA2+",TRUE,0.0536682295008028
"6305","IRF7+_DCs","IRF7+_DCs",TRUE,0.039149518396536
"96789","CD4+_T_Cells","CD4+_T_Cells",TRUE,0.0171893395392306
"97095","Stromal","Stromal",TRUE,0.0613677511160299
"87472","Invasive_Tumor","Invasive_Tumor",TRUE,0.0030355774657537
"102845","Stromal","Stromal",TRUE,0
"104951","DCIS 2","DCIS 2",TRUE,0.0168127432050646
"79329","Myoepi_ACTA2+","Myoepi_ACTA2+",TRUE,0.0539486307617848
"97076","CD4+_T_Cells","CD4+_T_Cells",TRUE,0.0461457616058009
"73528","Macrophages_2","Macrophages_2",TRUE,0.230167061142804
"97545","B_Cells","B_Cells",TRUE,0.0426996076747263
"7645","Stromal","Stromal",TRUE,0.0580820031468659
"102254","DCIS 2","DCIS 2",TRUE,0
"75131","B_Cells","B_Cells",TRUE,0.63827165412442
"74922","B_Cells","B_Cells",TRUE,0.0832961964391041
"103436","Invasive_Tumor","Invasive_Tumor",TRUE,0
"7105","Invasive_Tumor","Invasive_Tumor",TRUE,0
"87847","Invasive_Tumor","Invasive_Tumor",TRUE,0.00371066924919505
"74938","Stromal","Stromal",TRUE,0.0509509966597851
"102243","DCIS 2","DCIS 2",TRUE,0.0050658008631641
"79291","DCIS 2","DCIS 2",TRUE,0
"7254","Invasive_Tumor","Invasive_Tumor",TRUE,0
"73531","B_Cells","B_Cells",TRUE,0.00667257315153041
"76523","CD4+_T_Cells","CD4+_T_Cells",TRUE,0.00402754234835528
"75035","Myoepi_ACTA2+","Myoepi_ACTA2+",TRUE,0.0862776765449657
"75011","Myoepi_ACTA2+","Myoepi_ACTA2+",TRUE,0.0407915152377863
"75015","DCIS 2","DCIS 2",TRUE,0.0123505802133655
"79483","DCIS 2","DCIS 2",TRUE,0
"104957","DCIS 2","DCIS 2",TRUE,0.042080310537888
"102055","Stromal","Stromal",TRUE,0.0513068177416633
"74444","Perivascular-Like","Perivascular-Like",TRUE,0.0279000519191689
"7237","Macrophages_2","Macrophages_2",TRUE,0.0355191199684633
"7116","Invasive_Tumor","Invasive_Tumor",TRUE,0.0287276167952003
"103326","Invasive_Tumor","Invasive_Tumor",TRUE,0.000784627167984664
"97006","Stromal","Stromal",TRUE,0.0177894888659744
"97004","CD4+_T_Cells","CD4+_T_Cells",TRUE,0.00406901431244687
"97511","Stromal","Stromal",TRUE,0.0211760290514616
"105402","Myoepi_ACTA2+","Myoepi_ACTA2+",TRUE,0
"104331","Myoepi_ACTA2+","Myoepi_ACTA2+",TRUE,0.217218840950867
"79455","Stromal","Stromal",TRUE,0.0591207454605784
"103425","Invasive_Tumor","Invasive_Tumor",TRUE,0.0378704605669214
"7103","Invasive_Tumor","Invasive_Tumor",TRUE,0.00845243408347905
"97002","CD4+_T_Cells","CD4+_T_Cells",TRUE,0.00262966779043926
"102645","CD8+_T_Cells","CD8+_T_Cells",TRUE,0.0349570605573168
"77704","CD8+_T_Cells","Stromal",FALSE,0.0529603344839508
"73539","B_Cells","B_Cells",TRUE,0.0174556138290647
"79327","Myoepi_ACTA2+","Myoepi_ACTA2+",TRUE,0
"74033","Invasive_Tumor","DCIS 2",FALSE,2
"90252","Invasive_Tumor","Invasive_Tumor",TRUE,0
"75124","Stromal","Stromal",TRUE,0.0589399754824183
"90244","Prolif_Invasive_Tumor","Prolif_Invasive_Tumor",TRUE,0.00488266445268757
"96790","CD8+_T_Cells","CD8+_T_Cells",TRUE,0.0145351806236886
"74959","Stromal","Stromal",TRUE,0
"104517","DCIS 2","DCIS 2",TRUE,0.0216738162195201
"89347","Macrophages_1","Macrophages_1",TRUE,0.00652911511449461
"81296","Stromal","Stromal",TRUE,0.113745224079889
"77625","CD8+_T_Cells","CD8+_T_Cells",TRUE,0.0537082626566537
"79331","Myoepi_ACTA2+","Myoepi_ACTA2+",TRUE,0.0105865584026638
"78860","Myoepi_ACTA2+","Myoepi_ACTA2+",TRUE,0.0334110251664378
"103244","Endothelial","Endothelial",TRUE,0.131062968523812
"7124","Perivascular-Like","Perivascular-Like",TRUE,0.372304987311817
"102244","DCIS 2","DCIS 2",TRUE,0
"6301","Perivascular-Like","Perivascular-Like",TRUE,0.0410822530381376
"87844","Invasive_Tumor","Invasive_Tumor",TRUE,0.0638430459218154
"6311","Macrophages_2","Macrophages_1",FALSE,2
"76754","B_Cells","B_Cells",TRUE,0.0392042170609635
"105399","Stromal","Stromal",TRUE,0.0441044154154817
"103477","Invasive_Tumor","Invasive_Tumor",TRUE,0.00575535434904859
"96958","CD4+_T_Cells","CD4+_T_Cells",TRUE,0.00683064751769902
"77813","DCIS 2","DCIS 2",TRUE,0
"102064","Stromal","Stromal",TRUE,0.0214487571334225
"74978","Stromal","Stromal",TRUE,0.117118911002035
"77701","Stromal","Stromal",TRUE,0.0819420494651209
"104320","Stromal","Stromal",TRUE,0.0503408474682179
"87334","Invasive_Tumor","Invasive_Tumor",TRUE,0.0152617023510861
"97081","CD4+_T_Cells","CD4+_T_Cells",TRUE,0
"74530","Invasive_Tumor","Invasive_Tumor",TRUE,0
"7415","DCIS 2","DCIS 2",TRUE,0.0338830592611258
"6298","IRF7+_DCs","IRF7+_DCs",TRUE,0.00225345992102596
"87802","Endothelial","Endothelial",TRUE,0.103658570628369
"97003","CD8+_T_Cells","CD8+_T_Cells",TRUE,0.0441620988353982
"76752","CD4+_T_Cells","CD4+_T_Cells",TRUE,0.0239306871740763
"74965","CD8+_T_Cells","CD8+_T_Cells",TRUE,0.0619542759840024
"104522","DCIS 2","DCIS 2",TRUE,0.00781809877746513
"74449","Stromal","Stromal",TRUE,0.704065747989566
"105075","Stromal","Stromal",TRUE,0.012257921360057
"75003","Myoepi_ACTA2+","Myoepi_ACTA2+",TRUE,0.00228471073675204
"79328","DCIS 2","DCIS 2",TRUE,0.0243570124990661
"74509","DCIS 2","DCIS 2",TRUE,0.127592512297913
"90269","Prolif_Invasive_Tumor","DCIS 2",FALSE,1.1624061940769
"90243","Invasive_Tumor","Invasive_Tumor",TRUE,0.00157702367817181
"96956","LAMP3+_DCs","LAMP3+_DCs",TRUE,0.00391929506943284
"73977","Invasive_Tumor","Invasive_Tumor",TRUE,0.00226887015054188
"7235","CD4+_T_Cells","CD4+_T_Cells",TRUE,0.039135740406153
"87816","Invasive_Tumor","Invasive_Tumor",TRUE,0.756534248439207
"7256","Invasive_Tumor","Invasive_Tumor",TRUE,0
"102646","Macrophages_1","Macrophages_1",TRUE,0.00303327428152991
"77690","Stromal","Stromal",TRUE,0
"74992","Myoepi_ACTA2+","Myoepi_ACTA2+",TRUE,0.752297069017541
"77816","DCIS 2","DCIS 2",TRUE,0
"96426","Stromal","Stromal",TRUE,0.0682589464559545
"79282","DCIS 2","DCIS 2",TRUE,0
"90263","Invasive_Tumor","Invasive_Tumor",TRUE,0
"97520","Stromal","Stromal",TRUE,0.0230439800963798
"7114","Invasive_Tumor","Invasive_Tumor",TRUE,0
"75013","Myoepi_ACTA2+","Myoepi_ACTA2+",TRUE,0.0264886643352176
"102028","Perivascular-Like","Perivascular-Like",TRUE,0.0758077919653233
"104510","Myoepi_ACTA2+","Myoepi_ACTA2+",TRUE,0.00316190298921529
"6208","DCIS 2","DCIS 2",TRUE,0
"80265","Stromal","Stromal",TRUE,0.053565188153636
"79173","DCIS 2","DCIS 2",TRUE,0
"105445","Stromal","Stromal",TRUE,0.0505674694313042
"76759","B_Cells","B_Cells",TRUE,0.0292499411892541
"102070","Stromal","Stromal",TRUE,0.0437217597868836
"78849","Macrophages_1","Macrophages_1",TRUE,0.0543385570914465
"79447","Endothelial","Endothelial",TRUE,0.00536711805536394
"76511","CD8+_T_Cells","CD8+_T_Cells",TRUE,0.0790738352333272
"73985","Invasive_Tumor","Invasive_Tumor",TRUE,0.0631513950147244
"7122","CD4+_T_Cells","CD4+_T_Cells",TRUE,0.0386970774668779
"78891","DCIS 2","DCIS 2",TRUE,0
"102648","Myoepi_ACTA2+","Myoepi_ACTA2+",TRUE,0.103410588828204
"89349","B_Cells","Stromal",FALSE,0.0360585660360145
"105085","Stromal","Stromal",TRUE,0
"96955","CD8+_T_Cells","CD8+_T_Cells",TRUE,0.0295545531186715
"97521","Macrophages_1","Macrophages_1",TRUE,0.0827835942861864
"7644","Stromal","Stromal",TRUE,0
"77652","Macrophages_1","Macrophages_1",TRUE,0.032927221077908
"74958","Stromal","Stromal",TRUE,0
"102246","Stromal","Stromal",TRUE,0.0316486285527655
"104940","DCIS 2","DCIS 2",TRUE,0.00201075518664064
"74522","Invasive_Tumor","Invasive_Tumor",TRUE,0.0215820814413065
"77836","DCIS 2","DCIS 2",TRUE,0
"104934","Stromal","Stromal",TRUE,0.0441387710489295
"104507","Myoepi_ACTA2+","Myoepi_ACTA2+",TRUE,0.0536691257277374
"77814","DCIS 2","DCIS 2",TRUE,0
"105447","Stromal","Stromal",TRUE,0.0558185429130392
"97005","CD8+_T_Cells","CD8+_T_Cells",TRUE,0
"96791","B_Cells","B_Cells",TRUE,0.00678030616297766
"90596","Invasive_Tumor","Invasive_Tumor",TRUE,0.0990091542727129
"79481","DCIS 2","DCIS 2",TRUE,0
"87460","Invasive_Tumor","Invasive_Tumor",TRUE,0
"90582","Invasive_Tumor","Invasive_Tumor",TRUE,0
"78916","DCIS 2","DCIS 2",TRUE,0
"103276","Invasive_Tumor","Invasive_Tumor",TRUE,0
"96428","Stromal","Stromal",TRUE,0.0270632790414121
"90236","Invasive_Tumor","Invasive_Tumor",TRUE,0.00363042006694666
"73827","Macrophages_1","Macrophages_1",TRUE,0.0670493781618922
"75014","Myoepi_ACTA2+","Myoepi_ACTA2+",TRUE,0
"96957","CD4+_T_Cells","CD4+_T_Cells",TRUE,0.622464611335806
"6312","Stromal","Stromal",TRUE,0.0394005836224408
"105411","DCIS 2","DCIS 2",TRUE,0
"74979","Myoepi_ACTA2+","Stromal",FALSE,0.127697149381828
"104949","DCIS 2","DCIS 2",TRUE,0.00127803426486577
"104568","DCIS 2","DCIS 2",TRUE,0.00193321710544914
"77719","Stromal","Stromal",TRUE,0.0416989143665721
"77683","Stromal","Stromal",TRUE,0
"80263","Stromal","Stromal",TRUE,0.0261997875748901
"103473","Invasive_Tumor","Invasive_Tumor",TRUE,0.0290205730630972
"96318","Stromal","Stromal",TRUE,0
"7240","CD4+_T_Cells","Stromal",FALSE,0.0657848833365858
"6044","Invasive_Tumor","Invasive_Tumor",TRUE,0.0424032471515184
"7246","Prolif_Invasive_Tumor","Prolif_Invasive_Tumor",TRUE,0.00733087131832313
"76656","Stromal","Stromal",TRUE,0
"75130","Stromal","Stromal",TRUE,0.0830037321989627
"79168","Stromal","Stromal",TRUE,0.0460969526759948
"92736","Invasive_Tumor","Invasive_Tumor",TRUE,0.0295999827776745
"73874","Stromal","Stromal",TRUE,0.0414634122459305
"96322","Stromal","Stromal",TRUE,0
"96442","Stromal","Stromal",TRUE,0.0318494383017829
"104929","Stromal","Stromal",TRUE,0.050862786864897
"75106","Macrophages_2","Macrophages_2",TRUE,0.00578597605666879
"103482","Invasive_Tumor","Invasive_Tumor",TRUE,0
"76646","Stromal","Stromal",TRUE,0.0498635516593147
"96793","CD4+_T_Cells","CD4+_T_Cells",TRUE,0
"103279","Invasive_Tumor","Invasive_Tumor",TRUE,0
"79326","Macrophages_1","Macrophages_1",TRUE,0.0813130964468777
"77634","CD4+_T_Cells","CD4+_T_Cells",TRUE,0.0702209181542642
"104819","Stromal","Stromal",TRUE,0
"90246","Invasive_Tumor","Invasive_Tumor",TRUE,0
"7238","Macrophages_1","Macrophages_1",TRUE,0.00908498784850399
"79450","CD4+_T_Cells","CD4+_T_Cells",TRUE,0
"74996","Myoepi_ACTA2+","Myoepi_ACTA2+",TRUE,0.0628105701898735
"75101","Stromal","Stromal",TRUE,0.023566573138122
"74985","Myoepi_ACTA2+","Myoepi_ACTA2+",TRUE,0.0250440524534601
"6306","Macrophages_1","Macrophages_1",TRUE,0.00519501527300398
"79290","DCIS 2","DCIS 2",TRUE,0
"97112","CD4+_T_Cells","CD4+_T_Cells",TRUE,0.0878865667579498
"97090","Stromal","Stromal",TRUE,0.0463031663178318
"77669","CD4+_T_Cells","CD4+_T_Cells",TRUE,0.00369550156120291
"8151","Myoepi_ACTA2+","Myoepi_ACTA2+",TRUE,0.054119765580548
"104942","Myoepi_ACTA2+","Myoepi_ACTA2+",TRUE,0.018278528038302
"77640","Macrophages_2","Macrophages_2",TRUE,0.0707174139142754
"74037","Stromal","Stromal",TRUE,0.0382516503696906
"7110","Invasive_Tumor","Invasive_Tumor",TRUE,0
"74539","Invasive_Tumor","Invasive_Tumor",TRUE,0
"105408","DCIS 2","DCIS 2",TRUE,0.00460515715850729
"104937","DCIS 2","DCIS 2",TRUE,0
"96954","CD4+_T_Cells","CD4+_T_Cells",TRUE,0.0481587419313376
"97007","CD8+_T_Cells","CD8+_T_Cells",TRUE,0.016246050028982
"7424","Invasive_Tumor","Invasive_Tumor",TRUE,0.0109991710969516
"75020","Myoepi_ACTA2+","Myoepi_ACTA2+",TRUE,0.0798519427601833
"79323","Myoepi_ACTA2+","Myoepi_ACTA2+",TRUE,0.171487291947386
"7112","Macrophages_1","Macrophages_1",TRUE,0.00658749290530853
"102255","Myoepi_ACTA2+","Myoepi_ACTA2+",TRUE,0.0531208847234373
"73983","Macrophages_1","Macrophages_1",TRUE,0.0967887029862455
"102651","Myoepi_ACTA2+","Myoepi_ACTA2+",TRUE,0.184320163924345
"104565","DCIS 2","DCIS 2",TRUE,0
"77673","Stromal","Stromal",TRUE,0
"74998","DCIS 2","DCIS 2",TRUE,0.0876392146221846
"81308","Stromal","Stromal",TRUE,0.0304342883460038
"6563","Stromal","Stromal",TRUE,0
"102652","Myoepi_ACTA2+","Myoepi_ACTA2+",TRUE,0.0563484425137782
"87829","Stromal","Stromal",TRUE,0.0446548893567206
"96792","CD4+_T_Cells","CD4+_T_Cells",TRUE,0.0128820079741739
"90601","Invasive_Tumor","Invasive_Tumor",TRUE,0.00522621131134109
"102249","DCIS 1","DCIS 2",FALSE,1.95446341118465
"73536","B_Cells","B_Cells",TRUE,0
"103460","Invasive_Tumor","Prolif_Invasive_Tumor",FALSE,0.0913761801788669
"76742","Macrophages_2","Macrophages_1",FALSE,0.250256383531777
"79325","Macrophages_1","Macrophages_1",TRUE,0.0513499957822867
"6207","DCIS 2","DCIS 2",TRUE,0
"102811","Perivascular-Like","Perivascular-Like",TRUE,0.58454659960425
"74919","Macrophages_2","Macrophages_1",FALSE,1.39295852205941
"96794","CD4+_T_Cells","CD4+_T_Cells",TRUE,0.0144785554716602
"79453","Stromal","Stromal",TRUE,0.0438665234355586
"73525","Perivascular-Like","Stromal",FALSE,1.08664620304497
"96959","CD8+_T_Cells","CD8+_T_Cells",TRUE,0.055351359831776
"77657","Stromal","Stromal",TRUE,0.810574948225532
"105415","Stromal","Stromal",TRUE,0.491136179828063
"77632","Stromal","Stromal",TRUE,0
"74455","Stromal","Stromal",TRUE,0.0842643720004173
"89219","Stromal","Stromal",TRUE,0.108990268668541
"97527","Macrophages_1","Macrophages_1",TRUE,0.0488782056619362
"7250","Prolif_Invasive_Tumor","Prolif_Invasive_Tumor",TRUE,0
"73978","Stromal","Stromal",TRUE,0.0549100144170971
"102850","Stromal","Stromal",TRUE,0.062888174140483
"7243","CD4+_T_Cells","CD4+_T_Cells",TRUE,0.00322158980724241
"92737","Invasive_Tumor","Invasive_Tumor",TRUE,0
"75010","DCIS 2","DCIS 2",TRUE,0.0540142227050056
"97546","CD4+_T_Cells","CD4+_T_Cells",TRUE,0.0350872996914298
"7125","Perivascular-Like","Perivascular-Like",TRUE,0.0452608702154313
"102827","Stromal","Stromal",TRUE,0.0216570767056988
"103282","Invasive_Tumor","Invasive_Tumor",TRUE,0.134836902674683
"103418","Invasive_Tumor","Invasive_Tumor",TRUE,0.0634875971892327
"79322","Myoepi_ACTA2+","Myoepi_ACTA2+",TRUE,0.0815173195643657
"7423","Prolif_Invasive_Tumor","Prolif_Invasive_Tumor",TRUE,0.00201789897375472
"7120","Invasive_Tumor","Invasive_Tumor",TRUE,0.0101014883197598
"73540","Perivascular-Like","Perivascular-Like",TRUE,0.0419622712965246
"97077","B_Cells","B_Cells",TRUE,0.000788434145188054
"76515","Macrophages_1","Macrophages_1",TRUE,0.0516973203300512
"76753","CD8+_T_Cells","CD8+_T_Cells",TRUE,0.0190250346592481
"104112","IRF7+_DCs","IRF7+_DCs",TRUE,0.00518358864381041
"87335","Invasive_Tumor","Invasive_Tumor",TRUE,0.0153148999514558
"79480","DCIS 2","DCIS 2",TRUE,0.331938942813213
"73825","Macrophages_1","Macrophages_1",TRUE,0.351991477833165
"76750","CD4+_T_Cells","CD4+_T_Cells",TRUE,0.0214936809416196
"75096","Stromal","Stromal",TRUE,0.0695731018713563
"74453","Stromal","Stromal",TRUE,0
"78854","Stromal","Stromal",TRUE,0
"74969","Endothelial","Endothelial",TRUE,0.0949118851585544
"76517","CD4+_T_Cells","CD4+_T_Cells",TRUE,0.0458445697341781
"102057","Stromal","Stromal",TRUE,0.291096540323142
"76761","B_Cells","B_Cells",TRUE,0.0589084562180813
"97524","Stromal","Stromal",TRUE,0.0133825467544765
"79286","DCIS 2","DCIS 2",TRUE,0
"103428","Invasive_Tumor","Invasive_Tumor",TRUE,0
"75004","Myoepi_KRT15+","Myoepi_KRT15+",TRUE,0.132900124856627
"79169","DCIS 2","DCIS 2",TRUE,0.259533976732389
"6300","CD4+_T_Cells","CD4+_T_Cells",TRUE,0.0392669053858858
"74364","Perivascular-Like","Perivascular-Like",TRUE,0.00858777302058145
"74035","Invasive_Tumor","Invasive_Tumor",TRUE,0
"7108","Macrophages_1","Macrophages_1",TRUE,0.0122573036778792
"104516","DCIS 2","DCIS 2",TRUE,0.0646427831215118
"97528","CD4+_T_Cells","Stromal",FALSE,1.02178557173609
"103437","Invasive_Tumor","Invasive_Tumor",TRUE,0.0333601453138571
"73892","Stromal","Stromal",TRUE,0.0540606080357075
"97008","CD4+_T_Cells","CD4+_T_Cells",TRUE,0.00474773193593403
"7471","Invasive_Tumor","Invasive_Tumor",TRUE,0
"79324","Stromal","Stromal",TRUE,0.0412647541451309
"105429","Stromal","Stromal",TRUE,0.204990907192398
"97514","Stromal","Stromal",TRUE,0.0873732436175981
"97523","Macrophages_2","Macrophages_2",TRUE,0.0482662072049814
"104947","DCIS 2","DCIS 2",TRUE,0.00111890998037367
"102846","Stromal","Stromal",TRUE,0.0618625905835486
"102650","CD8+_T_Cells","CD8+_T_Cells",TRUE,0.0627498655549503
"96463","Stromal","Stromal",TRUE,0.173577607123993
"6297","CD8+_T_Cells","CD8+_T_Cells",TRUE,0.0163460708360401
"78909","DCIS 2","DCIS 2",TRUE,0
"90234","Invasive_Tumor","Invasive_Tumor",TRUE,0
"87470","Endothelial","Endothelial",TRUE,1.26186085233071e-05
"7107","Invasive_Tumor","Invasive_Tumor",TRUE,0.0325397091681819
"77709","Stromal","Stromal",TRUE,0.0187440542987691
"103481","Invasive_Tumor","Invasive_Tumor",TRUE,0.053298508986216
"102241","Myoepi_ACTA2+","Myoepi_KRT15+",FALSE,1.29165131877781
"6303","Macrophages_2","Macrophages_2",TRUE,0.0645277394785107
"103422","Prolif_Invasive_Tumor","Prolif_Invasive_Tumor",TRUE,0.0515855763751512
"102272","Stromal","Stromal",TRUE,0.0538014916405076
"97009","CD4+_T_Cells","CD4+_T_Cells",TRUE,0.03568119278614
"80264","Stromal","Stromal",TRUE,0.0631472929189215
"75114","B_Cells","B_Cells",TRUE,0.0370901003398834
"104803","Stromal","Stromal",TRUE,0.0579788366051959
"7422","Prolif_Invasive_Tumor","Prolif_Invasive_Tumor",TRUE,0.0045116802550786
"103442","Invasive_Tumor","Invasive_Tumor",TRUE,0.00425724002575645
"77672","CD4+_T_Cells","CD4+_T_Cells",TRUE,0.0339622565678694
"78892","DCIS 2","DCIS 2",TRUE,0.0223188126546193
"77837","DCIS 2","DCIS 2",TRUE,0
"77649","CD4+_T_Cells","CD4+_T_Cells",TRUE,0.384167574321791
"80831","Myoepi_KRT15+","Myoepi_KRT15+",TRUE,0.128565726437379
"74516","Invasive_Tumor","Invasive_Tumor",TRUE,0.0549348989972816
"77838","DCIS 2","DCIS 2",TRUE,0
"97012","CD8+_T_Cells","CD8+_T_Cells",TRUE,0.053622782364676
"104334","DCIS 2","DCIS 2",TRUE,0.0059165043817683
"102034","B_Cells","B_Cells",TRUE,0.0835100205662479
"103284","Invasive_Tumor","Invasive_Tumor",TRUE,0.000280878121531991
"97079","CD4+_T_Cells","CD4+_T_Cells",TRUE,0.0139538149212982
"74982","Myoepi_ACTA2+","Myoepi_ACTA2+",TRUE,0.0399724593823459
"103464","Invasive_Tumor","Invasive_Tumor",TRUE,0.00944168865866102
"75110","CD8+_T_Cells","CD8+_T_Cells",TRUE,0.00814942468058677
"104529","DCIS 2","DCIS 2",TRUE,0
"76654","Stromal","Stromal",TRUE,0
"73828","Macrophages_1","Macrophages_1",TRUE,0.0718278269358332
"105090","Stromal","Stromal",TRUE,0.0300499495170787
"74545","Prolif_Invasive_Tumor","Prolif_Invasive_Tumor",TRUE,0
"78865","Stromal","Stromal",TRUE,0.104992079014877
"73984","Invasive_Tumor","Invasive_Tumor",TRUE,0.018505381107677
"102240","Myoepi_ACTA2+","Myoepi_ACTA2+",TRUE,0.0444277374795333
"74993","Myoepi_KRT15+","Myoepi_KRT15+",TRUE,0.0624284075337059
"77671","CD4+_T_Cells","CD4+_T_Cells",TRUE,0
"104313","Myoepi_KRT15+","Myoepi_KRT15+",TRUE,0.0861611637243884
"87459","Stromal","Stromal",TRUE,0.0302484300110637
"96425","Stromal","Stromal",TRUE,0.0448373454185538
"104492","Stromal","Stromal",TRUE,0
"76739","Stromal","Stromal",TRUE,0.0556790179669934
"81292","Stromal","Stromal",TRUE,0.0413749849514047
"89331","Prolif_Invasive_Tumor","Prolif_Invasive_Tumor",TRUE,0.0794174801980112
"77653","CD4+_T_Cells","CD4+_T_Cells",TRUE,0.0439510401549772
"90262","Invasive_Tumor","Invasive_Tumor",TRUE,0
"7023","Macrophages_1","Macrophages_1",TRUE,0.045204299280676
"75099","Stromal","Stromal",TRUE,0
"102027","Stromal","Stromal",TRUE,0.0991096566728932
"90251","Invasive_Tumor","Invasive_Tumor",TRUE,0.0328130379606207
"97011","CD8+_T_Cells","CD8+_T_Cells",TRUE,0.0239203198296491
"75112","CD8+_T_Cells","CD8+_T_Cells",TRUE,0.0574630374682515
"96321","Stromal","Stromal",TRUE,0
"73534","Macrophages_1","Macrophages_1",TRUE,0.00590748810911207
"7247","Invasive_Tumor","Invasive_Tumor",TRUE,0.00802935767689557
"104110","Stromal","Stromal",TRUE,0.00414768573993851
"96430","Stromal","Stromal",TRUE,0.0697556533916284
"7111","Invasive_Tumor","Invasive_Tumor",TRUE,0.273136415640639
"74363","Stromal","Stromal",TRUE,0.646305804965303
"7118","Invasive_Tumor","Invasive_Tumor",TRUE,0.0157538882422839
"103468","Invasive_Tumor","Invasive_Tumor",TRUE,0.00759903572502141
"79166","Stromal","Stromal",TRUE,0.0403338197678033
"74443","CD4+_T_Cells","CD4+_T_Cells",TRUE,0.0875872928281827
"102653","Myoepi_ACTA2+","Myoepi_ACTA2+",TRUE,0.0181765651161597
"79283","DCIS 2","DCIS 2",TRUE,0.0100898674349653
"97111","CD4+_T_Cells","CD4+_T_Cells",TRUE,0.0634389850186483
"8246","Myoepi_ACTA2+","Myoepi_ACTA2+",TRUE,0.0351260267716414
"74523","Invasive_Tumor","Invasive_Tumor",TRUE,0.00408214490459587
"6307","CD4+_T_Cells","Stromal",FALSE,0.0789896143804242
"105403","Myoepi_ACTA2+","Myoepi_ACTA2+",TRUE,0.0853787279022918
"104952","DCIS 2","DCIS 2",TRUE,0
"79321","Macrophages_1","Macrophages_1",TRUE,0.207507050744869
"79175","DCIS 2","DCIS 2",TRUE,0
"97522","Stromal","Stromal",TRUE,0
"80832","Myoepi_ACTA2+","Myoepi_ACTA2+",TRUE,0.0827844872414769
"104571","DCIS 2","DCIS 2",TRUE,0
"75023","Myoepi_ACTA2+","Myoepi_ACTA2+",TRUE,0.0306495290817321
"104318","DCIS 2","DCIS 2",TRUE,0
"96966","B_Cells","B_Cells",TRUE,0.0457789028184146
"73538","Endothelial","Endothelial",TRUE,0.0700691357930747
"90233","Prolif_Invasive_Tumor","Prolif_Invasive_Tumor",TRUE,0
"77699","Stromal","Stromal",TRUE,0
"79167","DCIS 2","DCIS 2",TRUE,0.037861559400763
"74963","Stromal","Stromal",TRUE,0.0481429260970669
"74528","Invasive_Tumor","Invasive_Tumor",TRUE,0.00342167512151129
"96795","CD4+_T_Cells","CD4+_T_Cells",TRUE,0.0262406804014102
"77631","Stromal","Stromal",TRUE,0.0756864045486589
"74994","Myoepi_KRT15+","Myoepi_KRT15+",TRUE,0.0142446059090819
"104566","DCIS 2","DCIS 2",TRUE,0
"7021","Perivascular-Like","Perivascular-Like",TRUE,0.0392383331229841
"103277","Prolif_Invasive_Tumor","Prolif_Invasive_Tumor",TRUE,0.00664161144189122
"7251","Prolif_Invasive_Tumor","Prolif_Invasive_Tumor",TRUE,0
"79479","DCIS 2","DCIS 2",TRUE,0
"97078","Stromal","Stromal",TRUE,0.0438349386811214
"97010","CD8+_T_Cells","CD8+_T_Cells",TRUE,0.0491318897588783
"74505","Invasive_Tumor","Invasive_Tumor",TRUE,0
"104827","Stromal","Stromal",TRUE,0.0410802823883601
"96320","Stromal","Stromal",TRUE,0
"75019","DCIS 1","DCIS 1",TRUE,0.871203174132918
"77839","DCIS 2","DCIS 2",TRUE,0
"6206","DCIS 2","DCIS 2",TRUE,0
"80262","Stromal","Stromal",TRUE,0
"76747","Macrophages_1","Macrophages_1",TRUE,0.0503181638498422
"75121","CD4+_T_Cells","CD4+_T_Cells",TRUE,0.0708918231437563
"73527","Perivascular-Like","Perivascular-Like",TRUE,0.140162348612475
"77718","Stromal","Stromal",TRUE,0.0382612611164876
"87846","Endothelial","Endothelial",TRUE,0.943038003186706
"7236","Stromal","Stromal",TRUE,0.0255444132518285
"96468","Stromal","Stromal",TRUE,0.0857260266016549
"97082","CD4+_T_Cells","CD4+_T_Cells",TRUE,0.0768939520681112
"74975","Myoepi_ACTA2+","Myoepi_ACTA2+",TRUE,0.0596504617920466
"75000","Myoepi_KRT15+","Myoepi_KRT15+",TRUE,0.0360663586460643
"75029","Myoepi_ACTA2+","Myoepi_ACTA2+",TRUE,0.0658594440416855
"96796","CD4+_T_Cells","CD4+_T_Cells",TRUE,0.345781435654966
"90239","Prolif_Invasive_Tumor","Prolif_Invasive_Tumor",TRUE,0
"97014","CD4+_T_Cells","CD4+_T_Cells",TRUE,0.0464789814072679
"87843","Endothelial","Endothelial",TRUE,0.747634662829602
"104540","DCIS 2","DCIS 2",TRUE,0
"103278","Prolif_Invasive_Tumor","Prolif_Invasive_Tumor",TRUE,0.0298281767648341
"102810","Endothelial","Endothelial",TRUE,0.0909203508524548
"80260","Stromal","Stromal",TRUE,0.216391306822976
"76741","CD4+_T_Cells","CD4+_T_Cells",TRUE,0.0477269951150602
"104954","DCIS 2","DCIS 2",TRUE,0
"104301","Myoepi_ACTA2+","Myoepi_ACTA2+",TRUE,0
"73535","CD4+_T_Cells","Stromal",FALSE,0.0894434612394384
"104323","Stromal","Stromal",TRUE,0.0582794944818342
"102066","Stromal","Stromal",TRUE,0
"74437","Stromal","Stromal",TRUE,0.0345611617042361
"102655","Myoepi_ACTA2+","Myoepi_ACTA2+",TRUE,0.0334435384938322
"87469","Invasive_Tumor","Invasive_Tumor",TRUE,0.0128510642043547
"76751","Macrophages_2","Macrophages_1",FALSE,1.72770634054676
"103457","Invasive_Tumor","Invasive_Tumor",TRUE,0
"97013","CD4+_T_Cells","CD4+_T_Cells",TRUE,0.0293543358297394
"7123","Perivascular-Like","Perivascular-Like",TRUE,0.0166694400386815
"8318","Stromal","Stromal",TRUE,0.107711076284133
"78867","Stromal","Stromal",TRUE,0
"104956","DCIS 2","DCIS 2",TRUE,0
"104818","Myoepi_ACTA2+","Myoepi_ACTA2+",TRUE,0.0618813066633096
"105409","DCIS 2","DCIS 2",TRUE,0
"102060","Stromal","Stromal",TRUE,0.0996841622887807
"104950","DCIS 2","DCIS 2",TRUE,0.00275144934425131
"97512","Stromal","Stromal",TRUE,0
"79159","Stromal","Stromal",TRUE,0.0545880650841854
"74517","Invasive_Tumor","Invasive_Tumor",TRUE,0
"73858","Macrophages_1","Macrophages_1",TRUE,0.0888375084248141
"105084","Stromal","Stromal",TRUE,0.0369783665836058
"96964","CD8+_T_Cells","CD8+_T_Cells",TRUE,0.0263015950589929
"97518","Stromal","Stromal",TRUE,0.0350521819934552
"103415","Prolif_Invasive_Tumor","Prolif_Invasive_Tumor",TRUE,0.0299751758574836
"78905","DCIS 2","DCIS 2",TRUE,0.0246838268135493
"87834","DCIS 2","DCIS 2",TRUE,0.0205842258273583
"80830","Stromal","Stromal",TRUE,0.0497663741824814
"7233","Stromal","Stromal",TRUE,0.0311674660725223
"74537","Prolif_Invasive_Tumor","Prolif_Invasive_Tumor",TRUE,0.0574988498117245
"78884","Myoepi_ACTA2+","Myoepi_ACTA2+",TRUE,0.00103302465312377
"104575","DCIS 2","DCIS 2",TRUE,0.00850367524637347
"104289","Stromal","Stromal",TRUE,0.0654459102694032
"102253","Myoepi_ACTA2+","Myoepi_ACTA2+",TRUE,0.0453592548754484
"81304","Stromal","Stromal",TRUE,0.10085621662886
"74984","Myoepi_KRT15+","Myoepi_KRT15+",TRUE,0.0616148050164844
"87331","Invasive_Tumor","Invasive_Tumor",TRUE,0.0116600216752307
"102656","Myoepi_ACTA2+","Myoepi_ACTA2+",TRUE,0.0355808585106048
"77666","CD4+_T_Cells","CD4+_T_Cells",TRUE,0.0206014385178447
"73975","Invasive_Tumor","Invasive_Tumor",TRUE,0.106423461374358
"6294","CD4+_T_Cells","CD4+_T_Cells",TRUE,0.0482920332438852
"77678","Stromal","Stromal",TRUE,0.0194952413697255
"104944","Stromal","Stromal",TRUE,0.0736526623594695
"75127","Stromal","Stromal",TRUE,0.0645466120975536
"74350","Stromal","Stromal",TRUE,0.0381698465564639
"104816","Myoepi_ACTA2+","Myoepi_ACTA2+",TRUE,0.0660294961901198
"79275","DCIS 2","DCIS 2",TRUE,0.00826287625426469
"80828","Myoepi_ACTA2+","Myoepi_ACTA2+",TRUE,0.0493004676649933
"78903","Invasive_Tumor","Invasive_Tumor",TRUE,0
"75007","DCIS 2","DCIS 2",TRUE,0.00897460603022049
"77628","Macrophages_2","Macrophages_2",TRUE,0.070062123572602
"7117","CD8+_T_Cells","CD8+_T_Cells",TRUE,0.00853956754007962
"78897","Myoepi_ACTA2+","DCIS 2",FALSE,0.089065064030225
"104508","Myoepi_ACTA2+","DCIS 2",FALSE,0.102094686205278
"77624","Stromal","Stromal",TRUE,0
"96960","CD4+_T_Cells","CD4+_T_Cells",TRUE,0.041645910962899
"97080","CD8+_T_Cells","CD8+_T_Cells",TRUE,0.684928625493308
"97016","B_Cells","B_Cells",TRUE,0.0122540504013462
"78220","Perivascular-Like","Perivascular-Like",TRUE,0.0628585194920903
"97532","Stromal","Stromal",TRUE,0.0834258840518265
"104968","Stromal","Stromal",TRUE,0.0451663768018845
"96963","CD4+_T_Cells","CD4+_T_Cells",TRUE,0.0378383665282649
"6302","CD8+_T_Cells","CD8+_T_Cells",TRUE,0.0595947512616274
"5859","Macrophages_1","Macrophages_1",TRUE,0.093255425698031
"7239","Stromal","Stromal",TRUE,0.0248057477088713
"96325","Stromal","Stromal",TRUE,0
"103430","Invasive_Tumor","Invasive_Tumor",TRUE,0
"79457","CD4+_T_Cells","CD4+_T_Cells",TRUE,0.0429554231379196
"76756","Stromal","Stromal",TRUE,0.0541691456007934
"97531","CD4+_T_Cells","CD4+_T_Cells",TRUE,0.0229827003959596
"73974","Invasive_Tumor","Invasive_Tumor",TRUE,0.00153283332597073
"89338","Prolif_Invasive_Tumor","Prolif_Invasive_Tumor",TRUE,0
"104525","DCIS 2","DCIS 2",TRUE,0.0108978288664201
"80826","Myoepi_ACTA2+","Myoepi_ACTA2+",TRUE,0.0749770670891184
"90237","Invasive_Tumor","Invasive_Tumor",TRUE,0
"103475","Invasive_Tumor","Invasive_Tumor",TRUE,0
"87333","Endothelial","Endothelial",TRUE,0.0100913365675783
"103426","Prolif_Invasive_Tumor","Prolif_Invasive_Tumor",TRUE,0
"78874","Stromal","Stromal",TRUE,0
"97018","B_Cells","B_Cells",TRUE,0.0637391189431549
"102245","Myoepi_ACTA2+","Myoepi_ACTA2+",TRUE,0.0748306975891854
"104502","Stromal","Stromal",TRUE,0.0231697093265779
"103444","Invasive_Tumor","Invasive_Tumor",TRUE,0
"89218","Stromal","Stromal",TRUE,0.109463524587485
"79287","DCIS 2","DCIS 2",TRUE,0.00793295851361421
"96327","Stromal","Stromal",TRUE,0.112572010871686
"104514","DCIS 2","DCIS 2",TRUE,0
"87825","Stromal","Stromal",TRUE,0.0982574888233251
"97326","Stromal","Stromal",TRUE,0.0510954170108426
"103490","Invasive_Tumor","Invasive_Tumor",TRUE,0
"103465","DCIS 2","DCIS 2",TRUE,0.004662852519593
"87468","Stromal","Stromal",TRUE,0.0558216024593658
"97529","Stromal","Stromal",TRUE,0.0592224249624296
"104814","Stromal","Stromal",TRUE,0.0399348707621816
"6204","DCIS 2","DCIS 2",TRUE,0
"105405","DCIS 2","DCIS 2",TRUE,0.0381052744540935
"77643","B_Cells","B_Cells",TRUE,0.0599436506957888
"6296","Stromal","Stromal",TRUE,0.131349200119776
"78227","Stromal","Stromal",TRUE,0.0379211928581187
"105444","Stromal","Stromal",TRUE,0.0637174129264405
"102049","CD8+_T_Cells","Stromal",FALSE,0.0554486473037882
"80829","Endothelial","Endothelial",TRUE,0.56428103599014
"103274","Invasive_Tumor","Invasive_Tumor",TRUE,0.0103717193530554
"105086","Stromal","Stromal",TRUE,0.050868292152578
"104802","Perivascular-Like","Stromal",FALSE,0.0616832901870685
"105088","Myoepi_ACTA2+","Myoepi_ACTA2+",TRUE,0.0576050418808002
"97526","Stromal","Stromal",TRUE,0.0739416417790951
"80824","Myoepi_ACTA2+","Myoepi_ACTA2+",TRUE,0.0465851416747172
"90232","Invasive_Tumor","Invasive_Tumor",TRUE,0
"80825","DCIS 2","DCIS 2",TRUE,0.00168117271622667
"104943","DCIS 2","DCIS 2",TRUE,0.0254718572494605
"102067","B_Cells","B_Cells",TRUE,0.0418234972006546
"102029","Macrophages_2","Macrophages_2",TRUE,0.0986951306160993
"80827","Macrophages_1","Macrophages_1",TRUE,0.00896268596777383
"77811","DCIS 2","DCIS 2",TRUE,0
"7460","Invasive_Tumor","Invasive_Tumor",TRUE,0
"90268","Invasive_Tumor","Invasive_Tumor",TRUE,0.0490503047451427
"75117","Endothelial","Endothelial",TRUE,0.0796094008864126
"74972","Myoepi_ACTA2+","Myoepi_ACTA2+",TRUE,0.0574473791176229
"75104","Stromal","Stromal",TRUE,0.026187927391234
"77661","B_Cells","B_Cells",TRUE,0.064692022652458
"103445","Stromal","Stromal",TRUE,0.665135284702622
"96798","CD4+_T_Cells","CD4+_T_Cells",TRUE,0.0755169945507619
"80820","Myoepi_ACTA2+","Myoepi_ACTA2+",TRUE,0.0844217015002472
"96962","CD4+_T_Cells","CD4+_T_Cells",TRUE,0.0429388728769358
"89348","Macrophages_2","Macrophages_2",TRUE,0.0643538325680639
"75097","Macrophages_1","Stromal",FALSE,0.147268666375356
"103424","Prolif_Invasive_Tumor","Prolif_Invasive_Tumor",TRUE,0
"105416","Stromal","Stromal",TRUE,0.0760244289813753
"90258","Invasive_Tumor","Invasive_Tumor",TRUE,0.0460895312058363
"105440","Stromal","Stromal",TRUE,0
"6299","CD4+_T_Cells","CD4+_T_Cells",TRUE,0.0847748465942448
"102654","Myoepi_ACTA2+","Myoepi_ACTA2+",TRUE,0.0173800706649875
"102040","Stromal","Stromal",TRUE,0.0354621427538724
"77658","Stromal","Stromal",TRUE,0.0407347675500386
"80259","Myoepi_ACTA2+","Stromal",FALSE,0.115445810399652
"104300","DCIS 2","DCIS 2",TRUE,0.00419385417224996
"80823","Myoepi_KRT15+","Myoepi_KRT15+",TRUE,0.00845033125987739
"74511","Invasive_Tumor","Invasive_Tumor",TRUE,0.0119545225580312
"104538","DCIS 2","DCIS 2",TRUE,0.0687502455501142
"102242","Myoepi_ACTA2+","Myoepi_ACTA2+",TRUE,0.0425049067561912
"6291","CD4+_T_Cells","CD4+_T_Cells",TRUE,0.0535597848633875
"75024","Myoepi_ACTA2+","Myoepi_ACTA2+",TRUE,0.0930451607823312
"96970","B_Cells","B_Cells",TRUE,0.0212770328801571
"78219","Endothelial","Endothelial",TRUE,0
"7020","Perivascular-Like","Perivascular-Like",TRUE,0
"104284","Myoepi_ACTA2+","Myoepi_ACTA2+",TRUE,0
"7030","CD8+_T_Cells","CD8+_T_Cells",TRUE,0.0219768927082097
"103484","Prolif_Invasive_Tumor","Prolif_Invasive_Tumor",TRUE,0.00439462342006471
"74366","Stromal","Stromal",TRUE,0.13701260487737
"79478","DCIS 2","DCIS 2",TRUE,0
"7027","Stromal","Stromal",TRUE,0.060947468451706
"104546","Stromal","Stromal",TRUE,0.0418664942091661
"7119","Perivascular-Like","Perivascular-Like",TRUE,0.0119218579164714
"73537","Endothelial","Endothelial",TRUE,0.101864962085909
"89341","Prolif_Invasive_Tumor","Prolif_Invasive_Tumor",TRUE,0
"96431","Stromal","Stromal",TRUE,0
"102058","Stromal","Stromal",TRUE,0.103330004352529
"89217","Stromal","Stromal",TRUE,0.142055900894966
"96969","Macrophages_1","Macrophages_1",TRUE,0.000794820730478402
"74960","Macrophages_1","Stromal",FALSE,0.0834432491747106
"87801","Endothelial","Endothelial",TRUE,0.00299816568235395
"77812","DCIS 2","DCIS 2",TRUE,0.227607792124481
"102829","Stromal","Stromal",TRUE,0.0742750999855151
"77840","DCIS 2","DCIS 2",TRUE,0
"77696","Macrophages_1","Macrophages_1",TRUE,0.0477459522445614
"7231","Stromal","Stromal",TRUE,0.0501739666354513
"104121","Stromal","Stromal",TRUE,0.0279684158853035
"77665","CD8+_T_Cells","CD8+_T_Cells",TRUE,0.0428555218355315
"73826","Macrophages_1","Macrophages_1",TRUE,0.0598819524029366
"90270","Invasive_Tumor","Invasive_Tumor",TRUE,0.0389503692765359
"97015","CD4+_T_Cells","CD4+_T_Cells",TRUE,0.0558667686123556
"79164","DCIS 2","DCIS 2",TRUE,0.038757767044543
"102286","Macrophages_1","Macrophages_1",TRUE,0.0648300113262343
"102053","Stromal","Stromal",TRUE,0.0343820255106189
"96429","Stromal","Stromal",TRUE,0
"73979","Stromal","Stromal",TRUE,0.0922340574888312
"88651","Stromal","Stromal",TRUE,0.0625396327358481
"6292","CD4+_T_Cells","CD4+_T_Cells",TRUE,0.0622392003993019
"90247","Invasive_Tumor","Invasive_Tumor",TRUE,0
"74440","CD8+_T_Cells","CD8+_T_Cells",TRUE,0.0709453529955917
"79162","Stromal","Stromal",TRUE,0.00789119736538205
"97519","Stromal","Stromal",TRUE,0.0341168733036053
"74991","Myoepi_KRT15+","Myoepi_KRT15+",TRUE,0
"79278","DCIS 2","DCIS 2",TRUE,0
"74498","Invasive_Tumor","Invasive_Tumor",TRUE,0
"104807","Stromal","Stromal",TRUE,0.0066314690585185
"87332","Invasive_Tumor","Invasive_Tumor",TRUE,0.00250552012621457
"80821","Endothelial","Stromal",FALSE,1.05180904334518
"104312","DCIS 2","DCIS 2",TRUE,0.00463835885843389
"104497","Stromal","Stromal",TRUE,0
"96467","Stromal","Stromal",TRUE,0
"104107","Myoepi_ACTA2+","Myoepi_ACTA2+",TRUE,0.0687130823130915
"104530","DCIS 2","DCIS 2",TRUE,0.00370930728140495
"89215","Endothelial","Endothelial",TRUE,0.545887641779615
"103419","Prolif_Invasive_Tumor","Prolif_Invasive_Tumor",TRUE,0.00365014176114073
"104176","DCIS 2","DCIS 2",TRUE,0
"104117","Stromal","Stromal",TRUE,0
"78924","DCIS 2","DCIS 2",TRUE,0
"77680","Stromal","Stromal",TRUE,0.0524273087875138
"90230","Invasive_Tumor","Invasive_Tumor",TRUE,0.055535432986296
"104279","Stromal","Stromal",TRUE,0.0441856745757862
"96324","Stromal","Stromal",TRUE,0
"76743","B_Cells","B_Cells",TRUE,0.0599155384156773
"74450","Stromal","Stromal",TRUE,0.0352989695418466
"77651","Stromal","Stromal",TRUE,0.266785115332918
"104563","DCIS 2","DCIS 2",TRUE,0.0238835190775522
"75095","Macrophages_1","Macrophages_1",TRUE,0.0731184502876714
"76748","B_Cells","B_Cells",TRUE,0.0791981432581936
"75030","DCIS 2","DCIS 2",TRUE,0.0324217791592115
"96466","Stromal","Stromal",TRUE,0
"79165","DCIS 2","DCIS 2",TRUE,0.0122899229216062
"97019","Stromal","Stromal",TRUE,0.0562660327591025
"96797","CD8+_T_Cells","CD8+_T_Cells",TRUE,0.0402420853759554
"81300","CD4+_T_Cells","CD4+_T_Cells",TRUE,0.0633405066893114
"81299","B_Cells","B_Cells",TRUE,0.0440208263178315
"74503","Invasive_Tumor","Invasive_Tumor",TRUE,0.0533622677577889
"77685","Stromal","Stromal",TRUE,0
"81307","Stromal","Stromal",TRUE,0.0350189288559087
"103320","Invasive_Tumor","Invasive_Tumor",TRUE,0
"80598","Stromal","Stromal",TRUE,0
"103324","Prolif_Invasive_Tumor","Prolif_Invasive_Tumor",TRUE,0.00482756395353115
"103429","Invasive_Tumor","Invasive_Tumor",TRUE,0.00477908345928249
"73972","Invasive_Tumor","Invasive_Tumor",TRUE,0.00196292947407972
"104959","DCIS 2","DCIS 2",TRUE,0
"78228","Stromal","Stromal",TRUE,0.0347386177102209
"76740","B_Cells","B_Cells",TRUE,0.0327304116999712
"73952","Macrophages_1","Macrophages_1",TRUE,0.0822182548262104
"87362","Macrophages_1","Macrophages_1",TRUE,0.351141267949547
"96965","CD4+_T_Cells","CD4+_T_Cells",TRUE,0
"102666","Myoepi_ACTA2+","Myoepi_ACTA2+",TRUE,0.0479561610617145
"6205","DCIS 2","DCIS 2",TRUE,0
"97021","Stromal","Stromal",TRUE,0.0574052961260856
"105131","Stromal","Stromal",TRUE,0
"77843","DCIS 2","DCIS 2",TRUE,0
"6288","Macrophages_1","Macrophages_1",TRUE,0.000420135134414523
"97280","Stromal","Stromal",TRUE,0.036441765558762
"6203","DCIS 2","DCIS 2",TRUE,0
"77717","Macrophages_1","Macrophages_1",TRUE,0.0569190156592713
"87327","Invasive_Tumor","Invasive_Tumor",TRUE,0.0437068037037139
"74967","Myoepi_ACTA2+","Myoepi_ACTA2+",TRUE,0.0450488499985187
"96799","B_Cells","B_Cells",TRUE,0.00982755889204955
"104499","Stromal","Stromal",TRUE,0
"104282","DCIS 2","DCIS 2",TRUE,0.0536094515003933
"105102","Macrophages_1","Macrophages_1",TRUE,0.0706626262029839
"75100","Stromal","Stromal",TRUE,0.0470769431025291
"97017","CD4+_T_Cells","CD4+_T_Cells",TRUE,0.0531887043840526
"75008","Myoepi_KRT15+","Myoepi_KRT15+",TRUE,0.135324055868865
"104953","DCIS 2","DCIS 2",TRUE,0
"77664","CD4+_T_Cells","CD4+_T_Cells",TRUE,0.0465598226631235
"6285","CD4+_T_Cells","CD4+_T_Cells",TRUE,0.052361759556066
"77633","Stromal","Stromal",TRUE,0.100469517362514
"105142","Stromal","Stromal",TRUE,0
"102817","Endothelial","Endothelial",TRUE,0.00471134997968196
"96967","Macrophages_1","Macrophages_1",TRUE,0.00810670261876834
"74520","Prolif_Invasive_Tumor","Prolif_Invasive_Tumor",TRUE,0
"102844","Stromal","Stromal",TRUE,0.0280726151579266
"80258","Stromal","Stromal",TRUE,0
"78907","DCIS 2","DCIS 2",TRUE,0.0176059836182847
"96427","Stromal","Stromal",TRUE,0.0521838097881582
"105427","Stromal","Stromal",TRUE,0.0278152074870102
"74981","Myoepi_KRT15+","Myoepi_KRT15+",TRUE,0
"104570","DCIS 2","DCIS 2",TRUE,0.0112922232357233
"102813","Endothelial","Endothelial",TRUE,0.0711705001807443
"79163","Myoepi_ACTA2+","DCIS 2",FALSE,0.0501720937786097
"7032","Stromal","Stromal",TRUE,0.0774109485385808
"103421","Prolif_Invasive_Tumor","Prolif_Invasive_Tumor",TRUE,0.0248348155182931
"77626","Stromal","Stromal",TRUE,0.0544462113392561
"76745","CD8+_T_Cells","CD8+_T_Cells",TRUE,0.0489872712753164
"103459","Invasive_Tumor","Invasive_Tumor",TRUE,0.0587259291554761
"105441","Stromal","Stromal",TRUE,0.0344701169647697
"104821","DCIS 2","DCIS 2",TRUE,0.0374731128142005
"87467","Stromal","Stromal",TRUE,0.0841750430459868
"103463","Invasive_Tumor","Invasive_Tumor",TRUE,0.0581931316870603
"75018","DCIS 2","DCIS 2",TRUE,0.0240098826758201
"96800","B_Cells","B_Cells",TRUE,0.0254436739620049
"89326","Invasive_Tumor","Invasive_Tumor",TRUE,0.00140025650167133
"74999","Myoepi_KRT15+","Myoepi_KRT15+",TRUE,0
"79477","DCIS 2","DCIS 2",TRUE,0
"78901","Myoepi_ACTA2+","Myoepi_ACTA2+",TRUE,0.0476291197548533
"79160","Myoepi_ACTA2+","Myoepi_ACTA2+",TRUE,0.0851542835529209
"79158","CD8+_T_Cells","Stromal",FALSE,0.0624459746883361
"78214","CD4+_T_Cells","CD4+_T_Cells",TRUE,0
"77655","Endothelial","Endothelial",TRUE,0.0442097158697782
"104116","Stromal","Stromal",TRUE,0.102174643583651
"80059","Stromal","Stromal",TRUE,0
"78919","DCIS 2","DCIS 2",TRUE,0.0264279399863666
"102841","Stromal","Stromal",TRUE,0.0343567372991025
"74441","Stromal","Stromal",TRUE,0.0196470107155241
"87365","Perivascular-Like","Perivascular-Like",TRUE,0
"80822","Stromal","Stromal",TRUE,0
"97533","Stromal","Stromal",TRUE,0
"77693","Macrophages_1","Macrophages_1",TRUE,0.0613891448519001
"80817","Myoepi_ACTA2+","Myoepi_ACTA2+",TRUE,0.0263213953500991
"74970","Myoepi_ACTA2+","Myoepi_ACTA2+",TRUE,0.0409906249187126
"78208","Endothelial","Endothelial",TRUE,0.252371759626654
"7025","Perivascular-Like","Perivascular-Like",TRUE,0.0564613857185716
"80818","Myoepi_ACTA2+","Myoepi_ACTA2+",TRUE,0.104647281864979
"102248","Stromal","Stromal",TRUE,0.0319749288994153
"76737","CD4+_T_Cells","CD4+_T_Cells",TRUE,0.0586410743797806
"7024","Endothelial","Endothelial",TRUE,0.0286762706572125
"102039","Macrophages_2","Macrophages_2",TRUE,0.0510043358250568
"73973","Invasive_Tumor","Invasive_Tumor",TRUE,0
"6201","DCIS 2","DCIS 2",TRUE,0
"75088","Macrophages_2","Macrophages_2",TRUE,0.131018892277905
"97282","Stromal","Stromal",TRUE,0.858567009550005
"104164","Myoepi_ACTA2+","Myoepi_ACTA2+",TRUE,0.0712420669548251
"97020","CD8+_T_Cells","CD8+_T_Cells",TRUE,0.0519409734595604
"73521","Prolif_Invasive_Tumor","Prolif_Invasive_Tumor",TRUE,0.0568468393079835
"90228","Invasive_Tumor","Invasive_Tumor",TRUE,0
"103472","Invasive_Tumor","Invasive_Tumor",TRUE,0.00180280052716549
"81294","Stromal","Stromal",TRUE,0.0554154345344332
"97534","Macrophages_1","Macrophages_1",TRUE,0.0683283229870964
"96432","Stromal","Stromal",TRUE,0.0444267557019913
"78887","Stromal","Stromal",TRUE,0
"102025","Macrophages_1","Macrophages_1",TRUE,0.0642177588071083
"7421","Invasive_Tumor","Invasive_Tumor",TRUE,0
"104817","Myoepi_ACTA2+","Myoepi_ACTA2+",TRUE,0.0302521848688785
"105093","Myoepi_ACTA2+","Myoepi_ACTA2+",TRUE,0
"89330","Prolif_Invasive_Tumor","Prolif_Invasive_Tumor",TRUE,0
"73976","Macrophages_1","Macrophages_1",TRUE,0.0208142554142565
"96971","CD4+_T_Cells","CD4+_T_Cells",TRUE,0.0589711531008092
"103478","Invasive_Tumor","Invasive_Tumor",TRUE,0
"79274","DCIS 1","DCIS 1",TRUE,0.00869645323234722
"104172","DCIS 2","DCIS 2",TRUE,0.208664728560035
"102847","Stromal","Stromal",TRUE,0.0261526195461053
"103423","Invasive_Tumor","Invasive_Tumor",TRUE,0.0324842772269022
"96469","Stromal","Stromal",TRUE,0.0771736256672165
"79155","Stromal","Stromal",TRUE,0
"75120","Stromal","Stromal",TRUE,0.066636137111383
"73963","Stromal","Stromal",TRUE,0.0404968359967759
"96802","CD8+_T_Cells","CD8+_T_Cells",TRUE,0.056697252233833
"96801","CD8+_T_Cells","CD8+_T_Cells",TRUE,0.0472241877966954
"74365","Stromal","Stromal",TRUE,0.0224700060083177
"6295","Macrophages_2","Macrophages_2",TRUE,0.0330817051442397
"105432","Stromal","Stromal",TRUE,0
"102657","Macrophages_1","Stromal",FALSE,0.0842740017809442
"104964","Endothelial","Endothelial",TRUE,0.112987369655119
"87458","Endothelial","Endothelial",TRUE,0.917364186213729
"88652","Stromal","Stromal",TRUE,0.0458126212919889
"89323","Invasive_Tumor","Invasive_Tumor",TRUE,0.0247301376841706
"80261","Stromal","Stromal",TRUE,0
"103412","Prolif_Invasive_Tumor","Prolif_Invasive_Tumor",TRUE,0.0741386126458886
"104520","DCIS 2","DCIS 2",TRUE,0
"90235","Invasive_Tumor","Invasive_Tumor",TRUE,0.163316302226068
"77706","Stromal","Stromal",TRUE,0.0352342475956808
"75122","CD8+_T_Cells","CD8+_T_Cells",TRUE,0.0394297444339865
"74462","Invasive_Tumor","Invasive_Tumor",TRUE,0.0181087964173632
"96968","CD8+_T_Cells","CD8+_T_Cells",TRUE,0.0732688209055621
"104187","DCIS 2","DCIS 2",TRUE,0
"74326","Stromal","Stromal",TRUE,0.060580023775736
"80816","Myoepi_ACTA2+","Myoepi_ACTA2+",TRUE,0
"78223","Stromal","Stromal",TRUE,0.0631351809851741
"104181","Myoepi_KRT15+","Myoepi_KRT15+",TRUE,0.0271273363179971
"102281","Stromal","Stromal",TRUE,0
"74436","Stromal","Stromal",TRUE,0
"87330","Stromal","Stromal",TRUE,0.0933958035339789
"104820","DCIS 2","DCIS 2",TRUE,0
"87794","Endothelial","Endothelial",TRUE,0.0167623640021774
"102050","Stromal","Stromal",TRUE,0.0527014064099474
"104536","DCIS 2","DCIS 2",TRUE,0
"74532","Invasive_Tumor","Invasive_Tumor",TRUE,0.00586481477282769
"97283","Stromal","Stromal",TRUE,0.144957086134047
"5851","Perivascular-Like","Perivascular-Like",TRUE,0
"80814","Myoepi_ACTA2+","Myoepi_ACTA2+",TRUE,0.205095233237304
"103174","Invasive_Tumor","Invasive_Tumor",TRUE,0
"97525","Stromal","Stromal",TRUE,0.0339497614831419
"74454","Stromal","Stromal",TRUE,0.0699918919856767
"87328","Macrophages_1","Macrophages_1",TRUE,0.784527196370934
"79476","DCIS 2","DCIS 2",TRUE,0.0278191636097993
"8185","Macrophages_1","Macrophages_1",TRUE,0.0788855839913656
"90241","Invasive_Tumor","Invasive_Tumor",TRUE,0.0134022129423571
"6293","IRF7+_DCs","IRF7+_DCs",TRUE,0.0272889499033017
"77648","Macrophages_2","Macrophages_2",TRUE,0.0457370258046912
"97537","Stromal","Stromal",TRUE,0.057675721297979
"96328","Stromal","Stromal",TRUE,0
"78211","CD4+_T_Cells","CD4+_T_Cells",TRUE,0.00537748532895418
"74977","Myoepi_KRT15+","Myoepi_KRT15+",TRUE,0.0724901885619492
"5853","Perivascular-Like","Perivascular-Like",TRUE,0
"74510","Invasive_Tumor","Invasive_Tumor",TRUE,0.477563102621388
"87457","Endothelial","Endothelial",TRUE,0.102863074546847
"87826","Stromal","Stromal",TRUE,0.0227624128054661
"89336","Invasive_Tumor","Invasive_Tumor",TRUE,0.0129911070649427
"104527","DCIS 2","DCIS 2",TRUE,0.00493393389679641
"101745","Stromal","Stromal",TRUE,0.0450050877853754
"104274","Myoepi_ACTA2+","Myoepi_ACTA2+",TRUE,0.0672881509631133
"104809","Stromal","Stromal",TRUE,0.0436787980213264
"90249","Stromal","Stromal",TRUE,0.0891089810666907
"80819","Endothelial","Endothelial",TRUE,0.0830741989839219
"102063","Stromal","Stromal",TRUE,0.033563630740654
"7022","Perivascular-Like","Perivascular-Like",TRUE,0.435487531545124
"81306","Macrophages_2","Macrophages_2",TRUE,0.373894393277213
"104509","Myoepi_ACTA2+","Myoepi_ACTA2+",TRUE,0.208310904365793
"75126","Macrophages_1","Macrophages_1",TRUE,0.0648943177300139
"96319","Stromal","Stromal",TRUE,0
"90245","Prolif_Invasive_Tumor","Prolif_Invasive_Tumor",TRUE,0
"75118","Endothelial","Endothelial",TRUE,0.044611352893168
"77663","Endothelial","Perivascular-Like",FALSE,0.0309956182513147
"80050","Stromal","Stromal",TRUE,0.0411749343291377
"96331","Stromal","Stromal",TRUE,0.0503823775330481
"105087","Myoepi_ACTA2+","Myoepi_ACTA2+",TRUE,0.0844472127193432
"77698","Macrophages_1","Macrophages_1",TRUE,0.0250342428852543
"75128","Stromal","Stromal",TRUE,0.125914994615782
"79273","DCIS 1","DCIS 1",TRUE,0.00215853149416637
"5850","Endothelial","Endothelial",TRUE,0.123246660852878
"77641","Stromal","Stromal",TRUE,0
"87342","Endothelial","Endothelial",TRUE,0
"96326","Macrophages_2","Macrophages_2",TRUE,0.106724465726342
"104955","DCIS 2","DCIS 2",TRUE,0
"78202","Macrophages_1","Macrophages_1",TRUE,0.0132617700835912
"74504","Invasive_Tumor","Invasive_Tumor",TRUE,0.00893541011636504
"87361","Macrophages_1","Macrophages_1",TRUE,0.0176048073824236
"104283","DCIS 2","DCIS 2",TRUE,0.239018830355146
"104547","Stromal","Stromal",TRUE,0.058245268092959
"80054","Stromal","Stromal",TRUE,0.0370690135831503
"104813","Stromal","Stromal",TRUE,0.0571681269692884
"7232","Macrophages_1","Macrophages_1",TRUE,0.0893506656567747
"74524","Invasive_Tumor","Invasive_Tumor",TRUE,0.00299671199406172
"74360","Stromal","Stromal",TRUE,0.0752501948404979
"75012","Myoepi_KRT15+","Myoepi_KRT15+",TRUE,0
"102257","Stromal","Stromal",TRUE,0.07430650366645
"78193","Perivascular-Like","Perivascular-Like",TRUE,0.010956152438436
"7028","CD4+_T_Cells","CD4+_T_Cells",TRUE,0.00191511579425072
"96803","LAMP3+_DCs","LAMP3+_DCs",TRUE,0.0320717468634689
"104120","Myoepi_ACTA2+","Myoepi_ACTA2+",TRUE,0
"87796","Endothelial","Endothelial",TRUE,0
"104963","Myoepi_ACTA2+","Myoepi_ACTA2+",TRUE,0.0669719409502799
"73526","Stromal","Stromal",TRUE,0.0267304957293601
"104960","DCIS 2","DCIS 2",TRUE,0.00655221830576846
"105136","Stromal","Stromal",TRUE,0
"75109","B_Cells","B_Cells",TRUE,0.0586340913720095
"103323","Invasive_Tumor","Invasive_Tumor",TRUE,0
"6282","Stromal","Stromal",TRUE,0.0203763356776197
"97328","CD4+_T_Cells","CD4+_T_Cells",TRUE,0.0599050925897697
"104572","Myoepi_KRT15+","Myoepi_KRT15+",TRUE,0
"87341","CD4+_T_Cells","CD4+_T_Cells",TRUE,0.0277598033466434
"87804","Stromal","Stromal",TRUE,0.126169550995747
"103178","Prolif_Invasive_Tumor","Prolif_Invasive_Tumor",TRUE,0.00463540983063359
"97536","Stromal","Stromal",TRUE,0.0474950971782246
"5845","Perivascular-Like","Perivascular-Like",TRUE,0.0279188438507567
"79153","Stromal","Stromal",TRUE,0
"96975","CD8+_T_Cells","CD8+_T_Cells",TRUE,0.0438371771610022
"8147","CD8+_T_Cells","Stromal",FALSE,0.0591951422006045
"104277","Myoepi_KRT15+","Myoepi_KRT15+",TRUE,0.111215854454426
"87321","Prolif_Invasive_Tumor","Prolif_Invasive_Tumor",TRUE,0
"79473","DCIS 2","DCIS 2",TRUE,0
"6040","Perivascular-Like","Perivascular-Like",TRUE,0.0403162239390119
"79876","DCIS 2","DCIS 2",TRUE,0
"74354","Stromal","Stromal",TRUE,0.0891480391658759
"96713","Macrophages_1","B_Cells",FALSE,0.0167783151474059
"73961","Perivascular-Like","Perivascular-Like",TRUE,0.065295653347045
"96977","LAMP3+_DCs","LAMP3+_DCs",TRUE,0.00249729405152843
"102252","CD4+_T_Cells","CD4+_T_Cells",TRUE,0.0774016604983741
"6289","CD4+_T_Cells","CD4+_T_Cells",TRUE,0.0268902756504338
"80949","Stromal","Stromal",TRUE,0.0358530753680707
"90238","Invasive_Tumor","Invasive_Tumor",TRUE,0.0058709959756333
"8376","Stromal","Stromal",TRUE,0.0429403600954452
"77637","Stromal","Stromal",TRUE,0.0454548118099786
"6286","CD4+_T_Cells","CD4+_T_Cells",TRUE,0.234040275358135
"80944","Stromal","Stromal",TRUE,0
"87364","Macrophages_1","Macrophages_1",TRUE,0.0313883276528208
"104310","Myoepi_KRT15+","Myoepi_KRT15+",TRUE,0.0729429927052642
"7031","Stromal","Stromal",TRUE,0
"103405","Invasive_Tumor","Invasive_Tumor",TRUE,0.00121717857439653
"89214","Stromal","Stromal",TRUE,0.0520595908137423
"104500","Macrophages_1","Macrophages_1",TRUE,0.0969465405399728
"77629","B_Cells","B_Cells",TRUE,0.0680344109235915
"103480","Invasive_Tumor","Invasive_Tumor",TRUE,0.00358630308282758
"78898","Stromal","Stromal",TRUE,0
"7033","CD8+_T_Cells","CD8+_T_Cells",TRUE,0.0458787713698682
"74431","DCIS 1","Invasive_Tumor",FALSE,1.62743263515643
"78213","B_Cells","B_Cells",TRUE,0.0444044214544406
"105130","B_Cells","B_Cells",TRUE,0.0559473749218802
"102038","CD8+_T_Cells","CD8+_T_Cells",TRUE,0.0341036150884598
"104133","Stromal","Stromal",TRUE,0.0738679777155984
"88646","Macrophages_2","Macrophages_1",FALSE,1.68458446824763
"7039","Macrophages_1","Macrophages_1",TRUE,0.0306732648017184
"6199","DCIS 2","DCIS 2",TRUE,0
"75031","DCIS 2","DCIS 2",TRUE,0.0151792341839146
"104111","DCIS 2","DCIS 2",TRUE,0.0283018478438297
"105099","Myoepi_ACTA2+","Myoepi_ACTA2+",TRUE,0.0522659678562368
"81298","Macrophages_1","Macrophages_1",TRUE,0.00402757902340309
"103486","Invasive_Tumor","Invasive_Tumor",TRUE,0.0207026643553995
"7035","Macrophages_1","Macrophages_1",TRUE,0.00324572680792751
"103448","Stromal","Stromal",TRUE,0.0303036775661912
"105098","DCIS 2","DCIS 2",TRUE,0.0399168945834813
"103427","Invasive_Tumor","Invasive_Tumor",TRUE,0
"87466","Prolif_Invasive_Tumor","Prolif_Invasive_Tumor",TRUE,0.0174582491906206
"78218","CD8+_T_Cells","CD8+_T_Cells",TRUE,0.032818556477437
"103028","Perivascular-Like","Perivascular-Like",TRUE,0.0785517545890762
"79161","DCIS 2","DCIS 2",TRUE,0
"104299","DCIS 2","DCIS 2",TRUE,0.0216617615825612
"78224","Stromal","Stromal",TRUE,0.0513448430459468
"75027","Myoepi_KRT15+","Myoepi_KRT15+",TRUE,0.0861675302635906
"74980","Myoepi_KRT15+","Myoepi_KRT15+",TRUE,0.00656533552406482
"105089","Myoepi_ACTA2+","Myoepi_ACTA2+",TRUE,0.0521603154235172
"74490","Invasive_Tumor","Invasive_Tumor",TRUE,0.00692128123727082
"104114","DCIS 2","DCIS 2",TRUE,0.0216312328721433
"96972","CD4+_T_Cells","CD4+_T_Cells",TRUE,0.0777075102127099
"76738","CD8+_T_Cells","CD8+_T_Cells",TRUE,0.384632369149379
"102828","Stromal","Stromal",TRUE,0.0208117962361828
"104504","Stromal","Stromal",TRUE,0.0443767287874863
"96973","B_Cells","B_Cells",TRUE,0.055784975736421
"104823","DCIS 2","DCIS 2",TRUE,0.0174841305820866
"103417","Invasive_Tumor","Invasive_Tumor",TRUE,0.00461452049444252
"77676","Stromal","Stromal",TRUE,0
"87323","Invasive_Tumor","Invasive_Tumor",TRUE,0.0338123561121499
"74820","Macrophages_1","Macrophages_1",TRUE,0.00714609109712156
"79475","DCIS 2","DCIS 2",TRUE,0.0653389797957789
"74506","Invasive_Tumor","Invasive_Tumor",TRUE,0.00617926674601289
"97530","Stromal","Stromal",TRUE,0.0274644061959875
"7469","Prolif_Invasive_Tumor","Prolif_Invasive_Tumor",TRUE,0.0103380998440514
"102043","Stromal","Stromal",TRUE,0.0166205153227345
"97285","Stromal","Stromal",TRUE,0.0425892956391005
"75006","Myoepi_KRT15+","Myoepi_KRT15+",TRUE,0
"80810","Myoepi_ACTA2+","Myoepi_ACTA2+",TRUE,0.0733160720322885
"74971","Myoepi_ACTA2+","Myoepi_ACTA2+",TRUE,0.0534651309554349
"102826","Macrophages_1","Macrophages_1",TRUE,0.111201048066649
"74990","Myoepi_KRT15+","Myoepi_KRT15+",TRUE,0
"78920","DCIS 2","DCIS 2",TRUE,0.0247663370571101
"81297","Macrophages_2","Macrophages_2",TRUE,0.0362773890684107
"7751","Stromal","Stromal",TRUE,0
"79157","DCIS 2","DCIS 2",TRUE,0.0576489729236269
"80815","Stromal","Stromal",TRUE,0.0384977617299218
"73962","Endothelial","Endothelial",TRUE,0.0808958108434875
"102047","Macrophages_1","Macrophages_1",TRUE,0.0412538111797326
"96317","Stromal","Stromal",TRUE,0.183751600877661
"79877","DCIS 2","DCIS 2",TRUE,0.0441215309276159
"8381","Stromal","Stromal",TRUE,0.0529404631987296
"103492","Prolif_Invasive_Tumor","Prolif_Invasive_Tumor",TRUE,0
"80592","Stromal","Stromal",TRUE,0.0019427770087137
"74518","Invasive_Tumor","Invasive_Tumor",TRUE,0
"103034","Stromal","Stromal",TRUE,0.0767378382311166
"74964","Myoepi_ACTA2+","Myoepi_ACTA2+",TRUE,0
"77667","Endothelial","Endothelial",TRUE,0.085580657042755
"73946","Stromal","Stromal",TRUE,0.0988658532146855
"7482","Prolif_Invasive_Tumor","Prolif_Invasive_Tumor",TRUE,0.041768402308425
"102658","Macrophages_1","Macrophages_1",TRUE,0.0418450426513346
"80812","Myoepi_ACTA2+","Myoepi_ACTA2+",TRUE,0.0526258596512593
"87339","Perivascular-Like","Perivascular-Like",TRUE,0.0309180347600613
"80811","DCIS 2","DCIS 2",TRUE,0.00202415184687287
"104201","DCIS 2","DCIS 2",TRUE,0
"97540","CD4+_T_Cells","CD4+_T_Cells",TRUE,0.057445741440831
"102660","Stromal","Stromal",TRUE,0.0201402910217119
"87344","Macrophages_1","Macrophages_1",TRUE,0.280012991301408
"75017","Myoepi_KRT15+","Myoepi_KRT15+",TRUE,0
"73971","Invasive_Tumor","Invasive_Tumor",TRUE,0
"102031","Stromal","Stromal",TRUE,0.0565625911277266
"103182","Invasive_Tumor","Invasive_Tumor",TRUE,0.00330644697115099
"104264","Perivascular-Like","Perivascular-Like",TRUE,0.109988956694528
"80813","Myoepi_ACTA2+","Myoepi_ACTA2+",TRUE,0.060380641088367
"97284","CD4+_T_Cells","CD4+_T_Cells",TRUE,0.0448533276254961
"103470","Invasive_Tumor","Invasive_Tumor",TRUE,0
"103455","Perivascular-Like","Perivascular-Like",TRUE,0.0706600510393199
"77635","Stromal","Stromal",TRUE,0.0973319900251615
"75085","B_Cells","B_Cells",TRUE,0.0412022732362508
"79223","DCIS 2","DCIS 2",TRUE,0.110913579228036
"77660","Endothelial","Endothelial",TRUE,0.0664868392095694
"104186","DCIS 2","DCIS 2",TRUE,0.00960956242787064
"103420","Prolif_Invasive_Tumor","Prolif_Invasive_Tumor",TRUE,0.01612418200059
"90231","Invasive_Tumor","Invasive_Tumor",TRUE,0.00475083484892125
"74497","Invasive_Tumor","Invasive_Tumor",TRUE,0
"73950","Macrophages_1","Macrophages_1",TRUE,0.068751781352978
"103165","Invasive_Tumor","Invasive_Tumor",TRUE,0.0674241585211693
"97376","CD8+_T_Cells","CD8+_T_Cells",TRUE,0.0645390448277811
"79154","Stromal","Stromal",TRUE,0.0515015454056117
"6290","Macrophages_1","Macrophages_1",TRUE,0.0584044119226606
"75009","Myoepi_KRT15+","Myoepi_KRT15+",TRUE,0
"103476","Prolif_Invasive_Tumor","Prolif_Invasive_Tumor",TRUE,0.00167803487932947
"74438","Stromal","Stromal",TRUE,0
"78198","Stromal","Stromal",TRUE,0.0423042999711391
"75107","Stromal","Stromal",TRUE,0
"104541","DCIS 2","DCIS 2",TRUE,0.0196029292787427
"97327","CD8+_T_Cells","CD8+_T_Cells",TRUE,0.0150376001634092
"90229","Invasive_Tumor","Invasive_Tumor",TRUE,0.012270355376069
"77656","CD4+_T_Cells","CD4+_T_Cells",TRUE,0.00746453109633649
"104174","DCIS 2","DCIS 2",TRUE,0.218719600906477
"96435","Stromal","Stromal",TRUE,0
"78221","CD4+_T_Cells","CD4+_T_Cells",TRUE,0.0481614141223331
"104810","Stromal","Stromal",TRUE,0.0549401728938236
"77716","CD8+_T_Cells","CD8+_T_Cells",TRUE,0.0669394878152076
"104270","Stromal","Stromal",TRUE,0.108949462418245
"77687","Stromal","Stromal",TRUE,0
"87464","Invasive_Tumor","Invasive_Tumor",TRUE,0.0102535196519612
"6418","Macrophages_1","Macrophages_1",TRUE,0.0297469278993221
"97367","Stromal","Stromal",TRUE,0.0477758105033814
"104163","Stromal","Stromal",TRUE,0.123840617982593
"96717","Stromal","Stromal",TRUE,0.0123331623637168
"80809","Myoepi_ACTA2+","Myoepi_ACTA2+",TRUE,0.0586451529521482
"74956","Macrophages_1","Macrophages_1",TRUE,0.108665108880878
"77809","DCIS 2","DCIS 2",TRUE,0
"87842","Endothelial","Endothelial",TRUE,0.0979708470819243
"101740","Macrophages_2","Macrophages_1",FALSE,1.33218867667986
"75123","Stromal","Stromal",TRUE,0.05725555338974
"87318","DCIS 1","DCIS 1",TRUE,0.00335213307654966
"102659","Macrophages_1","Stromal",FALSE,0.100471136069108
"77705","Stromal","Stromal",TRUE,0.0373472521806166
"80807","Myoepi_KRT15+","Myoepi_KRT15+",TRUE,0.00997267929038909
"104518","Myoepi_ACTA2+","Myoepi_ACTA2+",TRUE,0.127505740047031
"87329","Macrophages_1","Macrophages_1",TRUE,0
"104148","Stromal","Stromal",TRUE,0.0544322520175671
"80808","Myoepi_ACTA2+","Myoepi_ACTA2+",TRUE,0.0479884067619304
"77647","Stromal","Stromal",TRUE,0.155098161316847
"104825","DCIS 2","DCIS 2",TRUE,0.0277920328877856
"75092","Stromal","Stromal",TRUE,0
"104197","DCIS 2","DCIS 2",TRUE,0
"80596","Stromal","Stromal",TRUE,0.0462977851271608
"96329","Stromal","Stromal",TRUE,0
"6202","DCIS 2","DCIS 2",TRUE,0.0163793250031517
"87326","Mast_Cells","Mast_Cells",TRUE,0.620243708716724
"87813","Prolif_Invasive_Tumor","Prolif_Invasive_Tumor",TRUE,0.0287128603647648
"79152","Stromal","Stromal",TRUE,0.0557625918232603
"87324","Invasive_Tumor","Invasive_Tumor",TRUE,0.0420234485413077
"81301","Macrophages_1","Macrophages_1",TRUE,0.0548987650516873
"102819","Macrophages_1","Macrophages_1",TRUE,0.0916441578468014
"104550","Macrophages_1","Macrophages_1",TRUE,0.099240222166663
"73516","Prolif_Invasive_Tumor","Prolif_Invasive_Tumor",TRUE,0.105890791821195
"78910","Myoepi_ACTA2+","Myoepi_ACTA2+",TRUE,0.0652458050321
"87366","Stromal","Stromal",TRUE,0.0512447314390823
"102280","Stromal","Stromal",TRUE,0.0240073166025743
"81772","B_Cells","B_Cells",TRUE,0.00293582869879905
"96722","B_Cells","B_Cells",TRUE,0.0809151776062399
"96804","CD4+_T_Cells","Stromal",FALSE,0.0807583112445197
"6284","B_Cells","B_Cells",TRUE,0.0497266715924327
"87455","Stromal","Stromal",TRUE,0.0727219156450231
"104324","Myoepi_KRT15+","Myoepi_KRT15+",TRUE,0.0400367883174334
"74442","Stromal","Stromal",TRUE,0
"81312","Macrophages_2","Macrophages_2",TRUE,0.121889271666015
"102832","Stromal","Stromal",TRUE,0.0795676884138422
"78207","CD8+_T_Cells","CD8+_T_Cells",TRUE,0.0439270107116623
"78206","Stromal","Stromal",TRUE,0
"102054","Stromal","Stromal",TRUE,0.105454972025132
"7040","Macrophages_1","Macrophages_1",TRUE,0.017628644483878
"104962","Myoepi_ACTA2+","Myoepi_ACTA2+",TRUE,0.00803990336458218
"104822","Myoepi_ACTA2+","Myoepi_ACTA2+",TRUE,0.177169881660814
"7420","Prolif_Invasive_Tumor","Prolif_Invasive_Tumor",TRUE,0.0570410162738091
"96976","B_Cells","B_Cells",TRUE,0.0897778598040596
"73965","Perivascular-Like","Perivascular-Like",TRUE,0.0255243261717666
"105433","Stromal","Stromal",TRUE,0.05923055412925
"89325","Invasive_Tumor","Invasive_Tumor",TRUE,0.0378465536168188
"89337","Invasive_Tumor","Invasive_Tumor",TRUE,0
"73958","Perivascular-Like","Perivascular-Like",TRUE,0.0913233444888253
"102059","Stromal","Stromal",TRUE,0
"104130","Myoepi_ACTA2+","Myoepi_ACTA2+",TRUE,0.0458658733628965
"101754","Stromal","Stromal",TRUE,0
"88648","Perivascular-Like","Perivascular-Like",TRUE,0.569228457387981
"102298","Stromal","Stromal",TRUE,0.0670221872601052
"104144","Stromal","Stromal",TRUE,0.0931727712462289
"87363","Stromal","Stromal",TRUE,0.0367192828565845
"80597","Stromal","Stromal",TRUE,0.0306352838465852
"78210","Stromal","Stromal",TRUE,0.0498916482501058
"7026","Endothelial","Endothelial",TRUE,0.0314955352535771
"104562","Myoepi_KRT15+","Myoepi_KRT15+",TRUE,0.0157755873215165
"74427","Invasive_Tumor","Invasive_Tumor",TRUE,0.0205162950610973
"103409","Invasive_Tumor","Invasive_Tumor",TRUE,0.0679084885828228
"74983","Myoepi_KRT15+","Myoepi_KRT15+",TRUE,0
"75033","Myoepi_KRT15+","Myoepi_KRT15+",TRUE,0
"80595","Macrophages_1","Macrophages_1",TRUE,0.0327707432718703
"87465","Prolif_Invasive_Tumor","Prolif_Invasive_Tumor",TRUE,0.153239261167385
"97539","Macrophages_1","Stromal",FALSE,0.0719395271385677
"81774","Macrophages_1","Macrophages_1",TRUE,0.0326161090755314
"73964","Endothelial","Endothelial",TRUE,0.00532641280833621
"7042","Endothelial","Endothelial",TRUE,0.00588541047019403
"87820","Stromal","Stromal",TRUE,0.0223814736392043
"77710","Stromal","Stromal",TRUE,0
"104265","DCIS 2","DCIS 2",TRUE,0.0642218018485817
"5846","Endothelial","Endothelial",TRUE,0.164721571742417
"105097","DCIS 2","DCIS 2",TRUE,0.0284918544823635
"77694","Macrophages_1","Macrophages_1",TRUE,0.080469239951553
"97535","Stromal","Stromal",TRUE,0.0485841530047909
"79853","DCIS 2","DCIS 2",TRUE,0
"103467","Invasive_Tumor","Invasive_Tumor",TRUE,0.639697042012608
"6287","CD4+_T_Cells","CD4+_T_Cells",TRUE,0.0595476381550658
"78222","CD8+_T_Cells","CD8+_T_Cells",TRUE,0.0189849043931413
"74357","Stromal","Stromal",TRUE,0.0453971672625822
"104532","Myoepi_KRT15+","Myoepi_KRT15+",TRUE,0.0202160148944324
"74333","Stromal","Stromal",TRUE,0.053708532113798
"77639","CD4+_T_Cells","Stromal",FALSE,0.0597060449972006
"103414","Invasive_Tumor","Invasive_Tumor",TRUE,0
"6200","DCIS 2","DCIS 2",TRUE,0.00661083156307229
"104137","Stromal","Stromal",TRUE,0.028352051563796
"105442","Stromal","Stromal",TRUE,0.0551392674197329
"81313","Macrophages_2","Stromal",FALSE,0.100953144303016
"87841","Perivascular-Like","Perivascular-Like",TRUE,0.019005266378
"104515","DCIS 2","DCIS 2",TRUE,0.0289070358147193
"81310","B_Cells","B_Cells",TRUE,0.746555074291363
"105092","DCIS 2","DCIS 2",TRUE,0.0053620591016712
"97286","Stromal","Stromal",TRUE,0.0381758599065585
"79472","DCIS 2","DCIS 2",TRUE,0
"77808","Invasive_Tumor","Invasive_Tumor",TRUE,0.00372540760828413
"87359","CD8+_T_Cells","CD8+_T_Cells",TRUE,0.00214060003890681
"102261","CD4+_T_Cells","CD4+_T_Cells",TRUE,0.0484976462878226
"96714","Stromal","Stromal",TRUE,0.0352127040898442
"74495","Invasive_Tumor","Invasive_Tumor",TRUE,0.00810414750442855
"97538","Stromal","Stromal",TRUE,0.0383031205846765
"74445","Stromal","Stromal",TRUE,0.0979096744821711
"74430","Invasive_Tumor","Invasive_Tumor",TRUE,0.00935850474464633
"97372","CD4+_T_Cells","CD4+_T_Cells",TRUE,0.0459062734475019
"79151","Myoepi_ACTA2+","Myoepi_ACTA2+",TRUE,0.0317058538468637
"87319","Invasive_Tumor","Invasive_Tumor",TRUE,0.00185684700004377
"96438","Stromal","Stromal",TRUE,0.0314644620253011
"87831","Endothelial","Endothelial",TRUE,0.000981810801026939
"74314","Stromal","Stromal",TRUE,0.061028127048193
"73522","Prolif_Invasive_Tumor","Prolif_Invasive_Tumor",TRUE,0.0314676260504433
"104126","DCIS 2","DCIS 2",TRUE,0.035199575482981
"104192","DCIS 2","DCIS 2",TRUE,0.0139631129722464
"79150","Stromal","Stromal",TRUE,0.0301940249839741
"96806","CD4+_T_Cells","CD4+_T_Cells",TRUE,0.0662104193682644
"96440","Stromal","Stromal",TRUE,0
"96434","Stromal","Stromal",TRUE,0.10019938349083
"102260","Macrophages_1","Macrophages_1",TRUE,0.0458529905293732
"96805","B_Cells","B_Cells",TRUE,0.0783578016567806
"87357","Perivascular-Like","Perivascular-Like",TRUE,0.276120992966197
"80586","Stromal","Stromal",TRUE,0
"77703","Stromal","Stromal",TRUE,0
"103494","Prolif_Invasive_Tumor","Prolif_Invasive_Tumor",TRUE,0
"6281","CD8+_T_Cells","CD8+_T_Cells",TRUE,0.0418416502269164
"80805","Myoepi_ACTA2+","Myoepi_ACTA2+",TRUE,0.107799687943496
"79276","DCIS 1","Prolif_Invasive_Tumor",FALSE,1.27276804291589
"77798","Myoepi_KRT15+","Myoepi_KRT15+",TRUE,0.00890334380280142
"5852","Stromal","Stromal",TRUE,0.0696776378386709
"89333","Prolif_Invasive_Tumor","Prolif_Invasive_Tumor",TRUE,0
"89340","Prolif_Invasive_Tumor","Prolif_Invasive_Tumor",TRUE,0.0109693591923749
"79875","DCIS 2","DCIS 2",TRUE,0.175050791769049
"104271","DCIS 2","DCIS 2",TRUE,0.00204732389976769
"103407","Invasive_Tumor","Invasive_Tumor",TRUE,0
"74327","Endothelial","Endothelial",TRUE,0.0226141476620847
"77801","Myoepi_KRT15+","Myoepi_KRT15+",TRUE,0.0362251916681756
"105146","Stromal","Stromal",TRUE,0.0294120142460153
"104119","DCIS 2","DCIS 2",TRUE,0.000512382610644763
"77650","Stromal","Stromal",TRUE,0.0606162091962273
"97288","Stromal","Stromal",TRUE,0.950517532832769
"103169","Prolif_Invasive_Tumor","Prolif_Invasive_Tumor",TRUE,0.0102566319143723
"75723","Myoepi_KRT15+","Myoepi_KRT15+",TRUE,0
"76736","CD4+_T_Cells","CD4+_T_Cells",TRUE,0.00549211917869419
"7029","Macrophages_1","Macrophages_1",TRUE,0.0439671010320721
"80806","DCIS 2","DCIS 2",TRUE,0.0580127883790664
"104212","DCIS 2","DCIS 2",TRUE,0
"104961","DCIS 2","DCIS 2",TRUE,0.0309688753743761
"87367","Perivascular-Like","Perivascular-Like",TRUE,0.0666345196417407
"8316","Stromal","Stromal",TRUE,0.0558599727455491
"96728","CD4+_T_Cells","CD4+_T_Cells",TRUE,0.054805971896902
"104167","DCIS 2","DCIS 2",TRUE,0.0431466341951954
"5849","Endothelial","Endothelial",TRUE,0.0803038644391131
"96436","Stromal","Stromal",TRUE,0
"81303","B_Cells","B_Cells",TRUE,0.00106051488935199
"73520","Invasive_Tumor","Invasive_Tumor",TRUE,0.00393568547787486
"73524","Prolif_Invasive_Tumor","Prolif_Invasive_Tumor",TRUE,0.0512490997346875
"80040","Stromal","Stromal",TRUE,0
"79277","DCIS 1","DCIS 1",TRUE,0.00174258069015902
"79474","DCIS 2","DCIS 2",TRUE,0
"104180","Myoepi_KRT15+","Myoepi_KRT15+",TRUE,0.0517579594403797
"105112","Stromal","Stromal",TRUE,0.0940633145273726
"7037","CD4+_T_Cells","CD4+_T_Cells",TRUE,0.0111540063852924
"75736","Myoepi_KRT15+","Myoepi_KRT15+",TRUE,0
"78216","CD8+_T_Cells","CD8+_T_Cells",TRUE,0.0295510912105437
"77686","Stromal","Stromal",TRUE,0
"104108","DCIS 2","DCIS 2",TRUE,0.00785312601031229
"96330","Stromal","Stromal",TRUE,0.151070422259169
"74515","Invasive_Tumor","Invasive_Tumor",TRUE,0
"7458","Invasive_Tumor","Invasive_Tumor",TRUE,0
"74487","Prolif_Invasive_Tumor","Invasive_Tumor",FALSE,1.57697785314257
"97325","Stromal","Stromal",TRUE,0.0852297193328407
"87369","Prolif_Invasive_Tumor","Prolif_Invasive_Tumor",TRUE,0.0187698614098855
"6198","DCIS 2","DCIS 2",TRUE,0.0337410522713655
"7036","CD4+_T_Cells","CD4+_T_Cells",TRUE,0
"96334","Stromal","Stromal",TRUE,0.0420332098655677
"74966","Myoepi_ACTA2+","Myoepi_ACTA2+",TRUE,0.0252815594001146
"105149","Stromal","Stromal",TRUE,0.059701723589142
"104552","B_Cells","B_Cells",TRUE,0.0429407299277975
"90267","Invasive_Tumor","Invasive_Tumor",TRUE,0
"101722","Stromal","Stromal",TRUE,0.0406020205382142
"74507","Invasive_Tumor","Invasive_Tumor",TRUE,0.00689547161101049
"74502","Invasive_Tumor","Invasive_Tumor",TRUE,0.14986287299934
"7034","B_Cells","B_Cells",TRUE,0.010144540807392
"105094","DCIS 2","DCIS 2",TRUE,0.0368021052771401
"75119","CD4+_T_Cells","CD4+_T_Cells",TRUE,0.0565165428934888
"80051","Stromal","Stromal",TRUE,0.0148519092957955
"104967","Stromal","Stromal",TRUE,0.113511097945405
"78190","Endothelial","Endothelial",TRUE,0
"74819","Invasive_Tumor","Invasive_Tumor",TRUE,0.26843822290775
"103164","Prolif_Invasive_Tumor","Prolif_Invasive_Tumor",TRUE,0.468188356557515
"96724","Macrophages_1","Macrophages_1",TRUE,0.0458731010730788
"73970","Invasive_Tumor","Invasive_Tumor",TRUE,0.00160565032089921
"75746","Myoepi_KRT15+","Myoepi_KRT15+",TRUE,0
"73831","Stromal","Stromal",TRUE,0.0233973406357245
"102044","Stromal","Stromal",TRUE,0.0381599072107198
"87322","Macrophages_1","Macrophages_1",TRUE,0.00110292811773122
"74514","Invasive_Tumor","Invasive_Tumor",TRUE,0
"76284","Myoepi_KRT15+","Myoepi_KRT15+",TRUE,0.179232322454304
"74988","Myoepi_KRT15+","Myoepi_KRT15+",TRUE,0.502656369774759
"74323","Perivascular-Like","Perivascular-Like",TRUE,0.0614315711635102
"104812","Stromal","Stromal",TRUE,0.0192851114243501
"73967","Endothelial","Endothelial",TRUE,0.0539639287979878
"105107","Myoepi_ACTA2+","Myoepi_ACTA2+",TRUE,0.0361002879924698
"80593","CD8+_T_Cells","CD8+_T_Cells",TRUE,0.586468487406216
"103474","Invasive_Tumor","Invasive_Tumor",TRUE,0.0502750867182544
"78192","Stromal","Stromal",TRUE,0.0493214581156985
"104551","Stromal","Stromal",TRUE,0.0111294010172701
"77789","Stromal","Stromal",TRUE,0.0632956365006754
"96723","B_Cells","B_Cells",TRUE,0
"80804","DCIS 2","DCIS 2",TRUE,0
"73959","Perivascular-Like","Perivascular-Like",TRUE,0.052084201261944
"102262","Stromal","Stromal",TRUE,0.0442928506438129
"81775","B_Cells","B_Cells",TRUE,0.22353921484574
"87456","DCIS 1","DCIS 1",TRUE,0.00690321317903258
"7744","Stromal","Stromal",TRUE,0.0597274546965027
"105133","Macrophages_1","Macrophages_1",TRUE,0.106241820796595
"77721","B_Cells","B_Cells",TRUE,0.0932694758741844
"105137","Macrophages_1","Macrophages_1",TRUE,0.0996969070156504
"96332","Stromal","Stromal",TRUE,0.016629657589321
"77662","B_Cells","B_Cells",TRUE,0.0113268582494895
"88642","Macrophages_1","Macrophages_1",TRUE,0.0935926612964876
"97353","Stromal","Stromal",TRUE,0.402724530696128
"6278","Stromal","Stromal",TRUE,0.0481871718129004
"102238","CD8+_T_Cells","CD8+_T_Cells",TRUE,0.0586164949309373
"75094","B_Cells","B_Cells",TRUE,0.0751889938698975
"104297","DCIS 2","DCIS 2",TRUE,0.0477642291090039
"74973","Myoepi_KRT15+","Myoepi_KRT15+",TRUE,0.0525301667510334
"102052","Perivascular-Like","Perivascular-Like",TRUE,0.0504827568818954
"78923","Myoepi_ACTA2+","Myoepi_ACTA2+",TRUE,0.0376969888685304
"88643","B_Cells","B_Cells",TRUE,0.806584690595552
"104260","Stromal","Stromal",TRUE,0.457760738940614
"74986","Myoepi_KRT15+","Myoepi_KRT15+",TRUE,0
"104966","DCIS 2","DCIS 2",TRUE,0
"74962","Myoepi_ACTA2+","Myoepi_ACTA2+",TRUE,0.0456903864137533
"103447","Invasive_Tumor","Invasive_Tumor",TRUE,0.000486739486815949
"80801","Myoepi_ACTA2+","Myoepi_ACTA2+",TRUE,0.0419909651124122
"77790","Macrophages_1","Macrophages_1",TRUE,0
"74474","Stromal","Stromal",TRUE,0.0430906765262591
"97289","Macrophages_1","Macrophages_1",TRUE,0.0667109246428532
"77726","Stromal","Stromal",TRUE,0.0694615725781978
"79149","Myoepi_ACTA2+","Myoepi_ACTA2+",TRUE,0.039436116405623
"104209","DCIS 2","DCIS 2",TRUE,0
"86608","Prolif_Invasive_Tumor","Prolif_Invasive_Tumor",TRUE,0.00804168803277761
"104828","Myoepi_ACTA2+","Myoepi_ACTA2+",TRUE,0.16039917727497
"73966","Stromal","Stromal",TRUE,0.0617983432005966
"74655","Invasive_Tumor","Invasive_Tumor",TRUE,0
"103487","Invasive_Tumor","Invasive_Tumor",TRUE,0.00170062990468155
"80058","Stromal","Stromal",TRUE,0
"80802","Myoepi_ACTA2+","Myoepi_ACTA2+",TRUE,0.08403485656773
"80587","Macrophages_1","Macrophages_1",TRUE,0.00485837099251007
"90240","Invasive_Tumor","Invasive_Tumor",TRUE,0.031036560982915
"79851","DCIS 2","DCIS 2",TRUE,0.0655980716919846
"81316","Stromal","Stromal",TRUE,0.0915560504114701
"75115","CD8+_T_Cells","CD8+_T_Cells",TRUE,0.0657425140578313
"7049","CD4+_T_Cells","CD4+_T_Cells",TRUE,0.0250364415114511
"96727","Stromal","Stromal",TRUE,0.0228111076540631
"74957","Stromal","Stromal",TRUE,0.0197941347975346
"103416","Invasive_Tumor","Invasive_Tumor",TRUE,0
"78179","Stromal","Stromal",TRUE,0.0471610558874722
"77674","Stromal","Stromal",TRUE,0
"87463","Invasive_Tumor","Invasive_Tumor",TRUE,0.132235626971438
"102036","Macrophages_1","Macrophages_1",TRUE,0.039228631366733
"97287","Stromal","Stromal",TRUE,0.0384360385053636
"77583","Stromal","Stromal",TRUE,0.035593883312028
"80940","Stromal","Stromal",TRUE,0
"78911","Stromal","Stromal",TRUE,0.0362428546827814
"103411","Invasive_Tumor","Invasive_Tumor",TRUE,0
"104185","DCIS 2","DCIS 2",TRUE,0.0168711092873335
"78199","Macrophages_1","Macrophages_1",TRUE,0.0488827929896244
"97292","Stromal","Stromal",TRUE,0.0361987701987261
"90259","Invasive_Tumor","Invasive_Tumor",TRUE,0.0109230887279228
"104203","DCIS 2","DCIS 2",TRUE,0
"7489","Prolif_Invasive_Tumor","Prolif_Invasive_Tumor",TRUE,0.0362154267511701
"81309","CD8+_T_Cells","CD8+_T_Cells",TRUE,0.0206169064257855
"103176","Invasive_Tumor","Invasive_Tumor",TRUE,0.0714154595003644
"104564","DCIS 2","DCIS 2",TRUE,0.0372009937867302
"6283","B_Cells","B_Cells",TRUE,0.0474414787315998
"78203","B_Cells","B_Cells",TRUE,0.0450527518575775
"89329","Invasive_Tumor","Invasive_Tumor",TRUE,0.0200099175639786
"80594","Stromal","Stromal",TRUE,0.132013462994867
"80799","DCIS 2","DCIS 2",TRUE,0.132932077427825
"75742","Myoepi_KRT15+","Myoepi_KRT15+",TRUE,0
"104166","Myoepi_ACTA2+","Myoepi_ACTA2+",TRUE,0.0527927468582857
"96729","CD8+_T_Cells","CD8+_T_Cells",TRUE,0.0644108438885439
"75125","Stromal","Stromal",TRUE,0.0313274225599816
"104258","Myoepi_ACTA2+","Myoepi_ACTA2+",TRUE,0.0875522692505427
"78212","Macrophages_1","Macrophages_1",TRUE,0.0458980802241304
"103029","Stromal","Stromal",TRUE,0
"75129","Stromal","Stromal",TRUE,0.0796271637374094
"104505","Stromal","Stromal",TRUE,0.0505473116669035
"6419","B_Cells","B_Cells",TRUE,0.0515991101768816
"87356","Endothelial","Endothelial",TRUE,0
"87838","Endothelial","Endothelial",TRUE,0.102442148023692
"103170","Invasive_Tumor","Invasive_Tumor",TRUE,0.0152412628479105
"96721","CD8+_T_Cells","CD8+_T_Cells",TRUE,0.0179641141259112
"81311","CD4+_T_Cells","CD4+_T_Cells",TRUE,0.0654360938811536
"102046","Endothelial","Endothelial",TRUE,0
"6415","CD4+_T_Cells","CD4+_T_Cells",TRUE,0.00457033753712527
"87368","Perivascular-Like","Perivascular-Like",TRUE,0.00847742775125473
"104178","Myoepi_KRT15+","Myoepi_KRT15+",TRUE,0.0363753168500864
"80585","LAMP3+_DCs","LAMP3+_DCs",TRUE,0.0491695015329516
"74359","Stromal","Stromal",TRUE,0.0442141087376219
"79847","DCIS 2","DCIS 2",TRUE,0.0282132675960947
"74461","Invasive_Tumor","Invasive_Tumor",TRUE,0
"101741","Stromal","Stromal",TRUE,0
"8149","CD4+_T_Cells","CD4+_T_Cells",TRUE,0.377476781092117
"5854","Prolif_Invasive_Tumor","Prolif_Invasive_Tumor",TRUE,0.303214797164119
"73968","Invasive_Tumor","Invasive_Tumor",TRUE,0.0277471857183204
"97290","CD8+_T_Cells","Stromal",FALSE,0.0951132262598282
"97338","B_Cells","B_Cells",TRUE,0.0651730022984467
"5839","Invasive_Tumor","Invasive_Tumor",TRUE,0.0465124444510002
"104528","DCIS 2","DCIS 2",TRUE,0.0198575143147977
"104573","Myoepi_KRT15+","Myoepi_KRT15+",TRUE,0.331836356321305
"78226","B_Cells","B_Cells",TRUE,0.0025508822733377
"77645","Stromal","Stromal",TRUE,0
"76297","Myoepi_KRT15+","Myoepi_KRT15+",TRUE,0.151642843005705
"77644","Stromal","Stromal",TRUE,0
"97329","CD4+_T_Cells","Stromal",FALSE,0.0507898371783137
"96730","CD8+_T_Cells","CD8+_T_Cells",TRUE,0.00408190912913758
"96718","Macrophages_2","Macrophages_2",TRUE,0.0748785388235053
"86607","Invasive_Tumor","Prolif_Invasive_Tumor",FALSE,1.96785074551476
"80803","Myoepi_KRT15+","Myoepi_KRT15+",TRUE,0.0945391877979166
"81739","Macrophages_2","Macrophages_2",TRUE,0.0629582237136783
"102528","Stromal","Stromal",TRUE,0.0532969996056115
"79156","DCIS 2","DCIS 2",TRUE,0
"78195","Stromal","Stromal",TRUE,0.064190325185465
"87320","Macrophages_1","Macrophages_1",TRUE,0.0512843482926699
"96725","CD8+_T_Cells","CD8+_T_Cells",TRUE,0.0547323657703686
"96807","B_Cells","B_Cells",TRUE,0.00490585629732206
"74418","Invasive_Tumor","Invasive_Tumor",TRUE,0
"80800","Myoepi_ACTA2+","Myoepi_ACTA2+",TRUE,0.0503352428992635
"78217","CD4+_T_Cells","CD4+_T_Cells",TRUE,0.0203611246543647
"77695","Stromal","Stromal",TRUE,0
"87462","Prolif_Invasive_Tumor","Prolif_Invasive_Tumor",TRUE,0
"103483","Invasive_Tumor","Invasive_Tumor",TRUE,0.00177414680965324
"102295","Stromal","Stromal",TRUE,0.0436475859354595
"80956","Stromal","Stromal",TRUE,0
"87811","Invasive_Tumor","Invasive_Tumor",TRUE,0.532808237252893
"105100","Myoepi_KRT15+","DCIS 2",FALSE,0.109727661395141
"87337","Stromal","Stromal",TRUE,0.0277255113196382
"87797","Prolif_Invasive_Tumor","Prolif_Invasive_Tumor",TRUE,0.00364267928963159
"80942","Stromal","Stromal",TRUE,0
"77681","Stromal","Stromal",TRUE,0
"87317","Macrophages_1","Stromal",FALSE,0.0920811390592536
"81773","B_Cells","B_Cells",TRUE,0.086827909452402
"79855","DCIS 2","DCIS 2",TRUE,0.0833162709041902
"104129","DCIS 2","DCIS 2",TRUE,0
"104109","Myoepi_ACTA2+","Myoepi_ACTA2+",TRUE,0.000297132780049891
"79872","DCIS 2","DCIS 2",TRUE,0
"97377","CD8+_T_Cells","CD8+_T_Cells",TRUE,0.0570683600429132
"7041","Perivascular-Like","Perivascular-Like",TRUE,0
"89212","Endothelial","Endothelial",TRUE,0.0218952866399214
"104218","DCIS 2","DCIS 2",TRUE,0
"104188","DCIS 2","DCIS 2",TRUE,0
"87360","Invasive_Tumor","Invasive_Tumor",TRUE,0.190894020532205
"7038","CD8+_T_Cells","CD8+_T_Cells",TRUE,0.0250138474886619
"104553","Stromal","Stromal",TRUE,0.0764079851361435
"7045","Perivascular-Like","Perivascular-Like",TRUE,0.00511473540312762
"80571","Macrophages_1","Macrophages_1",TRUE,0.0366364075485955
"5841","Invasive_Tumor","Invasive_Tumor",TRUE,0.36738727779815
"104135","Myoepi_ACTA2+","Myoepi_ACTA2+",TRUE,0.00554194369587083
"74961","Myoepi_ACTA2+","Myoepi_ACTA2+",TRUE,0.0564597777208718
"103048","Macrophages_1","Macrophages_1",TRUE,0.0772557551690661
"77654","Stromal","Stromal",TRUE,0.0766311817687333
"104115","Myoepi_KRT15+","Myoepi_KRT15+",TRUE,0.0321283756808686
"104533","Myoepi_KRT15+","Myoepi_KRT15+",TRUE,0.0242709950783473
"79471","DCIS 2","DCIS 2",TRUE,0
"104261","Macrophages_1","Macrophages_1",TRUE,0.0653864372787459
"104524","DCIS 2","DCIS 2",TRUE,0.037955918006524
"87448","Stromal","Stromal",TRUE,0.0473217293452914
"102271","CD8+_T_Cells","CD8+_T_Cells",TRUE,0.0765240322705628
"89346","Invasive_Tumor","Invasive_Tumor",TRUE,0
"86489","B_Cells","B_Cells",TRUE,0.072871851657191
"79143","Stromal","Stromal",TRUE,0.0526895939849448
"105436","Stromal","Stromal",TRUE,0.04108104316275
"77724","Endothelial","Endothelial",TRUE,0.0672837410524518
"101724","B_Cells","B_Cells",TRUE,0.0675377351668907
"78204","CD4+_T_Cells","CD4+_T_Cells",TRUE,0.0107792730106255
"105108","Myoepi_KRT15+","Myoepi_KRT15+",TRUE,0.776777951160593
"5843","Invasive_Tumor","Invasive_Tumor",TRUE,0.00835302366534346
"79147","Myoepi_ACTA2+","Myoepi_ACTA2+",TRUE,0.0586027650215941
"105134","Stromal","Stromal",TRUE,0.0775196201498695
"6279","Macrophages_1","Macrophages_1",TRUE,0
"75698","Myoepi_KRT15+","Myoepi_KRT15+",TRUE,0.0389502122869163
"104555","Stromal","Stromal",TRUE,0.0997233784258604
"75712","Myoepi_KRT15+","Myoepi_KRT15+",TRUE,0.0153891115715576
"79145","Stromal","Stromal",TRUE,0.0355754606449928
"103179","Invasive_Tumor","Invasive_Tumor",TRUE,0
"104259","DCIS 2","DCIS 2",TRUE,0.0507383757208792
"6197","Myoepi_KRT15+","Myoepi_KRT15+",TRUE,0
"102305","CD4+_T_Cells","CD4+_T_Cells",TRUE,0.0816471736684992
"80584","Stromal","Stromal",TRUE,0.0318053166659681
"79146","Myoepi_ACTA2+","Myoepi_ACTA2+",TRUE,0.0376640406156083
"97291","Stromal","Stromal",TRUE,0.0530488653908189
"104513","Myoepi_ACTA2+","Myoepi_ACTA2+",TRUE,0.0895160201404648
"96808","B_Cells","B_Cells",TRUE,0.0168678738712025
"96720","CD4+_T_Cells","CD4+_T_Cells",TRUE,0.0364773250595116
"75732","Myoepi_KRT15+","Myoepi_KRT15+",TRUE,0
"104200","DCIS 2","DCIS 2",TRUE,0
"105096","Myoepi_ACTA2+","DCIS 2",FALSE,0.0460444014743845
"86482","Macrophages_1","Macrophages_1",TRUE,0.305575183705086
"104965","Myoepi_ACTA2+","Myoepi_ACTA2+",TRUE,0.17858858250844
"75086","Stromal","Stromal",TRUE,0
"78175","CD4+_T_Cells","CD4+_T_Cells",TRUE,0.0557914724295163
"81315","CD4+_T_Cells","CD4+_T_Cells",TRUE,0.0330927371406043
"102662","Stromal","Stromal",TRUE,0.0375383400051554
"74329","Endothelial","Endothelial",TRUE,0
"87819","Prolif_Invasive_Tumor","Prolif_Invasive_Tumor",TRUE,0.000471522023257454
"103491","Invasive_Tumor","Invasive_Tumor",TRUE,0.00619872459577847
"74493","Invasive_Tumor","Invasive_Tumor",TRUE,0.0931123318668277
"80577","Stromal","Stromal",TRUE,0.0395019342977219
"102236","CD4+_T_Cells","CD4+_T_Cells",TRUE,0.0429685329372041
"73957","Perivascular-Like","Perivascular-Like",TRUE,0
"96323","Stromal","Stromal",TRUE,0
"89334","Prolif_Invasive_Tumor","Prolif_Invasive_Tumor",TRUE,0
"74501","Invasive_Tumor","Invasive_Tumor",TRUE,0
"75718","Myoepi_KRT15+","Myoepi_KRT15+",TRUE,0
"104152","Stromal","Stromal",TRUE,0.0456503689402541
"73960","Perivascular-Like","Perivascular-Like",TRUE,0.22354024233448
"89213","CD4+_T_Cells","CD4+_T_Cells",TRUE,0.0127560407314173
"87450","Invasive_Tumor","Invasive_Tumor",TRUE,0.0350894982304461
"77802","Myoepi_KRT15+","Myoepi_KRT15+",TRUE,0.00429682091969191
"87830","Stromal","Stromal",TRUE,0.0881035652388871
"6421","Stromal","Stromal",TRUE,0.0840698615770159
"77781","Macrophages_1","Macrophages_1",TRUE,0.0130096262824749
"87340","Invasive_Tumor","Invasive_Tumor",TRUE,0.00980720880451304
"105448","Stromal","Stromal",TRUE,0.0703408890672801
"78181","Stromal","Stromal",TRUE,0.0411856727240583
"75735","Myoepi_KRT15+","Myoepi_KRT15+",TRUE,0
"103466","Invasive_Tumor","Invasive_Tumor",TRUE,0.00332701132166903
"76288","Myoepi_KRT15+","Myoepi_KRT15+",TRUE,0
"104829","Myoepi_ACTA2+","Myoepi_ACTA2+",TRUE,0.0337045008361214
"75105","Stromal","Stromal",TRUE,0.0744140113630587
"87800","Prolif_Invasive_Tumor","Prolif_Invasive_Tumor",TRUE,0
"74489","Invasive_Tumor","Invasive_Tumor",TRUE,0
"87351","Endothelial","Endothelial",TRUE,0.0520959326028858
"5844","Invasive_Tumor","Invasive_Tumor",TRUE,0.00629914354709527
"80588","Macrophages_1","Macrophages_1",TRUE,0.472733520641804
"96733","CD8+_T_Cells","CD8+_T_Cells",TRUE,0.0673892537693471
"103161","Prolif_Invasive_Tumor","Prolif_Invasive_Tumor",TRUE,0.00966937304135431
"74805","Invasive_Tumor","Invasive_Tumor",TRUE,0
"88647","Invasive_Tumor","Invasive_Tumor",TRUE,0.0383152968273738
"96437","Stromal","Stromal",TRUE,0
"80795","Stromal","Stromal",TRUE,0
"103469","Invasive_Tumor","Invasive_Tumor",TRUE,0
"103402","Invasive_Tumor","Invasive_Tumor",TRUE,0.0595595820153269
"74481","Invasive_Tumor","Invasive_Tumor",TRUE,0.15475072763831
"86604","Invasive_Tumor","Invasive_Tumor",TRUE,0
"80578","Stromal","Stromal",TRUE,0.0515632805884433
"81752","Stromal","Stromal",TRUE,0.0322686962373651
"87451","Stromal","Stromal",TRUE,0.0424630446459862
"97370","Stromal","Stromal",TRUE,0.0535376100246033
"81745","B_Cells","B_Cells",TRUE,0.0712323759851583
"103160","Invasive_Tumor","Invasive_Tumor",TRUE,0
"105118","DCIS 2","DCIS 2",TRUE,0.0182916900984106
"76295","Myoepi_KRT15+","Myoepi_KRT15+",TRUE,0
"104266","DCIS 2","DCIS 2",TRUE,0.0125656458083551
"77806","DCIS 1","DCIS 1",TRUE,0.0464914487610846
"74508","Invasive_Tumor","Invasive_Tumor",TRUE,0.509112996444878
"77791","Macrophages_1","Macrophages_1",TRUE,0.0161437801254889
"78196","CD4+_T_Cells","CD4+_T_Cells",TRUE,0
"74818","Invasive_Tumor","Invasive_Tumor",TRUE,0
"103410","Invasive_Tumor","Invasive_Tumor",TRUE,0
"75745","Myoepi_KRT15+","Myoepi_KRT15+",TRUE,0
"77596","CD8+_T_Cells","CD8+_T_Cells",TRUE,0.393830156237191
"87809","Invasive_Tumor","Invasive_Tumor",TRUE,0.0895925201015687
"90254","Endothelial","Endothelial",TRUE,0.091892091029669
"78215","CD8+_T_Cells","CD8+_T_Cells",TRUE,0.00127963349729443
"102270","Macrophages_1","Macrophages_1",TRUE,0.0516120857800653
"75220","Stromal","Stromal",TRUE,0.0162637075259092
"79148","DCIS 2","DCIS 2",TRUE,0.0337304322391742
"80046","Stromal","Stromal",TRUE,0.000253680692216013
"105106","Myoepi_KRT15+","Myoepi_KRT15+",TRUE,0
"79222","DCIS 2","DCIS 2",TRUE,0.010617068324788
"97297","CD4+_T_Cells","CD4+_T_Cells",TRUE,0.0571503450423242
"73955","Endothelial","Endothelial",TRUE,0.036250341556235
"104113","Myoepi_KRT15+","Myoepi_KRT15+",TRUE,0.0488728610102891
"105151","Stromal","Stromal",TRUE,0.0402144544377573
"77720","B_Cells","B_Cells",TRUE,0.0774028614375149
"78200","CD4+_T_Cells","CD4+_T_Cells",TRUE,0
"7048","Endothelial","Endothelial",TRUE,0.181136624935269
"104136","DCIS 2","DCIS 2",TRUE,0
"80798","Myoepi_ACTA2+","Myoepi_ACTA2+",TRUE,0.0668686438502302
"75740","Myoepi_KRT15+","Myoepi_KRT15+",TRUE,0
"80797","DCIS 2","DCIS 2",TRUE,0.0268680081301686
"77728","Stromal","Stromal",TRUE,0
"77668","CD4+_T_Cells","CD4+_T_Cells",TRUE,0.0323729353706032
"96734","CD4+_T_Cells","CD4+_T_Cells",TRUE,0.0275053364443613
"86597","Invasive_Tumor","Prolif_Invasive_Tumor",FALSE,1.93148659733078
"104168","DCIS 2","DCIS 2",TRUE,0.0729111227337149
"5847","Prolif_Invasive_Tumor","Prolif_Invasive_Tumor",TRUE,0.00460775232911523
"78186","CD8+_T_Cells","CD8+_T_Cells",TRUE,0.0443655582799761
"75093","Stromal","Stromal",TRUE,0.113439755695528
"104175","DCIS 2","DCIS 2",TRUE,0.0110142504684772
"80796","Myoepi_ACTA2+","Myoepi_ACTA2+",TRUE,0
"8203","Stromal","Stromal",TRUE,0
"73938","Stromal","Stromal",TRUE,0.0679981843510935
"105103","DCIS 2","DCIS 2",TRUE,0.0388362394357361
"87824","Endothelial","Endothelial",TRUE,0.0305028941404699
"75702","Myoepi_ACTA2+","Myoepi_ACTA2+",TRUE,0.0268598683615784
"75693","Myoepi_ACTA2+","Myoepi_ACTA2+",TRUE,0.0596403393798649
"80936","CD4+_T_Cells","CD4+_T_Cells",TRUE,0.0512026411572071
"104125","DCIS 2","DCIS 2",TRUE,0.189689529582296
"103451","Stromal","Stromal",TRUE,0.54137429175037
"80032","Stromal","Stromal",TRUE,0.00928905301809513
"79860","Myoepi_ACTA2+","Myoepi_ACTA2+",TRUE,0.112781447080984
"96732","CD8+_T_Cells","CD8+_T_Cells",TRUE,0.0585035125944565
"103406","Invasive_Tumor","Invasive_Tumor",TRUE,0.0601732672898804
"7052","Endothelial","Endothelial",TRUE,0.0160481490329575
"104206","DCIS 2","DCIS 2",TRUE,0
"80952","Stromal","Stromal",TRUE,0.152466394822206
"105138","CD4+_T_Cells","CD4+_T_Cells",TRUE,0.00413131466944083
"73517","Prolif_Invasive_Tumor","Prolif_Invasive_Tumor",TRUE,0.00867254751204335
"104519","Myoepi_ACTA2+","Myoepi_ACTA2+",TRUE,0.0342440743685624
"74810","Invasive_Tumor","Invasive_Tumor",TRUE,0
"96726","CD4+_T_Cells","CD4+_T_Cells",TRUE,0.0682626931258898
"75715","Myoepi_KRT15+","Myoepi_KRT15+",TRUE,0.0597656493261727
"77585","Stromal","Stromal",TRUE,0
"104150","Stromal","Stromal",TRUE,0.0713172530588894
"74324","Stromal","Stromal",TRUE,0.0327526706585409
"80384","Perivascular-Like","Perivascular-Like",TRUE,0.0487578351280932
"97336","Stromal","Stromal",TRUE,0.0468975438137462
"74814","Prolif_Invasive_Tumor","Prolif_Invasive_Tumor",TRUE,0
"75064","CD8+_T_Cells","CD8+_T_Cells",TRUE,0.0700441759204138
"96316","Stromal","Stromal",TRUE,0
"87837","Endothelial","Endothelial",TRUE,0
"78201","Macrophages_1","Macrophages_1",TRUE,0.00312054053321392
"74425","Invasive_Tumor","Invasive_Tumor",TRUE,0
"81742","B_Cells","Stromal",FALSE,0.0450422697417286
"74651","Invasive_Tumor","Invasive_Tumor",TRUE,0.0252877782214822
"102663","B_Cells","B_Cells",TRUE,0.0670296707731369
"102045","Endothelial","Endothelial",TRUE,0.0423642353694307
"6576","Stromal","Stromal",TRUE,0.0456200438945844
"102051","Endothelial","Endothelial",TRUE,0.430748339048367
"81314","CD4+_T_Cells","CD4+_T_Cells",TRUE,0.0446982385679644
"102830","Macrophages_1","Macrophages_1",TRUE,0.0745121437981339
"79859","Myoepi_ACTA2+","Myoepi_ACTA2+",TRUE,0
"80794","Myoepi_ACTA2+","Myoepi_ACTA2+",TRUE,0
"97294","Stromal","Stromal",TRUE,0
"75061","Macrophages_1","Macrophages_1",TRUE,0.0854155436961668
"104534","Myoepi_KRT15+","Myoepi_KRT15+",TRUE,0.0472467952855214
"74513","Invasive_Tumor","Invasive_Tumor",TRUE,0
"77675","Stromal","Stromal",TRUE,0.207389263819015
"87355","Invasive_Tumor","Invasive_Tumor",TRUE,0.0316748403698204
"102220","Stromal","Stromal",TRUE,0.0604628733326571
"78209","B_Cells","B_Cells",TRUE,0.369105739026955
"97296","Stromal","Stromal",TRUE,0.0863040815654861
"104561","Myoepi_KRT15+","Myoepi_KRT15+",TRUE,0
"96741","CD4+_T_Cells","CD4+_T_Cells",TRUE,0.0727363561367285
"104824","Myoepi_ACTA2+","Myoepi_ACTA2+",TRUE,0
"97300","Macrophages_1","Macrophages_1",TRUE,0.0609375303502201
"74334","Perivascular-Like","Perivascular-Like",TRUE,0.0935941041192604
"5837","Invasive_Tumor","Invasive_Tumor",TRUE,0.00331755236997901
"81738","CD4+_T_Cells","CD4+_T_Cells",TRUE,0.314128544512418
"75711","DCIS 2","DCIS 2",TRUE,0.0136447747467179
"97298","Macrophages_2","Macrophages_1",FALSE,1.05003836887276
"79856","DCIS 2","DCIS 2",TRUE,0.0198940836611981
"104196","DCIS 2","DCIS 2",TRUE,0
"101742","Stromal","Stromal",TRUE,0.0416075134569571
"103485","Invasive_Tumor","Invasive_Tumor",TRUE,0
"75719","Myoepi_KRT15+","Myoepi_KRT15+",TRUE,0
"102514","Macrophages_1","Stromal",FALSE,0.100048436236365
"104131","DCIS 2","DCIS 2",TRUE,0.0152350032121299
"81777","Stromal","Stromal",TRUE,0
"104216","DCIS 2","DCIS 2",TRUE,0
"6196","Myoepi_KRT15+","Myoepi_KRT15+",TRUE,0.114311138414068
"97299","CD8+_T_Cells","CD8+_T_Cells",TRUE,0.0791331468430046
"5855","Endothelial","Endothelial",TRUE,0.0247700651234523
"81740","Macrophages_2","Macrophages_2",TRUE,0.120238442730697
"86503","CD4+_T_Cells","CD4+_T_Cells",TRUE,0.0398700562597149
"87835","Macrophages_1","Macrophages_1",TRUE,0.000265703363146616
"102033","Macrophages_1","Macrophages_1",TRUE,0.042275303887847
"104256","Endothelial","Endothelial",TRUE,0.0791799792242684
"86606","Perivascular-Like","Perivascular-Like",TRUE,0.0534706679763496
"105104","DCIS 2","DCIS 2",TRUE,0.0254415863886097
"73969","Invasive_Tumor","Invasive_Tumor",TRUE,0
"7467","Invasive_Tumor","Invasive_Tumor",TRUE,0
"77697","Stromal","Stromal",TRUE,0
"80381","Stromal","Stromal",TRUE,0
"102838","Stromal","Stromal",TRUE,0.197985382729039
"86603","Invasive_Tumor","Invasive_Tumor",TRUE,0.0645374804932505
"8214","Prolif_Invasive_Tumor","Prolif_Invasive_Tumor",TRUE,0.00265622867064009
"86496","CD4+_T_Cells","CD4+_T_Cells",TRUE,0.0221312287786251
"97295","Stromal","Stromal",TRUE,0.061161129302761
"104237","Myoepi_ACTA2+","Myoepi_ACTA2+",TRUE,0.0383768412212391
"74325","Endothelial","Endothelial",TRUE,0
"79863","Stromal","Stromal",TRUE,0.0250726205852399
"78187","Stromal","Stromal",TRUE,0.0575730986517836
"77805","DCIS 2","DCIS 2",TRUE,0.00657997573035881
"80576","Macrophages_1","Macrophages_1",TRUE,0.0615200790757689
"96809","CD4+_T_Cells","CD4+_T_Cells",TRUE,0.0505100187241682
"5834","Invasive_Tumor","Invasive_Tumor",TRUE,0.00305600517381003
"105032","Stromal","Stromal",TRUE,0.0654410066011031
"80589","Macrophages_1","Macrophages_1",TRUE,0.0371155098231657
"77729","CD4+_T_Cells","CD4+_T_Cells",TRUE,0.545142181417094
"80793","Myoepi_ACTA2+","Myoepi_ACTA2+",TRUE,0.00455168834633493
"74420","Invasive_Tumor","Invasive_Tumor",TRUE,0
"79144","Myoepi_ACTA2+","Myoepi_ACTA2+",TRUE,0.0314664807920072
"104142","Myoepi_ACTA2+","Myoepi_ACTA2+",TRUE,0.0204112195848674
"102276","Stromal","Stromal",TRUE,0.0633099077787205
"86594","Invasive_Tumor","Invasive_Tumor",TRUE,0.110773032896988
"102284","CD8+_T_Cells","Stromal",FALSE,0.0633452696882208
"87840","CD4+_T_Cells","CD4+_T_Cells",TRUE,0.0143074703776864
"77688","Stromal","Stromal",TRUE,0.148125677603056
"103446","Invasive_Tumor","Invasive_Tumor",TRUE,0.0014851677905634
"7044","B_Cells","B_Cells",TRUE,0.045864834678385
"87812","Invasive_Tumor","Invasive_Tumor",TRUE,0
"96740","CD4+_T_Cells","CD4+_T_Cells",TRUE,0
"6420","CD4+_T_Cells","CD4+_T_Cells",TRUE,0.0496401440681791
"101757","Stromal","Stromal",TRUE,0
"102273","CD4+_T_Cells","Stromal",FALSE,0.0680062327621493
"104560","Myoepi_KRT15+","Myoepi_KRT15+",TRUE,0.0442039766927451
"77682","Macrophages_2","Macrophages_1",FALSE,1.23285488600083
"74429","Endothelial","Endothelial",TRUE,0.0216325968081641
"97346","Stromal","Stromal",TRUE,0.0159005550886646
"101719","Macrophages_1","Macrophages_1",TRUE,0.178991268354082
"102304","Endothelial","Endothelial",TRUE,0.126444235982255
"74653","Invasive_Tumor","Invasive_Tumor",TRUE,0
"74802","Invasive_Tumor","Invasive_Tumor",TRUE,0.0528045338333567
"75102","Stromal","Stromal",TRUE,0.149329266138762
"104154","Stromal","Stromal",TRUE,0.0473825716841681
"6416","Stromal","Stromal",TRUE,0.0429990508808415
"80568","Stromal","Stromal",TRUE,0.0415588458225566
"104170","DCIS 2","DCIS 2",TRUE,0
"103057","Invasive_Tumor","Invasive_Tumor",TRUE,0.0138240958651122
"104223","DCIS 2","DCIS 2",TRUE,0
"97293","Stromal","Stromal",TRUE,0.0231233730292656
"90265","Endothelial","Endothelial",TRUE,0.0239855333412089
"104194","DCIS 2","DCIS 2",TRUE,0
"86483","Stromal","Stromal",TRUE,0.11143192717713
"104255","Myoepi_ACTA2+","Myoepi_ACTA2+",TRUE,0.0849243082734608
"87338","Prolif_Invasive_Tumor","Prolif_Invasive_Tumor",TRUE,0.0274717154863801
"80939","Stromal","Stromal",TRUE,0.0436880347792361
"7453","Prolif_Invasive_Tumor","Prolif_Invasive_Tumor",TRUE,0.00358168159608691
"103147","Invasive_Tumor","Invasive_Tumor",TRUE,0
"75725","Myoepi_KRT15+","Myoepi_KRT15+",TRUE,0
"103408","Prolif_Invasive_Tumor","Prolif_Invasive_Tumor",TRUE,0.00834197439155066
"80049","Stromal","Stromal",TRUE,0
"80789","DCIS 2","DCIS 2",TRUE,0.00510182720848891
"105116","Myoepi_ACTA2+","Myoepi_ACTA2+",TRUE,0.012406689703844
"105139","B_Cells","Stromal",FALSE,0.0664323591391561
"75738","Myoepi_KRT15+","Myoepi_KRT15+",TRUE,0
"105091","Macrophages_1","Macrophages_1",TRUE,0.0524099103264373
"103032","Macrophages_1","Macrophages_1",TRUE,0.0709194482338268
"103489","Invasive_Tumor","Invasive_Tumor",TRUE,0.00949970318282467
"80590","Stromal","Stromal",TRUE,0.0513641435956558
"96810","CD4+_T_Cells","CD4+_T_Cells",TRUE,0.0497425714269511
"76296","Myoepi_KRT15+","Myoepi_KRT15+",TRUE,0.0301375961135407
"78194","B_Cells","B_Cells",TRUE,0.011107517553696
"78173","Stromal","Stromal",TRUE,0.0815254319944409
"7419","Invasive_Tumor","Invasive_Tumor",TRUE,0.0119874227978685
"107690","Stromal","Stromal",TRUE,0.0803440019242899
"77783","DCIS 2","DCIS 2",TRUE,0.0201317295195537
"74361","Stromal","Stromal",TRUE,0.0323211198795587
"75223","Stromal","Stromal",TRUE,0.245550269540607
"7047","CD4+_T_Cells","CD4+_T_Cells",TRUE,0.0128130698849763
"8184","B_Cells","B_Cells",TRUE,0.0115209224261089
"105020","Stromal","Stromal",TRUE,0.0556863096949803
"74353","Stromal","Stromal",TRUE,0
"101737","Stromal","Stromal",TRUE,0.0388604961541573
"103413","Invasive_Tumor","Invasive_Tumor",TRUE,0
"105126","Myoepi_ACTA2+","Myoepi_ACTA2+",TRUE,0.0476872474564928
"77691","Stromal","Stromal",TRUE,0
"6413","Stromal","Stromal",TRUE,0.0606503345916264
"5856","Prolif_Invasive_Tumor","Prolif_Invasive_Tumor",TRUE,0.00994464772009002
"80044","Endothelial","Stromal",FALSE,0.0921022260642485
"79850","DCIS 2","DCIS 2",TRUE,0.0206007712660386
"6412","CD8+_T_Cells","CD8+_T_Cells",TRUE,0.0563788692132338
"80937","Macrophages_1","Macrophages_1",TRUE,0.0167735900857786
"80016","Stromal","Stromal",TRUE,0
"103479","Invasive_Tumor","Invasive_Tumor",TRUE,0
"80792","Stromal","Stromal",TRUE,0.0707903577554095
"76291","Myoepi_KRT15+","Myoepi_KRT15+",TRUE,0
"87348","Perivascular-Like","Perivascular-Like",TRUE,0.0149599190926245
"6193","Myoepi_ACTA2+","Myoepi_ACTA2+",TRUE,0.00749300067591557
"80790","DCIS 2","DCIS 2",TRUE,0
"104155","Stromal","Stromal",TRUE,0.0734308502010732
"104221","DCIS 2","DCIS 2",TRUE,0
"105101","Myoepi_ACTA2+","Myoepi_ACTA2+",TRUE,0.0909140467981201
"81737","B_Cells","B_Cells",TRUE,0.0151812815902569
"96742","B_Cells","B_Cells",TRUE,0.0178097490681212
"104321","Myoepi_KRT15+","Myoepi_KRT15+",TRUE,0.0168556691405054
"96719","Stromal","Stromal",TRUE,0.036963823476801
"77588","Macrophages_1","Macrophages_1",TRUE,0.0653557598750345
"96812","CD4+_T_Cells","CD4+_T_Cells",TRUE,0.0647849151299824
"102301","Endothelial","Endothelial",TRUE,0.0732322741478523
"77679","Stromal","Stromal",TRUE,0
"75076","Stromal","Stromal",TRUE,0.0147406117682609
"74478","Prolif_Invasive_Tumor","Prolif_Invasive_Tumor",TRUE,0.0101621600228697
"86600","Invasive_Tumor","Invasive_Tumor",TRUE,0
"105124","DCIS 2","DCIS 2",TRUE,0.0502087830418343
"96811","Stromal","Stromal",TRUE,0.021402307469753
"104184","DCIS 2","DCIS 2",TRUE,0
"86596","Invasive_Tumor","Invasive_Tumor",TRUE,0.00530228759083888
"96737","B_Cells","B_Cells",TRUE,0.0464608721819569
"74469","Stromal","Stromal",TRUE,0.0629767967626463
"105016","CD4+_T_Cells","CD4+_T_Cells",TRUE,0.0758311403138184
"81317","CD8+_T_Cells","CD8+_T_Cells",TRUE,0.013704756769765
"75067","CD8+_T_Cells","CD8+_T_Cells",TRUE,0.00936851302436992
"104554","Stromal","Stromal",TRUE,0.0923216504436798
"96731","CD8+_T_Cells","CD8+_T_Cells",TRUE,0.049321049438138
"73518","Invasive_Tumor","Invasive_Tumor",TRUE,0.000484094552856161
"81757","CD8+_T_Cells","CD8+_T_Cells",TRUE,0.0657350215258534
"75699","Myoepi_ACTA2+","Myoepi_ACTA2+",TRUE,0
"103162","Prolif_Invasive_Tumor","Prolif_Invasive_Tumor",TRUE,0
"87798","Prolif_Invasive_Tumor","Prolif_Invasive_Tumor",TRUE,0.0103302818070456
"105025","Stromal","Stromal",TRUE,0.0471212753024028
"87354","Invasive_Tumor","Invasive_Tumor",TRUE,0.00310795126341624
"96356","B_Cells","B_Cells",TRUE,0.0568165248183813
"81747","Stromal","Stromal",TRUE,0.00518924274333332
"75713","DCIS 2","DCIS 2",TRUE,0.0283519413452378
"89332","Invasive_Tumor","Invasive_Tumor",TRUE,0
"104556","Myoepi_ACTA2+","Myoepi_ACTA2+",TRUE,0.0751228844643835
"80581","Stromal","Stromal",TRUE,0.057754972103151
"74485","Prolif_Invasive_Tumor","Prolif_Invasive_Tumor",TRUE,0.525493066442028
"77803","DCIS 1","DCIS 2",FALSE,0.31435287240459
"103167","Invasive_Tumor","Invasive_Tumor",TRUE,0
"101728","Stromal","Stromal",TRUE,0.0488496675360589
"7055","Endothelial","Endothelial",TRUE,0.00428505080084729
"6417","Stromal","Stromal",TRUE,0.0206938556187295
"103155","Invasive_Tumor","Invasive_Tumor",TRUE,0.0477010076729849
"97301","CD8+_T_Cells","CD8+_T_Cells",TRUE,0.0229574436630919
"74812","Invasive_Tumor","Invasive_Tumor",TRUE,0.000211224042096628
"77589","Macrophages_1","Macrophages_1",TRUE,0.0600092427667215
"78191","Endothelial","Endothelial",TRUE,0.196036934977336
"97303","CD4+_T_Cells","CD4+_T_Cells",TRUE,0.0716956071613317
"89343","Prolif_Invasive_Tumor","Prolif_Invasive_Tumor",TRUE,0.0385885136942396
"103035","Macrophages_1","Macrophages_1",TRUE,0.0266565110202844
"75098","Stromal","Stromal",TRUE,0.0221603030365738
"105095","Stromal","Stromal",TRUE,0.0677464315862569
"78176","CD4+_T_Cells","CD4+_T_Cells",TRUE,0.0426444616214486
"104308","DCIS 2","DCIS 2",TRUE,0.0090151350164982
"88644","Invasive_Tumor","Invasive_Tumor",TRUE,0.0109800775186005
"78205","CD4+_T_Cells","IRF7+_DCs",FALSE,0.0132946722409625
"81753","Macrophages_2","Macrophages_2",TRUE,0.0646084486142344
"96739","Stromal","Stromal",TRUE,0.057079151381529
"75747","Myoepi_KRT15+","Myoepi_KRT15+",TRUE,0
"75089","Stromal","Stromal",TRUE,0.059810579293697
"104162","Stromal","Stromal",TRUE,0.0518015146522808
"80938","Macrophages_2","Macrophages_2",TRUE,0
"97302","CD4+_T_Cells","CD4+_T_Cells",TRUE,0.0683851091415782
"80574","CD8+_T_Cells","CD8+_T_Cells",TRUE,0.0640424042619252
"74492","Prolif_Invasive_Tumor","Prolif_Invasive_Tumor",TRUE,0
"104123","Myoepi_KRT15+","Myoepi_KRT15+",TRUE,0.0454061042304638
"102285","Stromal","Stromal",TRUE,0.056576456533203
"7057","CD8+_T_Cells","CD8+_T_Cells",TRUE,0.360961972962219
"104208","DCIS 2","DCIS 2",TRUE,0
"103066","DCIS 2","DCIS 2",TRUE,0.017898601038868
"77792","DCIS 2","DCIS 2",TRUE,0.0185503061029577
"73956","Macrophages_1","Macrophages_1",TRUE,0.0507524087606774
"74496","Invasive_Tumor","Invasive_Tumor",TRUE,0
"80562","Stromal","Stromal",TRUE,0
"90260","Endothelial","Endothelial",TRUE,0
"79848","DCIS 2","DCIS 2",TRUE,0
"87461","Invasive_Tumor","Invasive_Tumor",TRUE,0.0535662580185234
"103524","Prolif_Invasive_Tumor","Prolif_Invasive_Tumor",TRUE,0
"86490","Macrophages_1","Macrophages_1",TRUE,0.00065056438244343
"104138","DCIS 2","DCIS 2",TRUE,0
"96439","Stromal","Stromal",TRUE,0
"103152","Invasive_Tumor","Invasive_Tumor",TRUE,0
"80392","Stromal","Stromal",TRUE,0.0232252190939602
"87444","Prolif_Invasive_Tumor","Prolif_Invasive_Tumor",TRUE,0.0199850360287983
"74340","Prolif_Invasive_Tumor","Prolif_Invasive_Tumor",TRUE,1.0106124633367
"6408","CD8+_T_Cells","CD8+_T_Cells",TRUE,0.0162432463262301
"104140","DCIS 2","DCIS 2",TRUE,0.0172598197453207
"87358","Invasive_Tumor","Invasive_Tumor",TRUE,0.00138912615155223
"5838","Invasive_Tumor","Invasive_Tumor",TRUE,0
"79470","DCIS 2","DCIS 2",TRUE,0.00775755383591999
"80388","Stromal","Stromal",TRUE,0.161043169790091
"77725","Endothelial","Endothelial",TRUE,0.00751618694943568
"104122","Myoepi_KRT15+","Myoepi_KRT15+",TRUE,0.107494874982317
"105045","Stromal","Stromal",TRUE,0.112790693202211
"89210","Endothelial","Endothelial",TRUE,0.0372472392839566
"104263","DCIS 2","DCIS 2",TRUE,0.0194033405991647
"75727","Myoepi_KRT15+","DCIS 2",FALSE,0.00888690464481784
"73515","Prolif_Invasive_Tumor","Prolif_Invasive_Tumor",TRUE,0.15395823962829
"79271","DCIS 2","DCIS 2",TRUE,0.0560991664627872
"87347","Macrophages_1","Macrophages_1",TRUE,0.0234976713998523
"103177","Invasive_Tumor","Invasive_Tumor",TRUE,0
"80580","CD8+_T_Cells","CD8+_T_Cells",TRUE,0.00475586929701677
"103495","Invasive_Tumor","Invasive_Tumor",TRUE,0
"78197","CD4+_T_Cells","CD4+_T_Cells",TRUE,0.0389747597995809
"105023","Macrophages_1","Macrophages_1",TRUE,0.0541948233090261
"5842","Invasive_Tumor","Invasive_Tumor",TRUE,0
"78174","Stromal","Stromal",TRUE,0.0311107667597935
"87443","Invasive_Tumor","Invasive_Tumor",TRUE,0.0467759164690198
"97385","Stromal","Stromal",TRUE,0.0364041276650175
"75084","Macrophages_1","Macrophages_1",TRUE,0.0897050426459418
"8373","B_Cells","Stromal",FALSE,0.0679144898383948
"104191","DCIS 2","DCIS 2",TRUE,0
"96443","B_Cells","Stromal",FALSE,0.0782437491853148
"104134","DCIS 2","DCIS 2",TRUE,0.014913626470034
"90255","Perivascular-Like","Perivascular-Like",TRUE,0.31948612774697
"73953","Perivascular-Like","Perivascular-Like",TRUE,0.031448702958142
"77608","B_Cells","B_Cells",TRUE,0.0273053773519532
"104127","Myoepi_KRT15+","Myoepi_KRT15+",TRUE,0.0252005195011595
"96354","Stromal","Stromal",TRUE,0.067037377454184
"96748","CD8+_T_Cells","CD8+_T_Cells",TRUE,0.0570256986144648
"79858","Myoepi_ACTA2+","Myoepi_ACTA2+",TRUE,0.0564772609289391
"96745","Stromal","Stromal",TRUE,0.0612948823641342
"87807","Invasive_Tumor","Invasive_Tumor",TRUE,0
"105114","Myoepi_KRT15+","Myoepi_KRT15+",TRUE,0.0211374853564395
"80572","Stromal","Stromal",TRUE,0.0637877253455351
"76293","Myoepi_KRT15+","Myoepi_KRT15+",TRUE,0
"107697","Macrophages_2","Macrophages_2",TRUE,0.10011585750407
"87827","Perivascular-Like","Perivascular-Like",TRUE,0.0722853102752167
"73519","Prolif_Invasive_Tumor","Prolif_Invasive_Tumor",TRUE,0.095814900959594
"7050","Endothelial","Endothelial",TRUE,0.0144994559368814
"75708","Myoepi_ACTA2+","Myoepi_ACTA2+",TRUE,0.0115132066185036
"5840","Invasive_Tumor","Invasive_Tumor",TRUE,0.0102731027793765
"80582","CD8+_T_Cells","CD8+_T_Cells",TRUE,0.0703287519483431
"80565","CD4+_T_Cells","Stromal",FALSE,0.0840145615545659
"7043","Stromal","Stromal",TRUE,0.0288643404774687
"6194","DCIS 2","DCIS 2",TRUE,0.0412360479507393
"96833","Stromal","Stromal",TRUE,0.0641126745063503
"81762","B_Cells","B_Cells",TRUE,0.0572396934141527
"77730","Macrophages_2","Macrophages_1",FALSE,0.152950527328936
"104145","Myoepi_ACTA2+","Myoepi_ACTA2+",TRUE,0.026614985243737
"102042","Perivascular-Like","Perivascular-Like",TRUE,0.0274855542665856
"105135","Stromal","Stromal",TRUE,0.0517484623072314
"104558","DCIS 2","DCIS 2",TRUE,0.319581218142699
"69617","Invasive_Tumor","Invasive_Tumor",TRUE,0.177892193281454
"103060","Prolif_Invasive_Tumor","Prolif_Invasive_Tumor",TRUE,0.0220397566029964
"86605","Stromal","Stromal",TRUE,0.0574816266256757
"96738","CD8+_T_Cells","CD8+_T_Cells",TRUE,0.052238625305718
"75691","Stromal","Stromal",TRUE,0.0696904511212565
"104559","Myoepi_KRT15+","Myoepi_KRT15+",TRUE,0.030584357718108
"96749","Stromal","Stromal",TRUE,0.052911262082966
"89211","Prolif_Invasive_Tumor","Prolif_Invasive_Tumor",TRUE,0.003542484751587
"88650","Macrophages_2","Stromal",FALSE,0.0891860417887988
"103062","Invasive_Tumor","Invasive_Tumor",TRUE,0.0526132411773059
"73954","Perivascular-Like","Perivascular-Like",TRUE,0.0108396912458442
"75060","Macrophages_1","Stromal",FALSE,0.0641590286638087
"74488","Prolif_Invasive_Tumor","Prolif_Invasive_Tumor",TRUE,0
"81754","B_Cells","B_Cells",TRUE,0.876635007135343
"77804","DCIS 2","DCIS 2",TRUE,0
"104171","Myoepi_ACTA2+","Myoepi_ACTA2+",TRUE,0
"74642","Invasive_Tumor","Invasive_Tumor",TRUE,0
"80406","Myoepi_ACTA2+","Myoepi_ACTA2+",TRUE,0
"87350","Invasive_Tumor","Invasive_Tumor",TRUE,0.0116165889856786
"87817","Invasive_Tumor","Invasive_Tumor",TRUE,0
"86593","Invasive_Tumor","Invasive_Tumor",TRUE,0
"101721","B_Cells","B_Cells",TRUE,0.0669266838200323
"77735","Stromal","Stromal",TRUE,0
"105125","Myoepi_ACTA2+","Myoepi_ACTA2+",TRUE,0.0800125553916314
"104179","DCIS 2","DCIS 2",TRUE,0.0353884308000326
"69613","Prolif_Invasive_Tumor","Prolif_Invasive_Tumor",TRUE,0
"89345","Invasive_Tumor","Invasive_Tumor",TRUE,0.00918501268900003
"80791","Macrophages_1","Macrophages_1",TRUE,0.0698260536405955
"87447","Stromal","Stromal",TRUE,0.0530792919849136
"81748","B_Cells","B_Cells",TRUE,0.0326691864372068
"74348","Invasive_Tumor","Invasive_Tumor",TRUE,0.0469078622380129
"97305","Stromal","Stromal",TRUE,0.0459916807685252
"89335","Invasive_Tumor","Invasive_Tumor",TRUE,0.00953545307668287
"6192","Myoepi_ACTA2+","Myoepi_ACTA2+",TRUE,0.0288407597136815
"103450","Macrophages_1","Macrophages_1",TRUE,0.0254040086056733
"87822","Prolif_Invasive_Tumor","Prolif_Invasive_Tumor",TRUE,0.130360061504975
"104118","DCIS 2","DCIS 2",TRUE,0.0345503169242615
"102035","Macrophages_1","Macrophages_1",TRUE,0.0147586076631314
"105113","Myoepi_KRT15+","Myoepi_KRT15+",TRUE,0
"105043","Myoepi_ACTA2+","Myoepi_ACTA2+",TRUE,0.135248392321709
"74824","Invasive_Tumor","Invasive_Tumor",TRUE,0
"87345","Endothelial","Endothelial",TRUE,0.0662449595504441
"86590","Invasive_Tumor","Invasive_Tumor",TRUE,0
"78180","B_Cells","B_Cells",TRUE,0.00337440961184576
"80026","Stromal","Stromal",TRUE,0.00500386386733782
"79854","Myoepi_ACTA2+","Myoepi_ACTA2+",TRUE,0.00140251149329472
"77607","CD4+_T_Cells","CD4+_T_Cells",TRUE,0.0812503275669984
"105015","B_Cells","B_Cells",TRUE,0.061616708818453
"80787","Stromal","Stromal",TRUE,0.0559043602606772
"103454","Endothelial","Endothelial",TRUE,0.0130416827395176
"81741","CD4+_T_Cells","CD4+_T_Cells",TRUE,0
"79467","DCIS 2","DCIS 2",TRUE,0
"80788","Myoepi_ACTA2+","Myoepi_ACTA2+",TRUE,0
"96359","Stromal","Stromal",TRUE,0
"75722","Myoepi_ACTA2+","Myoepi_ACTA2+",TRUE,0.0742277128938657
"73922","Stromal","Stromal",TRUE,0.0544172642520936
"75049","B_Cells","Stromal",FALSE,0.0565987401120031
"74432","Perivascular-Like","Perivascular-Like",TRUE,0.0150751193480212
"75714","Myoepi_ACTA2+","Myoepi_ACTA2+",TRUE,0.0490811743272097
"104257","DCIS 2","DCIS 2",TRUE,0.0643088099462044
"87445","Invasive_Tumor","Invasive_Tumor",TRUE,0
"104273","DCIS 2","DCIS 2",TRUE,0.00501545019916616
"96746","Stromal","Stromal",TRUE,0.0318248952505299
"103493","Invasive_Tumor","Invasive_Tumor",TRUE,0
"75739","DCIS 2","DCIS 2",TRUE,0.048196353240045
"104557","Myoepi_ACTA2+","Myoepi_ACTA2+",TRUE,0.0677620733524083
"102048","Endothelial","Endothelial",TRUE,0.012761655375255
"87833","Stromal","Stromal",TRUE,0.0501413348993724
"102209","Stromal","Stromal",TRUE,0.068516594249498
"81760","B_Cells","B_Cells",TRUE,0.0213990137707533
"74322","Endothelial","Endothelial",TRUE,0.060813747363755
"74815","Prolif_Invasive_Tumor","Prolif_Invasive_Tumor",TRUE,0.0600232534512938
"105105","DCIS 2","DCIS 2",TRUE,0.0493257261077019
"101714","CD4+_T_Cells","CD4+_T_Cells",TRUE,0.0695651174897211
"77684","Stromal","Stromal",TRUE,0.0513930201793917
"97308","Stromal","Stromal",TRUE,0.088138652751048
"87353","Prolif_Invasive_Tumor","Prolif_Invasive_Tumor",TRUE,0.00280779339046394
"97307","B_Cells","B_Cells",TRUE,0.0326145238956936
"79468","DCIS 2","DCIS 2",TRUE,0.0267381755081254
"103171","Invasive_Tumor","Invasive_Tumor",TRUE,0
"80039","Stromal","Stromal",TRUE,0.0503228577128305
"5858","Invasive_Tumor","Invasive_Tumor",TRUE,0
"75052","CD4+_T_Cells","CD4+_T_Cells",TRUE,0.0657701739180485
"97306","Macrophages_1","Macrophages_1",TRUE,0.0675407087304701
"79469","Myoepi_ACTA2+","Myoepi_ACTA2+",TRUE,0
"104228","DCIS 2","DCIS 2",TRUE,0.227847819948621
"74448","Stromal","Stromal",TRUE,0.0356395261042061
"7745","Stromal","Stromal",TRUE,0
"87839","CD4+_T_Cells","CD4+_T_Cells",TRUE,0.0644521188264264
"80591","CD8+_T_Cells","CD8+_T_Cells",TRUE,0.0537981427734548
"96750","Macrophages_1","Macrophages_1",TRUE,0.0699386928510001
"86598","Invasive_Tumor","Invasive_Tumor",TRUE,0.0389803060468236
"102527","Invasive_Tumor","Invasive_Tumor",TRUE,0.0377309859342412
"77796","DCIS 2","DCIS 2",TRUE,0.00425719521681595
"80781","Myoepi_KRT15+","Myoepi_KRT15+",TRUE,0.124852032187815
"74468","Perivascular-Like","Perivascular-Like",TRUE,0.0542948842970575
"80946","Stromal","Stromal",TRUE,0.0345374234237231
"82277","B_Cells","B_Cells",TRUE,0.0788785358549663
"74797","Invasive_Tumor","Invasive_Tumor",TRUE,0
"74358","Stromal","Stromal",TRUE,0
"96813","B_Cells","Stromal",FALSE,0.071441622562426
"5830","Prolif_Invasive_Tumor","Prolif_Invasive_Tumor",TRUE,0.138743188518977
"103488","Invasive_Tumor","Invasive_Tumor",TRUE,0.0262558379257294
"74342","Prolif_Invasive_Tumor","Prolif_Invasive_Tumor",TRUE,0.00541724475008909
"87446","Prolif_Invasive_Tumor","Prolif_Invasive_Tumor",TRUE,0.042926790617962
"5857","Macrophages_1","Macrophages_1",TRUE,0.035637309673471
"103828","Stromal","Stromal",TRUE,0.0707076341489564
"80569","Stromal","Stromal",TRUE,0.019690605493556
"88639","Stromal","Stromal",TRUE,0.0426783391206416
"104046","Myoepi_ACTA2+","Myoepi_ACTA2+",TRUE,0.0222815171748413
"104240","Myoepi_ACTA2+","Myoepi_ACTA2+",TRUE,0.077652619865022
"75091","Stromal","Stromal",TRUE,0
"97304","Stromal","Stromal",TRUE,0.0119487924001782
"74414","Invasive_Tumor","Invasive_Tumor",TRUE,0
"80943","CD4+_T_Cells","CD4+_T_Cells",TRUE,0.0525114998714454
"74643","Invasive_Tumor","Invasive_Tumor",TRUE,0
"74652","Invasive_Tumor","Invasive_Tumor",TRUE,0.350894277306939
"6191","Myoepi_ACTA2+","Myoepi_ACTA2+",TRUE,0.077617846921356
"75081","CD8+_T_Cells","CD8+_T_Cells",TRUE,0.0495056602262669
"80945","Stromal","Stromal",TRUE,0.105960352866666
"78188","B_Cells","B_Cells",TRUE,0.0633127158621047
"105449","Stromal","Stromal",TRUE,0.314847315696715
"6577","IRF7+_DCs","IRF7+_DCs",TRUE,0.0328524090324664
"97333","Stromal","Stromal",TRUE,0.102901104534862
"74433","Perivascular-Like","Perivascular-Like",TRUE,0.0220918697293491
"80785","Stromal","Stromal",TRUE,0.0525060213742499
"80430","DCIS 2","DCIS 2",TRUE,0.0248394756407611
"97310","CD4+_T_Cells","CD4+_T_Cells",TRUE,0.0483107928039331
"80783","Myoepi_ACTA2+","Myoepi_ACTA2+",TRUE,0
"102290","Stromal","Stromal",TRUE,0.056289616059051
"103403","Invasive_Tumor","Invasive_Tumor",TRUE,0.0463509871233427
"103181","Invasive_Tumor","Invasive_Tumor",TRUE,0
"103154","Invasive_Tumor","Invasive_Tumor",TRUE,0
"96752","CD4+_T_Cells","CD4+_T_Cells",TRUE,0.0511614015379014
"88641","Invasive_Tumor","Invasive_Tumor",TRUE,0.0112258313693368
"103140","Invasive_Tumor","Invasive_Tumor",TRUE,0.00885549053819461
"80784","Myoepi_ACTA2+","Myoepi_ACTA2+",TRUE,0.129313988802861
"80057","Stromal","Stromal",TRUE,0.00170335852334752
"74499","Invasive_Tumor","Invasive_Tumor",TRUE,0
"89209","Endothelial","Endothelial",TRUE,0.710498334125126
"69618","Invasive_Tumor","Invasive_Tumor",TRUE,0.00391673660707073
"6414","B_Cells","B_Cells",TRUE,0.0260581922256075
"73930","Endothelial","Endothelial",TRUE,0.116929981408791
"69610","Invasive_Tumor","Invasive_Tumor",TRUE,0
"77723","Stromal","Stromal",TRUE,0.0651441926903521
"74480","Invasive_Tumor","Invasive_Tumor",TRUE,0
"74500","Invasive_Tumor","Invasive_Tumor",TRUE,0
"104222","DCIS 2","DCIS 2",TRUE,0
"78184","Macrophages_1","Macrophages_1",TRUE,0.874617785060238
"6190","Myoepi_ACTA2+","Myoepi_ACTA2+",TRUE,0.0554752742191622
"102835","Macrophages_1","Macrophages_1",TRUE,6.20065524714053e-05
"79270","DCIS 2","DCIS 2",TRUE,0
"80573","Stromal","Stromal",TRUE,0.0470157308488223
"77780","DCIS 2","DCIS 2",TRUE,0
"73951","Perivascular-Like","Perivascular-Like",TRUE,0.0142076826355657
"75066","Stromal","Stromal",TRUE,0.144815064312685
"80583","Stromal","Stromal",TRUE,0
"103531","Prolif_Invasive_Tumor","Prolif_Invasive_Tumor",TRUE,0.00551716007411658
"87352","Prolif_Invasive_Tumor","Prolif_Invasive_Tumor",TRUE,0.0218830179198575
"74483","Prolif_Invasive_Tumor","Prolif_Invasive_Tumor",TRUE,0.0726230176775767
"75214","Macrophages_1","Stromal",FALSE,0.110842704629104
"77593","B_Cells","B_Cells",TRUE,0.0642676574073998
"6402","CD4+_T_Cells","CD4+_T_Cells",TRUE,0.0526269981434492
"80780","Myoepi_ACTA2+","Myoepi_ACTA2+",TRUE,0.0837649858157026
"80055","Stromal","Stromal",TRUE,0.0160077772742586
"77677","Stromal","Stromal",TRUE,0.0439737684917566
"80782","Myoepi_ACTA2+","Myoepi_ACTA2+",TRUE,0.0966320843468573
"80786","CD8+_T_Cells","CD8+_T_Cells",TRUE,0.052436686234031
"96338","IRF7+_DCs","IRF7+_DCs",TRUE,0.0327778161225681
"80399","Myoepi_ACTA2+","Myoepi_ACTA2+",TRUE,0.0850163227510999
"8190","Stromal","Stromal",TRUE,0.058477915088064
"102026","Stromal","Stromal",TRUE,0.0918124549746964
"76299","DCIS 2","DCIS 2",TRUE,0.0733830091460612
"103526","Invasive_Tumor","Invasive_Tumor",TRUE,0.0184252670425318
"87810","Invasive_Tumor","Invasive_Tumor",TRUE,0
"81759","CD4+_T_Cells","CD4+_T_Cells",TRUE,0.0481741653145512
"76287","Myoepi_KRT15+","Myoepi_KRT15+",TRUE,0.00751860548732108
"80778","Myoepi_ACTA2+","Myoepi_KRT15+",FALSE,1.32704667301226
"105047","Myoepi_ACTA2+","Myoepi_ACTA2+",TRUE,0
"74806","Invasive_Tumor","Invasive_Tumor",TRUE,0
"76294","Myoepi_KRT15+","Myoepi_KRT15+",TRUE,0
"102321","Stromal","Stromal",TRUE,0.030969078016251
"105035","Myoepi_ACTA2+","Myoepi_ACTA2+",TRUE,0.10863988994084
"102664","Stromal","Stromal",TRUE,0.0110682046780511
"96816","Macrophages_1","Macrophages_1",TRUE,0.00809771632527201
"74464","Perivascular-Like","Perivascular-Like",TRUE,0.08945984711734
"80575","CD8+_T_Cells","CD8+_T_Cells",TRUE,0.0672770613718884
"96735","Stromal","Stromal",TRUE,0.0543506280121455
"7053","CD4+_T_Cells","CD4+_T_Cells",TRUE,0.00895743470415905
"74800","Invasive_Tumor","Prolif_Invasive_Tumor",FALSE,1.13531842903894
"77602","CD4+_T_Cells","CD4+_T_Cells",TRUE,0.0481437114735591
"96744","CD8+_T_Cells","CD8+_T_Cells",TRUE,0.0502260292516915
"87806","Invasive_Tumor","Invasive_Tumor",TRUE,0.0415333622798002
"103039","Macrophages_1","Macrophages_1",TRUE,0.0104547052788884
"96751","CD4+_T_Cells","CD4+_T_Cells",TRUE,0.033894854904073
"87343","Invasive_Tumor","Invasive_Tumor",TRUE,0.0430593497557
"96753","CD4+_T_Cells","CD4+_T_Cells",TRUE,0.0715132581881778
"104298","DCIS 2","DCIS 2",TRUE,0.00564616696499454
"102299","Stromal","Stromal",TRUE,0
"79864","Stromal","Stromal",TRUE,0.00578451321612408
"86601","Invasive_Tumor","Invasive_Tumor",TRUE,0.0365404393496261
"6410","Stromal","Stromal",TRUE,0.0542676118485776
"6406","CD4+_T_Cells","CD4+_T_Cells",TRUE,0.0381453153684597
"81756","CD4+_T_Cells","CD4+_T_Cells",TRUE,0.264973203895179
"87836","Stromal","Stromal",TRUE,0
"105052","Myoepi_ACTA2+","Myoepi_ACTA2+",TRUE,0.0683290742024402
"80013","Stromal","Stromal",TRUE,0.0153889487687253
"74352","Invasive_Tumor","Invasive_Tumor",TRUE,0.0187320804493089
"103404","Invasive_Tumor","Invasive_Tumor",TRUE,0.00805608964178872
"79265","Myoepi_KRT15+","Myoepi_KRT15+",TRUE,0
"102032","Perivascular-Like","Perivascular-Like",TRUE,0.0759494385796667
"86492","Macrophages_1","Macrophages_1",TRUE,0.01371700556835
"79871","Myoepi_ACTA2+","Myoepi_ACTA2+",TRUE,0.0373812725528305
"74476","Myoepi_ACTA2+","Myoepi_ACTA2+",TRUE,0.0249692618459367
"7051","Perivascular-Like","Perivascular-Like",TRUE,0.039346836374238
"75078","Stromal","Stromal",TRUE,0.0857145066852151
"97356","Stromal","Stromal",TRUE,0.0230416101348081
"81750","Stromal","Stromal",TRUE,0.0305881703979046
"97309","Stromal","Stromal",TRUE,0
"104146","Myoepi_ACTA2+","Myoepi_ACTA2+",TRUE,0.0621606976652814
"5848","Invasive_Tumor","Invasive_Tumor",TRUE,0
"77614","Stromal","Stromal",TRUE,0.0234469222359406
"104204","DCIS 2","DCIS 2",TRUE,0
"7046","Stromal","Stromal",TRUE,0.0326434132404836
"87442","Invasive_Tumor","Invasive_Tumor",TRUE,0
"74417","Endothelial","Endothelial",TRUE,0.652716684282057
"75228","Macrophages_2","Macrophages_1",FALSE,1.5961784886688
"101743","Stromal","Stromal",TRUE,0.038524611695926
"104241","DCIS 2","DCIS 2",TRUE,0.0287287705701434
"74646","Invasive_Tumor","Invasive_Tumor",TRUE,0.00371850711446815
"87439","Invasive_Tumor","Invasive_Tumor",TRUE,0
"104198","DCIS 2","DCIS 2",TRUE,0
"103163","Invasive_Tumor","Invasive_Tumor",TRUE,0
"5833","Invasive_Tumor","Invasive_Tumor",TRUE,0.663228673632618
"104183","DCIS 2","DCIS 2",TRUE,0.0299881867356344
"82276","B_Cells","B_Cells",TRUE,0.038284887418352
"87799","Prolif_Invasive_Tumor","Prolif_Invasive_Tumor",TRUE,0.00207879867825915
"96814","Stromal","Stromal",TRUE,0.0516461172343634
"81743","CD4+_T_Cells","CD4+_T_Cells",TRUE,0.0602864565375597
"105127","Myoepi_KRT15+","Myoepi_KRT15+",TRUE,0.00464005120251421
"80420","DCIS 2","DCIS 2",TRUE,0.0163677516138907
"87683","Endothelial","Endothelial",TRUE,0.00678987022786928
"103156","Invasive_Tumor","Invasive_Tumor",TRUE,0.00421010251827875
"97366","Stromal","Stromal",TRUE,0.0325466833979088
"80779","Stromal","Stromal",TRUE,0.0256712422763522
"86589","Invasive_Tumor","Invasive_Tumor",TRUE,0
"79141","DCIS 2","DCIS 2",TRUE,0
"80018","Stromal","Stromal",TRUE,0.0649178804545761
"82287","B_Cells","B_Cells",TRUE,0.0306603575713262
"104574","DCIS 2","DCIS 2",TRUE,0.00575973683370457
"79873","Stromal","Stromal",TRUE,0
"105150","Stromal","Stromal",TRUE,0.016489245660961
"103449","Invasive_Tumor","Invasive_Tumor",TRUE,0.00403523685797059
"75717","Myoepi_ACTA2+","Myoepi_ACTA2+",TRUE,0.038886660087325
"104214","DCIS 2","DCIS 2",TRUE,0.0298684634603143
"103838","Stromal","Stromal",TRUE,0.0161716694797508
"89327","CD4+_T_Cells","CD4+_T_Cells",TRUE,0.0582931438181955
"7748","Stromal","Stromal",TRUE,0
"105143","Macrophages_1","Macrophages_1",TRUE,0.0830859915579724
"77737","CD8+_T_Cells","CD8+_T_Cells",TRUE,0.0307505671577729
"74823","Stromal","Stromal",TRUE,0.735439373210282
"81767","B_Cells","B_Cells",TRUE,0.0260448319358313
"107699","Stromal","Stromal",TRUE,0
"86602","Invasive_Tumor","Invasive_Tumor",TRUE,0.479097693178825
"8156","Stromal","Stromal",TRUE,0.0477158940302303
"6189","Myoepi_ACTA2+","Myoepi_ACTA2+",TRUE,0.0373713335646074
"102037","Endothelial","Endothelial",TRUE,0
"105031","Myoepi_ACTA2+","Myoepi_ACTA2+",TRUE,0
"105156","Stromal","Stromal",TRUE,0.0234650405308141
"75692","Macrophages_1","Macrophages_1",TRUE,0.0137385811257939
"96815","CD8+_T_Cells","CD8+_T_Cells",TRUE,0.00176479963228329
"5831","Invasive_Tumor","Invasive_Tumor",TRUE,0.134816771602454
"104193","DCIS 2","DCIS 2",TRUE,0
"80560","Stromal","Stromal",TRUE,0.0527465748619063
"103142","Invasive_Tumor","Invasive_Tumor",TRUE,0
"87795","Invasive_Tumor","Invasive_Tumor",TRUE,0.0432815537662128
"79466","DCIS 2","DCIS 2",TRUE,0.0235615183657502
"80567","CD8+_T_Cells","CD8+_T_Cells",TRUE,0.0461501893056983
"104238","DCIS 2","DCIS 2",TRUE,0
"81763","CD4+_T_Cells","CD4+_T_Cells",TRUE,0.0317522530941369
"104124","Myoepi_KRT15+","Myoepi_KRT15+",TRUE,0.116671968833688
"80036","Stromal","Stromal",TRUE,0.0365096286693374
"79866","Stromal","Stromal",TRUE,0
"105042","Myoepi_ACTA2+","Myoepi_ACTA2+",TRUE,0.00958056793942713
"75729","Myoepi_ACTA2+","Myoepi_ACTA2+",TRUE,0.105211777516709
"97311","Stromal","Stromal",TRUE,0.07065650380532
"96355","Stromal","Stromal",TRUE,0.0757860419671437
"104143","DCIS 2","DCIS 2",TRUE,0
"105019","Macrophages_1","Stromal",FALSE,0.0789299556679014
"86599","Macrophages_1","Macrophages_1",TRUE,0.0904574681118248
"105120","Myoepi_KRT15+","Myoepi_KRT15+",TRUE,0.0435159894250438
"77731","CD8+_T_Cells","CD8+_T_Cells",TRUE,0.0437402680697648
"75068","Stromal","Stromal",TRUE,0.0870658580677968
"75053","Stromal","Stromal",TRUE,0.0711129128058972
"86513","CD4+_T_Cells","CD8+_T_Cells",FALSE,2
"75743","DCIS 2","DCIS 2",TRUE,0.0579444759318382
"104189","DCIS 2","DCIS 2",TRUE,0.00762415329383105
"102833","CD8+_T_Cells","CD8+_T_Cells",TRUE,0.106380481026641
"87441","Invasive_Tumor","Invasive_Tumor",TRUE,0.0035697393564158
"104567","DCIS 2","DCIS 2",TRUE,0.0202655774255153
"103173","Invasive_Tumor","Invasive_Tumor",TRUE,0
"87815","Invasive_Tumor","Invasive_Tumor",TRUE,0
"74491","Invasive_Tumor","Invasive_Tumor",TRUE,0.0616808052756768
"80556","CD8+_T_Cells","Stromal",FALSE,0.0903408066631501
"104269","DCIS 2","DCIS 2",TRUE,0.017279946572512
"7060","Prolif_Invasive_Tumor","Prolif_Invasive_Tumor",TRUE,0.0046801340366931
"7058","CD4+_T_Cells","CD4+_T_Cells",TRUE,0.0139075818622244
"102511","B_Cells","CD8+_T_Cells",FALSE,1.03641308292052
"105109","DCIS 2","DCIS 2",TRUE,0.0485805934084144
"89342","Invasive_Tumor","Invasive_Tumor",TRUE,0.00546314658071879
"5828","Invasive_Tumor","Invasive_Tumor",TRUE,0.011634579354405
"104052","Myoepi_KRT15+","Myoepi_KRT15+",TRUE,0.0132969034249694
"96754","Stromal","Stromal",TRUE,0.0796494076313601
"6399","CD4+_T_Cells","CD4+_T_Cells",TRUE,0.0348536589951989
"7418","Macrophages_2","Stromal",FALSE,0.120130665712511
"74808","Invasive_Tumor","Invasive_Tumor",TRUE,0.0148944123622137
"97314","Stromal","Stromal",TRUE,0.0153270243395477
"79998","Macrophages_1","Macrophages_1",TRUE,0.0719892531015214
"105059","Myoepi_ACTA2+","Myoepi_ACTA2+",TRUE,0.22693299638891
"75083","Invasive_Tumor","Invasive_Tumor",TRUE,0.0594488315969364
"87336","Invasive_Tumor","Invasive_Tumor",TRUE,0.0121061581153855
"87818","Invasive_Tumor","Prolif_Invasive_Tumor",FALSE,2
"80566","LAMP3+_DCs","LAMP3+_DCs",TRUE,0.0585468038284774
"6403","CD4+_T_Cells","CD4+_T_Cells",TRUE,0.0412217913600701
"104041","Myoepi_KRT15+","Myoepi_KRT15+",TRUE,0.0512379155241134
"87438","Invasive_Tumor","Invasive_Tumor",TRUE,0
"69609","Prolif_Invasive_Tumor","Prolif_Invasive_Tumor",TRUE,0
"103523","DCIS 2","DCIS 2",TRUE,0.0406079135565056
"79857","Myoepi_ACTA2+","Myoepi_ACTA2+",TRUE,0.0792337407193358
"80947","B_Cells","B_Cells",TRUE,0.0262904534770797
"79849","DCIS 2","DCIS 2",TRUE,0.0297627548796413
"75087","Prolif_Invasive_Tumor","Prolif_Invasive_Tumor",TRUE,0.00177873020258416
"104156","Myoepi_ACTA2+","Myoepi_ACTA2+",TRUE,0.0786483977239518
"103833","Stromal","Stromal",TRUE,0.0517935964764348
"104328","DCIS 2","DCIS 2",TRUE,0
"73943","Stromal","Stromal",TRUE,0.256511340703879
"87832","Stromal","Stromal",TRUE,0
"77777","DCIS 2","DCIS 2",TRUE,0
"80056","Stromal","Stromal",TRUE,0.05520750908577
"104139","Myoepi_KRT15+","Myoepi_KRT15+",TRUE,0.00767370887028557
"69612","Invasive_Tumor","Invasive_Tumor",TRUE,0.00445278367544322
"97316","Stromal","Stromal",TRUE,0
"82281","CD4+_T_Cells","CD4+_T_Cells",TRUE,0.0505014120872015
"89321","Stromal","Stromal",TRUE,0.0751275353183937
"74434","Stromal","Stromal",TRUE,0.0762495365534432
"96743","B_Cells","B_Cells",TRUE,0.080273545544548
"87436","Prolif_Invasive_Tumor","Prolif_Invasive_Tumor",TRUE,0
"80387","Stromal","Stromal",TRUE,0
"74335","Invasive_Tumor","Invasive_Tumor",TRUE,0.0221946489304575
"6404","Stromal","Stromal",TRUE,0.0591350504821034
"105111","DCIS 2","DCIS 2",TRUE,0.0234729951379724
"103150","Invasive_Tumor","Invasive_Tumor",TRUE,0
"97312","Macrophages_1","Macrophages_1",TRUE,0.0752569830982464
"102842","Macrophages_1","Macrophages_1",TRUE,0.00745193315782039
"88640","Invasive_Tumor","Invasive_Tumor",TRUE,0
"87808","Invasive_Tumor","Invasive_Tumor",TRUE,0
"5835","Invasive_Tumor","Invasive_Tumor",TRUE,0
"6188","DCIS 2","DCIS 2",TRUE,0.0390518347195185
"5836","Invasive_Tumor","Invasive_Tumor",TRUE,0.0670593918255031
"105037","Myoepi_ACTA2+","Myoepi_ACTA2+",TRUE,0.0398557789502071
"104169","Myoepi_ACTA2+","Myoepi_ACTA2+",TRUE,0
"105026","Myoepi_ACTA2+","Myoepi_ACTA2+",TRUE,0.0810587925811785
"80004","Stromal","Stromal",TRUE,0.0418990868689642
"104165","Myoepi_ACTA2+","Myoepi_ACTA2+",TRUE,0.0610131082994946
"79269","DCIS 2","DCIS 2",TRUE,0.000458918455743515
"96747","CD8+_T_Cells","CD8+_T_Cells",TRUE,0.0712813634945623
"7747","Stromal","Stromal",TRUE,0
"86500","Macrophages_1","Macrophages_1",TRUE,0.0203116246384946
"79524","Myoepi_ACTA2+","Myoepi_ACTA2+",TRUE,0.0144580813962252
"73928","Stromal","Stromal",TRUE,0.0832996140421742
"87821","Invasive_Tumor","Invasive_Tumor",TRUE,0
"97313","Stromal","Stromal",TRUE,0.0550925306248437
"77611","CD8+_T_Cells","CD8+_T_Cells",TRUE,0.0363594220503228
"102311","Stromal","Stromal",TRUE,0.0583141851339315
"78183","Stromal","Stromal",TRUE,0.402990325978317
"74494","Prolif_Invasive_Tumor","Prolif_Invasive_Tumor",TRUE,0
"104243","Myoepi_ACTA2+","Stromal",FALSE,0.109276202976645
"69616","Invasive_Tumor","Invasive_Tumor",TRUE,0
"80407","DCIS 2","DCIS 2",TRUE,0.0343814915792514
"77722","Stromal","Stromal",TRUE,0.0476337603844657
"78189","Stromal","Stromal",TRUE,0.0563222627989099
"74795","Invasive_Tumor","Invasive_Tumor",TRUE,0
"86584","Macrophages_1","Macrophages_1",TRUE,0.00973840720764516
"86507","Macrophages_1","Macrophages_1",TRUE,0.00149256610350657
"87682","Perivascular-Like","Perivascular-Like",TRUE,0.0339525137581482
"81751","Stromal","Stromal",TRUE,0.0610337487243383
"74343","Invasive_Tumor","Invasive_Tumor",TRUE,0.122943727412223
"86587","Prolif_Invasive_Tumor","Prolif_Invasive_Tumor",TRUE,0.00958773231709498
"74355","Invasive_Tumor","Invasive_Tumor",TRUE,0.072825871736094
"102223","Endothelial","Endothelial",TRUE,0.0507202021260447
"102665","Stromal","Stromal",TRUE,0.0411248501742539
"103063","Invasive_Tumor","Invasive_Tumor",TRUE,0.154107351819976
"6041","Invasive_Tumor","Invasive_Tumor",TRUE,0.0733302941245864
"97318","Stromal","Stromal",TRUE,0.0824605658482321
"77779","DCIS 2","DCIS 2",TRUE,0
"87440","Prolif_Invasive_Tumor","Prolif_Invasive_Tumor",TRUE,0
"80052","Stromal","Stromal",TRUE,0.00481916337032989
"103054","Stromal","Stromal",TRUE,0.0411840044234389
"96817","Stromal","Stromal",TRUE,0
"73944","Endothelial","Endothelial",TRUE,0.127997875766741
"78524","Stromal","Stromal",TRUE,0.0319195668288155
"103535","Invasive_Tumor","Invasive_Tumor",TRUE,0.00914364652845756
"7491","Endothelial","Endothelial",TRUE,0.0767676953409838
"75704","Stromal","Stromal",TRUE,0.0492099564706041
"73948","Endothelial","Endothelial",TRUE,0.652490379410721
"75697","Stromal","Stromal",TRUE,0.0634737305614499
"81758","B_Cells","B_Cells",TRUE,0.0335650114134273
"73947","Endothelial","Endothelial",TRUE,0.0375376466265436
"103037","Stromal","Stromal",TRUE,0
"103534","Invasive_Tumor","Invasive_Tumor",TRUE,0
"74463","Endothelial","Endothelial",TRUE,0
"78177","Endothelial","Endothelial",TRUE,0.0237717499373735
"80777","CD8+_T_Cells","CD8+_T_Cells",TRUE,0.0514751897914598
"80029","Stromal","Stromal",TRUE,0.0444335288947917
"102314","Stromal","Stromal",TRUE,0.0673749089540323
"77281","Macrophages_1","Macrophages_1",TRUE,0.00221032769611251
"104227","DCIS 2","DCIS 2",TRUE,0.0936963399618249
"102312","Stromal","Stromal",TRUE,0.0786838473992004
"102836","CD8+_T_Cells","CD8+_T_Cells",TRUE,0.0019536786090093
"75062","Stromal","Stromal",TRUE,0.117856953572122
"80948","Macrophages_2","Macrophages_2",TRUE,0.0923282224642726
"74648","Invasive_Tumor","Prolif_Invasive_Tumor",FALSE,1.63531811185239
"86583","Invasive_Tumor","Invasive_Tumor",TRUE,0.00740407673697804
"80014","Stromal","Stromal",TRUE,0.0181606853326689
"80042","Myoepi_ACTA2+","Myoepi_ACTA2+",TRUE,0.0529591928588807
"104219","Myoepi_ACTA2+","Myoepi_ACTA2+",TRUE,0.0119586221168086
"77600","Macrophages_1","Macrophages_1",TRUE,0.0640047542618357
"80557","Stromal","Stromal",TRUE,0
"105117","DCIS 2","DCIS 2",TRUE,0
"80579","CD8+_T_Cells","Stromal",FALSE,0.0559128935622785
"104141","DCIS 2","DCIS 2",TRUE,0.0334466607244046
"104128","Myoepi_KRT15+","Myoepi_KRT15+",TRUE,0.047318527527967
"89208","Stromal","Stromal",TRUE,0.0155140450143432
"78185","Macrophages_2","Macrophages_1",FALSE,1.61738976168091
"80561","CD8+_T_Cells","Stromal",FALSE,0.0453448400672837
"79522","Myoepi_ACTA2+","Myoepi_ACTA2+",TRUE,0.0478052687812555
"81746","Macrophages_1","Macrophages_1",TRUE,0.016739430167374
"102210","B_Cells","B_Cells",TRUE,0.00285590768763816
"96756","Stromal","Stromal",TRUE,0.0330742663155699
"7054","Macrophages_2","Macrophages_2",TRUE,0.102952510884112
"82288","Macrophages_2","Macrophages_2",TRUE,0.0286720184799987
"75734","DCIS 2","DCIS 2",TRUE,0.0289763291458676
"79264","DCIS 2","DCIS 2",TRUE,0.0054799078822993
"87437","Invasive_Tumor","Invasive_Tumor",TRUE,0
"74349","Invasive_Tumor","Invasive_Tumor",TRUE,0
"104281","DCIS 2","DCIS 2",TRUE,0.0051274697744968
"105036","Myoepi_ACTA2+","Myoepi_ACTA2+",TRUE,0.0852272726248275
"103134","Invasive_Tumor","Invasive_Tumor",TRUE,0.00286881570410349
"73931","Endothelial","Endothelial",TRUE,0.100457559012148
"105030","Myoepi_ACTA2+","Myoepi_ACTA2+",TRUE,0.0444559779553426
"96333","Stromal","Stromal",TRUE,0
"88637","Perivascular-Like","Perivascular-Like",TRUE,0.885281713650078
"97334","Stromal","Stromal",TRUE,0.0175105192499869
"89339","Invasive_Tumor","Invasive_Tumor",TRUE,0.052850627432858
"82280","CD8+_T_Cells","CD8+_T_Cells",TRUE,0.0132643888890781
"97315","CD4+_T_Cells","CD4+_T_Cells",TRUE,0.0572475680470544
"75508","Perivascular-Like","Perivascular-Like",TRUE,0.0165622088094928
"69614","Invasive_Tumor","Invasive_Tumor",TRUE,0.00627959588629691
"77732","Stromal","Stromal",TRUE,0
"104335","DCIS 2","DCIS 2",TRUE,0.202684782076594
"5773","Invasive_Tumor","Invasive_Tumor",TRUE,0.00438650627344143
"103496","Invasive_Tumor","Invasive_Tumor",TRUE,0.00940890496771743
"81765","IRF7+_DCs","IRF7+_DCs",TRUE,0.0253758324344832
"86588","Perivascular-Like","Perivascular-Like",TRUE,0.134139974006506
"73921","Stromal","Stromal",TRUE,0.0579654230809866
"79861","Stromal","Stromal",TRUE,0.174604412155261
"80693","Myoepi_ACTA2+","Myoepi_ACTA2+",TRUE,0.0316155141193159
"102041","Endothelial","Endothelial",TRUE,0.0721742518068653
"82226","B_Cells","B_Cells",TRUE,0.0674817491735408
"104211","DCIS 2","DCIS 2",TRUE,0
"74809","Prolif_Invasive_Tumor","Prolif_Invasive_Tumor",TRUE,0.394329948519535
"81744","Macrophages_2","Macrophages_2",TRUE,0.0632983995832967
"101727","Stromal","Stromal",TRUE,0.0421837465788492
"74639","Prolif_Invasive_Tumor","Prolif_Invasive_Tumor",TRUE,0.00350465977001201
"77776","DCIS 2","DCIS 2",TRUE,0.0138919351631604
"74477","Invasive_Tumor","Invasive_Tumor",TRUE,0.154155115155793
"80009","Macrophages_1","Macrophages_1",TRUE,0.0768661888910899
"79525","Stromal","Stromal",TRUE,0.0150368988844522
"103045","Macrophages_1","Macrophages_1",TRUE,0.070345491380877
"87432","Invasive_Tumor","Invasive_Tumor",TRUE,0.00319418654010242
"102030","Endothelial","Endothelial",TRUE,0
"80559","Stromal","Stromal",TRUE,0.0266043446954159
"102310","Endothelial","Endothelial",TRUE,0.0903199133907415
"6139","Myoepi_ACTA2+","Myoepi_ACTA2+",TRUE,0.120947933602765
"77587","Macrophages_1","Macrophages_1",TRUE,0.109178390526958
"86582","Prolif_Invasive_Tumor","Invasive_Tumor",FALSE,2
"75701","Stromal","Stromal",TRUE,0.0486132066959528
"80692","Myoepi_ACTA2+","Myoepi_ACTA2+",TRUE,0.0401942983823358
"103529","DCIS 1","DCIS 1",TRUE,0.000641409373670354
"79137","DCIS 2","DCIS 2",TRUE,0
"102233","IRF7+_DCs","IRF7+_DCs",TRUE,0.0343070542829251
"77257","Stromal","Stromal",TRUE,0.565718209045562
"105121","Myoepi_KRT15+","Myoepi_KRT15+",TRUE,0.0521119373778762
"80398","Myoepi_ACTA2+","Myoepi_ACTA2+",TRUE,0.0430765581806955
"103030","Invasive_Tumor","Invasive_Tumor",TRUE,0.0245442415498329
"74791","Invasive_Tumor","Invasive_Tumor",TRUE,0.0096839650356699
"75046","Stromal","Stromal",TRUE,0.036686881247538
"102849","Stromal","Stromal",TRUE,0.0470766229233
"105049","DCIS 2","DCIS 2",TRUE,0.0280429549704621
"80035","Myoepi_ACTA2+","Myoepi_ACTA2+",TRUE,0.0713447086277478
"104049","Myoepi_KRT15+","Myoepi_KRT15+",TRUE,0.0140919261222071
"103401","Invasive_Tumor","Invasive_Tumor",TRUE,0.0791247496365048
"73935","Stromal","Stromal",TRUE,0.0140134314838169
"105054","DCIS 2","DCIS 2",TRUE,0.393363246132918
"104157","Myoepi_ACTA2+","Myoepi_ACTA2+",TRUE,0.0425685055043019
"69604","Prolif_Invasive_Tumor","Prolif_Invasive_Tumor",TRUE,0
"96342","Stromal","Stromal",TRUE,0
"80043","Myoepi_ACTA2+","Myoepi_ACTA2+",TRUE,0.0434195339821492
"75687","CD8+_T_Cells","CD8+_T_Cells",TRUE,0.054263617522557
"102524","Prolif_Invasive_Tumor","Prolif_Invasive_Tumor",TRUE,0.0324042907553888
"75055","CD4+_T_Cells","CD4+_T_Cells",TRUE,0.0527903670669439
"5774","Invasive_Tumor","Invasive_Tumor",TRUE,0.00744960936129646
"103830","Stromal","Stromal",TRUE,0.555049073385842
"76290","DCIS 2","DCIS 2",TRUE,0.00976412289680997
"75077","Macrophages_1","Macrophages_1",TRUE,0.052460026946288
"75090","Invasive_Tumor","Invasive_Tumor",TRUE,0.033499298241847
"87805","Invasive_Tumor","Invasive_Tumor",TRUE,0
"75070","Stromal","Stromal",TRUE,0
"101749","Stromal","Stromal",TRUE,0
"87814","Invasive_Tumor","Invasive_Tumor",TRUE,0.0126597244262472
"6185","Myoepi_ACTA2+","Myoepi_ACTA2+",TRUE,0.0654596634463895
"74411","Macrophages_1","Macrophages_1",TRUE,0.0333187240896487
"80434","Myoepi_KRT15+","Myoepi_KRT15+",TRUE,0
"7492","Stromal","Stromal",TRUE,0.0868518380065622
"96441","Stromal","Stromal",TRUE,0
"79862","Stromal","Stromal",TRUE,0.00526713111462754
"77590","Stromal","Stromal",TRUE,0.0452493842049882
"87349","Prolif_Invasive_Tumor","Prolif_Invasive_Tumor",TRUE,0.0137990163727894
"104267","Myoepi_ACTA2+","Myoepi_ACTA2+",TRUE,0.0612521548521023
"81749","B_Cells","B_Cells",TRUE,0.053635920976263
"103145","Invasive_Tumor","Invasive_Tumor",TRUE,0
"86595","Invasive_Tumor","Invasive_Tumor",TRUE,0
"103453","Prolif_Invasive_Tumor","Prolif_Invasive_Tumor",TRUE,0
"87670","Invasive_Tumor","Invasive_Tumor",TRUE,0.00549719709964652
"79852","Myoepi_ACTA2+","Myoepi_ACTA2+",TRUE,0.0538682598419637
"105132","Stromal","Stromal",TRUE,0.0132167519812505
"96837","CD4+_T_Cells","CD4+_T_Cells",TRUE,0.0682447243631959
"80396","Stromal","Stromal",TRUE,0.0531007239767525
"102317","CD4+_T_Cells","CD4+_T_Cells",TRUE,0.0178593911807501
"105014","Stromal","Stromal",TRUE,0.016994837529238
"79267","DCIS 2","DCIS 2",TRUE,0
"80563","CD8+_T_Cells","CD8+_T_Cells",TRUE,0.0489976892953004
"103180","Invasive_Tumor","Invasive_Tumor",TRUE,0.00805660847336563
"87435","Invasive_Tumor","Invasive_Tumor",TRUE,0
"96761","Stromal","Stromal",TRUE,0.0596854405856091
"97319","LAMP3+_DCs","LAMP3+_DCs",TRUE,0.0259094327316321
"75995","Invasive_Tumor","Invasive_Tumor",TRUE,0.0487584276329105
"82279","IRF7+_DCs","IRF7+_DCs",TRUE,0
"88653","Endothelial","Endothelial",TRUE,0.0934768205582928
"74482","Invasive_Tumor","Invasive_Tumor",TRUE,0
"74817","Invasive_Tumor","Invasive_Tumor",TRUE,0
"6407","CD4+_T_Cells","CD4+_T_Cells",TRUE,0.00128924492861815
"104294","DCIS 2","DCIS 2",TRUE,0.0248898658942085
"75731","Myoepi_ACTA2+","Myoepi_ACTA2+",TRUE,0.0717669752115873
"80554","CD4+_T_Cells","CD4+_T_Cells",TRUE,0.0656819104889402
"79135","DCIS 2","DCIS 2",TRUE,0
"69603","Invasive_Tumor","Invasive_Tumor",TRUE,0.00607315927477356
"87434","Invasive_Tumor","Invasive_Tumor",TRUE,0
"75721","Stromal","Stromal",TRUE,0.0755946953028153
"104205","DCIS 2","DCIS 2",TRUE,0.307614230715941
"96336","Stromal","Stromal",TRUE,0.0232918185899105
"69615","Invasive_Tumor","Invasive_Tumor",TRUE,0.0101914229394118
"104182","Myoepi_ACTA2+","Myoepi_ACTA2+",TRUE,0.0267723882338638
"6400","Stromal","Stromal",TRUE,0.0374691216282593
"103527","Macrophages_1","Macrophages_1",TRUE,0.00374350221478402
"80564","Stromal","Stromal",TRUE,0.0334823205258681
"79259","Myoepi_KRT15+","Myoepi_KRT15+",TRUE,0
"96760","Stromal","Stromal",TRUE,0.96305771692417
"6405","Macrophages_1","Macrophages_1",TRUE,0.0241072507578355
"77621","CD4+_T_Cells","CD4+_T_Cells",TRUE,0.0594210262484109
"75071","CD8+_T_Cells","CD8+_T_Cells",TRUE,0.0369129459715808
"96759","Stromal","Stromal",TRUE,0.0611641872953351
"80691","Myoepi_ACTA2+","Myoepi_ACTA2+",TRUE,0.162249554123523
"87433","Invasive_Tumor","Invasive_Tumor",TRUE,0.0637184623050344
"80950","CD4+_T_Cells","CD4+_T_Cells",TRUE,0.0155745834136038
"105110","Myoepi_ACTA2+","Myoepi_ACTA2+",TRUE,0.0491810605457384
"75205","Macrophages_1","Macrophages_1",TRUE,0.0958831185434064
"96758","Stromal","Stromal",TRUE,0.0709683213179866
"79523","CD8+_T_Cells","CD8+_T_Cells",TRUE,0.055901324752611
"74471","Prolif_Invasive_Tumor","Prolif_Invasive_Tumor",TRUE,0.00545458987305944
"80966","Stromal","Stromal",TRUE,0
"80404","Myoepi_ACTA2+","Myoepi_ACTA2+",TRUE,0
"6183","Myoepi_ACTA2+","Myoepi_ACTA2+",TRUE,0.034418074862087
"104199","DCIS 2","DCIS 2",TRUE,0
"80962","Stromal","Stromal",TRUE,0
"103061","Invasive_Tumor","Invasive_Tumor",TRUE,0
"79521","Stromal","Stromal",TRUE,0.065572215033186
"74465","Invasive_Tumor","Invasive_Tumor",TRUE,0.0178725097012659
"101713","Stromal","Stromal",TRUE,0.0178596238720673
"6409","Macrophages_1","Macrophages_1",TRUE,0.000359653439735486
"80690","Myoepi_ACTA2+","Myoepi_ACTA2+",TRUE,0
"104160","DCIS 2","DCIS 2",TRUE,0.0426483888184726
"96357","Stromal","Stromal",TRUE,0
"79999","Endothelial","Endothelial",TRUE,0.0731415380932283
"88638","Endothelial","Endothelial",TRUE,0.0611572411417181
"7746","Stromal","Stromal",TRUE,0
"103522","Stromal","Stromal",TRUE,0.330560528447805
"78178","Endothelial","Endothelial",TRUE,0
"104315","DCIS 2","DCIS 2",TRUE,0.00731756816304871
"104202","DCIS 2","DCIS 2",TRUE,0.0824828493963727
"102507","Stromal","Stromal",TRUE,0.0216430027082132
"75222","Stromal","Stromal",TRUE,0.0423023446936602
"80957","Stromal","Stromal",TRUE,0.00138032705078894
"80380","Stromal","Stromal",TRUE,0.0416718182589444
"97317","Macrophages_2","CD4+_T_Cells",FALSE,2
"88633","CD4+_T_Cells","CD4+_T_Cells",TRUE,0.0089591609350127
"87346","Invasive_Tumor","Invasive_Tumor",TRUE,0
"80408","Myoepi_KRT15+","Myoepi_KRT15+",TRUE,0.00484415167524466
"79520","Stromal","Stromal",TRUE,0
"80017","Myoepi_ACTA2+","Myoepi_ACTA2+",TRUE,0.0466444953249706
"89324","Stromal","Stromal",TRUE,0.0408684311179533
"80549","B_Cells","B_Cells",TRUE,0.0562434585947128
"97360","B_Cells","B_Cells",TRUE,0.0474232555732642
"80558","LAMP3+_DCs","LAMP3+_DCs",TRUE,0.0213724014713777
"86577","Invasive_Tumor","Invasive_Tumor",TRUE,0.00406771332486641
"80045","Myoepi_ACTA2+","Myoepi_ACTA2+",TRUE,0.0530556191950966
"74789","Invasive_Tumor","Invasive_Tumor",TRUE,0
"97324","Stromal","Stromal",TRUE,0.0864243352495502
"74640","Invasive_Tumor","Invasive_Tumor",TRUE,0
"96362","Stromal","Stromal",TRUE,0.00584397045334414
"81761","B_Cells","Stromal",FALSE,0.0790169762186557
"87665","Invasive_Tumor","Invasive_Tumor",TRUE,0
"104268","Stromal","Stromal",TRUE,0.0176306854564592
"104339","DCIS 2","DCIS 2",TRUE,0.0504899494858529
"104276","Myoepi_ACTA2+","Myoepi_ACTA2+",TRUE,0.0470968715247399
"74339","Prolif_Invasive_Tumor","Prolif_Invasive_Tumor",TRUE,0
"103532","Invasive_Tumor","Invasive_Tumor",TRUE,0.0774472136458075
"97386","Stromal","Stromal",TRUE,0.0303315562602061
"96838","CD4+_T_Cells","CD4+_T_Cells",TRUE,0.0534010450353521
"96757","Stromal","Stromal",TRUE,0.0826612447279252
"75082","Invasive_Tumor","Invasive_Tumor",TRUE,0
"73933","Stromal","Stromal",TRUE,0.0883440992278752
"88606","Invasive_Tumor","Invasive_Tumor",TRUE,0
"105044","DCIS 2","DCIS 2",TRUE,0.0385037660497275
"102909","Perivascular-Like","Perivascular-Like",TRUE,0.0439338984913948
"96840","CD4+_T_Cells","CD4+_T_Cells",TRUE,0.0618610779558341
"79517","Stromal","Stromal",TRUE,0.0359824548594068
"6186","Myoepi_ACTA2+","Myoepi_ACTA2+",TRUE,0.0665377613060568
"104195","DCIS 2","DCIS 2",TRUE,0
"105058","Stromal","Stromal",TRUE,0.0474319175193509
"105057","Stromal","Stromal",TRUE,0.0562021853552943
"87659","Stromal","Stromal",TRUE,0.0381527537846132
"78182","Stromal","Stromal",TRUE,0.0309461151759355
"86591","Prolif_Invasive_Tumor","Prolif_Invasive_Tumor",TRUE,0.0291792432794423
"103135","Invasive_Tumor","Invasive_Tumor",TRUE,0
"74413","Endothelial","Endothelial",TRUE,0.0275077206752995
"77612","Stromal","Stromal",TRUE,0.02085828885591
"75511","Endothelial","Stromal",FALSE,0.169070416985193
"102928","Stromal","Stromal",TRUE,0.17551592464147
"75073","CD8+_T_Cells","CD8+_T_Cells",TRUE,0.0662605019352849
"96818","CD8+_T_Cells","CD8+_T_Cells",TRUE,0.0667697956053055
"74486","Prolif_Invasive_Tumor","Prolif_Invasive_Tumor",TRUE,0.0522674117876512
"80964","Stromal","Stromal",TRUE,0.0956190911487767
"104132","Myoepi_KRT15+","Myoepi_KRT15+",TRUE,0
"80419","DCIS 2","DCIS 2",TRUE,0.356572204012203
"103175","Invasive_Tumor","Invasive_Tumor",TRUE,0
"103128","Invasive_Tumor","Invasive_Tumor",TRUE,0
"74782","Endothelial","Endothelial",TRUE,0.094771761940505
"104225","DCIS 2","DCIS 2",TRUE,0
"103157","Invasive_Tumor","Invasive_Tumor",TRUE,0.0569349506051571
"77736","Stromal","Stromal",TRUE,0.0353546607485866
"105070","Myoepi_ACTA2+","Myoepi_ACTA2+",TRUE,0.0584693858970858
"97322","Stromal","Stromal",TRUE,0
"5832","Invasive_Tumor","Invasive_Tumor",TRUE,0
"79870","Macrophages_1","Stromal",FALSE,0.0703778549504906
"74627","Invasive_Tumor","Invasive_Tumor",TRUE,0
"73940","Stromal","Stromal",TRUE,0.0463076841079754
"77601","Macrophages_1","Macrophages_1",TRUE,0.0858127688875769
"97323","CD4+_T_Cells","CD4+_T_Cells",TRUE,0.0915995004541865
"80411","Myoepi_ACTA2+","Myoepi_ACTA2+",TRUE,0.0768472319089031
"74344","Invasive_Tumor","Invasive_Tumor",TRUE,0
"7056","CD4+_T_Cells","CD4+_T_Cells",TRUE,0.0711615485936662
"103452","DCIS 2","DCIS 2",TRUE,0.00820972736503307
"97364","B_Cells","B_Cells",TRUE,0
"97369","Stromal","Stromal",TRUE,0
"74351","Invasive_Tumor","Invasive_Tumor",TRUE,0
"79519","CD8+_T_Cells","CD8+_T_Cells",TRUE,0
"88597","Invasive_Tumor","Invasive_Tumor",TRUE,0
"80689","Myoepi_ACTA2+","Myoepi_ACTA2+",TRUE,0.0487863317229576
"97320","Macrophages_2","Macrophages_1",FALSE,1.08388967561075
"82291","IRF7+_DCs","IRF7+_DCs",TRUE,0.303702141157064
"80007","Stromal","Stromal",TRUE,0.0828291963970842
"82284","B_Cells","B_Cells",TRUE,0.230856232376643
"80053","Stromal","Stromal",TRUE,0.0337897079291043
"73925","Perivascular-Like","Perivascular-Like",TRUE,0
"105154","Stromal","Stromal",TRUE,0.197848551530058
"80951","CD4+_T_Cells","CD4+_T_Cells",TRUE,0.0439418657472754
"104177","Myoepi_ACTA2+","Myoepi_ACTA2+",TRUE,0.0438050090539641
"96839","CD4+_T_Cells","CD4+_T_Cells",TRUE,0.0713003056799276
"81372","B_Cells","IRF7+_DCs",FALSE,0.120167733992925
"79136","DCIS 2","DCIS 2",TRUE,0
"5829","Invasive_Tumor","Invasive_Tumor",TRUE,0.00599278319394805
"86498","Invasive_Tumor","Invasive_Tumor",TRUE,0.106523676908755
"87430","Invasive_Tumor","Invasive_Tumor",TRUE,0
"88616","B_Cells","B_Cells",TRUE,0.0322163010354062
"74479","Invasive_Tumor","Invasive_Tumor",TRUE,0.0490177967111153
"88632","CD8+_T_Cells","CD8+_T_Cells",TRUE,0.168990653871576
"7059","Stromal","Stromal",TRUE,0.0331399477732158
"79518","B_Cells","B_Cells",TRUE,0.0140486364323093
"74484","Invasive_Tumor","Invasive_Tumor",TRUE,0.00664595553965296
"75503","Invasive_Tumor","Invasive_Tumor",TRUE,0.00130953424913975
"82294","Macrophages_1","Macrophages_1",TRUE,0.031739814673062
"104051","Myoepi_KRT15+","Myoepi_KRT15+",TRUE,0
"75744","Myoepi_ACTA2+","Myoepi_ACTA2+",TRUE,0.1445895793137
"80687","Stromal","Stromal",TRUE,0.100536723724279
"74654","Invasive_Tumor","Invasive_Tumor",TRUE,0
"96358","Stromal","Stromal",TRUE,0
"80551","Stromal","Stromal",TRUE,0.056179071786945
"77727","Macrophages_1","Macrophages_1",TRUE,0.050913310012646
"82289","IRF7+_DCs","Stromal",FALSE,0.0311883543414912
"88631","Prolif_Invasive_Tumor","Prolif_Invasive_Tumor",TRUE,0.0107066683947755
"104242","DCIS 2","DCIS 2",TRUE,0.0308574877125341
"104088","DCIS 2","DCIS 2",TRUE,0.0415022785464465
"104190","DCIS 2","DCIS 2",TRUE,0.0196168702805624
"102521","Invasive_Tumor","Invasive_Tumor",TRUE,0.0358293181996405
"103521","CD8+_T_Cells","CD8+_T_Cells",TRUE,0.0343329749029979
"79260","Myoepi_KRT15+","Myoepi_KRT15+",TRUE,0
"80027","Myoepi_ACTA2+","Myoepi_ACTA2+",TRUE,0.0694730498133297
"75696","CD8+_T_Cells","CD8+_T_Cells",TRUE,0.00839204115987938
"76282","Myoepi_ACTA2+","Myoepi_ACTA2+",TRUE,0.0367284344374497
"74798","Invasive_Tumor","Invasive_Tumor",TRUE,0
"79268","DCIS 2","DCIS 2",TRUE,0
"104288","DCIS 2","DCIS 2",TRUE,0.0680283369683129
"102509","CD8+_T_Cells","CD8+_T_Cells",TRUE,0.0672354195199376
"102837","B_Cells","B_Cells",TRUE,0.479421809506223
"79131","DCIS 2","DCIS 2",TRUE,0.00470767043315522
"103166","Invasive_Tumor","Invasive_Tumor",TRUE,0
"105024","Stromal","Stromal",TRUE,0.0680109281058635
"103539","Prolif_Invasive_Tumor","Prolif_Invasive_Tumor",TRUE,0.000983685752498515
"96365","B_Cells","Stromal",FALSE,0.0638042759934038
"80429","DCIS 2","DCIS 2",TRUE,0.397391858140054
"77606","Stromal","Stromal",TRUE,0.0495088303205047
"75079","CD4+_T_Cells","CD4+_T_Cells",TRUE,0.0807068869662865
"103847","Myoepi_ACTA2+","Myoepi_ACTA2+",TRUE,0.0514626575290058
"80971","Stromal","Stromal",TRUE,0
"104071","DCIS 2","DCIS 2",TRUE,0.00320902927442324
"79805","DCIS 2","DCIS 2",TRUE,0.0377482654186256
"81755","LAMP3+_DCs","LAMP3+_DCs",TRUE,0.0285679048900228
"5771","Invasive_Tumor","Invasive_Tumor",TRUE,0
"103842","Stromal","Stromal",TRUE,0.0563611183596127
"6184","Myoepi_ACTA2+","Myoepi_ACTA2+",TRUE,0.0606166141620343
"81365","Macrophages_2","Macrophages_2",TRUE,0.0490242249709592
"69611","Invasive_Tumor","Invasive_Tumor",TRUE,0
"104149","Myoepi_KRT15+","Myoepi_KRT15+",TRUE,0
"79799","DCIS 2","DCIS 2",TRUE,0.0191264999834019
"97337","Macrophages_1","Macrophages_1",TRUE,0.0487121545637503
"5826","Invasive_Tumor","Invasive_Tumor",TRUE,0
"74803","Invasive_Tumor","Invasive_Tumor",TRUE,0.0412057888288586
"5824","Invasive_Tumor","Invasive_Tumor",TRUE,0.000401403195630281
"87803","Invasive_Tumor","Invasive_Tumor",TRUE,0.159078004814129
"74321","Invasive_Tumor","Invasive_Tumor",TRUE,0.376977197524063
"75193","Stromal","Stromal",TRUE,0
"86580","Invasive_Tumor","Invasive_Tumor",TRUE,0
"7064","Macrophages_1","Macrophages_1",TRUE,0.00924303908219223
"88595","Invasive_Tumor","Invasive_Tumor",TRUE,0
"77280","Perivascular-Like","Perivascular-Like",TRUE,0.0275891576069653
"86541","Stromal","Stromal",TRUE,0.0565913866590567
"86493","Invasive_Tumor","Invasive_Tumor",TRUE,0
"75036","Stromal","Stromal",TRUE,0.0450293395172394
"74822","Perivascular-Like","Perivascular-Like",TRUE,0
"103827","Myoepi_ACTA2+","Myoepi_ACTA2+",TRUE,0
"80552","Stromal","Stromal",TRUE,0.0425202239237677
"7749","Stromal","Stromal",TRUE,0.0446228080581983
"69606","Invasive_Tumor","Invasive_Tumor",TRUE,0.0023267740540161
"80037","Myoepi_ACTA2+","Myoepi_ACTA2+",TRUE,0.0778753980104974
"73926","Perivascular-Like","Perivascular-Like",TRUE,0.0412516304951311
"73945","Endothelial","Endothelial",TRUE,0.0574701142587652
"76289","Myoepi_ACTA2+","Myoepi_ACTA2+",TRUE,0.127993491749447
"75706","Stromal","Stromal",TRUE,0
"104173","Myoepi_ACTA2+","Myoepi_ACTA2+",TRUE,0.0467950965268653
"73942","Endothelial","Endothelial",TRUE,0.127793746371922
"81769","CD4+_T_Cells","CD4+_T_Cells",TRUE,0.075159251389501
"105161","Stromal","Stromal",TRUE,0.0875603025641264
"82278","CD8+_T_Cells","CD8+_T_Cells",TRUE,0.0216346619069647
"86576","Invasive_Tumor","Invasive_Tumor",TRUE,0.0522143940823157
"86578","Invasive_Tumor","Prolif_Invasive_Tumor",FALSE,2
"79140","DCIS 2","DCIS 2",TRUE,0
"7228","Invasive_Tumor","Invasive_Tumor",TRUE,0.00489388287419554
"79997","Myoepi_ACTA2+","Myoepi_ACTA2+",TRUE,0.0605103758218961
"80402","Myoepi_ACTA2+","Myoepi_ACTA2+",TRUE,0.0599185998007171
"77586","Stromal","Stromal",TRUE,0.0376832768556887
"80383","Stromal","Stromal",TRUE,0.0803899768489674
"103065","Invasive_Tumor","Invasive_Tumor",TRUE,0.0524701229598702
"87429","Invasive_Tumor","Invasive_Tumor",TRUE,0
"79257","Myoepi_KRT15+","Myoepi_KRT15+",TRUE,0
"80688","Myoepi_ACTA2+","Stromal",FALSE,0.0658369362690211
"105119","Myoepi_ACTA2+","Myoepi_ACTA2+",TRUE,0.178952193036559
"8317","Stromal","Stromal",TRUE,0.0349193919742337
"80033","DCIS 2","DCIS 2",TRUE,0.00195713676955211
"89344","Prolif_Invasive_Tumor","Prolif_Invasive_Tumor",TRUE,0.00877788618666109
"5821","Invasive_Tumor","Invasive_Tumor",TRUE,0
"103172","Invasive_Tumor","Invasive_Tumor",TRUE,0.00631998450128014
"80022","Myoepi_ACTA2+","Myoepi_ACTA2+",TRUE,0.0326445804208711
"86501","Invasive_Tumor","Invasive_Tumor",TRUE,0.0180021790082147
"102216","Stromal","Stromal",TRUE,0
"74792","Prolif_Invasive_Tumor","Prolif_Invasive_Tumor",TRUE,0.0406553949043515
"87667","Macrophages_1","Macrophages_1",TRUE,0.0145757193906035
"75991","Invasive_Tumor","Invasive_Tumor",TRUE,0.00591882917879061
"105128","Myoepi_ACTA2+","Myoepi_ACTA2+",TRUE,0.0481831901632022
"80686","Stromal","Stromal",TRUE,0.0537188595230871
"69601","Invasive_Tumor","Invasive_Tumor",TRUE,0.067706624587869
"74811","Invasive_Tumor","Invasive_Tumor",TRUE,0
"77733","Stromal","Stromal",TRUE,0.0328340368657927
"75057","Stromal","Stromal",TRUE,0.0324382089093765
"74784","Prolif_Invasive_Tumor","Prolif_Invasive_Tumor",TRUE,0.00422797278323534
"75987","Invasive_Tumor","Invasive_Tumor",TRUE,0.0510015347933255
"69607","Invasive_Tumor","Invasive_Tumor",TRUE,0
"107696","Stromal","Stromal",TRUE,0.0225012599960896
"78512","Stromal","Stromal",TRUE,0
"87666","Invasive_Tumor","Invasive_Tumor",TRUE,0.00833137498164965
"79992","Stromal","Stromal",TRUE,0.05885084811196
"87431","Stromal","Stromal",TRUE,0.239234673405396
"96841","CD4+_T_Cells","CD4+_T_Cells",TRUE,0.0401216337628667
"74362","Invasive_Tumor","Invasive_Tumor",TRUE,0
"74331","Invasive_Tumor","Invasive_Tumor",TRUE,0.0190030528759021
"77598","Stromal","Stromal",TRUE,0
"105056","Myoepi_ACTA2+","Myoepi_ACTA2+",TRUE,0.00970041909516731
"104330","Myoepi_ACTA2+","Myoepi_ACTA2+",TRUE,0.0556448127309419
"6396","B_Cells","B_Cells",TRUE,0
"75688","CD8+_T_Cells","CD8+_T_Cells",TRUE,0.0655166785442946
"82282","B_Cells","B_Cells",TRUE,0.0615374850786672
"86585","Perivascular-Like","Perivascular-Like",TRUE,0.0396469368355987
"105123","DCIS 2","DCIS 2",TRUE,0.0352562546751183
"87428","Invasive_Tumor","Invasive_Tumor",TRUE,0.00521533404717565
"74416","Perivascular-Like","Perivascular-Like",TRUE,0.0496846534558111
"102843","CD8+_T_Cells","CD8+_T_Cells",TRUE,0.069374242589686
"105039","Myoepi_ACTA2+","Myoepi_ACTA2+",TRUE,0.0237639480127022
"102196","Stromal","Stromal",TRUE,0.0496199025268635
"87427","Prolif_Invasive_Tumor","Prolif_Invasive_Tumor",TRUE,0.00674880854324921
"6182","Myoepi_ACTA2+","Myoepi_ACTA2+",TRUE,0.0215499172673408
"75993","Invasive_Tumor","Invasive_Tumor",TRUE,0.0342649894454801
"102024","Stromal","Stromal",TRUE,0.0934864746175312
"75200","Prolif_Invasive_Tumor","Prolif_Invasive_Tumor",TRUE,0.642191958875284
"76298","Myoepi_ACTA2+","Myoepi_ACTA2+",TRUE,0.0693404667797273
"103183","Invasive_Tumor","Invasive_Tumor",TRUE,0.016960229530545
"77623","CD4+_T_Cells","CD4+_T_Cells",TRUE,0.0488293742017247
"102910","Endothelial","Endothelial",TRUE,0.0284151647438224
"75726","Stromal","Stromal",TRUE,0.0457940101239469
"89395","Endothelial","Endothelial",TRUE,0.0737000057491283
"104229","DCIS 2","DCIS 2",TRUE,0.00180758558225473
"79142","DCIS 2","DCIS 2",TRUE,0.0501049337583108
"103144","Invasive_Tumor","Invasive_Tumor",TRUE,0
"105018","Stromal","Stromal",TRUE,0.0537227601682524
"80555","CD8+_T_Cells","CD8+_T_Cells",TRUE,0.0131587577993513
"86547","Stromal","Stromal",TRUE,0.0418708795374075
"80955","CD4+_T_Cells","CD4+_T_Cells",TRUE,0.171355168340108
"102523","Prolif_Invasive_Tumor","Prolif_Invasive_Tumor",TRUE,0
"75494","Invasive_Tumor","Invasive_Tumor",TRUE,0.0735389589373988
"80412","Myoepi_ACTA2+","Myoepi_ACTA2+",TRUE,0.0404124161942303
"8209","CD4+_T_Cells","CD4+_T_Cells",TRUE,0.0365247283357035
"104161","DCIS 2","DCIS 2",TRUE,0.0312204441217923
"96770","B_Cells","B_Cells",TRUE,0.00795824677885776
"103041","Endothelial","Endothelial",TRUE,0.970445958351963
"105053","DCIS 2","DCIS 2",TRUE,0.00770960673123527
"5772","Invasive_Tumor","Invasive_Tumor",TRUE,0
"75224","Stromal","Stromal",TRUE,0.0363872348558139
"104217","DCIS 2","DCIS 2",TRUE,0.029290981436721
"105027","Myoepi_ACTA2+","Myoepi_ACTA2+",TRUE,0.0359562406581949
"102512","Stromal","Stromal",TRUE,0.0559085019352186
"101731","Macrophages_1","Macrophages_1",TRUE,0.0607369846697621
"105033","Myoepi_ACTA2+","Myoepi_ACTA2+",TRUE,0.0394196267284595
"87426","Invasive_Tumor","Invasive_Tumor",TRUE,0.0737177546080857
"82219","Macrophages_1","Macrophages_1",TRUE,0.0214419508539263
"80685","Stromal","Stromal",TRUE,0.104435693038767
"104272","Stromal","Stromal",TRUE,0.0753970605202341
"97387","Stromal","Stromal",TRUE,0
"7065","Stromal","Stromal",TRUE,0
"86573","Invasive_Tumor","Invasive_Tumor",TRUE,0.119539196268132
"74316","Invasive_Tumor","Invasive_Tumor",TRUE,0.00699433654287579
"80553","CD8+_T_Cells","CD8+_T_Cells",TRUE,0.0409270659509735
"89392","Perivascular-Like","Perivascular-Like",TRUE,0.0178179476789431
"79134","DCIS 2","DCIS 2",TRUE,0
"77739","B_Cells","B_Cells",TRUE,0.058695090016154
"89393","Endothelial","Endothelial",TRUE,0
"96771","CD4+_T_Cells","CD4+_T_Cells",TRUE,0.0555359887779716
"75504","Invasive_Tumor","Invasive_Tumor",TRUE,0.00310015571621466
"75212","Invasive_Tumor","Invasive_Tumor",TRUE,0.0281415493847137
"96473","Stromal","Stromal",TRUE,0
"74346","Invasive_Tumor","Invasive_Tumor",TRUE,0
"103530","Endothelial","Endothelial",TRUE,0.647888967761124
"89328","Stromal","Stromal",TRUE,0.0115467204989756
"8191","Stromal","Stromal",TRUE,0
"80006","Myoepi_ACTA2+","Myoepi_ACTA2+",TRUE,0.152125447570525
"79867","CD8+_T_Cells","CD8+_T_Cells",TRUE,0.0712259227859607
"75733","Stromal","Stromal",TRUE,0.0281121698207833
"80394","Stromal","Stromal",TRUE,0.459968220943804
"75700","CD8+_T_Cells","CD8+_T_Cells",TRUE,0.0549086773262034
"6401","CD4+_T_Cells","CD4+_T_Cells",TRUE,0.0505489877255932
"86521","Macrophages_1","Macrophages_1",TRUE,0.0601618409878219
"75492","Invasive_Tumor","Invasive_Tumor",TRUE,0.00495609980522171
"80954","B_Cells","B_Cells",TRUE,0.00272326135504183
"5769","Invasive_Tumor","Invasive_Tumor",TRUE,0
"86487","Invasive_Tumor","Invasive_Tumor",TRUE,0.0185734382314816
"77617","CD8+_T_Cells","Stromal",FALSE,0.065713136115545
"80012","Myoepi_ACTA2+","Myoepi_ACTA2+",TRUE,0.0616365237626051
"74475","Invasive_Tumor","Invasive_Tumor",TRUE,0
"80047","Stromal","Stromal",TRUE,0.0466400511913663
"79252","Myoepi_KRT15+","Myoepi_KRT15+",TRUE,0.07287984872772
"96344","Stromal","Stromal",TRUE,0.163538223797495
"96470","CD4+_T_Cells","CD4+_T_Cells",TRUE,0.00899278798121617
"80048","Stromal","Stromal",TRUE,0.337449458621911
"104309","DCIS 2","DCIS 2",TRUE,0.326283302181822
"96478","Macrophages_1","Macrophages_1",TRUE,0.0529176453474388
"103852","DCIS 2","DCIS 2",TRUE,0.0280115479000733
"80541","Macrophages_1","Stromal",FALSE,0.085087131548706
"96767","CD4+_T_Cells","CD4+_T_Cells",TRUE,0.026035285440075
"107694","Stromal","Stromal",TRUE,0
"79868","Stromal","Stromal",TRUE,0.00194859309042049
"103826","DCIS 2","DCIS 2",TRUE,0.422000665290918
"74336","Prolif_Invasive_Tumor","Prolif_Invasive_Tumor",TRUE,0
"75056","CD4+_T_Cells","CD4+_T_Cells",TRUE,0.0509907845684017
"7066","Macrophages_1","Macrophages_1",TRUE,0.087394714804234
"102322","Stromal","Stromal",TRUE,0.0499520733032018
"96472","CD4+_T_Cells","CD4+_T_Cells",TRUE,0.0612075411990277
"79263","DCIS 2","DCIS 2",TRUE,0.132152350943019
"104158","Myoepi_ACTA2+","Myoepi_ACTA2+",TRUE,0.0480801475261741
"101744","Stromal","Stromal",TRUE,0.0499935684114978
"79261","Myoepi_KRT15+","Myoepi_KRT15+",TRUE,0.000618630424175801
"73936","Invasive_Tumor","Invasive_Tumor",TRUE,0.000632564431268967
"69635","Invasive_Tumor","Invasive_Tumor",TRUE,0.0030374251120158
"80684","Stromal","Stromal",TRUE,0.0346004129067104
"104247","DCIS 2","DCIS 2",TRUE,0.0345660021040548
"104280","Stromal","Stromal",TRUE,0.0821807903499457
"79266","DCIS 2","DCIS 2",TRUE,0
"103137","Invasive_Tumor","Invasive_Tumor",TRUE,0
"80409","Myoepi_ACTA2+","Myoepi_ACTA2+",TRUE,0.0346041305796465
"102230","CD4+_T_Cells","CD4+_T_Cells",TRUE,0.0507621294902516
"105046","DCIS 2","DCIS 2",TRUE,0.0188299471445207
"104207","Myoepi_ACTA2+","Myoepi_ACTA2+",TRUE,0.0261277049489052
"74641","Invasive_Tumor","Invasive_Tumor",TRUE,0
"88593","Prolif_Invasive_Tumor","Prolif_Invasive_Tumor",TRUE,0.0382236457336773
"103038","Prolif_Invasive_Tumor","Prolif_Invasive_Tumor",TRUE,0
"96764","CD4+_T_Cells","CD4+_T_Cells",TRUE,0.0514153015572241
"76283","Myoepi_ACTA2+","Myoepi_ACTA2+",TRUE,0.0754220431474336
"87654","Invasive_Tumor","Invasive_Tumor",TRUE,0
"104296","Myoepi_ACTA2+","Myoepi_ACTA2+",TRUE,0.175111928994586
"103075","Macrophages_1","Stromal",FALSE,0.099578115697689
"107701","Stromal","Stromal",TRUE,0.0704684308068445
"79515","CD8+_T_Cells","CD8+_T_Cells",TRUE,0.0740608462065051
"6181","Myoepi_ACTA2+","Myoepi_ACTA2+",TRUE,0.045354165050881
"96768","CD4+_T_Cells","CD4+_T_Cells",TRUE,0.051638892391097
"89207","Stromal","Stromal",TRUE,0.100024318634027
"104275","Endothelial","Endothelial",TRUE,0.091551161832906
"80390","Stromal","Stromal",TRUE,0.0650407078917561
"103538","Prolif_Invasive_Tumor","Prolif_Invasive_Tumor",TRUE,0.0214323922055896
"102526","Prolif_Invasive_Tumor","Prolif_Invasive_Tumor",TRUE,0.013272437775209
"73920","Prolif_Invasive_Tumor","Prolif_Invasive_Tumor",TRUE,0.0621836938514817
"79513","Stromal","Stromal",TRUE,0
"96471","LAMP3+_DCs","LAMP3+_DCs",TRUE,0.0162506854015273
"6180","Myoepi_ACTA2+","Myoepi_ACTA2+",TRUE,0.0419446827336365
"75509","Invasive_Tumor","Invasive_Tumor",TRUE,0.47336138509087
"81770","CD4+_T_Cells","CD4+_T_Cells",TRUE,0
"6397","CD4+_T_Cells","CD4+_T_Cells",TRUE,0
"78518","Stromal","Stromal",TRUE,0.0400465705849556
"73932","Endothelial","Endothelial",TRUE,0.0237936422856768
"81370","Stromal","Stromal",TRUE,0.00454674900956932
"77282","Perivascular-Like","Perivascular-Like",TRUE,0.0476152707578078
"88582","Prolif_Invasive_Tumor","Prolif_Invasive_Tumor",TRUE,0.00593468371227868
"102905","Macrophages_1","Macrophages_1",TRUE,0.0810253044528643
"80008","Myoepi_ACTA2+","Myoepi_ACTA2+",TRUE,0.0538384314142494
"96769","Stromal","Stromal",TRUE,0.0760598157676403
"104235","Myoepi_ACTA2+","DCIS 2",FALSE,0.0740995772463137
"104278","Myoepi_ACTA2+","Myoepi_ACTA2+",TRUE,0.0395288383429123
"86579","Prolif_Invasive_Tumor","Prolif_Invasive_Tumor",TRUE,0
"5770","Invasive_Tumor","Invasive_Tumor",TRUE,0
"104044","Myoepi_KRT15+","Myoepi_KRT15+",TRUE,0
"104338","Myoepi_ACTA2+","Myoepi_ACTA2+",TRUE,0.0427711142967681
"79516","B_Cells","B_Cells",TRUE,0.0803591779191183
"6390","CD4+_T_Cells","CD4+_T_Cells",TRUE,0.0337637686904926
"69641","Prolif_Invasive_Tumor","Prolif_Invasive_Tumor",TRUE,0
"79993","Myoepi_ACTA2+","Myoepi_ACTA2+",TRUE,0.054704839566471
"80546","Stromal","Stromal",TRUE,0
"103528","B_Cells","B_Cells",TRUE,0.0133660612528682
"80038","Myoepi_ACTA2+","Myoepi_ACTA2+",TRUE,0.0287087575636293
"86586","DCIS 2","DCIS 2",TRUE,0.00794001502655861
"87647","Macrophages_2","Macrophages_2",TRUE,0.0749944202947843
"80543","CD4+_T_Cells","CD4+_T_Cells",TRUE,0.00329283695304081
"96474","CD4+_T_Cells","CD4+_T_Cells",TRUE,0
"75705","CD8+_T_Cells","CD8+_T_Cells",TRUE,0.000819866410490366
"101750","Perivascular-Like","Perivascular-Like",TRUE,0.0151383251790292
"104226","DCIS 2","DCIS 2",TRUE,0.0457828747098927
"104246","Myoepi_ACTA2+","Myoepi_ACTA2+",TRUE,0
"69608","Invasive_Tumor","Invasive_Tumor",TRUE,0.00897695119644615
"76285","Myoepi_ACTA2+","Myoepi_ACTA2+",TRUE,0
"101755","Endothelial","Endothelial",TRUE,0.089166656203366
"96762","Stromal","Stromal",TRUE,0.0830254102419875
"74626","Invasive_Tumor","Invasive_Tumor",TRUE,0
"104244","Myoepi_ACTA2+","Myoepi_ACTA2+",TRUE,0.0519174057763982
"74341","Prolif_Invasive_Tumor","Prolif_Invasive_Tumor",TRUE,0.00206361324953951
"79512","Macrophages_1","Macrophages_1",TRUE,0.0768702414856408
"82292","B_Cells","B_Cells",TRUE,0.0447223355761886
"80959","Stromal","Stromal",TRUE,0.0826596091992799
"79127","DCIS 2","DCIS 2",TRUE,0
"102325","Stromal","Stromal",TRUE,0
"82301","B_Cells","B_Cells",TRUE,0.0560148826109031
"105050","Myoepi_KRT15+","Myoepi_KRT15+",TRUE,0.0289638343125333
"104287","Myoepi_ACTA2+","Myoepi_ACTA2+",TRUE,0.0503152053531025
"87425","Invasive_Tumor","Invasive_Tumor",TRUE,0.000767747593441333
"80000","Myoepi_ACTA2+","Myoepi_ACTA2+",TRUE,0.0457918986398821
"74804","Invasive_Tumor","Invasive_Tumor",TRUE,0.0670006688462584
"103064","DCIS 2","DCIS 2",TRUE,0.0342074773460855
"74312","Stromal","Stromal",TRUE,0.0549850920719224
"79996","Myoepi_ACTA2+","Myoepi_ACTA2+",TRUE,0.0357854468263326
"74793","Invasive_Tumor","Invasive_Tumor",TRUE,0
"87657","Invasive_Tumor","Invasive_Tumor",TRUE,0
"81323","CD4+_T_Cells","CD4+_T_Cells",TRUE,0.251940417558468
"104151","Myoepi_KRT15+","Myoepi_KRT15+",TRUE,0.0129478730710463
"96361","Stromal","Stromal",TRUE,0
"74785","Prolif_Invasive_Tumor","Prolif_Invasive_Tumor",TRUE,0.00641573623440977
"75219","Invasive_Tumor","Invasive_Tumor",TRUE,0.2738829460921
"81766","CD4+_T_Cells","CD4+_T_Cells",TRUE,0.0586703065537443
"8059","B_Cells","B_Cells",TRUE,0.0209000522235576
"77266","B_Cells","B_Cells",TRUE,0.0337729046716129
"74821","Endothelial","Endothelial",TRUE,0.0500577403205536
"105129","Myoepi_ACTA2+","Myoepi_ACTA2+",TRUE,0
"103829","Myoepi_ACTA2+","Myoepi_ACTA2+",TRUE,0.0345039651297303
"103068","DCIS 2","DCIS 2",TRUE,0.0700810018511121
"75074","Stromal","Stromal",TRUE,0.0557409830810828
"96477","Stromal","Stromal",TRUE,0
"80545","Stromal","Stromal",TRUE,0
"81768","B_Cells","B_Cells",TRUE,0.0224183513830944
"79845","Stromal","Stromal",TRUE,0.00690462331914232
"101720","CD8+_T_Cells","CD8+_T_Cells",TRUE,0.0145848795830226
"88584","Invasive_Tumor","Invasive_Tumor",TRUE,0.0507129974992477
"6393","CD4+_T_Cells","CD4+_T_Cells",TRUE,0.0443773131509704
"88636","Stromal","Stromal",TRUE,0.0569761844143253
"102335","Macrophages_1","Macrophages_1",TRUE,0.133599282427443
"79253","Myoepi_KRT15+","Myoepi_KRT15+",TRUE,0
"86569","Prolif_Invasive_Tumor","Prolif_Invasive_Tumor",TRUE,0.0087575418936665
"80416","Myoepi_ACTA2+","Myoepi_ACTA2+",TRUE,0.043795667381587
"76292","Myoepi_ACTA2+","Myoepi_ACTA2+",TRUE,0.0540110593994448
"104210","DCIS 2","DCIS 2",TRUE,0.0390222646934846
"75051","Macrophages_2","Macrophages_2",TRUE,0.0445102427573866
"88630","Prolif_Invasive_Tumor","Prolif_Invasive_Tumor",TRUE,0.0081183791012695
"103036","Invasive_Tumor","Invasive_Tumor",TRUE,0.0204841022492677
"73923","Prolif_Invasive_Tumor","Prolif_Invasive_Tumor",TRUE,0.000455637571083994
"74356","Invasive_Tumor","Invasive_Tumor",TRUE,0.0252844793988991
"80967","Stromal","Stromal",TRUE,0
"105115","Stromal","Stromal",TRUE,0.47413895014417
"75709","CD8+_T_Cells","CD8+_T_Cells",TRUE,0.048916088729265
"74422","Endothelial","Endothelial",TRUE,0.0894509319420436
"77738","Stromal","Stromal",TRUE,0
"75047","Stromal","Stromal",TRUE,0.0587277384629022
"89320","B_Cells","B_Cells",TRUE,0.0420030113912399
"75982","Invasive_Tumor","Invasive_Tumor",TRUE,0.00452307231464649
"105153","CD4+_T_Cells","CD4+_T_Cells",TRUE,0.0397808702071105
"103126","Prolif_Invasive_Tumor","Prolif_Invasive_Tumor",TRUE,0
"73939","Stromal","Stromal",TRUE,0.132728225966417
"74347","Invasive_Tumor","Invasive_Tumor",TRUE,0.124421093966891
"86499","Invasive_Tumor","Invasive_Tumor",TRUE,5.4683470390865e-06
"79986","Myoepi_ACTA2+","Myoepi_ACTA2+",TRUE,0.039213024081398
"75063","Stromal","Stromal",TRUE,0.0367418437735571
"77622","Stromal","Stromal",TRUE,0.0643500012337554
"80379","Stromal","Stromal",TRUE,0
"88575","Invasive_Tumor","Invasive_Tumor",TRUE,0.0122755343708772
"74466","Invasive_Tumor","Invasive_Tumor",TRUE,0
"89390","Endothelial","Endothelial",TRUE,0.147169898928101
"82300","B_Cells","B_Cells",TRUE,0.0450758756515276
"77599","Stromal","Stromal",TRUE,0.0279833570147624
"79807","Myoepi_ACTA2+","Myoepi_ACTA2+",TRUE,0.0861964592476574
"104056","Myoepi_KRT15+","Myoepi_KRT15+",TRUE,0.0380178735038633
"80683","Stromal","Stromal",TRUE,0.01087792908397
"104304","Myoepi_ACTA2+","Myoepi_ACTA2+",TRUE,0
"79250","Myoepi_KRT15+","Myoepi_KRT15+",TRUE,0
"96834","Stromal","Stromal",TRUE,0.0716649179431316
"103536","Invasive_Tumor","Invasive_Tumor",TRUE,0.0149805377524379
"103846","Stromal","Stromal",TRUE,0.0637889910235052
"79258","Myoepi_KRT15+","Myoepi_KRT15+",TRUE,0.08223360840984
"104233","DCIS 2","DCIS 2",TRUE,0.0212208089431439
"96476","Macrophages_2","Macrophages_2",TRUE,0.078771973514163
"96339","Macrophages_2","Macrophages_2",TRUE,0.117496500219416
"74470","Invasive_Tumor","Invasive_Tumor",TRUE,0.0115377631614231
"87648","Prolif_Invasive_Tumor","Prolif_Invasive_Tumor",TRUE,0.00104000971672889
"88580","Invasive_Tumor","Invasive_Tumor",TRUE,0.000782336686140545
"88577","Invasive_Tumor","Invasive_Tumor",TRUE,0.00530633528930481
"103193","Invasive_Tumor","Prolif_Invasive_Tumor",FALSE,2
"80002","Myoepi_ACTA2+","Myoepi_ACTA2+",TRUE,0.0619930721908412
"103525","CD8+_T_Cells","CD8+_T_Cells",TRUE,0.0240849562766306
"96763","Stromal","Stromal",TRUE,0.0302906742696655
"75207","Invasive_Tumor","Invasive_Tumor",TRUE,0.0410198461024504
"75728","Stromal","Stromal",TRUE,0.0123360448974996
"79511","Stromal","Stromal",TRUE,0.0637696113271098
"80386","Stromal","Stromal",TRUE,0.0775483750148872
"105067","Myoepi_ACTA2+","Myoepi_ACTA2+",TRUE,0.0726194219114876
"75510","Invasive_Tumor","Invasive_Tumor",TRUE,0.0305674876085912
"89322","Endothelial","Endothelial",TRUE,0.00600261223341964
"80041","Myoepi_ACTA2+","Myoepi_ACTA2+",TRUE,0.0120438927084511
"97362","B_Cells","B_Cells",TRUE,0.0442854016516569
"75720","Stromal","Stromal",TRUE,0.0584476819467515
"75038","Stromal","Stromal",TRUE,0.0219143642263621
"103848","Stromal","Stromal",TRUE,0.501445855268108
"103168","Invasive_Tumor","Invasive_Tumor",TRUE,0.0111531236545619
"82285","Macrophages_1","Macrophages_1",TRUE,0
"80544","CD8+_T_Cells","CD8+_T_Cells",TRUE,0.0479514470827785
"96353","Stromal","Stromal",TRUE,0.0331761226029593
"88635","Perivascular-Like","Perivascular-Like",TRUE,0.66894780256552
"82295","B_Cells","B_Cells",TRUE,0.0372708245892148
"75694","LAMP3+_DCs","LAMP3+_DCs",TRUE,0.0569035346185629
"74473","Invasive_Tumor","DCIS 2",FALSE,1.06129026725305
"87658","Macrophages_1","Macrophages_1",TRUE,0.0166661698768573
"82307","B_Cells","B_Cells",TRUE,0.0210357798902504
"80682","Stromal","Stromal",TRUE,0.00380692408642203
"79846","Stromal","Stromal",TRUE,0.065543313852083
"79129","DCIS 2","DCIS 2",TRUE,0.00279741858568619
"79514","CD8+_T_Cells","CD8+_T_Cells",TRUE,0
"103845","Perivascular-Like","Perivascular-Like",TRUE,0.0645451538654492
"103151","Invasive_Tumor","Invasive_Tumor",TRUE,0.0610895677151931
"96766","Stromal","Stromal",TRUE,0.0502934728164278
"103089","Prolif_Invasive_Tumor","Prolif_Invasive_Tumor",TRUE,0.091731672154731
"79988","DCIS 2","DCIS 2",TRUE,0.032871062961663
"80547","LAMP3+_DCs","LAMP3+_DCs",TRUE,0.024966083489894
"74629","Invasive_Tumor","Invasive_Tumor",TRUE,0
"88612","Invasive_Tumor","Invasive_Tumor",TRUE,0.017365232012982
"103187","Prolif_Invasive_Tumor","Prolif_Invasive_Tumor",TRUE,0.0383405582732551
"75979","Prolif_Invasive_Tumor","Prolif_Invasive_Tumor",TRUE,0
"79138","Macrophages_1","Macrophages_1",TRUE,0.000939213741697698
"5825","Invasive_Tumor","Invasive_Tumor",TRUE,0
"77591","B_Cells","B_Cells",TRUE,0.0389707270973897
"102215","B_Cells","B_Cells",TRUE,0.028499936664296
"82227","B_Cells","B_Cells",TRUE,0.275210554151089
"103133","Prolif_Invasive_Tumor","Prolif_Invasive_Tumor",TRUE,0
"101715","Macrophages_2","Macrophages_1",FALSE,2
"73937","DCIS 1","Invasive_Tumor",FALSE,1.11576513724794
"79255","Myoepi_KRT15+","Myoepi_KRT15+",TRUE,0
"97214","Stromal","Stromal",TRUE,0.0427121359622328
"5827","Invasive_Tumor","Invasive_Tumor",TRUE,0.00432251909831249
"69638","Prolif_Invasive_Tumor","Prolif_Invasive_Tumor",TRUE,0.0579123975819485
"87424","Invasive_Tumor","Invasive_Tumor",TRUE,0
"97210","Stromal","Stromal",TRUE,0.0275096959778352
"75690","CD8+_T_Cells","CD8+_T_Cells",TRUE,0.0598413316518479
"80400","Stromal","Stromal",TRUE,0.0436920611036025
"86502","Invasive_Tumor","Invasive_Tumor",TRUE,0.0173613776829256
"74816","Invasive_Tumor","Invasive_Tumor",TRUE,0
"96360","Stromal","Stromal",TRUE,0
"73941","Stromal","Stromal",TRUE,0.0733391251088423
"81764","Stromal","Stromal",TRUE,0.0366417760531401
"103184","Invasive_Tumor","Invasive_Tumor",TRUE,0.106443946167726
"102503","Stromal","Stromal",TRUE,0.00851493143741935
"102520","Invasive_Tumor","Invasive_Tumor",TRUE,0.0222226286397806
"104159","Myoepi_ACTA2+","Myoepi_ACTA2+",TRUE,0.100693910614722
"104245","Stromal","Stromal",TRUE,0.0824705707399053
"96480","B_Cells","B_Cells",TRUE,0.0578847952887735
"74439","Stromal","Stromal",TRUE,0.0252006505887573
"75710","Stromal","Stromal",TRUE,0
"82310","IRF7+_DCs","IRF7+_DCs",TRUE,0.0119469520156482
"80025","Myoepi_KRT15+","Myoepi_KRT15+",TRUE,0.158457686140061
"102907","CD4+_T_Cells","CD4+_T_Cells",TRUE,0.621039541838449
"75080","Stromal","Stromal",TRUE,0.0230690697337665
"75493","Invasive_Tumor","Invasive_Tumor",TRUE,0
"97388","Stromal","Stromal",TRUE,0.0205935031264057
"6042","Invasive_Tumor","Invasive_Tumor",TRUE,0.00931918414870734
"80410","Myoepi_ACTA2+","Myoepi_ACTA2+",TRUE,0.0287739073308191
"74412","Stromal","Stromal",TRUE,0.0808466188536243
"77584","CD8+_T_Cells","CD8+_T_Cells",TRUE,0.0663033692741163
"80435","Myoepi_KRT15+","Myoepi_KRT15+",TRUE,0
"103855","DCIS 2","DCIS 2",TRUE,0
"87423","Prolif_Invasive_Tumor","Prolif_Invasive_Tumor",TRUE,0.0661629191800326
"74813","Invasive_Tumor","Invasive_Tumor",TRUE,0
"80426","Myoepi_ACTA2+","DCIS 2",FALSE,0.0705033068396526
"79978","Stromal","Stromal",TRUE,0.0125159916555549
"103084","Stromal","Stromal",TRUE,0.0358173000503463
"74620","Invasive_Tumor","Invasive_Tumor",TRUE,0.0468586759496158
"86295","Macrophages_1","Macrophages_1",TRUE,0.0627853433552519
"89389","Endothelial","Endothelial",TRUE,0.034261017865757
"80681","Stromal","Stromal",TRUE,0.328622459129223
"104098","Myoepi_ACTA2+","Myoepi_ACTA2+",TRUE,0.0581091808054427
"77609","Macrophages_1","Macrophages_1",TRUE,0.0684017953540408
"96475","LAMP3+_DCs","LAMP3+_DCs",TRUE,0.0279506403880079
"104153","DCIS 2","DCIS 2",TRUE,0.035349799452958
"104091","Myoepi_ACTA2+","Myoepi_ACTA2+",TRUE,0
"103834","Macrophages_1","Macrophages_1",TRUE,0.084392397698334
"75737","Stromal","Stromal",TRUE,0.0612701475267352
"75501","Invasive_Tumor","Invasive_Tumor",TRUE,0
"86488","Stromal","Stromal",TRUE,0
"5822","Invasive_Tumor","Invasive_Tumor",TRUE,0.00138922358686354
"104213","Myoepi_ACTA2+","Myoepi_ACTA2+",TRUE,0.402449666789268
"96765","Stromal","Stromal",TRUE,0.0325069463359129
"79865","Stromal","Stromal",TRUE,0.0493580570797897
"6178","Myoepi_ACTA2+","Myoepi_ACTA2+",TRUE,0.0374379755135986
"104325","Myoepi_ACTA2+","Myoepi_ACTA2+",TRUE,0.0592981642766605
"77279","CD4+_T_Cells","CD4+_T_Cells",TRUE,0.026641110217792
"86566","Prolif_Invasive_Tumor","Prolif_Invasive_Tumor",TRUE,0
"80550","Stromal","Stromal",TRUE,0.0471078877096135
"96819","B_Cells","B_Cells",TRUE,0.0697149984220264
"80537","CD8+_T_Cells","CD8+_T_Cells",TRUE,0.0120145865701238
"79507","Stromal","Stromal",TRUE,0.0428892478953384
"79802","Myoepi_ACTA2+","Myoepi_ACTA2+",TRUE,0
"87652","Invasive_Tumor","Invasive_Tumor",TRUE,0.116195932207201
"78509","Myoepi_ACTA2+","Myoepi_ACTA2+",TRUE,0
"78502","Stromal","Stromal",TRUE,0.0333092777982952
"82323","B_Cells","B_Cells",TRUE,0.0585632961343958
"7692","Stromal","Stromal",TRUE,0
"69602","Invasive_Tumor","Invasive_Tumor",TRUE,0.0751384434756361
"104285","Endothelial","Endothelial",TRUE,0.0774156604118111
"87638","Stromal","Stromal",TRUE,0.0272585760129085
"74328","Invasive_Tumor","Invasive_Tumor",TRUE,0
"74337","Prolif_Invasive_Tumor","Prolif_Invasive_Tumor",TRUE,0
"6179","Myoepi_ACTA2+","Myoepi_ACTA2+",TRUE,0
"96483","Stromal","Stromal",TRUE,0.0485354538337933
"74779","Prolif_Invasive_Tumor","Prolif_Invasive_Tumor",TRUE,0.00234531718395637
"104456","Macrophages_1","Stromal",FALSE,0.0705394998131353
"6391","Stromal","Stromal",TRUE,0.0406317470205739
"79130","DCIS 2","DCIS 2",TRUE,0
"104336","Myoepi_ACTA2+","Myoepi_ACTA2+",TRUE,0.0599467860161171
"89206","Macrophages_1","Macrophages_1",TRUE,0.0704509974925085
"79994","Myoepi_KRT15+","Myoepi_KRT15+",TRUE,0
"6398","B_Cells","B_Cells",TRUE,0.00869929441761569
"75203","DCIS 2","DCIS 2",TRUE,0.0417343261763308
"103138","Invasive_Tumor","Invasive_Tumor",TRUE,0.303840851228154
"80020","Myoepi_KRT15+","Myoepi_KRT15+",TRUE,0.00598893339132704
"70023","Prolif_Invasive_Tumor","Prolif_Invasive_Tumor",TRUE,0.00721921660421575
"104084","Myoepi_ACTA2+","Myoepi_ACTA2+",TRUE,0.0281439911568647
"103046","Invasive_Tumor","Invasive_Tumor",TRUE,0.00393355472429756
"75201","Prolif_Invasive_Tumor","Prolif_Invasive_Tumor",TRUE,0.195691602386435
"80031","Myoepi_ACTA2+","Myoepi_ACTA2+",TRUE,0.0285158814373316
"105069","DCIS 2","DCIS 2",TRUE,0.0326051875254629
"74634","Invasive_Tumor","Invasive_Tumor",TRUE,0.00189667863126285
"74320","Invasive_Tumor","Invasive_Tumor",TRUE,0
"77597","Macrophages_1","Macrophages_1",TRUE,0.0809713963476203
"80960","Macrophages_2","Macrophages_2",TRUE,0.0500655727183524
"103540","Prolif_Invasive_Tumor","Prolif_Invasive_Tumor",TRUE,0.00818005199750839
"87422","Invasive_Tumor","Invasive_Tumor",TRUE,0.00224857923344948
"74781","Invasive_Tumor","Invasive_Tumor",TRUE,0.102080672834425
"86575","Prolif_Invasive_Tumor","Prolif_Invasive_Tumor",TRUE,0
"79262","DCIS 2","DCIS 2",TRUE,0
"86565","Invasive_Tumor","Invasive_Tumor",TRUE,0.0119117500612971
"86497","Invasive_Tumor","Invasive_Tumor",TRUE,0.039548590004855
"79510","CD8+_T_Cells","CD8+_T_Cells",TRUE,0.0518459408625376
"103153","Invasive_Tumor","Invasive_Tumor",TRUE,0
"8065","CD8+_T_Cells","CD8+_T_Cells",TRUE,0.00384091239075329
"101752","Endothelial","Endothelial",TRUE,0.0560260467054017
"105122","Stromal","Stromal",TRUE,0.0450941902284098
"104234","Myoepi_ACTA2+","Myoepi_ACTA2+",TRUE,0.0394730225680829
"104224","DCIS 2","DCIS 2",TRUE,0.0316471209500545
"86571","Invasive_Tumor","Invasive_Tumor",TRUE,0
"79983","Myoepi_ACTA2+","Myoepi_ACTA2+",TRUE,0.0344684702911127
"77259","Stromal","Stromal",TRUE,0.0401841981792054
"79987","DCIS 2","DCIS 2",TRUE,0.0653619046613881
"105064","Myoepi_KRT15+","Myoepi_KRT15+",TRUE,0.0463829776261839
"102517","Stromal","Stromal",TRUE,0.0252798490960044
"73927","Invasive_Tumor","Invasive_Tumor",TRUE,0.00733674880105736
"80958","Macrophages_2","Macrophages_2",TRUE,0.0550994116827692
"82224","B_Cells","B_Cells",TRUE,0
"79124","DCIS 2","DCIS 2",TRUE,0
"89388","Endothelial","Endothelial",TRUE,0.0542558034923439
"96479","Stromal","Stromal",TRUE,0.0442651030361726
"87641","Invasive_Tumor","Prolif_Invasive_Tumor",FALSE,1.57677555553228
"103158","Invasive_Tumor","Invasive_Tumor",TRUE,0.054645445458895
"86567","Prolif_Invasive_Tumor","Prolif_Invasive_Tumor",TRUE,0
"102235","CD8+_T_Cells","CD8+_T_Cells",TRUE,0.931832596790975
"86568","Invasive_Tumor","Prolif_Invasive_Tumor",FALSE,1.9336076730507
"81373","CD4+_T_Cells","CD4+_T_Cells",TRUE,0.0337935788358012
"74807","Invasive_Tumor","Invasive_Tumor",TRUE,0.0498551876207083
"103188","Prolif_Invasive_Tumor","Prolif_Invasive_Tumor",TRUE,0.00833760030411285
"79247","Myoepi_KRT15+","Myoepi_KRT15+",TRUE,0.0232342358926932
"75988","Invasive_Tumor","Invasive_Tumor",TRUE,0.190946949679667
"79991","Myoepi_KRT15+","Myoepi_KRT15+",TRUE,0
"96364","Stromal","Stromal",TRUE,0.061087102042179
"105055","Myoepi_KRT15+","Myoepi_KRT15+",TRUE,0.394172382291882
"86581","Endothelial","Endothelial",TRUE,0.65790271352415
"81367","B_Cells","B_Cells",TRUE,0.0481657381962425
"70026","Prolif_Invasive_Tumor","Prolif_Invasive_Tumor",TRUE,0.0457387310217196
"6395","Stromal","Stromal",TRUE,0.0339462350694871
"77619","Stromal","Stromal",TRUE,0
"69640","Invasive_Tumor","Invasive_Tumor",TRUE,0
"79813","Stromal","Stromal",TRUE,0
"101725","CD4+_T_Cells","CD4+_T_Cells",TRUE,0.0375378871191308
"104286","Myoepi_ACTA2+","Myoepi_ACTA2+",TRUE,0.0453967262921834
"104303","Myoepi_ACTA2+","Myoepi_ACTA2+",TRUE,0.0418219744814299
"103832","Myoepi_ACTA2+","Myoepi_ACTA2+",TRUE,0.515437778059973
"75703","Macrophages_1","Macrophages_1",TRUE,0.069712341796915
"77605","Macrophages_1","Macrophages_1",TRUE,0.0690782485307765
"86570","Prolif_Invasive_Tumor","Prolif_Invasive_Tumor",TRUE,0.00242934056180535
"74424","Endothelial","Endothelial",TRUE,0.0704491033857053
"78514","Stromal","Stromal",TRUE,0.040145603962801
"75216","Invasive_Tumor","Invasive_Tumor",TRUE,0
"74647","Invasive_Tumor","Prolif_Invasive_Tumor",FALSE,1.81439376891338
"6177","Stromal","Stromal",TRUE,0.0552453243124016
"103533","Stromal","Stromal",TRUE,0.0447331880286008
"75981","Invasive_Tumor","Invasive_Tumor",TRUE,0.641023646223401
"88608","Invasive_Tumor","Invasive_Tumor",TRUE,0.00663930570062762
"81320","CD4+_T_Cells","CD4+_T_Cells",TRUE,0.0479247067426041
"6562","Stromal","Stromal",TRUE,0.0323238126473089
"104317","Myoepi_ACTA2+","Myoepi_ACTA2+",TRUE,0.0906311369019915
"97213","Stromal","Stromal",TRUE,0
"5767","Prolif_Invasive_Tumor","Prolif_Invasive_Tumor",TRUE,0.0323104051552097
"81327","CD4+_T_Cells","CD4+_T_Cells",TRUE,0.0217271262256515
"104311","Stromal","Stromal",TRUE,0.0755164514720116
"79509","Stromal","Stromal",TRUE,0
"74428","Stromal","Stromal",TRUE,0.0210216258978377
"80005","Myoepi_KRT15+","Myoepi_KRT15+",TRUE,0
"76286","Stromal","Stromal",TRUE,0.0043262109343744
"74345","Invasive_Tumor","Invasive_Tumor",TRUE,0
"80679","Stromal","Stromal",TRUE,0.0262034055675966
"88694","Perivascular-Like","Perivascular-Like",TRUE,0.0692507302790338
"103980","Stromal","Stromal",TRUE,0.0551080720977511
"82290","CD4+_T_Cells","CD4+_T_Cells",TRUE,0.00672267411752955
"104147","Myoepi_KRT15+","Myoepi_KRT15+",TRUE,0
"104293","Myoepi_KRT15+","Myoepi_KRT15+",TRUE,0.035426669033205
"7067","Prolif_Invasive_Tumor","Prolif_Invasive_Tumor",TRUE,0.0461671634196743
"82302","CD4+_T_Cells","CD4+_T_Cells",TRUE,0.00722183323754236
"101746","Perivascular-Like","Perivascular-Like",TRUE,0.0322899340143629
"79139","Myoepi_ACTA2+","Myoepi_ACTA2+",TRUE,0.0335332721823183
"104043","Myoepi_KRT15+","Myoepi_KRT15+",TRUE,0
"104343","Stromal","Stromal",TRUE,0.0319171770964664
"86574","Invasive_Tumor","Invasive_Tumor",TRUE,0
"82222","B_Cells","B_Cells",TRUE,0.00487354424936004
"79251","Myoepi_KRT15+","Myoepi_KRT15+",TRUE,0.0393751645273383
"73934","DCIS 1","Invasive_Tumor",FALSE,2
"104302","Stromal","Stromal",TRUE,0.00818726711861423
"105022","Stromal","Stromal",TRUE,0
"5819","Invasive_Tumor","Invasive_Tumor",TRUE,0.0309223061271442
"88565","Invasive_Tumor","Invasive_Tumor",TRUE,0.0432336235477296
"80010","Myoepi_KRT15+","Myoepi_KRT15+",TRUE,0
"80415","Myoepi_ACTA2+","Myoepi_ACTA2+",TRUE,0.0587061509747742
"104230","DCIS 2","DCIS 2",TRUE,0.218294711603517
"96481","Macrophages_1","Macrophages_1",TRUE,0.0571652121484833
"75724","Stromal","Stromal",TRUE,0.0921785561004506
"74315","Prolif_Invasive_Tumor","Prolif_Invasive_Tumor",TRUE,0.0418560423119669
"88563","Invasive_Tumor","Invasive_Tumor",TRUE,0
"80538","Macrophages_1","Macrophages_1",TRUE,0.0866175603470907
"80034","Myoepi_ACTA2+","Myoepi_ACTA2+",TRUE,0.275810246167672
"75966","Prolif_Invasive_Tumor","Prolif_Invasive_Tumor",TRUE,0.0117748178341944
"88688","Endothelial","Endothelial",TRUE,0
"87420","Invasive_Tumor","Invasive_Tumor",TRUE,0.00657453802022715
"103139","Invasive_Tumor","Invasive_Tumor",TRUE,0.0313081356310674
"5768","Prolif_Invasive_Tumor","Prolif_Invasive_Tumor",TRUE,0.00161207146661549
"78517","Myoepi_ACTA2+","Myoepi_ACTA2+",TRUE,0.0464393224404755
"96371","Stromal","Stromal",TRUE,0
"86546","Stromal","Stromal",TRUE,0.0483083993467417
"80535","Stromal","Stromal",TRUE,0.0402875186245495
"77277","Stromal","Stromal",TRUE,0.0587496505719156
"5813","Invasive_Tumor","Invasive_Tumor",TRUE,0.057573728938677
"96349","Stromal","Stromal",TRUE,0.0337764991113423
"87421","Endothelial","Endothelial",TRUE,0.0119335079168237
"104326","Myoepi_ACTA2+","Myoepi_ACTA2+",TRUE,0.0443930524890189
"86527","Invasive_Tumor","Invasive_Tumor",TRUE,0.0065288065415556
"79508","CD8+_T_Cells","Stromal",FALSE,0.0697187781887564
"82304","CD4+_T_Cells","CD4+_T_Cells",TRUE,0.0425070838704067
"104291","Myoepi_ACTA2+","Myoepi_ACTA2+",TRUE,0.0235037599760923
"75054","CD8+_T_Cells","CD8+_T_Cells",TRUE,0.0364683982545999
"74415","Stromal","Stromal",TRUE,0.0495083432824889
"104290","Stromal","Stromal",TRUE,0.0671975034418054
"80542","Stromal","Stromal",TRUE,0.0547443200027731
"86509","Invasive_Tumor","Invasive_Tumor",TRUE,0.00613324329398091
"89385","Perivascular-Like","Perivascular-Like",TRUE,0
"103129","Invasive_Tumor","Invasive_Tumor",TRUE,0
"75730","Endothelial","Endothelial",TRUE,0.106284748141978
"104295","Stromal","Stromal",TRUE,0.00325628330496164
"75513","Invasive_Tumor","Invasive_Tumor",TRUE,0.00294822974749472
"80023","Myoepi_KRT15+","Myoepi_KRT15+",TRUE,0.000860265898698535
"101732","Stromal","Stromal",TRUE,0.015910776452206
"96370","Macrophages_2","Macrophages_2",TRUE,0.147521735990739
"102218","B_Cells","B_Cells",TRUE,0.0203540837094448
"75969","Invasive_Tumor","Invasive_Tumor",TRUE,0.0060289627919197
"80397","Stromal","Stromal",TRUE,0.0372763842614334
"69605","Invasive_Tumor","Invasive_Tumor",TRUE,0.0406195584267873
"70024","Invasive_Tumor","Invasive_Tumor",TRUE,0.00345851167063291
"7061","Stromal","Stromal",TRUE,0
"97215","Stromal","Stromal",TRUE,0.0496451059444425
"75689","CD8+_T_Cells","CD8+_T_Cells",TRUE,0.077561666696071
"75487","Invasive_Tumor","Invasive_Tumor",TRUE,0
"103058","Macrophages_1","Macrophages_1",TRUE,0.106604621851467
"88703","Perivascular-Like","Perivascular-Like",TRUE,0.707493411356789
"74467","Invasive_Tumor","Invasive_Tumor",TRUE,0
"78515","Stromal","Stromal",TRUE,0.0551671092570562
"75974","Invasive_Tumor","Invasive_Tumor",TRUE,0.0195457831988276
"8165","Stromal","Stromal",TRUE,0.0410033737811723
"77592","CD4+_T_Cells","Stromal",FALSE,0.0487579068653335
"80680","Endothelial","Endothelial",TRUE,0.086621406465229
"103051","DCIS 1","DCIS 1",TRUE,0.0871906633526301
"82297","Stromal","Stromal",TRUE,0
"69630","Prolif_Invasive_Tumor","Prolif_Invasive_Tumor",TRUE,0
"75191","Invasive_Tumor","Invasive_Tumor",TRUE,0.0102159922301415
"105028","Stromal","Stromal",TRUE,0.0499970353455015
"104239","DCIS 2","DCIS 2",TRUE,0
"80965","Macrophages_2","Stromal",FALSE,0.130231174599647
"69627","Prolif_Invasive_Tumor","Prolif_Invasive_Tumor",TRUE,0.769840364563262
"104408","Myoepi_ACTA2+","Myoepi_ACTA2+",TRUE,0.0137792235059697
"79981","Myoepi_ACTA2+","Myoepi_ACTA2+",TRUE,0.0490266474611903
"75507","Invasive_Tumor","Invasive_Tumor",TRUE,0.0555211456696774
"75741","Endothelial","Endothelial",TRUE,0.0152844290914254
"102513","Stromal","Stromal",TRUE,0.0254924217553294
"103143","Invasive_Tumor","Invasive_Tumor",TRUE,0.0121234013425057
"74790","Invasive_Tumor","Invasive_Tumor",TRUE,0
"75998","Stromal","Stromal",TRUE,0.0156688384689215
"78503","Stromal","Stromal",TRUE,0
"80678","Stromal","Stromal",TRUE,0.0390143110877355
"80001","Myoepi_KRT15+","Myoepi_KRT15+",TRUE,0
"105063","DCIS 2","DCIS 2",TRUE,0.00843479762499987
"79990","Myoepi_KRT15+","Myoepi_KRT15+",TRUE,0
"82315","Macrophages_2","CD4+_T_Cells",FALSE,0.0467891032034818
"103190","DCIS 1","Invasive_Tumor",FALSE,1.10023938908187
"104319","Myoepi_ACTA2+","Myoepi_ACTA2+",TRUE,0
"79869","Stromal","Stromal",TRUE,0
"75716","Macrophages_1","Macrophages_1",TRUE,0.0934826524170956
"104057","DCIS 2","DCIS 2",TRUE,0.00865070265899909
"74771","Perivascular-Like","Perivascular-Like",TRUE,0.0472852391199792
"104079","Myoepi_KRT15+","Myoepi_KRT15+",TRUE,0.0274956488974848
"102504","Macrophages_1","Macrophages_1",TRUE,0.0810246177407541
"75072","CD4+_T_Cells","CD4+_T_Cells",TRUE,0.0754284961809901
"80539","Macrophages_1","Macrophages_1",TRUE,0.0425280976073317
"105013","Stromal","Stromal",TRUE,0.0419841408907944
"97371","Stromal","Stromal",TRUE,0.0134980384080937
"79984","Myoepi_KRT15+","Myoepi_KRT15+",TRUE,0.051653641587836
"97389","Stromal","Stromal",TRUE,0.124408748856737
"96482","Stromal","Stromal",TRUE,0
"79128","DCIS 2","DCIS 2",TRUE,0
"86484","Stromal","Stromal",TRUE,0.123262845361387
"8370","Stromal","Stromal",TRUE,0
"97211","Stromal","Stromal",TRUE,0.0421479377879022
"74796","Invasive_Tumor","Invasive_Tumor",TRUE,0.00226957771936145
"74330","Invasive_Tumor","Invasive_Tumor",TRUE,0
"102211","B_Cells","B_Cells",TRUE,0.0506529255217029
"88634","Endothelial","Endothelial",TRUE,0.130763484223764
"101751","Endothelial","Endothelial",TRUE,0
"6388","CD4+_T_Cells","CD4+_T_Cells",TRUE,0.0474337041005107
"87644","Prolif_Invasive_Tumor","Prolif_Invasive_Tumor",TRUE,0.0176718315016947
"103185","Invasive_Tumor","Invasive_Tumor",TRUE,0
"103859","Myoepi_ACTA2+","Myoepi_ACTA2+",TRUE,0.0716144223109739
"86294","Invasive_Tumor","Invasive_Tumor",TRUE,0.0629325837613577
"75500","Invasive_Tumor","Invasive_Tumor",TRUE,0.913404708815115
"80422","Myoepi_ACTA2+","Myoepi_ACTA2+",TRUE,0.100265144811058
"105051","Myoepi_KRT15+","Myoepi_KRT15+",TRUE,0.0246009415094899
"102330","Stromal","Stromal",TRUE,0.0339762039122808
"104080","Myoepi_ACTA2+","Myoepi_ACTA2+",TRUE,0.0441350563204419
"101735","Stromal","Stromal",TRUE,0.0243496825986981
"103849","Endothelial","Endothelial",TRUE,0.0738687188163021
"81368","CD4+_T_Cells","CD4+_T_Cells",TRUE,0.0645709064299896
"102519","Prolif_Invasive_Tumor","Prolif_Invasive_Tumor",TRUE,0
"80677","Stromal","Stromal",TRUE,0.094829828526373
"102525","Prolif_Invasive_Tumor","Prolif_Invasive_Tumor",TRUE,0.0190909490946298
"101718","B_Cells","B_Cells",TRUE,0.0512645887078022
"75185","Prolif_Invasive_Tumor","Prolif_Invasive_Tumor",TRUE,0.263145856628014
"5814","Prolif_Invasive_Tumor","Prolif_Invasive_Tumor",TRUE,0.0555933783631596
"96337","Stromal","Stromal",TRUE,0
"74799","Invasive_Tumor","Invasive_Tumor",TRUE,0
"89386","Endothelial","Endothelial",TRUE,0.033866238635983
"75483","Prolif_Invasive_Tumor","Prolif_Invasive_Tumor",TRUE,0.0340209783346766
"88695","Stromal","Stromal",TRUE,0.0572929110446225
"103835","DCIS 2","DCIS 2",TRUE,0.0198804129806409
"86539","Invasive_Tumor","Invasive_Tumor",TRUE,0.0147280369009847
"82228","B_Cells","B_Cells",TRUE,0.331348037060003
"80378","Stromal","Stromal",TRUE,0.0275532886795165
"82283","CD4+_T_Cells","CD4+_T_Cells",TRUE,0.0495680240781014
"103192","Prolif_Invasive_Tumor","Prolif_Invasive_Tumor",TRUE,0
"96484","Endothelial","Endothelial",TRUE,0.0337405659723527
"103096","Invasive_Tumor","Invasive_Tumor",TRUE,0.00152954725910301
"79132","Myoepi_ACTA2+","Myoepi_ACTA2+",TRUE,0.027368176311296
"87651","Macrophages_1","Macrophages_1",TRUE,0.00317966598984315
"75707","CD8+_T_Cells","CD8+_T_Cells",TRUE,0.0568239157964082
"79995","Myoepi_KRT15+","Myoepi_KRT15+",TRUE,0
"88671","Endothelial","Endothelial",TRUE,0.0482562782858857
"80405","Stromal","Stromal",TRUE,0.0483042990420568
"80003","Myoepi_KRT15+","Myoepi_KRT15+",TRUE,0
"79246","DCIS 2","DCIS 2",TRUE,0.00981659676507596
"104096","Stromal","Stromal",TRUE,0.0747611182533789
"104231","Myoepi_ACTA2+","Myoepi_ACTA2+",TRUE,0.257502863229358
"80534","CD8+_T_Cells","CD8+_T_Cells",TRUE,0.00205490367867317
"97217","Stromal","Stromal",TRUE,0.0310226009055641
"87418","Invasive_Tumor","Invasive_Tumor",TRUE,0
"6394","CD8+_T_Cells","CD8+_T_Cells",TRUE,0.0322422003953806
"74766","Stromal","Stromal",TRUE,0.0750613561325847
"80961","B_Cells","B_Cells",TRUE,0.587748484858533
"82286","Stromal","Stromal",TRUE,0.978183906861339
"75225","Stromal","Stromal",TRUE,0.0398454502622695
"89387","Endothelial","Endothelial",TRUE,6.81919830828326e-05
"105017","Stromal","Stromal",TRUE,0.0784161889737604
"97390","Stromal","Stromal",TRUE,0.0215102583591809
"69639","Prolif_Invasive_Tumor","Prolif_Invasive_Tumor",TRUE,0
"96531","Stromal","Stromal",TRUE,0.178484960065037
"103044","Invasive_Tumor","Invasive_Tumor",TRUE,0
"81371","B_Cells","B_Cells",TRUE,0.0388179887022444
"102522","Invasive_Tumor","Invasive_Tumor",TRUE,0.00933805683539071
"78500","DCIS 2","DCIS 2",TRUE,0.0111351259759745
"87419","Invasive_Tumor","Invasive_Tumor",TRUE,0.048327200285335
"6384","CD4+_T_Cells","CD4+_T_Cells",TRUE,0.0500552301406787
"105148","Stromal","Stromal",TRUE,0.021226266387257
"75059","CD8+_T_Cells","CD8+_T_Cells",TRUE,0.0628964150183096
"80389","Stromal","Stromal",TRUE,0.0552329082984688
"88571","Perivascular-Like","Perivascular-Like",TRUE,0.383850974226768
"105140","Stromal","Stromal",TRUE,0.0836213744885647
"74786","Invasive_Tumor","Invasive_Tumor",TRUE,0.0763082211748285
"6389","CD8+_T_Cells","CD8+_T_Cells",TRUE,0.0618819503551374
"105040","Myoepi_KRT15+","Myoepi_KRT15+",TRUE,0.0453341849547638
"79506","CD8+_T_Cells","CD8+_T_Cells",TRUE,0.0621630336635777
"79502","Stromal","Stromal",TRUE,0.0373597099021619
"75213","Invasive_Tumor","Invasive_Tumor",TRUE,0.377135402920096
"5765","Invasive_Tumor","Invasive_Tumor",TRUE,0.00031319640164848
"79243","Myoepi_KRT15+","Myoepi_KRT15+",TRUE,0
"88604","Prolif_Invasive_Tumor","Prolif_Invasive_Tumor",TRUE,0
"89168","Endothelial","Endothelial",TRUE,0.0307182355442566
"96487","Stromal","Stromal",TRUE,0.0574592827480342
"82308","CD4+_T_Cells","CD4+_T_Cells",TRUE,0.0477909275426943
"80987","CD4+_T_Cells","CD4+_T_Cells",TRUE,0.0180378727032479
"78513","Stromal","Stromal",TRUE,0.0249825410350756
"87417","Invasive_Tumor","Invasive_Tumor",TRUE,0.0262609028948148
"88560","Invasive_Tumor","Invasive_Tumor",TRUE,0.0663716995488665
"80536","CD8+_T_Cells","CD8+_T_Cells",TRUE,0.0478170635995278
"96822","Stromal","Stromal",TRUE,0.21494412131862
"79503","Stromal","Stromal",TRUE,0.0486927183348969
"80021","Myoepi_KRT15+","Myoepi_KRT15+",TRUE,0
"88615","Prolif_Invasive_Tumor","Prolif_Invasive_Tumor",TRUE,0.0154272630468404
"102142","Stromal","Stromal",TRUE,0.0435997497509099
"87625","Macrophages_1","Macrophages_1",TRUE,0.079018815858704
"82296","B_Cells","B_Cells",TRUE,0.0518119120629232
"74319","Invasive_Tumor","Invasive_Tumor",TRUE,0
"74794","Invasive_Tumor","Invasive_Tumor",TRUE,0.00781773380550212
"96489","CD8+_T_Cells","CD8+_T_Cells",TRUE,0.0319028433697323
"96821","Stromal","Stromal",TRUE,0
"74638","Invasive_Tumor","Invasive_Tumor",TRUE,0
"96490","Stromal","Stromal",TRUE,0.0309080339701449
"86558","Invasive_Tumor","Invasive_Tumor",TRUE,0
"74472","Invasive_Tumor","Invasive_Tumor",TRUE,0
"79123","DCIS 2","DCIS 2",TRUE,0
"80969","Stromal","Stromal",TRUE,0
"80024","Myoepi_ACTA2+","Myoepi_ACTA2+",TRUE,0.0314340910180681
"74332","Invasive_Tumor","Invasive_Tumor",TRUE,0
"79505","Macrophages_1","Macrophages_1",TRUE,0.0436003962561566
"103537","Endothelial","Endothelial",TRUE,0.104469720303976
"102901","Stromal","Stromal",TRUE,0.052190468357203
"79809","Stromal","Stromal",TRUE,0.0244914339632046
"5823","Invasive_Tumor","Invasive_Tumor",TRUE,0
"81332","CD4+_T_Cells","CD4+_T_Cells",TRUE,0.0501734540981723
"87416","Prolif_Invasive_Tumor","Prolif_Invasive_Tumor",TRUE,0.0351061810672479
"75990","Stromal","Stromal",TRUE,0.0520444674400798
"79504","Stromal","Stromal",TRUE,0.0993498041021961
"105155","Stromal","Stromal",TRUE,0.0348579750508817
"103050","Invasive_Tumor","Invasive_Tumor",TRUE,0
"103851","Endothelial","Endothelial",TRUE,0.510303750101979
"75962","Prolif_Invasive_Tumor","Prolif_Invasive_Tumor",TRUE,0
"96347","Macrophages_2","Macrophages_2",TRUE,0.138070117701227
"97218","Stromal","Stromal",TRUE,0.0495444469441672
"97350","B_Cells","Stromal",FALSE,0.0472855837887003
"74776","Invasive_Tumor","Invasive_Tumor",TRUE,0
"75208","Invasive_Tumor","Invasive_Tumor",TRUE,0
"88579","Invasive_Tumor","Invasive_Tumor",TRUE,0
"102922","B_Cells","B_Cells",TRUE,0.0607607466746514
"97266","Stromal","Stromal",TRUE,0.0421340187316994
"81364","CD4+_T_Cells","CD4+_T_Cells",TRUE,0.0417933174744499
"75506","Prolif_Invasive_Tumor","Prolif_Invasive_Tumor",TRUE,0
"104305","Myoepi_KRT15+","Myoepi_KRT15+",TRUE,0.035043842185017
"102501","Stromal","Stromal",TRUE,0.054216892247514
"82225","CD4+_T_Cells","CD4+_T_Cells",TRUE,0.0522784713884744
"78508","Myoepi_ACTA2+","Myoepi_ACTA2+",TRUE,0.035457379117994
"75204","Prolif_Invasive_Tumor","Prolif_Invasive_Tumor",TRUE,0.0041338920942802
"80540","Macrophages_1","Macrophages_1",TRUE,0.0877109600533594
"6145","Stromal","Stromal",TRUE,0.030757646625756
"74625","Invasive_Tumor","Invasive_Tumor",TRUE,0
"74617","Prolif_Invasive_Tumor","Prolif_Invasive_Tumor",TRUE,0.0990475775488444
"70025","Invasive_Tumor","Invasive_Tumor",TRUE,0.000804432858252897
"102124","Macrophages_1","Macrophages_1",TRUE,0.0607943185316419
"79830","Stromal","Stromal",TRUE,0
"96377","Stromal","Stromal",TRUE,0.169197274866404
"104092","Stromal","Stromal",TRUE,0.063172054854209
"70022","Prolif_Invasive_Tumor","Prolif_Invasive_Tumor",TRUE,0.00333975382284968
"86563","Invasive_Tumor","Invasive_Tumor",TRUE,0
"79979","Myoepi_ACTA2+","Myoepi_ACTA2+",TRUE,0.0384463573882027
"86572","Invasive_Tumor","Invasive_Tumor",TRUE,0
"96485","Stromal","Stromal",TRUE,0.048027102606935
"96367","Stromal","Stromal",TRUE,0
"75040","Stromal","Stromal",TRUE,0.0236566425806096
"102131","CD8+_T_Cells","CD8+_T_Cells",TRUE,0.045092992061761
"82320","CD4+_T_Cells","CD4+_T_Cells",TRUE,0
"80028","Myoepi_ACTA2+","Myoepi_ACTA2+",TRUE,0.0262228767494401
"8043","CD4+_T_Cells","Stromal",FALSE,0.0672047200919422
"86556","Prolif_Invasive_Tumor","Prolif_Invasive_Tumor",TRUE,0
"101747","Endothelial","Endothelial",TRUE,0
"86564","Prolif_Invasive_Tumor","Prolif_Invasive_Tumor",TRUE,0
"103149","Invasive_Tumor","Invasive_Tumor",TRUE,0.0101434768374937
"104063","Myoepi_ACTA2+","Myoepi_ACTA2+",TRUE,0.00892671175400289
"74600","Invasive_Tumor","Invasive_Tumor",TRUE,0
"8071","Prolif_Invasive_Tumor","Prolif_Invasive_Tumor",TRUE,0.0229173335700163
"8057","Invasive_Tumor","Invasive_Tumor",TRUE,0
"102848","Stromal","Stromal",TRUE,0
"75194","DCIS 1","Invasive_Tumor",FALSE,1.89675817012734
"5820","Invasive_Tumor","Invasive_Tumor",TRUE,0.00989235751485482
"86548","Invasive_Tumor","Invasive_Tumor",TRUE,0
"77274","Myoepi_ACTA2+","Myoepi_ACTA2+",TRUE,0.0467638361511349
"87630","Invasive_Tumor","Prolif_Invasive_Tumor",FALSE,1.81354913840652
"96352","Stromal","Stromal",TRUE,0.0535535360697976
"86542","Endothelial","Stromal",FALSE,1.03745114303989
"103127","Prolif_Invasive_Tumor","Prolif_Invasive_Tumor",TRUE,0.00438666870481308
"79972","Stromal","Stromal",TRUE,0.0124007737314923
"77594","Stromal","Stromal",TRUE,0.0255592755942762
"107700","Stromal","Stromal",TRUE,0.0355269934077314
"79133","Myoepi_ACTA2+","Myoepi_ACTA2+",TRUE,0.0744343269219923
"73924","Invasive_Tumor","Invasive_Tumor",TRUE,0
"80675","Macrophages_1","Macrophages_1",TRUE,0.0776053359157727
"96363","Stromal","Stromal",TRUE,0
"104409","DCIS 2","DCIS 2",TRUE,0.0282120680460585
"86523","Invasive_Tumor","Invasive_Tumor",TRUE,0.00477568015802613
"80676","Stromal","Stromal",TRUE,0.0195835558450104
"75972","Invasive_Tumor","Invasive_Tumor",TRUE,0
"103091","Stromal","Stromal",TRUE,0.0826857056862034
"102334","Stromal","Stromal",TRUE,0
"79254","DCIS 2","DCIS 2",TRUE,0.00165266175490446
"104047","Myoepi_KRT15+","Myoepi_KRT15+",TRUE,0.194905789623362
"81374","B_Cells","B_Cells",TRUE,0.0569722017292414
"75043","Stromal","Stromal",TRUE,0.00704207520528836
"69619","Invasive_Tumor","Invasive_Tumor",TRUE,0.0111312856220758
"80994","CD8+_T_Cells","CD8+_T_Cells",TRUE,0.0360159227206871
"74605","Invasive_Tumor","Invasive_Tumor",TRUE,0
"103086","Stromal","Stromal",TRUE,0.0333471151498635
"80963","B_Cells","B_Cells",TRUE,0.244623032474603
"102228","B_Cells","B_Cells",TRUE,0.545393063857013
"103831","DCIS 2","DCIS 2",TRUE,0.0195284081153781
"75048","Stromal","Stromal",TRUE,0.0503593724068788
"86528","Invasive_Tumor","Invasive_Tumor",TRUE,0.0793763377757106
"77613","CD8+_T_Cells","CD8+_T_Cells",TRUE,0.0630562205437632
"80674","Endothelial","Endothelial",TRUE,0.0701813392296624
"104327","Myoepi_KRT15+","Myoepi_KRT15+",TRUE,0.0308955418976219
"82309","Stromal","Stromal",TRUE,0
"102518","Invasive_Tumor","Invasive_Tumor",TRUE,0.0164713552455872
"75490","Prolif_Invasive_Tumor","Prolif_Invasive_Tumor",TRUE,0.00368727889560129
"76400","Stromal","Stromal",TRUE,0.105782308050441
"104220","Stromal","Stromal",TRUE,0.0624920164755066
"103159","Invasive_Tumor","Invasive_Tumor",TRUE,0.00770309800882406
"104410","DCIS 2","DCIS 2",TRUE,0
"103077","Stromal","Stromal",TRUE,0.0425111189519441
"78488","Myoepi_KRT15+","Myoepi_KRT15+",TRUE,0.0698983205600958
"104345","Stromal","Stromal",TRUE,0.0440128759848958
"70027","Prolif_Invasive_Tumor","Prolif_Invasive_Tumor",TRUE,0.00428709133714996
"103071","Stromal","Stromal",TRUE,0.248153716873376
"104306","DCIS 2","DCIS 2",TRUE,0.0482556315756655
"97267","CD4+_T_Cells","CD4+_T_Cells",TRUE,0.0798280206079899
"75198","Invasive_Tumor","Invasive_Tumor",TRUE,0.038992947663301
"5818","Invasive_Tumor","DCIS 2",FALSE,0.147446446938744
"96486","Macrophages_1","Macrophages_1",TRUE,0.0632919646693565
"105021","Macrophages_1","Macrophages_1",TRUE,0.0694251362733427
"104307","Macrophages_1","Macrophages_1",TRUE,0.0357017006148209
"80532","Stromal","Stromal",TRUE,0.0452976854277515
"88690","Endothelial","Endothelial",TRUE,0
"81335","Stromal","Stromal",TRUE,0.0223737904299571
"6392","Macrophages_1","Macrophages_1",TRUE,0.726324061813312
"81369","CD4+_T_Cells","CD4+_T_Cells",TRUE,0.0426712446258991
"80968","Stromal","Stromal",TRUE,0.18984332710904
"80427","Myoepi_ACTA2+","Myoepi_ACTA2+",TRUE,0.133566736883105
"74801","Invasive_Tumor","Invasive_Tumor",TRUE,0.00537684156225433
"86508","Invasive_Tumor","Invasive_Tumor",TRUE,0.00409376844190635
"89382","Stromal","Stromal",TRUE,0.0751397696311189
"80030","Myoepi_ACTA2+","Stromal",FALSE,0.140727813964456
"76411","Stromal","Stromal",TRUE,0.00771578746713281
"105062","Myoepi_KRT15+","Myoepi_KRT15+",TRUE,0
"102217","CD4+_T_Cells","CD4+_T_Cells",TRUE,0.0076556250754154
"77271","Myoepi_ACTA2+","Myoepi_ACTA2+",TRUE,0.0520249072992923
"75965","Prolif_Invasive_Tumor","Prolif_Invasive_Tumor",TRUE,0.0510491560924984
"104344","Macrophages_1","Macrophages_1",TRUE,0.0739906291191712
"75961","Invasive_Tumor","Invasive_Tumor",TRUE,0.402536274901958
"81326","B_Cells","B_Cells",TRUE,0.0328084473043449
"6175","Stromal","Stromal",TRUE,0.0396807965861609
"79248","DCIS 2","DCIS 2",TRUE,0.00290160831941
"96348","Stromal","Stromal",TRUE,0
"77262","Myoepi_ACTA2+","Myoepi_ACTA2+",TRUE,0.051421632268506
"88551","Invasive_Tumor","Invasive_Tumor",TRUE,0.0390805692958345
"97216","Stromal","Stromal",TRUE,0.0256289154687663
"88550","Prolif_Invasive_Tumor","Prolif_Invasive_Tumor",TRUE,0
"77603","Macrophages_1","Macrophages_1",TRUE,0.0612380701856676
"104332","Myoepi_ACTA2+","Myoepi_ACTA2+",TRUE,0.0358987091534923
"79501","Macrophages_1","Macrophages_1",TRUE,0.0413520607609411
"86505","Invasive_Tumor","Invasive_Tumor",TRUE,0.014624334327972
"80382","Stromal","Stromal",TRUE,0.0265913523545964
"101756","Stromal","Stromal",TRUE,0.0487011264693845
"6382","Macrophages_2","Macrophages_2",TRUE,0.104058228262277
"82306","Macrophages_1","Macrophages_1",TRUE,0.027129157731463
"88716","Stromal","Stromal",TRUE,0.722380316652337
"77620","Stromal","Stromal",TRUE,0.0423675603101861
"86495","Macrophages_1","Macrophages_1",TRUE,0.0753442704204501
"104078","Myoepi_ACTA2+","Myoepi_ACTA2+",TRUE,0.00881896296458584
"75514","Prolif_Invasive_Tumor","Prolif_Invasive_Tumor",TRUE,0.00893050709948682
"86285","Invasive_Tumor","Invasive_Tumor",TRUE,0.175267767039802
"88682","Endothelial","Endothelial",TRUE,0
"80417","Myoepi_ACTA2+","Myoepi_ACTA2+",TRUE,0.0338026819237265
"97212","Stromal","Stromal",TRUE,0.0540323454925399
"87415","Prolif_Invasive_Tumor","Prolif_Invasive_Tumor",TRUE,0.00684007418884545
"96345","Macrophages_1","Macrophages_1",TRUE,0.0650071819198526
"103841","Stromal","Stromal",TRUE,0.0868436126466891
"75498","Invasive_Tumor","Invasive_Tumor",TRUE,0.0198708737266973
"79241","Myoepi_ACTA2+","Myoepi_ACTA2+",TRUE,0.0701149450072558
"101726","Macrophages_1","Macrophages_1",TRUE,0.000450343378617768
"86512","Invasive_Tumor","Invasive_Tumor",TRUE,0.0766306885911206
"75695","Macrophages_1","Macrophages_1",TRUE,0.091334048387916
"102892","Invasive_Tumor","Invasive_Tumor",TRUE,0.139913722295281
"89384","CD4+_T_Cells","CD4+_T_Cells",TRUE,0.0522760904931782
"104322","Myoepi_KRT15+","Myoepi_KRT15+",TRUE,0.0167643742511156
"79874","Stromal","Stromal",TRUE,0.012212296607828
"8358","Stromal","Stromal",TRUE,0.569424298575345
"75958","Prolif_Invasive_Tumor","Prolif_Invasive_Tumor",TRUE,0.324687450769755
"79982","Myoepi_KRT15+","Myoepi_KRT15+",TRUE,0.0464705597288888
"103981","Stromal","Stromal",TRUE,0
"77610","Stromal","Stromal",TRUE,0.0581959749190255
"102214","B_Cells","B_Cells",TRUE,0.0667135903323451
"87621","CD4+_T_Cells","CD4+_T_Cells",TRUE,0.0799109500015342
"93918","Stromal","Stromal",TRUE,0.703057953667813
"93908","Stromal","Stromal",TRUE,0.0759894266274201
"93998","Macrophages_2","Stromal",FALSE,0.125357841173202
"95464","Stromal","Stromal",TRUE,0.190365448785479
"94922","Stromal","Stromal",TRUE,0.0678083265720935
"91060","CD4+_T_Cells","CD4+_T_Cells",TRUE,0.130932062490444
"90304","Stromal","Stromal",TRUE,0.0780968479175402
"95497","Stromal","Stromal",TRUE,0.091698975346347
"90911","Stromal","Stromal",TRUE,0.815305049370658
"92221","CD4+_T_Cells","CD4+_T_Cells",TRUE,0.0418971858868112
"90286","Macrophages_2","Macrophages_2",TRUE,0.135200375193001
"91165","CD4+_T_Cells","CD4+_T_Cells",TRUE,0.528588212174305
"93815","IRF7+_DCs","IRF7+_DCs",TRUE,0.0938446827551381
"91126","CD4+_T_Cells","CD4+_T_Cells",TRUE,0.0668382445994911
"90318","CD4+_T_Cells","CD4+_T_Cells",TRUE,0.0504992884548476
"90319","CD4+_T_Cells","Stromal",FALSE,0.0819004374875282
"95800","Stromal","Stromal",TRUE,0.67746443394674
"91097","CD4+_T_Cells","Stromal",FALSE,0.0896537385361113
"95807","Stromal","Stromal",TRUE,0.537556365041701
"94551","Macrophages_1","Macrophages_1",TRUE,0.0610807661248331
"94207","Stromal","Stromal",TRUE,0.0559576026838474
"93469","Stromal","Stromal",TRUE,0.176462925878472
"6035","Stromal","Stromal",TRUE,0.148155482485585
"94226","Stromal","Stromal",TRUE,0.131647570170561
"92361","Invasive_Tumor","Invasive_Tumor",TRUE,0.150258828040491
"91011","CD4+_T_Cells","CD4+_T_Cells",TRUE,0.0859415051533703
"92321","Prolif_Invasive_Tumor","Prolif_Invasive_Tumor",TRUE,0.123071932980734
"93705","CD4+_T_Cells","CD4+_T_Cells",TRUE,0.0713276458699437
"91791","Macrophages_1","Stromal",FALSE,0.0778296472412519
"94715","DCIS 2","DCIS 2",TRUE,0.116625509352511
"92724","CD4+_T_Cells","CD4+_T_Cells",TRUE,0.516108693775814
"94275","CD4+_T_Cells","CD4+_T_Cells",TRUE,0.0754183592957526
"94717","Myoepi_KRT15+","Myoepi_KRT15+",TRUE,0.0566682108896866
"6021","Prolif_Invasive_Tumor","Prolif_Invasive_Tumor",TRUE,0.471105186195555
"92709","CD4+_T_Cells","CD4+_T_Cells",TRUE,0.10314340533844
"93270","Stromal","Stromal",TRUE,0.0954381475007643
"93402","Invasive_Tumor","Invasive_Tumor",TRUE,0.106221879449359
"74024","B_Cells","Stromal",FALSE,0.101846953032588
"76948","Stromal","Stromal",TRUE,0.235869205372055
"77284","Stromal","Stromal",TRUE,0.0936277155180295
"93163","CD4+_T_Cells","CD4+_T_Cells",TRUE,0.0707291149115687
"77443","Perivascular-Like","Perivascular-Like",TRUE,0.0729525808387282
"91863","CD4+_T_Cells","Macrophages_1",FALSE,0.160775536962349
"73812","Stromal","Stromal",TRUE,0.112518856184465
"77293","Stromal","Stromal",TRUE,0.0969199683951328
"91918","Stromal","Stromal",TRUE,0.117638357244741
"91683","Prolif_Invasive_Tumor","Stromal",FALSE,1.2531138709754
"73820","Macrophages_2","CD8+_T_Cells",FALSE,0.886151740036747
"93142","LAMP3+_DCs","LAMP3+_DCs",TRUE,0.0646977486090212
"77513","Stromal","Stromal",TRUE,0.167073383131536
"93753","CD8+_T_Cells","CD8+_T_Cells",TRUE,1.08202708074141
"77101","CD8+_T_Cells","CD8+_T_Cells",TRUE,0.0355021082428084
"77098","CD4+_T_Cells","CD4+_T_Cells",TRUE,0.0748462279706182
"94068","Perivascular-Like","Perivascular-Like",TRUE,0.0630492795697019
"95845","Macrophages_1","Macrophages_1",TRUE,0.0732304125593601
"91226","Prolif_Invasive_Tumor","Prolif_Invasive_Tumor",TRUE,0.0550600891469704
"73319","Invasive_Tumor","Invasive_Tumor",TRUE,0.0544859475991425
"77353","CD4+_T_Cells","CD4+_T_Cells",TRUE,0.053959174352724
"91832","B_Cells","Stromal",FALSE,1.27880367974394
"91670","Invasive_Tumor","Invasive_Tumor",TRUE,0.0995870969273614
"92028","CD4+_T_Cells","Stromal",FALSE,0.113561759920562
"77174","Stromal","Stromal",TRUE,0.172760845489326
"91206","CD4+_T_Cells","DCIS 1",FALSE,0.895823419403638
"73312","Perivascular-Like","Perivascular-Like",TRUE,0.0506368436885357
"95914","Stromal","Stromal",TRUE,0.106772548273034
"91715","Invasive_Tumor","DCIS 2",FALSE,1.41826355967422
"91718","Invasive_Tumor","Invasive_Tumor",TRUE,0.0593396508468274
"94094","CD4+_T_Cells","CD4+_T_Cells",TRUE,0.057360396710126
"105293","Stromal","Stromal",TRUE,0.738017489385331
"92004","CD4+_T_Cells","CD4+_T_Cells",TRUE,0.0883109779663278
"91200","Invasive_Tumor","Stromal",FALSE,1.29053205778722
"73634","Macrophages_1","Macrophages_1",TRUE,0.16018546905397
"91883","Prolif_Invasive_Tumor","Prolif_Invasive_Tumor",TRUE,0.166710640035087
"75626","CD8+_T_Cells","CD8+_T_Cells",TRUE,0.0824621433031823
"92817","Stromal","Stromal",TRUE,0.0704346970089784
"95284","Stromal","Stromal",TRUE,0.901394130745109
"73639","Macrophages_2","Macrophages_1",FALSE,0.296748338852037
"77459","Stromal","Stromal",TRUE,0.0842624084838512
"95380","CD4+_T_Cells","CD4+_T_Cells",TRUE,0.0654883176533791
"76934","CD8+_T_Cells","Stromal",FALSE,0.697513060466191
"77039","CD8+_T_Cells","Stromal",FALSE,0.246284034479484
"91185","Invasive_Tumor","Invasive_Tumor",TRUE,0.070180465946662
"92482","CD8+_T_Cells","Stromal",FALSE,1.11136009965564
"91962","CD4+_T_Cells","CD4+_T_Cells",TRUE,0.0685350753181105
"76923","Stromal","Stromal",TRUE,0.0696929082786935
"95445","Stromal","Stromal",TRUE,0.0833357296644155
"94132","Stromal","Stromal",TRUE,0.699746625680354
"75291","Macrophages_2","Macrophages_2",TRUE,0.0910456471283515
"73584","CD8+_T_Cells","CD8+_T_Cells",TRUE,0.0660293303373576
"92101","Invasive_Tumor","Invasive_Tumor",TRUE,0.0714647344012031
"92165","Macrophages_2","Macrophages_1",FALSE,1.60288262799732
"92903","CD4+_T_Cells","CD4+_T_Cells",TRUE,0.124701547485503
"91957","Invasive_Tumor","Prolif_Invasive_Tumor",FALSE,0.0554977141821264
"91373","Macrophages_2","Invasive_Tumor",FALSE,0.215119883416894
"92904","CD4+_T_Cells","CD4+_T_Cells",TRUE,0.0529169305990016
"95729","CD4+_T_Cells","CD4+_T_Cells",TRUE,0.742601573413402
"92665","Stromal","Stromal",TRUE,0.111115448683399
"76901","Macrophages_2","Stromal",FALSE,0.781665143815276
"92155","CD4+_T_Cells","CD4+_T_Cells",TRUE,0.0592472097874491
"92161","CD4+_T_Cells","CD4+_T_Cells",TRUE,0.0532000559075532
"95429","Stromal","Stromal",TRUE,0.128630385245966
"92152","CD4+_T_Cells","CD4+_T_Cells",TRUE,0.0530809978901648
"76731","Stromal","Stromal",TRUE,0.130445621206831
"95742","Stromal","Stromal",TRUE,0.0650794568619098
"95772","B_Cells","Stromal",FALSE,0.111658908458815
"92054","Invasive_Tumor","Invasive_Tumor",TRUE,0.0604821169076078
"95723","Stromal","Stromal",TRUE,0.138001906727164
"95149","CD8+_T_Cells","CD8+_T_Cells",TRUE,0.0710695245872945
"92171","Prolif_Invasive_Tumor","Stromal",FALSE,1.53661245129571
"74232","CD4+_T_Cells","Stromal",FALSE,0.069504717711883
"95756","CD4+_T_Cells","CD4+_T_Cells",TRUE,0.101069948281059
"92452","CD4+_T_Cells","CD4+_T_Cells",TRUE,0.0617858246796
"92135","CD8+_T_Cells","CD8+_T_Cells",TRUE,0.0722906125598662
"105283","Stromal","Stromal",TRUE,0.47679478408504
"92177","CD4+_T_Cells","Stromal",FALSE,0.898977284652378
"95780","B_Cells","Stromal",FALSE,0.152839903582926
"92560","Perivascular-Like","Perivascular-Like",TRUE,0.0295890594880879
"92548","CD4+_T_Cells","CD4+_T_Cells",TRUE,0.0391971439406845
"74854","Invasive_Tumor","Invasive_Tumor",TRUE,0.14042908576057
"92115","Macrophages_2","Macrophages_1",FALSE,1.53782335215855
"92859","LAMP3+_DCs","LAMP3+_DCs",TRUE,0.652887208847473
"74852","CD8+_T_Cells","CD8+_T_Cells",TRUE,0.0731673469572365
"92879","CD4+_T_Cells","Macrophages_1",FALSE,0.136848210195194
"92867","Stromal","Stromal",TRUE,0.0939114628964791
"95091","CD4+_T_Cells","CD4+_T_Cells",TRUE,0.0593796836683181
"93891","Stromal","Stromal",TRUE,0.0955122634767487
"92617","Invasive_Tumor","Stromal",FALSE,1.40533621275008
"95115","Stromal","Stromal",TRUE,0.141571922509623
"92533","CD4+_T_Cells","CD4+_T_Cells",TRUE,0.0712388777708787
"103206","Macrophages_2","Invasive_Tumor",FALSE,0.0991375001589945
"76707","CD4+_T_Cells","CD4+_T_Cells",TRUE,0.0498278894532272
"91318","CD8+_T_Cells","Stromal",FALSE,1.16982294251661
"95043","Stromal","Stromal",TRUE,0.0906584782985508
"92531","Stromal","Stromal",TRUE,0.0749590928484207
"92620","Invasive_Tumor","Invasive_Tumor",TRUE,0.0344670430504597
"76698","LAMP3+_DCs","LAMP3+_DCs",TRUE,0.73335020076832
"93849","B_Cells","B_Cells",TRUE,0.131246233892034
"7609","Stromal","Stromal",TRUE,0.0991585729419439
"7544","CD4+_T_Cells","CD4+_T_Cells",TRUE,0.680802602606336
"97136","Macrophages_1","Stromal",FALSE,0.0594519599456829
"7517","Mast_Cells","Mast_Cells",TRUE,0.088681194443164
"78122","Stromal","Stromal",TRUE,0.0682208138808718
"74398","CD4+_T_Cells","CD4+_T_Cells",TRUE,0.0402026775592054
"75166","CD4+_T_Cells","CD4+_T_Cells",TRUE,0.691086813333227
"6124","Invasive_Tumor","Invasive_Tumor",TRUE,0.33683136355645
"74877","Invasive_Tumor","DCIS 2",FALSE,1.60704078606785
"97486","CD8+_T_Cells","CD8+_T_Cells",TRUE,0.121951040272441
"7585","CD4+_T_Cells","CD4+_T_Cells",TRUE,0.0593988902456219
"75162","Stromal","Stromal",TRUE,0.475805534173617
"73899","CD4+_T_Cells","CD4+_T_Cells",TRUE,0.112644645263246
"97493","CD4+_T_Cells","CD4+_T_Cells",TRUE,0.0371140728677551
"73694","Macrophages_2","Macrophages_2",TRUE,0.232211544478499
"92494","Stromal","Stromal",TRUE,0.90196013457441
"74574","Invasive_Tumor","Invasive_Tumor",TRUE,0.136083562366958
"76507","Stromal","Stromal",TRUE,0.121510196687859
"74558","Stromal","Stromal",TRUE,0.533129886029862
"97173","CD4+_T_Cells","CD4+_T_Cells",TRUE,0.487390697142619
"6120","Invasive_Tumor","Invasive_Tumor",TRUE,0.0583363927618784
"97571","CD4+_T_Cells","CD4+_T_Cells",TRUE,0.0594972627508487
"73880","CD4+_T_Cells","CD4+_T_Cells",TRUE,0.0798385823485255
"73751","Invasive_Tumor","Stromal",FALSE,1.28649993407215
"74576","Macrophages_2","Macrophages_2",TRUE,0.221602456672525
"92513","Invasive_Tumor","Invasive_Tumor",TRUE,0.0294423519396011
"92284","Macrophages_1","Macrophages_1",TRUE,0.186078053649571
"92262","CD4+_T_Cells","CD4+_T_Cells",TRUE,0.107648206815356
"73838","CD4+_T_Cells","CD4+_T_Cells",TRUE,0.178826957172249
"7081","Invasive_Tumor","Invasive_Tumor",TRUE,0.0698625497724479
"73850","CD4+_T_Cells","CD4+_T_Cells",TRUE,0.109591321048585
"90563","Invasive_Tumor","Invasive_Tumor",TRUE,0.198367667056479
"96935","CD4+_T_Cells","CD4+_T_Cells",TRUE,0.0508411672971621
"92743","CD8+_T_Cells","CD8+_T_Cells",TRUE,0.0696155290793525
"74044","CD4+_T_Cells","CD4+_T_Cells",TRUE,0.0720778943517781
"104495","CD8+_T_Cells","Macrophages_1",FALSE,0.115927820546798
"7263","Invasive_Tumor","Invasive_Tumor",TRUE,0.908509620410758
"76525","Stromal","Stromal",TRUE,0.0473709286695846
"76746","B_Cells","B_Cells",TRUE,0.173960635501059
"90580","Prolif_Invasive_Tumor","Prolif_Invasive_Tumor",TRUE,0.0607306522061393
"74460","CD4+_T_Cells","CD4+_T_Cells",TRUE,0.201618606122593
"104498","Stromal","Stromal",TRUE,0.140829351843859
"96961","LAMP3+_DCs","LAMP3+_DCs",TRUE,0.619248244391875
"76744","CD4+_T_Cells","CD4+_T_Cells",TRUE,0.207527163386278
"96433","Stromal","Stromal",TRUE,0.1234377262951
"102061","Stromal","Stromal",TRUE,0.0708794828700129
"81293","CD4+_T_Cells","CD4+_T_Cells",TRUE,0.101512075491351
"97281","Stromal","Stromal",TRUE,0.49760936758446
"74338","Macrophages_2","Macrophages_1",FALSE,1.43597873541024
"7230","CD4+_T_Cells","CD4+_T_Cells",TRUE,0.171111884757418
"96974","CD4+_T_Cells","Stromal",FALSE,0.765554751444091
"80257","Myoepi_ACTA2+","Myoepi_ACTA2+",TRUE,0.0995365938599476
"81305","CD4+_T_Cells","CD4+_T_Cells",TRUE,0.160220945679588
"81302","CD4+_T_Cells","CD4+_T_Cells",TRUE,0.171103036305747
"96715","CD8+_T_Cells","CD8+_T_Cells",TRUE,0.0573002644294281
"81776","CD4+_T_Cells","CD4+_T_Cells",TRUE,0.570965147188601
"96712","CD4+_T_Cells","CD4+_T_Cells",TRUE,0.101591666653041
"73523","Prolif_Invasive_Tumor","Prolif_Invasive_Tumor",TRUE,0.288162585937797
"87453","Invasive_Tumor","Invasive_Tumor",TRUE,0.0474417580756462
"102661","CD4+_T_Cells","CD4+_T_Cells",TRUE,0.0956898241693924
"96335","Stromal","Stromal",TRUE,0.11003721836656
"74435","Stromal","Stromal",TRUE,0.0741828795928689
"87325","Stromal","Stromal",TRUE,0.135380621283246
"88645","Stromal","Stromal",TRUE,0.10308486279356
"81771","CD4+_T_Cells","CD4+_T_Cells",TRUE,0.0827782765847737
"75111","Stromal","Stromal",TRUE,0.0675169410337259
"73949","Invasive_Tumor","Stromal",FALSE,1.31184080075825
"86510","Stromal","Stromal",TRUE,0.0598653081784676
"80570","CD8+_T_Cells","CD8+_T_Cells",TRUE,0.0865152889601054
"102510","Macrophages_1","Macrophages_1",TRUE,0.767064256273633
"80941","B_Cells","Stromal",FALSE,0.118509651430837
"105011","B_Cells","B_Cells",TRUE,0.0845922750447145
"74318","Invasive_Tumor","Stromal",FALSE,1.13382769321085
"102195","Stromal","Stromal",TRUE,0.173012698512838
"74423","Invasive_Tumor","Invasive_Tumor",TRUE,0.0568423835052034
"104262","Endothelial","Stromal",FALSE,0.627266874393429
"80953","B_Cells","B_Cells",TRUE,0.12882775705145
"102315","CD4+_T_Cells","CD4+_T_Cells",TRUE,0.0673180198135527
"80548","Macrophages_1","Stromal",FALSE,0.0805881266890855
"74421","CD4+_T_Cells","CD4+_T_Cells",TRUE,0.0705616102493798
"97343","Stromal","Stromal",TRUE,0.0799518274323726
"96820","CD4+_T_Cells","CD4+_T_Cells",TRUE,0.145721627120694
"107705","Stromal","Stromal",TRUE,0.133160413157662
"102920","Macrophages_2","Stromal",FALSE,0.591740678044132
"8042","CD4+_T_Cells","CD4+_T_Cells",TRUE,0.137025582836672
"104232","DCIS 2","DCIS 2",TRUE,0.510104013520714
"5766","Invasive_Tumor","Invasive_Tumor",TRUE,0.0541390815962701
"102508","Stromal","Stromal",TRUE,0.134343567319822
"102200","Stromal","Stromal",TRUE,0.110564210452961
"102137","Stromal","Stromal",TRUE,0.0716654841430969
"89391","CD4+_T_Cells","CD4+_T_Cells",TRUE,0.0850173959667155
"97265","Stromal","Stromal",TRUE,0.0907290475934655
"77258","Macrophages_1","Macrophages_1",TRUE,0.427916706520527
