"cell_id","raw_total","ours_purified_total","published_purified_total","absolute_difference"
"94867",122,69.9566964104365,71.7670002766093,1.81030386617283
"94863",346,346,346,0
"94869",186,186,186,0
"94866",177,163.88091878454,177,13.1190812154598
"94868",206,92.5875166196706,90.2294641586709,2.35805246099964
"94874",388,388,388,0
"94861",270,211.556610421211,216.355304573787,4.79869415257642
"94027",245,245,245,0
"94870",355,355,355,0
"94862",222,163.524962123536,167.482767529486,3.95780540595003
"94025",162,140.016576647313,142.762472145027,2.74589549771415
"7405",201,201,201,0
"94024",301,301,301,0
"94877",114,89.1273485625219,90.7526130565456,1.6252644940236
"94865",343,343,343,0
"94879",376,376,376,0
"7389",318,318,318,0
"94028",310,278.741247112017,281.120096731464,2.37884961944689
"94880",102,65.5291527286163,64.3057410148708,1.22341171374549
"94876",256,256,256,0
"94882",102,59.3717152450264,60.4763395681716,1.10462432314523
"94871",165,145.735503306042,149.042197525045,3.30669421900226
"94881",314,283.770001364067,285.534052803196,1.7640514391289
"94021",126,78.94630424251,81.9680976987555,3.02179345624554
"94864",163,117.810381910503,115.852293752784,1.95808815771969
"94873",57,57,57,0
"94883",387,341.973673978026,347.071533226968,5.09785924894118
"7403",268,268,268,0
"7374",440,440,440,0
"94019",305,305,305,0
"94875",95,54.0482160215635,54.8891195889005,0.840903567337002
"7364",554,554,554,0
"7369",585,585,585,0
"94026",420,420,420,0
"94020",372,371,371,0
"94872",111,111,111,0
"94878",209,209,209,0
"94022",370,370,370,0
"94856",384,292.4756938267,296.295813017845,3.82011919114556
"93922",173,146.353847687716,150.52826720605,4.17441951833399
"94857",425,305.141118718238,302.456785128039,32.145195636156
"7404",110,94.3468282913209,96.946358481984,2.5995301906631
"93939",177,177,177,0
"93925",83,50.1262216182926,51.0448304675501,0.918608849257424
"93916",96,59.6361364368812,62.9539944273773,3.31785799049609
"94859",302,230.304347373533,234.529662387883,4.2253150143496
"7379",232,232,232,0
"94018",196,181.331394849978,196,14.6686051500221
"93902",123,61.1975500975288,63.132342347024,1.9347922494952
"93919",141,88.2269994932443,87.1667682632144,1.06023123002989
"94015",283,224.714798738767,230.342460044123,5.62766130535658
"93928",80,37.761424332665,38.7049859846332,0.943561651968239
"95706",262,137.275781615712,127.21197743362,174.158907036676
"90827",442,442,442,0
"93911",21,20.0141902274278,19.9660469613452,0.048143266082595
"90833",370,370,370,0
"94848",214,214,214,0
"93913",88,72.1301735782021,71.1295956561739,1.00057792202816
"93905",123,54.3890593991765,56.8619957337113,2.47293633453479
"93934",137,117.987564357957,117.082462439288,0.905101918668656
"7392",186,186,186,0
"94023",114,81.0086635014082,82.5293991733453,1.5207356719371
"7353",699,698,698,0
"93950",125,75.8402185375493,77.4805907477356,1.64037221018628
"7398",488,487,487,0
"93941",37,29.3546728255406,28.8502546706642,0.504418154876307
"93909",70,43.9277242561486,50.6423620691289,6.71463781298028
"7646",113,71.4320553966705,70.8638088401464,9.9818837618082
"94858",298,298,298,0
"94016",398,398,398,0
"7381",154,107.342965512278,108.685893687448,1.34292817516982
"7359",274,274,274,0
"93923",138,95.247305722378,93.5022115154214,1.74509420695656
"7378",465,465,465,0
"90878",388,388,388,0
"93918",100,45.4377319050643,52.7453349473333,8.78281355086654
"95707",127,62.0838319241503,66.3384007586541,77.0092306360824
"93914",108,62.638668039328,64.1232024005321,1.48453436120409
"94012",368,368,368,0
"93929",125,70.6210751689566,69.3816524909912,1.23942267796543
"93903",98,72.6645847273608,71.3251870687118,1.33939765864892
"94850",541,541,541,0
"94860",200,151.491217863201,156.986553104221,5.4953352410195
"93964",117,77.5752880547371,78.6800923195024,1.10480426476528
"93951",95,65.3314755083257,64.4354874451847,0.895988063140927
"90836",346,346,346,0
"7367",330,330,330,0
"93945",19,14.4740734185485,14.2564507442249,0.217622674323605
"90847",356,356,356,0
"7375",56,30.5881315900337,32.2125525816026,5.49928457262837
"93947",120,102.934334602705,103.678110247093,0.743775644388132
"93915",78,55.0116560009214,55.7947884793793,6.37396219290437
"95705",132,131,131,0
"93908",80,35.0358941114774,36.3408147788047,1.30492066732729
"93906",106,100.171679656377,100.682398976566,0.510719320189128
"95691",211,116.728548795137,122.569669933729,5.84112113859169
"94851",616,616,616,0
"90832",430,430,430,0
"93938",86,68.3004002960119,67.7746570513478,0.525743244664126
"93963",67,45.2947197813372,44.7945933750214,0.500126406315776
"93948",77,44.3650117987688,43.4768297711482,0.888182027620625
"94849",283,225.476828637495,233.046834082339,7.5700054448442
"93926",86,52.8291611120405,51.9987323300712,0.830428781969318
"93962",205,204,204,0
"93932",79,63.5604463994759,64.3295376825642,0.769091283088321
"93921",84,45.6032665685511,44.8798121157259,0.723454452825239
"90886",193,140.553176383748,141.865816469619,1.31264008587098
"95696",161,161,161,0
"90851",141,103.387779261543,107.456709439424,4.06893017788121
"91545",262,200.741649064119,202.388184121409,1.64653505728977
"93961",87,87,87,0
"7377",222,221,221,0
"94008",289,289,289,0
"93936",43,30.0244590505729,29.5486395927797,0.475819457793113
"94011",337,42.8152922666413,299.720796653848,261.020275674142
"94852",336,179.602799021717,185.822391816751,6.2195927950342
"93917",127,109.676690809005,114.814657481342,11.8586192666192
"94009",141,140,140,0
"7388",461,461,461,0
"93927",20,12.4074138287019,12.5691960833355,0.1617822546336
"94885",173,173,173,0
"93940",51,37.6199158256805,37.9414695874905,0.321553761810066
"95700",84,48.8873434968447,49.4784711394536,0.591127642608868
"95694",18,4.28263457319957,4.81252205691018,0.529887483710611
"93960",91,51.2983097582487,50.6608446040079,0.637465154240774
"90877",166,134.754968060811,137.061308652892,2.30634059208107
"90820",646,644,644,0
"91539",172,172,172,0
"93933",67,60.5359218842108,66,5.46407811578918
"93907",114,58.232068781869,56.5465014509196,1.68556733094939
"95704",129,103.725316677912,104.781889421041,1.05657274312866
"93956",63,53.1343216185006,53.4484862170473,0.314164598546673
"93924",82,72.4417986860254,73.1886177107804,0.746819024754992
"90864",132,112.929847499383,114.343198984323,1.41335148493935
"93972",67,53.4236516395933,54.0497502174402,0.626098577846941
"94014",310,227.947115610969,234.754699759004,6.80758414803473
"95688",111,58.3272286135467,60.2724509682445,1.94522235469779
"95703",16,13.4029349925545,13.3192837201612,0.083651272393269
"93942",31,19.3617629560657,18.7279282020331,0.633834754032601
"93937",86,58.5722571210006,56.3526230099519,5.64392303429966
"93976",94,51.4030266984769,52.2028031575846,0.799776459107676
"93954",74,67.2379884112323,67.6767491609168,0.438760749684584
"93912",150,150,150,0
"90840",294,265.256535742923,271.253913924044,5.99737818112176
"90882",144,115.200950104132,117.276112386533,2.07516228240147
"7365",182,112.74290451517,109.559584714971,3.1833198001989
"93920",83,70.3235260809898,70.7269002650689,0.403374184079138
"93931",104,91.7174906737508,92.434446336841,0.716955663090154
"95680",134,134,134,0
"93935",78,51.7935300676018,50.9818869863659,0.811643081235879
"93946",38,25.7055845778474,26.0344389758717,0.328854398024296
"93959",70,49.3990146185362,48.7702829759907,0.628731642545452
"95708",48,26.6928682444002,27.0206159678234,0.327747723423269
"90828",160,107.749628270969,113.476043751672,5.72641548070274
"94002",158,103.510525739565,107.664793740548,4.15426800098322
"90824",217,217,217,0
"95674",263,263,263,0
"93949",26,19.5965658012349,19.4304094951092,0.166156306125642
"7384",336,336,336,0
"95699",47,31.4321668977526,31.0840239704686,0.348142927284004
"90879",335,335,335,0
"94853",257,171.909876934892,170.226841683345,17.9356345750345
"94854",441,301.992636839873,293.552264990017,8.4403718498558
"91540",167,167,167,0
"93971",133,81.9044556063244,80.6557681047119,1.24868750161246
"91529",327,327,327,0
"93953",21,17.8083280288767,17.7156601858878,0.0926678429889446
"90884",149,149,149,0
"93975",129,65.9601957922133,68.5442235009573,2.58402770874392
"95697",77,55.8306386675089,55.1351026963081,0.695535971200791
"95682",75,55.0679336838639,55.8189574633892,0.751023779525336
"94895",60,60,60,0
"94884",147,104.239173034662,103.063252491624,1.17592054303774
"93952",69,62.1760939333095,62.6397028491744,0.463608915864887
"95702",38,25.4099365837494,25.219380224022,0.190556359727353
"93943",82,82,82,0
"93910",130,88.9802202292987,90.4009861757596,1.42076594646094
"90848",119,57.842715756008,65.7213894840386,74.1699265378809
"93930",225,39.2477587791823,34.2416042682891,5.00615451089325
"7401",115,108.23154281173,108.537885708223,0.306342896493092
"93958",71,33.061122604698,33.6080941664886,0.546971561790566
"95681",44,35.989823080331,36.2715463083757,0.281723228044693
"95686",105,95.8779047369855,105,9.12209526301444
"93904",111,102.398347022309,102.630472154127,0.232125131818271
"94890",82,82,82,0
"94855",570,296.422610584069,307.365000249989,10.9423896659196
"91548",491,491,491,0
"90844",103,55.5442176853639,54.1302188494216,1.41399883594236
"95698",28,21.4794539745741,21.3162842029571,0.163169771616987
"90880",243,243,243,0
"7380",83,83,83,0
"93957",224,16.9310131151516,15.55217331451,1.37883980064163
"90869",141,141,141,0
"94897",102,72.6470595655495,73.6035670854135,0.956507519864029
"95701",54,34.0830442062446,33.6347969944591,0.448247211785464
"93969",93,82.8966007406157,83.4029426789911,0.506341938375414
"90830",305,305,305,0
"95679",31,31,31,0
"7400",550,487.526164162046,494.524476408607,6.99831224656044
"93970",53,28.5178706475024,28.9813666814008,0.463496033898382
"93974",63,28.4541151791388,29.408818678702,0.954703499563175
"93955",181,181,181,0
"95689",101,74.481159193129,76.1750768350593,1.69391764193031
"94003",193,173.579205794985,176.216494553962,2.63728875897714
"7373",244,244,244,0
"90825",156,127.490005475602,126.78717440526,8.76751889537122
"91533",141,141,141,0
"95693",27,17.1707478126074,16.7967357243768,0.374012088230572
"95673",65,44.3300334854572,45.1321877834261,0.802154297968844
"94007",257,257,257,0
"7368",208,208,208,0
"95675",82,70.2589653979858,71.0080271368768,0.749061738891036
"90883",156,156,156,0
"95685",34,27.197642226418,26.5774007253037,0.6202415011143
"94906",227,227,227,0
"90837",218,141.623515552794,146.078666236914,4.45515068412083
"93944",169,134.718917034643,137.097644689299,2.3787276546563
"95678",81,48.4713959539096,49.255409546636,0.784013592726356
"7354",323,303.908040327003,323,19.0919596729972
"95669",127,79.4563714493338,80.6672700292015,1.21089857986777
"90846",71,8.84687427737834,7.71157202285922,1.13530225451913
"93997",129,92.3187249594732,92.6384773155014,0.319752356028209
"94770",112,84.9880954767995,85.7971709162281,0.809075439428564
"95690",36,28.6635094445093,28.9481046778268,0.284595233317483
"93966",51,38.1552058823984,37.6222998054265,0.532906076971907
"95683",68,37.2685885203745,37.2733121074946,0.00472358712015743
"7382",175,175,175,0
"94892",110,74.0912835235695,34.8246346776228,73.9114943156895
"94751",122,74.4474487105528,76.8405336188422,2.39308490828937
"93967",77,77,77,0
"90842",66,35.3717723438733,36.2052904360164,0.83351809214301
"94765",179,123.725259054836,124.851746621206,1.12648756636977
"90839",170,127.36762629745,130.687091790653,3.31946549320316
"94847",229,141.054435794975,143.406226707496,2.35179091252145
"94638",219,152.556270240267,153.808584418734,1.25231417846652
"94891",79,35.7653090655062,37.4127566134556,1.64744754794944
"95695",142,142,142,0
"7394",228,152.779922495733,158.182533293116,5.40261079738235
"94900",158,158,158,0
"94777",163,108.478562625798,105.945354044242,2.53320858155605
"90850",244,243,243,0
"93977",105,77.0174271992902,78.0096932920454,0.992266092755273
"91528",160,83.3860595612801,78.4516385129455,4.93442104833472
"95687",106,51.8309039903199,50.8801266489468,0.950777341373088
"91509",327,327,327,0
"93973",34,21.8660958721501,22.0891978336905,0.223101961540415
"95672",145,82.0405830582652,84.8235295447283,2.78294648646317
"94846",377,327.987724308667,332.208026262581,4.22030195391326
"90876",254,254,254,0
"95667",179,96.8698441012638,99.3105820783622,2.44073797709841
"91520",215,215,215,0
"90841",36,19.4059672320081,20.1236097392613,0.717642507253234
"94753",109,91.2280355862351,89.4785633851645,1.74947220107066
"91535",109,68.7445556595863,68.2191397196463,9.02109477328439
"94757",175,153.162977604981,150.320992671131,2.84198493384959
"94899",79,57.8492219969459,54.201158925469,6.3547179007598
"95684",159,97.4662556078067,95.0387003291886,2.42755527861803
"94915",81,54.7278395483796,55.1401425647467,0.412303016367056
"94919",140,140,140,0
"94647",351,231.149553423059,224.064348273666,7.08520514939314
"91526",42,22.9485508262477,21.2021485816197,1.74640224462798
"93968",155,110.270113745859,112.140637713362,1.87052396750353
"91546",232,140.056238116834,124.33257822863,25.0894162920943
"95663",361,361,361,0
"7402",290,164.439505689508,173.367094167371,8.92758847786238
"90881",156,156,156,0
"93965",170,169,169,0
"94744",124,83.8949365358646,79.9205082019636,3.97442833390093
"94902",165,165,165,0
"95677",80,57.4446849274998,57.8582053880449,0.413520460545181
"91531",100,62.8825594460074,62.99964955749,8.3248915721603
"94893",138,96.4578752757574,97.519933448275,1.06205817251748
"90849",203,199.29600376184,203,3.70399623816042
"94626",94,49.2812720118177,48.4099425436275,0.871329468190191
"90838",184,110.761575488733,104.433316287819,6.32825920091428
"94630",167,134.34628150646,135.284832114853,0.938550608392462
"94759",164,163,163,0
"91498",225,225,225,0
"94844",228,227,227,0
"91541",197,154.642966614578,159.729346951454,5.08638033687526
"94843",350,350,350,0
"94740",83,50.4904585798166,46.1782061990099,4.3122523808066
"94845",276,170.470138145498,165.6009958182,4.86914232729877
"94780",366,297.260560737628,305.235635727323,7.97507498969557
"95671",62,36.4556332367953,35.5619267588774,0.893706477917845
"91534",86,47.4041157371788,44.9221987831451,2.48191695403369
"94797",309,284.231606250476,309,24.7683937495242
"91512",217,169.351150386249,171.927815218189,2.57666483193972
"7399",190,173.441659713397,190,16.5583402866034
"94907",63,40.7461665872267,39.868894706136,0.877271881090708
"94619",32,25.2192186175364,25.634054594816,0.414835977279603
"95666",223,223,223,0
"95670",82,58.5023016176974,56.5876285219732,1.91467309572424
"94764",114,114,114,0
"90834",327,166.516727386989,175.898046399832,9.3813190128432
"91522",217,154.093536183582,149.006667395265,5.0868687883169
"90874",178,119.716087062559,118.788203802733,0.927883259825213
"93987",140,110.863547602672,115.293967702348,4.43042009967564
"7366",426,426,426,0
"94786",178,25.7323442156905,23.7679377844227,1.96440643126772
"90863",310,310,310,0
"90885",263,263,263,0
"93994",163,96.4776614200419,101.434917624737,4.95725620469537
"94889",108,72.4994052388566,74.5539551734724,2.05454993461574
"94921",103,71.6201781553831,74.496476949094,2.87629879371092
"90821",431,431,431,0
"94842",110,75.3233540296273,73.7663300264853,1.557024003142
"94752",129,92.5004600330152,91.155324774299,1.3451352587162
"90862",204,100.558651163603,103.945783960803,3.38713279720008
"90871",260,260,260,0
"94612",63,56.362738992171,55.7602820429945,0.602456949176521
"94888",30,22.6345735766808,22.2063790460946,0.428194530586114
"94901",121,86.8507917769748,84.3523679938513,2.49842378312345
"91501",286,160.276393829853,152.793995158166,7.48239867168682
"93998",113,28.2732463305168,27.5695307018339,0.972406689129209
"95665",173,147.377235461718,149.796517013919,2.4192815522004
"91513",122,66.5262867421709,70.7696420785431,4.2433553363722
"94621",80,68.8284649744978,69.3157014642833,0.487236489785578
"94625",117,99.6524868936981,100.335531814108,0.683044920410277
"94920",91,70.2458910148793,72.4228527789888,2.17696176410951
"7593",439,439,439,0
"94640",527,366.349340146826,375.763959283208,9.4146191363821
"94913",74,51.5349907976878,49.9313746933912,1.60361610429654
"94839",75,44.4991887597122,42.9328605736878,1.56632818602441
"94841",95,74.2270811399319,73.0759185022508,1.15116263768105
"95668",109,70.0274741708982,69.4135037588733,0.613970412024952
"94750",100,72.8672265298968,70.8746309577334,1.99259557216336
"94763",421,329.689169906181,331.844265604691,2.15509569851068
"91524",269,208.235689565918,203.196336164683,5.03935340123538
"94646",333,264.212652180031,256.450277932137,7.7623742478936
"91536",136,73.0391601185397,74.4648958820197,1.42573576348003
"94910",55,35.2589224852473,34.4849676513874,0.773954833859888
"94773",178,105.573678596465,109.040046033701,3.46636743723529
"94610",48,35.196241469161,34.660738385089,0.535503084071988
"94933",68,68,68,0
"94886",188,128.794945889007,131.689863046747,2.89491715774024
"90891",117,117,117,0
"94840",271,252.000729303415,271,18.999270696585
"91514",161,129.287608802054,133.198924944917,3.91131614286309
"94838",278,278,278,0
"90860",180,180,180,0
"91504",436,436,436,0
"93985",154,153,153,0
"94615",113,113,113,0
"90875",185,118.155996305423,117.535029675665,0.620966629757709
"94784",132,132,132,0
"90889",55,54,54,0
"94000",91,91,91,0
"95464",414,165.61093802054,177.130553958862,11.6741367216099
"95664",160,98.6162672786089,100.520798600488,1.90453132187958
"94778",56,38.2299037853083,40.0433175786232,1.81341379331492
"94794",97,54.5225837319944,52.5689332038749,1.95365052811952
"94903",136,136,136,0
"95465",143,109.94275325324,108.349315362969,1.59343789027042
"94618",115,87.3471682226476,87.9179331915831,0.570764968935476
"94837",78,72.7417377445771,64.7713366831027,13.0634293272764
"94649",130,106.646847779631,103.242080713061,3.40476706657049
"90826",246,140.068155109752,136.273258961676,20.31561666366
"90861",157,52.3931927055588,48.7707334551176,3.62245925044121
"94896",103,55.3228809657699,56.2488339032557,0.925952937485725
"94602",53,30.1855438653614,29.2501629732331,0.935380892128249
"94627",435,404.38022833206,407.845672420484,3.46544408842445
"94911",34,29.0136607414222,28.7537210723929,0.259939669029322
"95662",65,40.5817093739183,41.497386287914,0.915676913995685
"92228",290,290,290,0
"94917",81,41.5372889052009,41.9335588483922,0.396269943191291
"91543",177,106.655554532034,106.252561133575,0.402993398459306
"93995",101,81.6601352786196,82.4559392647856,0.795803986165984
"94755",174,110.547559643203,106.31142273429,4.23613690891322
"90887",122,122,122,0
"90818",288,272.850453278097,288,15.1495467219032
"94604",22,16.6415210109319,16.440075431372,0.201445579559896
"94769",361,323.398951557764,325.79786735905,2.39891580128612
"91527",274,200.427136538677,197.787464330451,2.63967220822561
"94608",128,128,128,0
"94937",161,105.458699674123,106.666199926107,1.20750025198464
"94834",146,145,145,0
"90857",141,107.866854571302,103.99686155586,3.86999301544192
"90888",112,112,112,0
"94772",117,103.350233417057,101.747194776387,1.60303864066949
"90858",185,152.205991036673,148.491256092048,3.71473494462493
"91511",150,110.488799163724,108.50442339174,1.98437577198325
"94746",243,141.226398352835,105.12443452739,84.3150794122183
"94613",101,63.6592174370051,64.4851142760588,0.825896839053645
"95470",125,71.7768952611232,73.7490219942391,1.97212673311589
"94595",64,32.2255705943016,32.9973743042633,0.771803709961743
"90823",315,185.23342466121,195.016373793367,9.78294913215758
"7360",698,698,698,0
"91478",405,405,405,0
"90870",106,50.5296829555063,53.0322819937528,2.50259903824656
"93984",63,63,63,0
"94762",64,51.0533007961058,52.5283066944257,1.47500589831989
"94835",152,113.74770355617,115.515653314593,1.76794975842257
"94785",142,105.290967893612,53.8079993537428,77.6284663288933
"7383",278,214.506343667572,218.704412949788,4.19806928221563
"94779",122,92.659776538763,89.9908196889432,2.66895684981982
"94600",48,39.6196729717818,39.230918893373,0.388754078408828
"94799",268,44.2240986156888,226.291742004153,197.242403918865
"91517",209,209,209,0
"94916",102,102,102,0
"90890",48,26.3352366388038,21.5386141082502,28.3834470498241
"90859",94,79.2066718007357,76.5579313763831,2.64874042435258
"94792",279,195.591385784225,193.430227419799,2.16115836442558
"94642",258,238.910907043601,235.094032929781,3.81687411382019
"90845",293,157.117167622145,163.600234148066,6.48306652592119
"94601",41,27.0460865697607,27.5798944190743,0.533807849313622
"91505",213,161.717654486273,181.526829881982,28.9964573117777
"94833",101,77.3268126764806,75.6021154221235,1.72469725435711
"94925",109,109,109,0
"94898",173,173,173,0
"94904",61,40.7988660591195,40.2171605346006,0.581705524518861
"94931",88,88,88,0
"94761",84,69.0831804750764,66.5576689414102,2.52551153366621
"94633",367,217.423709586559,222.293650034906,4.86994044834735
"90855",81,81,73.2833744143039,7.7166255856961
"94960",79,79,79,0
"94908",64,64,64,0
"90867",109,88.876475407317,87.6907346528047,1.18574075451225
"94836",384,384,384,0
"94832",356,343.618957976235,356,12.3810420237647
"95480",110,68.1548075045839,69.3612304604684,1.20642295588454
"93993",167,167,167,0
"95474",109,96.6872454681205,95.3998729780667,1.2873724900538
"94924",53,28.2303991166899,27.5167427197459,0.713656396943993
"94589",51,45.3065317173291,45.7613470936275,0.454815376298395
"94593",76,44.7269826256912,44.3222812944202,0.404701331270974
"90831",471,382.052045956287,389.663132680454,7.61108672416658
"90865",122,78.370260412709,74.9040132335303,3.46624717917876
"94754",202,135.071749968744,140.463607162701,5.39185719395674
"91486",359,359,359,0
"94788",121,68.8955530433811,71.7017094565868,2.80615641320576
"94605",33,19.8191225027301,20.1792662078419,0.360143705111761
"93996",112,63.564523012763,65.6231620761247,2.05863906336176
"90853",130,41.3061355088175,50.30147738552,8.9953418767024
"94599",107,61.0366866251489,60.2380960145065,0.798590610642457
"94644",143,107.883597189661,106.270813136737,1.61278405292437
"93986",136,136,136,0
"90872",271,223.196812266439,219.398547523176,3.79826474326296
"94597",89,45.0769900473436,45.9761884641842,0.89919841684062
"91518",163,91.76279290139,90.4261104180238,1.33668248336623
"94774",134,134,134,0
"95475",46,34.6253843055336,34.0151628601252,0.610221445408416
"94928",63,33.8764643292902,36.0446372960473,2.16817296675708
"95469",105,65.6966811328131,64.2259079741926,1.47077315862054
"94781",186,166.627499269223,163.848896560294,2.77860270892814
"94798",203,171.031901448397,173.657571655265,2.62567020686846
"94614",263,27.4547710022333,24.0820418373343,3.37272916489891
"7406",78,68.4778130675016,69.6601615306624,1.18234846316081
"90856",188,123.246050732198,138.904077025177,15.6580262929791
"94831",366,366,366,0
"94607",151,151,151,0
"94758",138,106.440731276943,103.880664678927,2.56006659801521
"94768",229,66.5453675490623,65.0811050155253,1.46426253353705
"94964",84,68.8795492032471,67.3928247482212,1.48672445502583
"91506",206,141.588516376245,136.613636446501,4.97487992974349
"91525",297,170.464318653151,164.434072721091,6.03024593206026
"90819",286,149.933283371016,156.744174451988,6.81089108097209
"91474",191,126.321151784207,129.985145864133,3.66399407992555
"94923",110,100.254575947492,100.675689515925,0.421113568433338
"7376",855,854,854,0
"94929",22,20.0106001719481,20.1167414326937,0.106141260745665
"95467",171,114.128772424662,120.40858958247,6.27981715780833
"92226",77,77,77,0
"94830",138,132.881763752774,138,5.11823624722594
"93982",190,190,190,0
"90854",145,69.8774779228966,71.9334975827446,2.05601965984803
"91530",201,173.11778876756,149.962137071533,37.0664580374209
"94639",393,298.938302387155,296.924783005408,2.0135193817467
"93978",187,187,187,0
"90817",220,220,220,0
"94743",126,87.7127119551911,86.6857554901239,1.02695646506713
"93792",76,62.9898391889325,64.5573002510933,1.56746106216074
"95487",99,99,99,0
"94590",111,58.8200241729582,57.6079323723626,1.21209180059563
"94894",200,200,200,0
"90835",297,244.115689161154,245.448387915878,1.33269875472446
"91510",109,76.0296982068032,76.7057242294456,0.676026022642375
"94632",247,234.816996161941,232.084378378664,2.73261778327728
"93980",119,119,119,0
"90866",208,159.493313913466,163.028394629188,3.53508071572224
"94645",103,56.1077044487713,49.3071503914883,29.5693875375462
"94793",261,86.681170406352,87.7270934391959,1.04592303284395
"95483",97,40.1072607994536,41.6996915546967,1.59243075524305
"92227",138,115.093925873716,117.601625862266,2.5076999885504
"90822",211,104.285602384747,72.8618046518685,32.9409605776902
"94912",74,56.1609127965642,57.030019238258,0.869106441693829
"91485",165,110.947304683115,105.928579031706,5.01872565140836
"95472",64,54.0736176031293,51.7502173856798,8.86497313409022
"94748",82,26.8504149295383,25.7292272576474,1.12118767189084
"94905",109,109,109,0
"90829",140,99.1598422000153,97.3702494084166,1.78959279159874
"94775",152,152,152,0
"94909",79,79,79,0
"95466",269,181.882680770239,188.12130466876,6.23862389852156
"91494",233,188.469723847317,190.073190254385,1.6034664070679
"94591",57,57,57,0
"91538",181,99.932271462165,101.668657000474,1.73638553830856
"95479",86,53.7973232618034,54.6543570733302,0.857033811526771
"94930",46,46,46,0
"94827",66,44.4673425117725,45.1680626108756,0.700720099103041
"90843",371,222.095703119842,227.695518618871,5.59981549902956
"94829",209,150.663827705845,145.875233660982,4.78859404486299
"90852",156,109.220692395085,112.562591162175,3.3418987670898
"93989",91,58.1140792505887,60.9206001142687,2.80652086368003
"94641",233,178.145780179144,179.311456132997,1.16567595385321
"94742",48,7.98993599747662,6.80815080808649,1.18178518939014
"91477",555,555,555,0
"94594",211,211,211,0
"90868",124,24.4163162707467,22.0653319797028,2.35098429104395
"94760",212,207.04280148053,211,3.95719851947026
"91493",128,108.996299108645,107.720310267896,1.27598884074891
"94628",188,158.163352399977,160.652257155898,2.48890475592038
"91476",147,94.8609837164372,93.4435667923479,1.41741692408926
"94826",158,85.6837244429437,84.1460279936776,1.53769644926613
"91507",130,65.2208411677398,62.2943657476094,2.92647542013044
"94766",155,79.6900094627761,77.228490154472,2.46151930830416
"94622",236,236,236,0
"94828",76,44.2578418084806,45.2351860976428,0.977344289162096
"94936",52,34.1479505721414,35.2396904058596,1.09173983371819
"93785",119,76.4105755373285,73.5904080583819,2.8201674789466
"94926",89,42.2572347504721,43.7814829344916,1.52424818401938
"91542",90,89,79.8164046433747,9.1835953566253
"94609",134,79.0416938245494,80.3390260696998,1.29733224515043
"94941",87,63.3718583581192,62.4861142373779,0.885744120741252
"95490",88,53.093037780142,53.6902236189311,0.597185838789135
"94787",423,197.134194912628,192.657063293069,4.47713161955916
"90815",49,30.9458939269708,30.3112004869613,0.634693440009511
"94745",36,8.44559894286586,26.6686897722067,18.2230908293409
"94631",165,147.036254367491,145.602545026371,1.43370934111944
"94800",275,33.2956464689337,31.6499809868449,1.6456654820888
"94791",242,220.336566076205,218.491523059331,1.8450430168743
"94771",111,102.176358587311,103.153115004143,0.976756416831751
"94741",104,88.2217815808839,86.8302099209855,1.39157165989848
"91521",100,64.7710036808135,65.1627695412289,0.391765860415501
"93801",74,72.6709545253539,67.4798470148505,6.91692781665569
"91500",142,109.757841157223,104.487179822467,5.27066133475535
"90873",339,180.550369443875,187.675855354141,7.12548591026619
"92225",93,46.2555825472114,48.005676177441,64.2741926922254
"91532",173,173,173,0
"94616",335,335,335,0
"94636",163,104.387831687666,101.367638108156,3.0201935795099
"95477",169,169,169,0
"94918",39,39,39,0
"94825",440,440,440,0
"91181",465,465,465,0
"94033",173,108.025614287481,112.172882935433,4.14726864795213
"94934",94,67.3139944637488,65.1836368577509,2.13035760599793
"90900",254,234.085624767444,254,19.9143752325556
"90816",85,41.6859563109003,43.1708127539325,1.48485644303216
"94598",76,41.0342412155283,41.740764199199,0.706522983670725
"91516",99,78.3566610250232,80.5601802137602,2.20351918873707
"91544",70,46.4355664828013,45.822178293255,0.61338818954624
"94795",201,75.8722014021011,124.395332259002,109.903928154443
"94756",140,76.4829481325032,74.5378667687392,1.94508136376404
"95496",240,133.070864775706,136.941460277743,3.87059550203714
"91479",134,109.225357352484,110.35459433429,1.129236981806
"93979",190,145.441926590422,148.867748456952,3.42582186652956
"94822",92,58.7049983232435,60.5583902079343,1.85339188469079
"95488",166,104.576137393469,106.624784834901,2.04864744143203
"94824",219,219,219,0
"95463",319,239.085242455029,241.889741192018,2.80449873698896
"90912",169,140.600998461899,144.753828896737,4.15283043483816
"91547",102,89.4424286857611,89.9320690987161,0.489640412954956
"94648",187,168.245372486358,173.009427845714,4.76405535935633
"91088",140,100.191214893145,96.6521856770709,3.53902921607426
"94823",270,270,270,0
"94629",150,136.228497946334,134.055405792111,2.17309215422271
"91451",343,244.11828750205,246.981665303655,2.86337780160411
"95491",84,55.2455769555856,54.3057535232132,0.939823432372406
"91508",170,141.925446035959,139.78824886062,2.13719717533915
"94887",142,142,142,0
"95485",61,37.7385362326445,24.2285688605223,39.5067872784667
"95504",114,63.1535612105253,61.2254990970001,1.9280621135252
"94783",289,289,289,0
"94932",105,91.5747140172301,92.2793523102389,0.704638293008759
"91487",358,358,358,0
"94635",168,86.2380779498185,83.5117890912391,2.72628885857933
"90925",218,189.217242858488,191.778917333889,2.56167447540115
"91465",278,185.773735931998,192.901089017187,7.12735308518899
"94789",113,113,113,0
"91083",208,186.113983034189,188.724398262061,2.61041522787239
"91497",50,29.1680048497863,29.2454139784284,0.0774091286420769
"91537",70,46.7430899786141,48.3894093996996,1.64631942108543
"7358",376,368.657519412643,369.280797756661,0.623278344017762
"93796",131,98.8216098596478,100.806610009247,1.98500014959881
"94747",238,178.646881953869,175.486253512256,3.16062844161276
"94624",131,105.581651265328,107.562829153678,1.9811778883492
"94939",49,36.2872234145862,35.4181094696301,0.869113944956119
"94603",149,148,148,0
"94767",506,506,506,0
"91499",56,43.4874077481714,42.1483817479701,1.33902600020122
"94914",94,81.2599872664342,82.0301178260838,0.770130559649616
"93818",192,192,192,0
"93991",149,73.2995342032534,69.3518932064418,3.94764099681162
"93787",86,65.8566971843221,67.1308875348096,1.27419035048747
"91523",138,106.826679606498,104.421026208876,2.40565339762133
"95471",167,125.000655910092,123.251425340795,13.0919710818704
"91071",63,33.7212263231063,34.4962128443669,0.774986521260538
"91471",163,20.9319154692301,23.4015738752677,2.46965840603763
"94821",283,283,283,0
"94801",327,261.778950023112,263.438219369875,1.65926934676343
"91068",48,26.5069952160962,25.8908305930255,0.616164623070761
"7592",358,358,358,0
"94922",128,55.6538095916595,57.6296585405186,1.97584894885917
"91090",79,50.4644128745922,51.234118885496,0.769706010903788
"91463",77,59.293664462056,58.6305181997408,0.663146262315242
"94818",80,80,80,0
"91176",225,225,225,0
"90909",319,319,319,0
"94940",61,47.5913320063066,46.8123803766228,0.77895162968378
"91495",39,28.9961634488374,28.5835538221939,0.412609626643511
"95486",51,36.3149990857722,35.1519480856105,1.16305100016172
"91519",154,113.079810040139,112.151727898978,0.928082141160753
"94643",212,212,212,0
"91454",356,211.599573413246,219.808701690536,8.20912827728979
"94927",164,164,164,0
"95478",173,150.257648702071,152.328253751996,2.07060504992527
"95505",83,53.67141405982,52.6104741079043,1.06093995191572
"90932",325,176.932444378439,154.551315838072,197.186705709498
"95500",91,78.6180639334174,91,12.3819360665826
"95495",108,59.1299522179422,62.6005723322801,3.47062011433797
"94790",506,153.885667723246,149.609474741641,4.27619298160499
"91489",58,36.9970066635889,38.4433937451561,1.44638708156724
"94820",225,225,225,0
"94817",132,132,132,0
"91180",86,86,77.5394950171465,8.46050498285347
"91179",93,64.1909662571813,65.0315266699621,0.840560412780803
"94776",315,271.893495843773,275.083638789066,3.1901429452932
"94634",518,413.077999994101,421.837421356407,8.75942136230553
"94749",156,113.931642191936,112.61618001825,1.31546217368654
"91502",152,102.125540867109,100.251057907133,1.87448295997657
"91488",110,110,110,0
"94637",200,195.43475018916,195.084093589903,0.350656599257553
"95509",145,84.8080005100927,86.3236455493,1.51564503920734
"91087",96,96,96,0
"95489",107,69.8478894614444,73.8941132902165,4.04622382877219
"91069",120,107.982929537058,107.610437635661,0.372491901396236
"94819",102,82.2035550840611,83.9704280010927,1.76687291703159
"90924",182,182,182,0
"95502",90,63.913029834015,65.0176748396517,1.10464500563663
"91060",126,70.2887916944784,69.1846695108955,1.3929093551838
"7386",202,125.126959286737,131.385535264685,6.25857597794797
"91458",163,97.780468256628,102.170700973274,4.39023271664557
"91496",63,49.6692777892124,50.4029083771614,0.733630587949097
"94944",132,77.7889542601479,79.0792389188532,1.29028465870523
"94623",232,213.900795229665,210.783663382739,3.11713184692555
"91081",153,137.084350216478,134.640229180052,2.4441210364258
"91483",216,169.948152879354,174.441341310297,4.49318843094307
"94782",162,157.216112935639,156.883331372809,0.332781562830579
"93790",102,102,102,0
"94962",82,62.2937816009715,61.1077851514039,1.18599644956756
"91159",299,192.360325170151,195.782911730518,3.42258656036715
"94611",314,314,295.147745689959,18.8522543100411
"94942",51,23.6315220405822,24.6093912283759,0.977869187793709
"94617",155,96.1854709811254,99.9651133003569,3.77964231923147
"91050",146,106.831018601336,105.750930140262,1.08008846107437
"91178",122,107.434709461594,110.812834606851,3.37812514525645
"94592",103,75.7839278091376,76.8038700882496,1.01994227911203
"95473",169,112.800573441983,114.551874767894,1.75130132591086
"94521",104,104,104,0
"94803",98,81.5348947721935,82.7953903645505,1.26049559235693
"94796",245,219.390243877118,216.380702089555,3.00954178756218
"94529",46,23.5458267529423,23.1622377341148,0.383589018827478
"91089",86,68.4786915180655,69.0940343137518,0.615342795686273
"91435",272,271,271,0
"92198",60,49.2138558074256,50.6411794548958,1.42732364747018
"91459",92,58.9192596003529,57.7193930807535,1.19986651959947
"95499",82,42.1128141929224,42.8320803774417,0.719266184519377
"90895",304,195.346900420749,198.695436046095,3.34853562534678
"91503",162,82.4184672834783,79.3791216974221,3.03934558605623
"90306",160,137.245850334166,137.683251395227,0.437401061060337
"91067",29,20.2124778770723,20.1008379052674,2.62009670263557
"91472",77,49.1133666683838,51.2272970050939,2.11393033671008
"94948",285,285,285,0
"93983",208,103.626392645601,108.572323526263,4.94593088066189
"91464",197,132.711158062893,135.764623751633,3.05346568873964
"90282",62,48.5487869630398,47.7557535013168,0.793033461723019
"94816",96,96,96,0
"94938",124,124,124,0
"91047",107,90.033792503491,88.7427475114656,4.99107067085932
"93800",102,57.781913659674,47.4834653667107,65.0501589055476
"93981",191,191,191,0
"91490",94,53.1450390062462,50.7646914544673,2.38034755177886
"95510",76,35.2235042317303,36.471529717847,1.2480254861167
"94531",189,148.488904172588,148.681564106717,0.192659934129637
"91515",155,135.17825361211,133.730865715246,1.44738789686422
"94463",106,80.6176751482967,82.6731456848885,2.05547053659182
"90304",229,114.020766360563,118.456643619283,4.43587725872001
"91078",138,97.0310343572225,96.1367955822486,0.894238774973944
"94465",130,130,130,0
"95506",71,57.5154103650528,58.8379514353396,1.32254107028677
"93826",176,151.676643764379,152.801543758181,1.12489999380191
"91456",50,43.9275526518182,44.3165375249968,0.388984873178565
"91172",97,72.4973787579593,71.0854413302969,1.41193742766239
"90914",66,41.2970039242617,40.4328505712295,0.864153353032244
"95497",136,59.630201907963,62.2066152858976,2.57641337793464
"91447",225,118.195321008785,125.958459543636,7.7631385348506
"94804",170,170,170,0
"94807",140,140,140,0
"91053",77,67.7341291740468,66.7699876382598,0.964141535787006
"93810",85,73.4235530593675,75.4109964122709,1.98744335290344
"94806",121,64.1259520952915,63.7932492459806,0.332702849310891
"94815",146,131.149782808874,132.780819263023,1.63103645414837
"91455",72,59.7612602514851,59.3955528961201,0.365707355364951
"91177",162,98.1402780779339,94.9325525940926,3.20772548384132
"94805",230,230,230,0
"94517",126,16.7648757213336,118.407545613305,102.620991396863
"94620",124,104.340881900889,103.130014941379,1.21086695951036
"91156",224,114.275387875696,122.058861666079,7.78347379038234
"95481",177,148.653621995659,150.951951356999,2.29832936134031
"95961",236,139.987677396366,143.474267391431,3.48658999506487
"91163",181,123.209001593479,127.4870481224,4.27804652892056
"95958",243,243,243,0
"93789",103,59.7839481792712,62.076485619667,2.29253744039582
"91065",139,111.232377356031,112.270500902377,1.03812354634679
"90927",153,61.1098917298136,60.5248083052209,0.585083424592644
"95514",122,74.3570339517729,72.0543321757114,2.30270177606157
"94532",68,20.5856000938642,19.778946461445,0.806653632419158
"95503",125,96.3873317332757,97.5634230245224,1.17609129124666
"90911",151,55.1999012166014,82.3335558844188,27.1424393839779
"91063",34,17.1282307117152,18.0508705902429,23.1029270017566
"90941",170,119.957630157036,121.654842677388,1.69721252035238
"95494",253,253,253,0
"91167",142,85.9030570554172,84.9132134715139,0.98984358390336
"94606",329,305.028867185847,50.6265135105854,261.923933896075
"91468",198,100.835365133601,102.07452159526,1.2391564616588
"90292",176,128.434606420394,129.515381833851,1.08077541345691
"93827",119,81.0299464334082,84.6071478352164,3.57720140180823
"7370",170,170,170,0
"91473",134,134,134,0
"95957",242,139.634762938833,133.349646593652,6.28511634518056
"90917",164,164,164,0
"94538",157,157,157,0
"94467",74,50.6616397541941,52.1726570385574,1.51101728436329
"95468",222,222,222,0
"94949",137,119.468444841498,120.478493368435,1.01004852693749
"92183",60,41.4375450811021,42.170902266168,0.733357185065938
"91174",72,34.4075172688854,36.2561020692486,1.84858480036318
"91448",151,131.421790946876,129.672012442562,1.74977850431418
"91080",237,98.4998257699821,103.12871224668,4.62888647669792
"91481",108,108,108,0
"91173",70,50.7735219814455,50.0643335469226,0.709188434522943
"91585",267,180.30084315273,183.379824371535,3.07898121880498
"91055",83,45.9987418610017,45.0786233827473,0.920118478254417
"91444",48,30.7176594334128,28.7272544710846,1.99040496232818
"91170",43,28.2384764014682,28.6718469672777,0.433370565809524
"91492",134,22.913177067127,22.5630160748356,0.350160992291372
"91453",129,129,129,0
"7395",121,68.8192123369408,72.8013801501952,3.98216781325452
"94802",592,329.417363967731,258.539627437288,300.0113758335
"94812",128,128,119.108038998273,8.89196100172658
"95513",108,81.5885554796809,79.2146329897601,2.37392248992079
"94935",98,98,98,0
"94468",177,177,177,0
"91475",99,81.3798946023192,80.0650474682163,1.31484713410288
"91038",119,83.2161841104234,74.9718942047195,8.24428990570399
"94470",48,27.5651551689417,27.3510817767919,0.214073392149791
"90894",107,66.7360199144438,64.2928318126526,2.44318810179122
"93798",51,44.4196141278863,44.884581808934,0.464967681047711
"94462",136,116.621149424978,113.072005237179,3.54914418779917
"7391",112,47.8913132953511,51.3699263731501,3.478613077799
"94466",322,279.884986090497,283.388645698543,3.50365960804558
"90333",196,196,196,0
"91638",95,83.8528955612563,81.3640485731778,4.70618041607174
"94596",122,122,122,0
"94518",70,38.8034099735316,37.9053076657736,0.898102307758006
"94808",264,263,243.765249390427,19.2347506095732
"91162",138,127.58324494102,128.481680765001,0.898435823980997
"94813",202,202,202,0
"94530",117,109.791953637191,112.454591192136,7.29514279251633
"91450",46,21.1317269379021,21.6333573557151,0.501630417812995
"95528",134,134,134,0
"94473",134,76.6200947783064,74.3749282464104,2.245166531896
"90933",161,124.12611618384,125.50776090187,1.38164471803006
"91484",84,83,83,0
"94946",32,32,32,0
"94811",91,66.8393397754379,64.9487954235552,1.89054435188266
"94945",171,171,171,0
"95519",94,59.4320931058418,57.9777719209667,1.4543211848751
"94814",74,41.4505146590792,41.4239352814418,0.0265793776374515
"93797",122,95.9284507332142,96.7211179030684,0.792667169854245
"90309",112,102.595031559998,102.129915995369,0.465115564629359
"91632",131,82.7193216047005,79.1783101596932,3.54101144500727
"95482",84,46.9700317916025,47.7919194951037,0.821887703501267
"91617",114,51.3842883536974,54.2770584574938,2.89277010379643
"91051",85,52.9591043908548,51.3605922640599,1.59851212679495
"94951",148,23.1177621626361,22.1844961223158,0.933266040320276
"91148",112,77.7513918566898,76.7881525063991,0.963239350290671
"90303",227,152.532312901372,149.260554647698,3.27175825367367
"95507",118,80.8300850370807,79.464980940643,1.36510409643768
"94527",144,130.816295938532,130.08847387611,0.727822062422176
"94464",237,186.503930139406,189.973878880659,3.46994874125235
"91171",21,11.3040670297529,11.4505674253682,3.33516169534262
"94943",150,149,149,0
"90277",118,82.8665511422329,82.4140538354822,0.452497306750679
"91045",92,70.0648570231343,70.6847940199584,0.619936996824094
"90899",188,147.945910001864,144.305838445677,3.64007155618666
"94475",100,73.056053757851,72.0117966197709,1.04425713808005
"90920",118,71.6432714901292,72.8763060817598,1.23303459163053
"91470",150,136.282280362093,132.450407624138,3.83187273795536
"95476",148,91.4771363313987,94.4460544048252,2.96891807342644
"91141",113,100.951410347377,100.362546026021,0.588864321355599
"95956",181,162.302533541302,165.305401084958,3.00286754365543
"95492",147,147,147,0
"91161",121,108.668858348083,109.484929650862,0.81607130277922
"91462",127,110.073181614645,108.395731187341,1.67745042730441
"95512",101,84.0417389400199,85.1215596204952,1.07982068047529
"93812",91,52.4002914692817,51.0075661805072,1.39272528877448
"91073",81,80,75.1245326934916,4.87546730650841
"91446",81,67.6198223658274,65.28739734953,2.33242501629735
"95959",54,32.6961101186624,33.3283976398904,0.632287521228047
"94810",199,123.335966685274,121.07170083937,2.26426584590336
"94519",162,92.4194397289138,72.5051565269697,64.7497856810277
"91136",128,68.6299899797854,70.8683699267834,2.23837994699804
"91039",34,28.0186639358406,27.7397687207616,0.278895215078952
"91452",89,50.6402226937812,52.5718053706508,1.93158267686964
"91079",149,139.606673072566,137.881963706149,1.72470936641645
"7397",278,277,277,0
"95954",96,58.0116515760289,59.4035284869794,1.39187691095051
"91582",78,65.3140178021325,67.3135355172624,1.99951771512984
"91441",76,43.7634988483722,42.8480027452612,0.915496103111032
"94469",176,176,176,0
"91175",45,9.0264521964163,9.568536594938,0.542084398521697
"90295",57,42.5210012050045,37.3744972307452,10.2126065391101
"91086",134,112.278402775899,112.032850810199,7.76746409792797
"93817",88,50.6309048540823,48.6739616767747,1.9569431773076
"94956",56,35.1074218732184,33.6713033491744,1.43611852404397
"92221",124,59.1594041166681,58.4884877755832,0.670916341084902
"90286",189,97.3200200311344,89.2593889182688,8.06063111286565
"94477",43,35.5523567596668,34.9885561423712,0.563800617295633
"94809",286,286,286,0
"90930",122,83.3387179719444,73.6866461594532,12.1913987264968
"91058",150,73.9435060049361,71.6768666588025,2.26663934613355
"91164",101,50.9380324948011,51.4708744513882,0.532841956587126
"94537",140,136.441053597406,136.501464539556,0.0604109421496713
"94476",93,93,93,0
"95952",141,72.1896095752965,74.2620340284382,2.07242445314167
"92213",84,46.9384557675273,47.5809516328715,0.642495865344223
"91581",78,39.1714104427165,36.5836847295536,48.5524748044685
"93990",139,139,139,0
"93802",104,63.6500701133099,66.1984351465856,2.54836503327567
"90915",216,119.099225038597,121.353452264464,2.25422722586671
"92206",14,12.1389109802631,12.1181866463974,0.0207243338657076
"95501",217,217,217,0
"91168",117,88.227598084187,86.9521628407497,1.27543524343734
"90943",96,71.8555357133766,70.5008510266423,1.35468468673428
"95527",92,61.8437560518825,59.7291068109765,2.11464924090605
"95520",79,58.7037370540446,58.8505110505523,0.146773996507713
"94543",193,145.176156702408,146.17327232147,0.99711561906119
"7357",167,113.179932386032,109.583779643201,3.59615274283143
"91466",59,59,59,0
"91139",62,50.9390734399798,49.182435874511,9.46014916538303
"91480",121,80.2107899486336,77.5353553356476,2.675434612986
"90936",43,40.0178000639762,39.6161710522467,0.401629011729452
"95511",111,87.6912840519357,89.6710069341365,1.97972288220087
"94588",165,134.587205643826,136.960448476877,2.37324283305053
"91146",171,144.183767434875,143.256314835967,0.927452598908025
"94289",128,101.421620231661,101.229144492983,0.192475738678239
"95951",229,229,229,0
"93988",214,188.85971260433,191.266187238573,2.40647463424223
"95524",65,54.353719197079,54.9963159721587,0.642596775079725
"91457",120,102.275965143538,99.1305490089361,3.14541613460155
"91165",83,49.980252313794,54.2351987117945,4.8727017333369
"91443",91,73.3106111318968,74.8841235253833,1.57351239348651
"93840",132,114.429733435161,117.02592700874,2.59619357357861
"90901",65,40.0481911525279,39.9855264815717,0.0626646709561962
"91149",64,49.0479822151424,48.9454579265785,0.102524288563829
"91157",117,117,117,0
"90928",56,36.1484045291867,34.3079614217089,1.84044310747784
"90329",265,265,232.563056145647,32.4369438543529
"91082",230,197.817108535432,189.194112796893,30.760132350992
"91482",171,144.546328245614,138.000027965234,13.9931355206122
"91142",114,72.8177094024524,72.0137536719013,0.803955730551118
"91169",44,27.0953748132653,27.0362699567812,0.0591048564840716
"94479",225,165.284685041512,162.476521081951,2.80816395956086
"92189",48,32.9861465122595,32.3125016447054,0.673644867554098
"91467",33,18.2400986558943,17.9481131156889,3.01295011717556
"91621",90,46.0972277239625,44.2383614994003,1.85886622456219
"91439",86,65.5145801130234,67.3426854809886,1.82810536796517
"93815",163,67.4430282216513,67.4329798357358,1.10637405251109
"93835",202,202,202,0
"94284",174,130.045484802213,134.605368142344,4.5598833401319
"95949",265,181.949302015751,188.764830714177,6.81552869842628
"91135",72,41.19092968026,40.6411511524891,0.549778527770828
"95537",34,34,34,0
"94480",246,197.530201981573,201.846201750652,4.31599976907876
"94287",145,140.375469829652,140.52692123528,0.151451405627242
"92200",67,55.0747854403763,55.1206573642303,0.0458719238539989
"91438",455,455,455,0
"94524",156,150.956115714317,109.404329124282,42.118516243978
"94954",64,50.1404140070896,49.293867753706,0.846546253383591
"91070",96,49.1823407599934,50.7009184563256,1.51857769633226
"91614",93,93,93,0
"91044",55,31.2998423298191,32.805359510782,1.50551718096294
"95484",111,82.5415606328547,80.8015749265407,1.73998570631409
"95498",184,100.005968507253,102.199212208264,2.19324370101151
"91578",508,508,508,0
"94474",203,188.929998602898,186.995774189844,1.9342244130533
"91635",142,116.246782005628,111.388222337586,9.67184350298448
"90908",161,38.8211334414024,34.8827291563746,3.93840428502779
"95540",69,14.8462152038514,13.9873728122996,0.858842391551806
"90330",170,99.6554183317056,100.468859001295,0.813440669589003
"94947",89,89,89,0
"94961",71,40.850006520004,39.5650662653998,1.28494025460421
"7387",174,157.876160059377,159.051820003981,1.1756599446032
"94478",160,118.617630664343,115.959707841374,2.65792282296885
"90332",250,145.619398189772,148.801395254178,3.1819970644056
"90331",95,63.5916013754003,61.0677574623813,2.52384391301893
"91064",94,60.4818240621604,58.9348011243084,1.54702293785203
"93799",90,90,90,0
"91084",49,44.9399435000995,45.606301541074,0.666358040974561
"91460",87,57.1468284945843,54.7442344684058,2.40259402617854
"94952",141,129.27406033229,129.916531117781,0.642470785490496
"91610",80,40.9331072568527,39.5868044740675,1.34630278278512
"95955",64,64,64,0
"94290",196,120.051376525529,114.605994102357,5.44538242317194
"94029",165,99.9265384643718,104.898641517882,4.9721030535097
"95515",85,62.5898505172015,62.9624762311609,0.372625713959344
"91166",89,67.682840063757,67.0685587542197,0.614281309537289
"94291",103,78.2595739338867,75.37582001318,2.88375392070671
"91445",117,101.28890021677,103.412544665775,2.12364444900501
"95521",92,49.8585913556611,50.7093431964461,0.850751840785022
"94528",219,205.729440494303,203.755253040187,1.97418745411568
"90944",92,75.3820222695319,75.7572299041651,0.375207634633212
"95947",107,72.5841172904334,70.3089008208376,2.27521646959579
"95530",47,33.8489846896832,34.1875409217491,0.338556232065878
"94472",64,50.9450918239417,52.2121365695594,1.26704474561772
"94285",250,222.113901145017,215.715629944744,6.39827120027283
"94958",111,68.7893088769804,71.3627795668966,2.57347068991618
"91126",136,72.3944683615822,71.5402620912209,1.08205388488849
"90923",173,155.185631824259,153.611368693937,1.57426313032211
"91138",58,28.1764612723192,28.6654519697623,0.488990697443061
"95493",182,182,182,0
"90898",150,85.8964284021415,88.0177676487388,2.12133924659731
"95960",97,72.0789669732428,70.7773853109875,1.30158166225531
"91077",150,103.062867387076,98.9023369332705,4.16053045380583
"94286",289,150.865156535036,147.599063426544,3.26609310849184
"90302",139,139,128.442064463257,10.5579355367434
"95953",195,195,195,0
"95516",70,23.6706627920903,23.1936439465063,0.477018845584009
"91143",122,122,122,0
"94536",111,49.8128983817979,52.8040085337342,2.99111015193631
"91623",126,91.2612807846932,93.0868484950711,1.82556771037797
"92192",101,91.4016398404974,91.5482947721145,0.146654931617182
"91158",67,57.0992973377994,56.977706474005,0.12159086379443
"94485",171,126.107713923908,124.935506826978,1.17220709692993
"95950",84,52.0272186938473,52.2471391533614,0.219920459514136
"91122",97,51.6193452812748,44.507627142071,51.3168714654353
"92218",92,59.9066497033587,61.2115772636682,1.30492756030953
"90906",81,72.3331198421382,70.7138818937939,1.6192379483444
"92205",59,59,59,0
"90278",233,107.193639977509,104.371146439917,2.82249353759245
"90328",92,92,92,0
"91129",62,44.599966234811,52.1224909664468,8.2631917601414
"94481",250,244.416978120958,169.804767056103,75.2513313324744
"93992",114,82.4984499632377,83.8692345358621,1.37078457262439
"95946",44,28.0913616237506,29.1547545828923,1.06339295914175
"92187",67,67,67,0
"91147",128,77.7278950700511,79.9849507888667,2.25705571881566
"93809",106,106,106,0
"91144",109,109,109,0
"94471",217,174.573374879953,178.922359745121,4.34898486516797
"91613",33,28.1679824072042,28.2133855829265,0.0454031757223747
"90937",124,124,120.815588932508,3.18441106749221
"94542",165,86.5855262352428,82.781167040033,48.2803879133544
"94295",125,121.253465541906,121.338374729773,0.0849091878670363
"94959",74,28.4815259595921,25.6474904885985,2.83403547099359
"91573",117,117,117,0
"94486",182,80.6047704642816,106.464754540463,60.124346448839
"91160",89,75.3914915031569,74.5576820865731,0.83380941658377
"94296",230,223.311002296304,223.448026148147,0.137023851842711
"91134",107,77.8471923813772,75.0066909862347,2.84050139514248
"91631",155,155,155,0
"94955",329,277.536602372371,276.91285793606,0.623744436310414
"95541",86,86,86,0
"94293",87,82.4037064422541,82.3409078778156,0.0627985644385231
"93819",39,29.7937349695982,29.1553361330438,0.638398836554455
"91606",179,104.942445121886,110.111703608359,5.1692584864726
"91040",117,109.42748483957,108.352552506209,1.07493233336066
"93788",53,18.6264304647855,17.5035374218502,1.1228930429353
"94298",298,266.76971521406,269.054204912266,2.28448969820634
"92214",91,57.3018038655308,57.9838639680421,0.682060102511216
"95939",434,234.095880777904,244.836557119592,10.7406763416877
"95523",34,24.9124925597676,24.4965260294146,0.415966530353009
"91461",176,89.942229762553,91.4199816076278,1.47775184507483
"91075",99,77.032865342687,75.4443205540747,1.58854478861234
"94950",87,39.272252854115,37.099300123024,2.17295273109103
"94535",80,80,80,0
"94525",221,211.682150735277,209.823355978507,1.8587947567698
"93824",65,38.4595457701498,38.9947173886652,4.24550454002643
"91577",315,315,315,0
"90929",217,156.028623197103,154.087667255993,1.94095594111
"91133",45,34.818114191603,34.94555774081,0.12744354920699
"91437",293,186.062909639036,176.700193965222,9.36271567381396
"93794",85,70.0700126755071,70.7093980650602,0.639385389553082
"95508",241,241,241,0
"94482",375,146.205639764581,143.246891080369,2.95874868421172
"95535",111,47.8255021462427,49.663386481345,1.83788433510225
"91061",192,143.845311548619,147.212773568871,3.36746202025239
"95538",150,136.113313732602,149,12.8866862673979
"90921",190,115.323404724237,118.688727772149,3.36532304791146
"94301",86,76.5561368757153,74.1369024468082,2.41923442890717
"91576",132,70.2964012639539,73.2090192574035,2.91261799344965
"94300",346,346,346,0
"91150",66,66,66,0
"95552",301,301,301,0
"7393",373,213.33744972939,222.083918202723,8.74646847333269
"90325",184,146.6870616486,142.916868951662,3.77019269693771
"95517",110,55.8405663392115,55.0802240966332,0.760342242578317
"92210",69,52.2789882520622,51.948212464626,0.330775787436268
"91622",59,35.3141084715775,36.4413432509337,1.12723477935627
"91469",173,106.586744208079,108.455565201716,1.86882099363701
"94030",85,62.4153735040704,64.889286146482,2.47391264241165
"92191",22,18.013715348825,17.9726998867365,0.0410154620885612
"91440",171,105.836059673838,101.21147842285,4.62458125098806
"91085",273,162.267223965823,157.348694955749,4.91852901007397
"95945",89,48.1596558779757,51.2009805657776,3.0413246878019
"95529",101,64.7203819545995,65.560992701877,0.840610747277546
"90322",72,64.9176887199145,65.9211719510876,1.00348323117303
"92204",81,73.6562091982117,73.4991689554418,0.157040242769902
"91637",107,69.4552420606631,83.2187553293569,27.6088494345218
"92179",57,47.1315505027772,46.7366557099768,0.394894792800357
"91145",27,21.3621460977549,21.392713236563,0.0305671388080583
"91608",125,58.6006467603857,61.7851694907307,3.18452273034503
"93448",143,139.703983269052,127.460804294088,16.230726574931
"93839",152,152,152,0
"90905",147,85.4278351242235,87.5672813831895,2.13944625896597
"95795",49,24.5252797699316,23.0028838973156,1.52239587261601
"94292",244,178.54592799879,181.11997932465,2.57405132586003
"90893",107,55.0440152388675,54.9763290694757,69.8386840518363
"93830",194,118.370012271338,123.014447657267,4.64443538592977
"95526",47,29.9807082895217,29.2974699641722,0.683238325349466
"91630",94,59.9855307054988,60.8105643189305,0.825033613431644
"91152",39,31.1629744689022,31.49676711313,0.333792644227823
"91117",108,41.315455115972,43.0157205321582,1.70026541618621
"95948",62,53.6913338309169,54.8097284042462,1.11839457332934
"94491",196,53.0808926463976,145.759793037852,105.003339111326
"95791",119,80.7013290152892,78.0937818195426,2.60754719574656
"91116",84,46.8165781339962,47.6913863653121,0.874808231315933
"91128",130,99.9834119680976,99.6896177664002,0.293794201697494
"94483",235,168.994685210484,169.814316307857,0.819631097372747
"90276",158,122.91308082849,121.889536135467,1.02354469302378
"94540",68,56.2715038677135,56.6346098559622,0.363105988248692
"91119",168,93.3906332006507,95.788523586381,2.39789038573043
"93786",56,42.25335432455,41.4504159114045,0.802938413145502
"93822",59,59,59,0
"93783",121,121,121,0
"95941",344,244.096662530969,251.703093226402,7.60643069543328
"91072",180,120.641838124927,118.333380229569,2.30845789535822
"90904",101,101,101,0
"94957",184,184,184,0
"91121",111,90.8108493681655,89.0620384864034,1.74881088176209
"91624",16,11.4815152946969,11.1912125470774,0.29030274761953
"91054",128,92.5849434632269,91.1473045593651,1.43763890386177
"90940",225,178.094379429831,174.439188617027,3.65519081280434
"91611",141,123.581261852519,126.61565444339,3.03439259087096
"91042",90,27.785517294383,34.1867061472649,6.40118885288195
"91137",72,59.0632653047756,58.7082546235813,0.355010681194234
"91442",169,91.2825603542498,94.3520873395335,3.06952698528369
"95553",82,50.6472929127029,50.8029527182314,0.155659805528497
"90298",231,231,231,0
"94489",228,130.259484131475,129.796729210016,0.462754921459009
"90326",219,143.609608549531,139.195232511487,4.4143760380441
"95942",146,100.034397380977,104.406585083878,4.37218770290161
"93999",194,194,194,0
"95789",115,74.2005946461611,72.9536299720296,1.24696467413148
"94523",156,156,156,0
"91127",93,73.4966998677289,72.2336911423994,1.26300872532948
"92193",90,90,90,0
"90896",103,62.1453626479639,63.4650468360929,1.31968418812897
"94302",150,87.4644955226415,88.0234053408963,0.558909818254829
"91049",104,81.0408014568062,80.09879478453,0.942006672276119
"95935",305,305,305,0
"94534",206,159.548825397825,156.154123191216,3.39470220660848
"93811",101,51.0289597373032,52.1231774064533,1.0942176691501
"94492",92,55.2279398654019,69.8855469343822,31.2618513034806
"90327",169,169,169,0
"95938",128,128,128,0
"92219",113,113,103.696781609859,9.303218390141
"94299",128,96.4403237579742,115.586467077137,27.9614266188805
"94294",214,162.99955747311,170.575106106144,7.57554863303405
"91572",429,385.830846712375,392.880288122804,7.04944141042889
"91571",66,34.7935302400157,36.8965676742746,2.10303743425891
"91057",90,58.1583846276711,59.5327917890808,1.3744071614097
"91620",59,44.7387837959847,42.5584360807514,2.18034771523325
"94484",185,38.2357583389567,34.7713318498361,3.46442648912059
"94001",312,312,312,0
"92211",164,127.501694721418,129.29279469167,1.79109997025218
"95522",102,75.911423401089,75.7525562720441,0.158867129044875
"94487",151,132.485368147095,129.169608652632,3.31575949446362
"91115",110,73.0494843012602,74.4325612084498,1.38307690718957
"90318",127,43.9926916368263,43.6220999459542,0.397154388071165
"94493",133,133,133,0
"91140",61,44.6863764125866,44.880058726603,0.193682314016393
"92181",39,27.1705418290132,27.625191598594,0.45464976958076
"95525",78,78,78,0
"91125",47,31.5865030365479,31.0668596132971,0.519643423250875
"90319",210,77.3563987877447,76.2933696632313,1.4100395108054
"94288",195,164.103706175306,168.412391449361,4.30868527405484
"90274",132,93.1018672817446,93.005339310147,0.0965279715975754
"95802",257,149.851759467204,143.500080941192,6.35167852601184
"94303",444,381.325469274442,381.070638089492,0.254831184950238
"92197",93,73.5231891368636,74.2888335756407,0.765644438777192
"95533",89,71.0589323576113,71.183628932163,0.124696574551681
"94953",42,33.2457341104512,33.6619246232173,0.416190512766121
"91132",85,64.592290621364,65.1669246049642,4.86300528327026
"94309",224,176.222944656852,171.990270489727,4.23267416712554
"90903",98,43.0557637755912,44.980399147017,1.92463537142583
"91436",237,187.638135579221,193.387728464485,5.74959288526333
"95937",371,371,371,0
"94963",77,77,77,0
"90324",117,117,117,0
"93828",62,55.1791890900967,55.687110419757,0.507921329660398
"91628",192,101.806498187975,105.590795204355,3.78429701637937
"91636",72,71,71,0
"91130",76,52.3028142354488,51.578669197565,0.72414503788377
"90305",157,96.6845337286665,97.8926468458563,1.20811311718985
"94490",139,131.969141256308,132.120310605143,0.151169348834925
"94310",140,139,139,0
"91569",145,96.5079754810916,94.6192932220926,1.88868225899905
"95556",67,39.9472678324255,28.2840860439108,44.9788279588052
"91615",237,190.71400108485,180.616166352997,22.4686122620391
"91570",63,51.6760622576882,51.2022591269632,0.473803130724983
"94004",101,101,101,0
"95943",62,47.3130578216741,47.9273642096936,0.614306388019486
"95944",216,216,216,0
"90321",162,106.565119393733,111.006671149216,4.44155175548286
"92188",70,70,70,0
"91449",259,201.582605354028,203.470234949729,1.8876295957007
"90931",152,92.370730255974,94.1176342550691,1.74690399909506
"94500",231,230,230,0
"95543",88,60.0063062229633,61.0152512592918,1.00894503632843
"91111",178,93.2857148964154,87.2849594753495,83.868587591914
"93449",132,87.6230843636537,91.3739629906737,3.75087862702001
"93795",57,57,57,0
"95547",184,184,184,0
"91131",69,50.0393106070547,49.584481194647,0.454829412407657
"94496",93,80.7702455956078,81.8928750717136,1.1226294761058
"91123",57,40.3687065773062,39.1654021993926,1.20330437791363
"90919",82,61.4911236672167,62.0102678430087,0.519144175791988
"91056",142,101.988134882069,102.666995956924,14.137085333987
"91639",48,31.9916772215624,31.7612660493569,0.230411172205523
"95934",197,197,197,0
"91155",129,94.7117706815588,92.7744745465259,1.937296135033
"91113",159,120.82873783848,118.674600559267,2.15413727921314
"91076",291,262.010205968202,291,28.9897940317974
"95800",29,6.18258506125697,22.6968603121755,23.3506961707651
"91062",140,96.2303029118878,94.6558106153284,1.57449229655936
"91112",43,26.4408479094973,25.676742936158,0.764104973339332
"92203",92,54.2269051818704,53.6906267116287,0.536278470241704
"95518",173,118.293388951904,116.033359709975,2.26002924192891
"94488",115,78.7584387825778,81.2672647646429,2.50882598206515
"94304",526,422.724502707512,428.008482417668,5.28397971015598
"93836",149,149,149,0
"94315",41,38.3108205107179,38.0165016694705,0.294318841247335
"93813",72,72,72,0
"94522",262,262,240.580431512291,21.4195684877086
"93804",63,48.6181726359305,50.1750193377749,1.5568467018444
"91629",70,70,70,0
"90892",176,97.5348268467222,103.809912023854,6.27508517713177
"91634",38,31.8369991081975,31.8894024555861,0.052403347388594
"94306",978,868.47026450913,869.965866244506,1.49560173537593
"95940",217,146.121478103914,150.55124381895,4.42976571503546
"94005",194,194,194,0
"94498",174,134.346300187043,131.595055608139,2.75124457890387
"90279",136,124.604766376437,135,10.3952336235627
"94040",258,258,258,0
"95534",104,74.0866400038919,73.1085704993227,0.978069504569228
"90297",132,100.389627309301,99.5527876316143,0.836839677686529
"92185",70,60.3075018481582,59.8656737743101,0.441828073848078
"94548",179,112.564243554084,109.917854401589,2.64638915249502
"91567",100,55.4954169765894,56.6912953556729,1.19587837908354
"93803",60,45.0883974637046,44.0687661725488,1.01963129115578
"93816",105,105,105,0
"90291",81,64.3495639050309,63.9701653455117,0.379398559519243
"94316",127,127,127,0
"92223",76,59.2605200031939,59.0983838560187,0.162136147175247
"95531",76,55.4966106005763,41.9230763807292,21.8438979766705
"90910",245,164.584925170221,169.280505184765,4.6955800145443
"91568",308,288.317620220789,292.015010120812,3.69738990002253
"93834",60,60,60,0
"90315",157,76.0901523246569,82.9058714606795,104.700193414203
"94539",106,68.2814004244785,73.0337319434321,4.7523315189536
"92215",168,152.706239742125,154.043773997377,1.33753425525224
"91124",42,27.8524968034761,27.4448341507655,0.407662652710607
"95933",299,299,299,0
"94499",251,251,230.265934113991,20.7340658860089
"94533",392,316.640378477256,318.963465654438,2.32308717718292
"94006",149,149,149,0
"94317",156,87.2911229244648,83.9753380054368,3.31578491902806
"91107",72,45.9280727661488,52.5087991352937,7.35133588304142
"90935",136,80.5658692571923,79.5829468712839,0.982922385908448
"91625",50,32.1244112705941,36.262650774968,4.13823950437398
"90922",62,55.6771645634627,54.7466196930858,0.930544870376919
"90897",180,179,179,0
"92195",87,83.2838017284645,83.345437124141,0.0616353956765145
"91109",78,76.0615058161656,78,1.9384941838344
"94965",122,122,122,0
"95549",160,160,160,0
"93793",27,27,27,0
"93450",173,173,173,0
"94497",430,291.484070347394,288.192153583599,3.29191676379438
"91618",110,93.5706970255159,93.6015434237147,9.40037375708542
"91048",54,33.5966295772483,34.1054449890031,0.508815411754714
"91059",62,49.9651799972932,51.0029727641738,1.03779276688054
"95801",69,49.578604405067,49.5443052239227,0.0342991811443057
"95542",96,63.7578241708453,65.0357911687553,1.27796699790996
"92202",69,50.5252805274786,50.7749253088158,0.249644781337188
"93833",119,114.062386665815,119,4.93761333418507
"91604",580,315.681031553685,304.957978498579,10.7230530551067
"94505",72,72,72,0
"90314",92,60.22653096223,61.178157580396,0.951626618166018
"93452",178,130.977328737088,132.502586204109,1.52525746702169
"95810",192,115.111346191485,118.641688318855,3.5303421273696
"94307",138,138,138,0
"90907",117,87.7365971142994,90.1912206876801,2.45462357338062
"91154",75,45.3831191334471,46.6719792809925,1.2888601475454
"91118",133,72.9267917592413,70.2765378370984,2.6502539221429
"94520",187,187,187,0
"91584",322,234.746961285376,243.403479281462,8.65651799608622
"94509",168,168,168,0
"95931",141,115.149432253745,113.717568265724,1.43186398802158
"91564",142,117.879315870501,120.953193828356,3.07387795785538
"91633",101,66.3759661136191,64.9485320418379,1.42743407178112
"94495",385,41.4437096558735,44.5685089006414,3.12479924476786
"95539",27,27,27,0
"94312",559,559,559,0
"95798",258,226.48897009111,228.152701884205,1.66373179309479
"94501",271,228.231652794849,231.479989343771,3.24833654892221
"94494",240,87.5131556568219,82.5843587367349,4.92879692008695
"7385",304,197.78387958069,202.173800314528,14.5130523024874
"91560",99,88.1081080144459,89.684373601962,1.57626558751615
"91041",63,37.7214804946558,39.5274432369407,1.80596274228495
"90902",180,107.350420378616,108.151244892788,0.800824514172685
"91108",185,118.064843161654,115.201460292077,2.86338286957709
"95532",45,24.425699472916,19.4302449020822,17.9501680589667
"94305",204,104.682567762445,103.086429527251,1.59613823519392
"94319",230,230,230,0
"94322",112,92.5932624484593,91.6103000627856,0.982962385673674
"95930",105,92.0244614262483,93.0183209502038,0.993859523955544
"94559",96,58.038241455158,59.1846529707515,1.14641151559347
"94034",86,80.280263502696,86,5.71973649730401
"92184",60,60,60,0
"90289",95,58.5019382268608,64.7496822688852,25.5836742705169
"91120",103,84.9654241566064,87.0350232482827,2.06959909167624
"91626",59,59,3.94630786620651,55.0536921337935
"93805",95,73.2321144305519,71.8271714571632,1.40494297338869
"95544",16,13.2519918462024,13.2922444493553,0.0402526031529089
"92201",16,14.3134131511036,14.2943830773213,0.0190300737822743
"90300",75,57.2246717266773,56.6484131919735,0.576258534703852
"94508",191,191,191,0
"93444",194,171.803442010793,174.468488735127,2.6650467243341
"93446",177,126.22706369417,129.80091480735,3.57385111318003
"94541",172,172,172,0
"90320",213,89.9982125530993,85.7508621638643,4.24735038923492
"91619",94,76.0995304626,74.5110806654066,1.58844979719335
"95805",159,96.4431523658784,98.1086319161023,1.66547955022388
"90918",82,55.9409139921563,55.3971758776312,12.9658201168626
"95548",100,52.3783969574771,54.8613016929531,2.48290473547599
"91565",110,86.0264912207021,88.8424482741357,2.8159570534336
"95536",49,20.0306953555665,18.9112137284399,1.1194816271266
"91106",116,84.2905192822387,81.4988929436413,2.79162633859746
"94311",161,161,161,0
"90311",247,110.433034871378,113.342183714604,2.90914884322645
"93791",28,28,28,0
"92180",36,23.0036088977264,22.7904466991988,0.213162198527582
"94356",193,193,193,0
"91101",182,80.5920168449419,83.4962989568597,2.90428211191774
"95932",145,132.330257682325,135.5779283724,3.24767069007452
"94545",99,52.4084695416517,51.4252433442849,0.983226197366751
"90293",59,33.2265472573012,33.8322692491148,0.60572199181355
"92222",163,99.006310873981,97.6412608427543,1.36505003122678
"94323",170,96.764551087881,97.1417529382532,0.377201850372191
"94036",122,121,121,0
"91104",95,67.9324023869308,64.8248758833336,3.10752650359714
"94324",255,143.581634074083,143.357562834527,0.224071239556575
"91066",155,89.7203013849004,93.8377054314801,4.11740404657972
"91074",210,159.821730656508,161.703131197492,1.88140054098358
"94047",329,296.699316062151,301.758724512113,5.05940844996194
"90926",63,46.3287572789872,46.8788597995429,0.55010252055568
"94039",136,136,136,0
"91103",224,175.391989532678,170.603745413332,4.78824411934595
"90273",166,128.760569157216,130.384765869941,1.62419671272539
"91558",183,183,183,0
"91052",137,95.3300448897613,89.5867232391415,5.74332165061984
"90916",137,136,136,0
"90939",143,106.03957244948,102.407768690661,3.63180375881952
"94502",104,76.2816594777987,77.8188863758479,1.53722689804918
"95546",57,30.7270037977338,32.0090299362939,1.28202613856006
"91561",244,244,244,0
"94511",198,128.217331397585,127.298587537153,0.9187438604322
"93820",153,142.687440581251,153,10.3125594187491
"93784",57,57,57,0
"95936",323,316.969020569871,317.087799830939,0.118779261068286
"94503",100,100,100,0
"94513",146,146,146,0
"94326",201,57.0470991758919,193.2870316958,136.741281715895
"91601",255,255,255,0
"95804",150,137.534292751965,139.847330276553,2.313037524588
"92208",113,113,103.203932837171,9.7960671628289
"7356",554,542.724348829183,551,8.27565117081678
"94526",222,222,222,0
"95790",278,278,278,0
"91594",138,138,138,0
"94313",174,145.918309435699,142.799709963437,3.11859947226251
"91102",110,57.243179746153,59.3173934642513,2.07421371809835
"94318",163,141.784220120951,142.35064623329,0.56642611233961
"95815",51,50,50,0
"95545",56,28.2972504227254,28.380379405682,24.3721349572339
"91583",167,106.80739263816,107.56235604746,0.754963409299949
"94035",176,176,176,0
"94565",274,46.1198273463076,232.299740562544,198.59687539068
"94506",346,273.993930611575,277.317189532264,3.32325892068971
"91627",173,107.179974535653,102.473982550212,4.70599198544134
"90310",102,78.3846937399203,82.0492521324992,7.5732356490042
"94549",20,12.351362492331,12.8568015479163,0.505439055585284
"92186",102,67.8045837897787,66.8538020254615,0.950781764317247
"93842",113,113,113,0
"91598",167,141.37555069224,144.477300506684,3.10174981444484
"94454",369,335.122165230047,336.730836982985,1.60867175293715
"93483",141,113.035577672449,112.373839332085,10.3278798296005
"94553",193,164.569228782729,167.354438657574,2.78520987484444
"95929",214,125.302013739199,131.445930834976,6.14391709577665
"90284",158,136.613080529784,135.598915450197,1.01416507958662
"94567",81,56.1217700485638,55.5478783661879,0.57389168237586
"94557",187,127.259086602835,124.030159634238,3.22892696859722
"94564",242,242,242,0
"94516",157,112.304192674428,112.542144146564,0.237951472135609
"94504",118,69.2835381666064,66.9565383894059,2.32699977720047
"94325",538,537,537,0
"94560",39,20.5806504871941,20.5641494027997,0.0165010843943657
"93838",129,129,129,0
"94352",64,64,64,0
"93808",47,47,47,0
"91579",168,129.422186873644,124.161109835425,5.2610770382191
"91100",158,93.4159806582835,96.5249001573782,3.10891949909466
"94514",488,488,488,0
"90942",175,88.9606288581667,95.4597645595627,6.49913570139602
"91043",179,108.989502762974,101.701684588106,7.28781817486824
"95926",360,360,360,0
"95814",72,53.3043856598645,53.6537124107726,0.349326750908081
"95550",93,81.4744728110171,79.9181458474086,1.55632696360852
"95927",262,156.164529933086,162.899767653866,6.73523772077976
"91110",38,31.8268903097379,32.1460297671975,0.319139457459592
"94308",291,291,291,0
"93455",180,31.5401042596336,26.7835097604251,4.75659449920848
"91609",204,101.901653098139,104.201384067214,2.29973096907548
"93814",66,66,66,0
"93453",162,162,162,0
"94331",204,170.329848565138,171.35415615805,1.02430759291206
"95806",81,47.2244853423217,48.0478498157459,0.823364473424153
"95554",72,35.9789721041256,43.412059660399,14.3110355318046
"94330",196,135.560093323357,136.757524156546,1.19743083318956
"94320",123,123,123,0
"94365",232,212.046281530053,205.005121876737,7.04115965331557
"94357",97,95,95,0
"94446",532,189.862375542418,189.534736035287,0.327639507130545
"94010",154,146.61399875546,146.795537831096,0.181539075635907
"91105",137,72.3798297249713,74.6731744305469,2.29334470557567
"91153",78,56.8947532690275,55.4810749603248,1.41367830870267
"95928",422,374.069220784171,379.72555771518,5.65633693100899
"94552",14,7.77537468685166,7.89229817425178,0.116923487400119
"94314",95,85.98746105226,87.4827257345611,1.49526468230111
"94547",176,152.127698448098,154.340240657175,2.21254220907698
"93823",64,43.139822379228,42.5678468173048,0.571975561923117
"93821",56,51.5616676030739,56,4.4383323969261
"94321",162,82.4264811133085,82.6865925899446,0.260111476636163
"92217",110,61.51459070725,59.948362606494,1.56622810075594
"95925",85,74.6138547378158,75.9597854077884,1.34593066997261
"90913",432,432,432,0
"91114",81,58.0032675256679,59.1987772263007,1.19550970063282
"91557",170,170,170,0
"93451",173,125.875298910266,128.500912483503,2.62561357323695
"90307",89,42.4083158103502,44.3103528231285,1.90203701277825
"94510",167,144.157807221559,142.981426743117,1.1763804784427
"91098",111,92.5348424798706,90.8978916374664,8.6954652871463
"94571",32,25.8790293163237,25.543590960882,0.335438355441738
"90301",134,73.5230482414321,71.8316939448118,1.69135429662025
"94329",367,331.611893192804,332.54287323336,0.930980040556161
"95811",143,105.147176585483,105.995630359641,0.848453774158092
"91562",400,259.119378936322,268.452083989703,9.33270505338072
"93807",103,62.1005245925264,63.8717091067085,1.77118451418208
"95551",100,42.8464765172062,43.8907585270201,1.0442820098139
"94416",222,222,222,0
"94327",274,231.294103577854,234.98964993447,3.69554635661568
"95555",40,20.5571064450051,21.3891717686313,0.832065323626247
"91575",373,373,373,0
"94336",110,110,110,0
"91616",147,127.475175310237,130.286503086804,2.811327776567
"94507",140,136.953469496855,137.234240142339,0.28077064548468
"94334",299,299,276.877878698726,22.1221213012736
"90275",82,65.8891417213472,64.8726061133936,1.01653560795355
"94554",42,28.3851050859286,28.8187122827948,0.433607196866206
"94546",87,43.7526190598164,45.4092556515333,1.6566365917169
"94362",131,95.591814690257,96.7141799644081,1.12236527415108
"94367",259,141.36217188311,136.750320561171,4.61185132193962
"90290",58,50.6787813179787,50.5901959814891,0.0885853364896161
"90323",142,112.452574636313,110.33307180781,2.11950282850335
"91556",199,88.4706083985172,117.65996488504,129.056970233532
"93442",73,39.5277542250979,40.0888709127883,0.561116687690455
"91600",207,207,207,0
"90283",59,58,58,0
"93825",18,14.3234881497619,14.1190191388811,0.204469010880795
"90334",235,201.981404327787,203.828611052689,1.84720672490211
"91580",109,109,109,0
"94563",145,90.6639430207931,88.4125854147073,2.25135760608579
"94562",76,65.0838713374235,66.2808040840561,1.1969327466326
"94512",116,63.5722456751765,63.8053785011194,0.23313282594297
"94369",110,107.493304294263,107.610040736143,0.116736441880207
"92199",101,50.3870387277303,51.8069615572,1.41992282946967
"91097",200,49.4887130877564,55.3007277798108,5.81201469205443
"95796",155,155,155,0
"95924",133,87.4571336894331,83.5892583610916,3.8678753283415
"91591",146,122.167199960627,119.984135510294,2.18306445033297
"7396",374,374,374,0
"94370",80,80,80,0
"95807",154,67.8884098071762,85.4439974364805,17.5564593718773
"94456",465,465,465,0
"92209",82,53.6171440282735,52.638450216318,0.978693811955534
"94450",202,153.924566043541,153.391952614879,0.532613428661914
"94515",151,32.123891317976,120.808157688851,102.804797834083
"93843",55,48.3157155598342,48.8117036236092,0.495988063774963
"91554",293,194.37565457065,202.078042974892,7.70238840424153
"94372",785,734.215581305092,785,50.7844186949078
"94558",44,31.6763728992783,32.1520769953731,0.475704096094796
"95817",153,125.04244310551,124.403950527065,8.70123669721627
"94332",314,255.969433348405,253.941133858748,2.0282994896565
"94364",120,91.2288100932017,88.9328374568323,2.29597263636946
"94368",78,60.2642609136464,59.3561147674098,3.89275988907331
"94544",108,108,108,0
"95820",139,139,139,0
"95921",336,231.883419349707,240.338499301196,8.4550799514899
"94328",148,77.9062420560859,76.9344380711235,0.971803984962454
"93831",30,15.6191028786752,16.159047286588,0.539944407912749
"94335",246,246,246,0
"93490",260,224.478775519866,227.88820541124,3.40942989137403
"90294",75,35.8589599506733,36.7317206480358,0.872760697362501
"94338",158,91.2888161303515,89.0145865928196,2.27422953753196
"90299",70,42.9116629950164,43.7278516420705,0.816188647054116
"91588",53,37.3768918463686,38.2701014832151,0.893209636846483
"94339",185,185,172.270732713655,12.7292672863452
"90335",291,240.891809100426,243.046410956589,2.15460185616322
"91574",240,138.215141461189,143.369501052816,5.15435959162703
"91094",298,298,298,0
"93484",246,246,246,0
"94192",102,54.708982646225,53.6630155741495,1.04596707207542
"92224",100,53.2474623961431,52.0952660386247,1.15219635751836
"94013",296,248.719798017728,252.686941748563,3.96714373083515
"94555",109,90.8232503683719,89.5408118007593,1.28243856761256
"93829",64,37.1236708052031,36.1302088748994,0.993461930303712
"93841",141,83.4934592737644,94.6592737294408,23.5572929748397
"94417",277,244.698999274048,244.030402520659,0.668596753389801
"95822",64,35.8429175283855,35.9814975705306,0.138580042145126
"90934",296,221.121183994711,224.122261971563,3.00107797685272
"93445",104,82.039114399941,83.1816434220851,1.14252902214415
"94551",145,38.0426614280754,39.9616254082347,1.91896398015924
"91553",98,66.7098785068335,68.1084173130297,1.3985388061962
"94366",187,169.812924922282,166.016601231919,3.79632369036343
"94379",243,220.906268001263,242,21.0937319987372
"94037",310,310,310,0
"91099",188,111.888880689638,114.106405795631,2.21752510599331
"95797",314,290.553600704572,293.159210455607,2.60560975103494
"94573",225,164.318449862032,167.746631467606,3.42818160557356
"93457",172,104.009271419944,105.422305589356,1.41303416941212
"94343",158,158,158,0
"91605",285,203.502866449416,210.931993892827,7.42912744341127
"91593",229,211.039398204337,212.771336229374,1.73193802503696
"93462",75,61.1387812872213,60.3144635110661,0.824317776155173
"94355",97,97,97,0
"93464",112,67.0855142753829,68.3059544899862,1.22044021460341
"94363",222,113.545846951334,108.297208429961,5.24863852137303
"90288",219,219,219,0
"94550",141,133.064202406496,141,7.9357975935042
"94337",405,405,405,0
"90938",98,56.5452077188694,55.8396462242819,0.705561494587475
"94187",108,58.5474924495386,61.1581131925198,2.61062074298119
"94340",230,168.35111358891,176.894000820334,8.5428872314245
"94380",239,130.473956821244,128.290423065942,2.18353375530245
"92216",107,74.3245296921299,75.1554950071335,0.830965315003681
"94455",381,268.545515472835,268.449201189288,0.0963142835466959
"94447",969,435.298421957115,439.200526700571,3.90210474345598
"94371",134,74.2470885166329,70.8827271535813,3.36436136305156
"91093",516,294.463113302612,289.459128638685,5.00398466392735
"95920",261,179.843564293019,183.10656963354,3.26300534052175
"91586",50,42.8799700165669,43.3193841328701,0.439414116303171
"93459",148,76.8918272484384,68.9445423522194,7.94728489621889
"94561",142,142,142,0
"91595",272,258.097467669123,272,13.902532330877
"91552",205,163.037908029175,158.99286143621,4.04504659296481
"94344",294,211.830653518909,209.606340235111,2.22431328379757
"94556",116,58.7514811770408,61.5925007953113,71.7060272047054
"93832",28,13.1011816372469,13.4222895638991,0.321107926652207
"94190",151,151,151,0
"95828",71,52.29670239313,52.649899273087,0.353196879957027
"93495",184,163.587018270878,166.020903053656,2.43388478277806
"94575",174,111.313818700401,108.606389583902,2.70742911649908
"94373",198,176.502723359553,198,21.4972766404475
"91590",98,84.7437498893866,81.7408765712246,3.00287331816198
"91555",162,136.331251865146,139.320350097179,2.98909823203327
"95923",162,162,162,0
"91559",270,205.821231297039,212.486808140409,6.66557684337079
"94570",231,168.402370337088,173.464759193131,5.06238885604282
"93463",181,110.516915377648,112.986358492245,2.46944311459721
"95818",231,201.990938468694,205.983160739034,3.99222227034013
"94378",370,283.857488128347,369,85.1425118716526
"94359",110,66.6408433914944,64.6333309266956,2.00751246479873
"94376",292,266.897449973327,292,25.1025500266727
"95813",116,82.1805736807251,79.5725285274368,2.60804515328834
"91095",300,212.795533755223,215.252307066513,2.45677331129011
"93488",199,199,199,0
"91096",156,86.2035484471679,88.2248584524052,2.02131000523726
"90166",588,588,588,0
"94342",100,28.3382873534248,73.3076726591069,65.0413091363913
"94384",273,211.485092832885,210.526785567113,0.95830726577187
"94374",146,146,146,0
"94188",87,80.3379330836034,86,5.66206691639665
"94196",95,49.7239079318281,50.5677903425789,0.843882410750843
"90280",180,14.7213677449318,12.5692721308178,2.15209561411402
"91563",417,304.385158885087,307.03182225369,2.64666336860218
"95819",216,140.286564257663,141.873798509546,1.58723425188358
"94383",195,144.801337190213,145.363075648775,0.561738458562411
"93443",82,82,82,0
"94341",350,309.354685990551,305.575144903312,3.7795410872386
"94582",250,204.573058008465,207.057100767038,2.48404275857251
"94572",71,38.1906918692211,37.2670681397878,0.923623729433344
"92207",200,147.026773645768,167.373391175754,30.8326850534535
"94046",405,405,405,0
"93447",32,18.3946182062747,19.8549684580713,1.4603502517966
"95826",153,125.444621511533,136.653136907637,23.5281098922607
"94452",246,245,245,0
"94333",137,137,137,0
"94358",82,75.8570130566288,82,6.14298694337123
"95794",360,359,359,0
"90316",166,157.610201525281,166,8.38979847471919
"90945",201,115.034148236644,72.1800456822955,105.452011508066
"95919",288,268.116472004687,288,19.8835279953126
"93837",60,30.1596698143232,30.9597207688294,0.800050954506165
"94347",150,111.949449892628,112.246653822972,0.297203930343445
"91551",149,120.058035783407,122.515255572915,2.45721978950786
"90312",197,162.220943523332,166.410651590934,4.18970806760227
"93485",201,201,201,0
"94375",220,132.135182618167,136.01794274416,3.88276012599325
"7371",249,249,249,0
"94345",266,240.226468978396,236.989596706789,3.23687227160648
"94189",64,64,64,0
"94389",225,184.610977852019,183.507277146522,1.10370070549686
"95918",275,224.688392821099,226.973029470284,2.28463664918525
"95803",153,98.009029235587,102.640136952177,4.63110771658971
"94387",67,64.3712913970688,64.4746628128466,0.103371415777801
"94568",133,83.8107668869022,83.2339178334491,0.576849053453142
"94377",173,173,173,0
"95836",162,133.897620133109,131.801461652961,2.09615848014718
"93502",140,140,140,0
"91566",266,230.413111661408,233.21966070706,2.8065490456521
"95809",133,119.366009505497,121.636957069167,2.27094756367003
"95922",255,253,253,0
"90958",164,164,164,0
"94460",493,274.775304827992,271.048706395958,3.72659843203338
"94017",237,148.05175482513,153.207520576295,5.15576575116554
"94382",406,336.612502226137,341.979854089332,5.3673518631951
"94388",234,234,234,0
"94578",63,63,63,0
"90955",495,461.939737411634,468.077416781609,6.13767936997446
"92383",174,124.508055358726,126.765202459624,2.257147100898
"95816",148,88.3862153299448,84.3431657824527,4.04304954749201
"94199",129,129,129,0
"91587",170,105.199594705555,98.6252870605893,6.57430764496584
"94449",476,412.989021342255,413.57334758532,0.584326243064983
"93501",127,115.417846447552,117.128876571575,1.71103012402271
"91607",489,442.96096559675,450.234703471769,7.27373787501937
"94346",363,192.917748194456,186.13180608583,6.7859421086258
"94193",127,77.4478137983469,76.1782116745722,1.26960212377469
"94581",150,30.9039807852442,28.3862324162834,2.51774836896077
"93454",169,120.47586037196,124.660048224353,4.1841878523927
"91596",459,408.458045457139,57.970151321196,359.929842225068
"94583",181,90.4860896698182,87.6466601334606,2.83942953635756
"90986",209,143.679734839835,150.001002980064,6.32126814022894
"95839",141,141,141,0
"94381",116,116,116,0
"94391",263,263,263,0
"90225",139,113.832586928734,119.220771832352,5.38818490361763
"90966",177,152.176033107894,156.681146219316,4.50511311142279
"90285",180,180,180,0
"90296",152,85.8057313221352,88.0107949852303,2.20506366309508
"94361",146,146,146,0
"94584",130,107.547453227762,110.439080675169,2.89162744740644
"94350",164,73.2857265605614,71.4548269282293,1.83089963233206
"94200",118,67.7803611388725,70.0509007064955,2.270539567623
"94348",98,79.3799494261673,81.4047033763142,2.02475395014684
"94385",264,208.986727176343,210.399412079275,1.41268490293249
"93467",190,190,190,0
"94191",52,32.5641871046168,33.5848072163405,1.02062011172361
"94569",224,196.393863796146,205.778387534729,20.9200089174269
"94396",295,295,295,0
"95833",117,54.4464110212674,56.6109530332202,2.16454201195281
"93460",405,377.943775855688,405,27.0562241443116
"95838",216,103.36275687354,106.697096544185,3.33433967064472
"94451",588,480.821361256451,470.983068103703,9.83829315274836
"94353",136,136,136,0
"93466",230,172.596631996697,177.918834884677,5.32220288798
"94586",66,50.0933393080599,51.5436630902981,1.45032378223817
"94186",140,117.709881621868,118.162716673184,0.45283505131558
"95825",118,55.8353936203841,58.2863947944807,2.45100117409661
"92190",231,130.645792055634,126.991820462915,3.65397159271875
"94395",163,163,163,0
"94566",126,80.4775739817305,82.9074261982153,2.42985221648477
"94201",49,36.6479303916188,37.0277037695669,0.379773377948159
"91602",456,336.271201073532,340.191935410901,3.92073433736889
"94394",362,156.571765286113,151.121077851403,5.45068743470951
"92389",317,189.655078057894,196.922888368651,7.26781031075716
"94650",260,260,260,0
"91550",384,343.014055878037,350.438394384674,7.42433850663663
"91091",282,167.346001292316,170.115315065376,2.76931377306089
"94459",173,164.040937140364,163.032654349312,1.00828279105202
"95823",182,175.481832095029,182,6.51816790497148
"94386",190,190,190,0
"91092",212,200.177023001537,201.011000635787,0.833977634250859
"90313",115,69.9015629054017,65.2014919752577,4.70007093014407
"95832",133,74.3168578348425,76.4008112020176,2.08395336717515
"94580",142,132.999509485582,142,9.0004905144178
"94397",300,300,272.513845998995,27.4861540010055
"94654",83,83,83,0
"93465",179,114.128918489735,118.987813273114,4.85889478337859
"93504",130,117.53451922581,129,11.4654807741899
"94392",175,55.8449493390819,53.550327799616,2.29462153946588
"95792",329,299.505174181424,304.816203805473,5.31102962404867
"90308",102,56.8812747549049,53.9204228520825,2.96085190282237
"91599",119,71.8223407915236,72.6067946088191,0.784453817295619
"94390",119,118,118,0
"94195",107,89.7997011579424,88.8395708500293,0.960130307913085
"91612",323,236.985813683545,239.663947570169,2.6781338866234
"94579",213,198.117574625511,199.358809767699,1.24123514218751
"93496",147,147,147,0
"6329",424,381.180783049061,387.297323082393,6.11654003333179
"94197",65,57.5942189263727,56.2622537046386,1.3319652217341
"93526",273,216.026219450887,220.415067669729,4.38884821884122
"90962",224,224,224,0
"95812",210,210,210,0
"94574",190,160.537807357631,172.242787140681,17.24897176674
"93524",276,276,276,0
"92376",462,85.396996771389,80.5969332275678,4.80006354382116
"7352",536,536,536,0
"93525",115,49.011077798986,44.0743822074187,4.93669559156733
"94213",158,146.272089115733,147.053807543979,0.781718428245772
"92212",285,177.237952506474,166.440393830122,10.7975586763529
"94651",139,76.773891922014,74.1271346045522,2.64675731746181
"93491",134,100.78837363663,103.747532761677,2.95915912504746
"94204",77,38.2636468463343,38.8637299898098,0.600083143475451
"94194",102,78.9476088411166,80.7059321607399,1.75832331962334
"94351",146,146,146,0
"94205",30,25.7517416871319,26.1010849261312,0.349343238999302
"94448",991,802.438000255148,799.797701847953,2.64029840719494
"94587",64,48.4793272563172,48.6423974142734,0.163070157956138
"94393",200,199,199,0
"94220",119,97.7705784889859,96.065998320977,1.70458016800893
"94659",106,106,106,0
"95834",99,98,89.2264667009347,8.7735332990653
"94349",108,108,108,0
"92357",389,332.854618544216,335.730507369965,2.8758888257491
"94398",176,176,176,0
"94399",304,304,304,0
"94576",85,71.2154859580839,69.7607478478901,1.45473811019383
"94723",150,136.731200669752,133.721166206384,3.01003446336825
"92332",288,270.427278966338,288,17.5727210336623
"90981",502,455.46185956355,502,46.5381404364497
"90223",420,420,420,0
"91597",121,70.1620278873341,70.6109126505093,0.448884763175152
"93693",91,55.1379046449581,56.0199993292199,0.882094684261747
"94458",627,177.743630782964,174.812156017362,2.93147476560173
"90177",201,107.007806960959,100.545604568916,6.46220239204291
"90991",535,535,535,0
"94656",223,198.401350309314,196.45879025988,1.94256004943433
"95558",223,106.235210931563,109.020242765565,2.7850318340021
"94401",230,163.136764448193,158.236056262802,4.90070818539109
"93497",148,148,148,0
"94354",175,175,175,0
"94669",80,80,80,0
"94360",95,75.2468597772735,76.197792291651,0.950932514377523
"7372",374,374,374,0
"94206",62,32.6373163089569,31.4979264241895,1.13938988476743
"94202",72,32.3468371264275,33.8167446733921,1.4699075469646
"90287",331,331,331,0
"90968",296,296,296,0
"94041",298,298,298,0
"93486",261,261,261,0
"94211",61,30.5390614916469,32.0354767472546,1.49641525560767
"90960",166,166,166,0
"94662",88,70.5227401197657,67.0411675773305,3.48157254243514
"94660",153,137.504880002462,135.385371213362,2.11950878910012
"94585",177,92.1466439844076,95.1647127538325,3.0180687694249
"6039",506,469.344090988681,506,36.6559090113197
"6332",259,259,259,0
"94209",43,41.0959445225729,41.27960721643,0.183662693857106
"93527",387,387,351.023363210188,35.9766367898113
"95808",261,261,261,0
"90155",375,244.280064780843,252.871261384162,8.59119660331846
"94218",156,156,156,0
"93530",364,68.6049221035319,59.0115657890271,9.59335631450475
"95561",92,49.840481395197,51.1251954510771,1.28471405588014
"94402",180,119.553848247079,116.792858025489,2.76099022159014
"93709",112,112,112,0
"95837",51,29.5952811452807,28.8145721702617,0.780708975018974
"95827",284,284,284,0
"93699",158,158,158,0
"94653",195,102.597119494939,97.9026583817456,4.69446111319387
"93468",190,190,190,0
"90317",745,123.488483783743,630.798858887331,536.071705759449
"6037",220,167.478157090145,173.252368853034,5.77421176288865
"94216",152,116.498056582464,117.757034363447,1.25897778098254
"94403",116,57.7630640079133,62.7579323116738,4.99486830376053
"93471",386,373.519895848032,386,12.4801041519678
"94405",332,83.7983480284211,76.9799279368574,6.81842009156379
"94198",122,79.9659774203043,99.6607134724525,25.8844772039708
"94219",25,12.5772299984054,12.7989800794452,0.221750081039735
"94665",133,118.187406089388,114.605772884722,3.58163320466612
"94400",163,112.275459509297,108.883787027788,3.39167248150946
"94657",101,64.631344366577,79.895941425204,37.0172648512636
"94203",74,45.0277948236843,45.5995443606695,0.571749536985161
"94577",261,210.417963194766,207.9793766192,2.43858657556651
"93532",173,173,173,0
"94208",87,50.5272481624185,49.3968105004299,1.13043766198861
"90170",43,43,43,0
"91603",464,303.652397074835,317.520270575492,13.8678735006575
"94667",252,206.393754535322,193.301287656166,13.0924668791566
"94664",139,139,139,0
"94404",210,119.031003081497,112.636850753725,6.39415232777113
"94210",87,49.0510783765523,51.6747139271035,2.62363555055126
"94214",82,72.4684588272494,72.5725994563558,0.104140629106318
"95835",204,98.2659730878599,91.7075790436455,6.55839404421441
"94453",821,821,821,0
"93529",431,183.841020490679,178.916101207731,4.92491928294819
"93456",119,119,119,0
"90172",115,91.3812052901497,93.9081719170922,2.52696662694254
"90336",373,373,373,0
"94658",191,151.134415491316,147.512942589207,3.62147290210906
"94044",118,92.9863725676668,95.6883687184382,2.70199615077143
"94407",414,101.86666048478,92.1963248013826,9.67033568339771
"95560",84,43.6465853277819,41.5111550132427,57.5618644715651
"93506",332,276.89651477403,282.068745046695,5.17223027266456
"90227",311,310,310,0
"93536",258,258,258,0
"94663",199,157.160030943451,155.612874225917,1.54715671753346
"90961",146,71.5368665375393,76.0019651660384,4.46509862849921
"93458",73,73,73,0
"93572",60,60,60,0
"92385",285,189.281664234221,182.161112196698,16.5047949066231
"93494",272,200.82382187659,205.483971396117,4.66014951952685
"95557",258,185.39814732999,190.403862187826,5.00571485783569
"94406",101,34.4270987676264,28.6005217357504,5.826577031876
"94221",91,47.9362812311002,48.0258409891905,0.0895597580902921
"92372",155,107.049678770506,108.061896294951,1.01221752444498
"93528",180,151.436220416842,151.378726357603,0.0574940592392143
"6327",303,205.003357659964,212.405777894672,7.40242023470775
"91003",579,403.320701734217,416.364058905525,13.0433571713085
"90967",95,62.3494052620993,64.4222649462174,2.07285968411805
"92379",100,55.2345696315407,50.8683176233931,4.36625200814757
"91592",235,198.338951423353,201.784564654469,3.4456132311156
"90169",53,35.6371592230319,34.3179642919751,1.3191949310568
"95559",178,178,178,0
"94672",47,27.9679078116783,25.8577169098033,2.11019090187502
"93473",437,437,437,0
"95567",48,36.9830904469838,36.2412229054502,0.741867541533655
"93574",159,127.629980832249,128.452506274095,0.822525441846875
"91006",197,197,197,0
"92351",152,107.088857290973,109.688594445543,2.59973715456987
"94674",407,118.316859963616,293.985204302285,239.084810598873
"91036",253,248.911396485588,253,4.08860351441189
"93594",96,55.8362233261959,56.5588265162824,0.7226031900865
"94207",56,18.4065549744712,18.9602373700373,0.553682395566025
"93531",175,70.3301011425453,109.350033051818,103.162756720238
"94042",175,175,175,0
"94408",173,99.4754676499291,89.8976750939623,9.5777925559668
"93710",223,187.970192472324,188.868118869389,0.897926397064838
"94457",363,363,363,0
"93587",173,140.076714840021,143.56883324766,3.49211840763898
"94217",149,64.822440748877,67.1173471594558,2.29490641057877
"94409",208,93.9339753737538,101.635824521456,7.70184914770237
"6036",174,94.5157457453196,8.12578215618267,88.5303148189109
"94215",57,33.4471714208687,33.3379749305135,0.109196490355186
"92348",234,151.199800995019,161.20366951883,10.0038685238114
"92364",133,112.357320921119,115.942437029583,3.5851161084644
"93533",325,256.169556518497,248.25919862248,7.91035789601649
"93469",223,93.7630772678328,100.296818468909,6.61885695631565
"90175",134,68.6252181983423,71.1055429299205,2.4803247315783
"6333",376,376,376,0
"90972",149,87.0439699633862,89.247195716518,2.20322575313176
"91004",241,225.564953402392,227.626387580879,2.06143417848775
"94652",356,355,355,0
"92330",293,285.22004050213,285.314322726342,0.0942822242121212
"90978",213,171.65779622514,147.798793981034,45.1945791588334
"95569",115,74.3626903625977,72.2617988395148,2.10089152308302
"7362",348,267.935825285074,271.580087767602,3.64426248252757
"95829",255,205.131572063162,210.130582527858,4.99901046469628
"94410",104,90.4874599977169,88.7196691649711,1.76779083274575
"91549",236,121.325865622361,129.497237451265,8.17137182890443
"93571",113,100.707650475875,101.355585081963,0.647934606088129
"93688",71,55.3752151551542,56.063849804775,0.688634649620793
"90951",332,208.620802520135,205.001971029015,3.61883149111917
"6038",203,158.671699020568,160.198815822266,1.52711680169769
"93703",215,215,215,0
"94679",221,167.511838252711,170.880118238079,3.36827998536801
"92334",274,226.075734891184,228.389494247165,2.31375935598055
"93470",252,137.086750228277,130.609902062098,6.47684816617854
"94722",185,185,180.228147572581,4.77185242741892
"90160",163,95.2404217482402,99.005110713149,3.76468896490876
"94737",79,54.9357318831673,57.0536661794986,2.11793429633131
"94666",284,284,284,0
"94661",442,442,442,0
"90204",250,173.746186417901,176.853177988395,3.10699157049433
"93538",92,60.9869715973508,61.0822614474897,0.0952898501389259
"92333",564,491.686643585255,505.618973352457,13.932329767202
"94224",59,40.842498024563,40.2330318086196,0.609466215943357
"94461",683,286.094607295713,280.153154512142,5.94145278357089
"91589",392,310.970405957736,326.880230143925,15.9098241861893
"90963",71,34.3139607471209,36.8476864777722,43.2110840971546
"94228",76,66.2724101310013,65.3155859254937,0.956824205507674
"93535",66,43.1072956321714,42.8448951637827,0.262400468388725
"92377",68,36.3072582659912,33.9492198513834,30.3779570220967
"93593",87,68.605938672769,67.6951892527867,0.910749419982238
"95563",119,101.280171200299,101.968454892051,0.688283691751946
"94222",57,33.5689062402111,32.7414683691465,0.827437871064617
"94212",97,51.2039740227886,29.1768965076408,51.7871497253045
"93545",493,334.092716608756,327.669352950256,6.4233636584999
"90956",150,82.6083417172442,79.2856167874251,3.32272492981906
"6035",155,57.7177903841025,62.2040816971389,4.48629131303632
"93540",173,68.2925718744212,81.0963050679212,22.8213641293147
"6328",141,90.320199117319,92.1231247446639,1.80292562734488
"77384",234,123.274983167945,116.885854930927,6.38912823701758
"94412",240,112.717145608117,95.8669619866647,16.8501836214523
"92331",331,331,331,0
"93534",178,115.830894741905,112.785769194637,3.04512554726723
"94225",32,24.3086959627852,23.9397504123986,0.368945550386566
"93461",130,62.6796905116999,65.5188142422405,2.83912373054062
"92354",157,96.7535659998863,99.0071807562969,2.25361475641067
"94411",204,162.641161027548,159.389047429656,3.2521135978923
"93539",78,48.5522265480359,48.2919002170077,0.260326331028258
"93508",141,118.654190998963,121.435855370216,2.78166437125341
"94045",178,178,178,0
"90174",122,67.0914472989241,70.890442547176,3.79899524825189
"95565",325,251.435709906258,247.691244378335,3.74446552792263
"94687",207,207,207,0
"92369",75,52.5484579657204,51.6486968332531,0.899761132467286
"77415",237,219.058710644459,237,17.9412893555412
"90973",85,66.072516689137,64.1352835897384,1.93723309939866
"94413",150,150,150,0
"92382",94,94,94,0
"93541",108,95.1596288710167,95.0233049221736,0.136323948843076
"94415",706,238.394277183494,243.841905324604,5.44762814111069
"77405",259,259,259,0
"90161",180,180,180,0
"95821",204,182.040807592109,184.413600987636,2.37279339552669
"94226",61,26.5373569995031,27.4362043901998,0.913261542228346
"93695",145,67.2679920774637,69.4256098509199,2.15761777345625
"95564",122,109.546456004588,110.438806113995,0.892350109406456
"95824",295,295,295,0
"92387",205,205,183.216130677484,21.7838693225165
"90947",343,208.552271021245,207.524187154771,1.02808386647417
"94673",231,121.828879278187,117.155159731358,4.67371954682927
"95562",101,83.5564430627414,84.4775820519737,0.921138989232302
"94724",402,241.17213391677,238.833536351794,2.33859756497636
"94223",128,117.790550982082,116.572518046471,1.21803293561097
"93590",67,35.4452458227892,33.2640319587331,2.1812138640561
"94682",319,319,319,0
"6034",290,290,290,0
"94655",260,228.693407956074,231.578400966617,2.88499301054232
"6031",174,151.47836350516,149.16852273357,2.30984077158966
"93577",171,107.330304481535,105.713249407063,1.61705507447271
"94680",162,143.869670618604,141.533294825072,2.33637579353199
"94234",54,50.5774211132909,54,3.42257888670907
"93737",137,137,137,0
"90997",276,250.318996394558,251.098736654269,0.779740259710446
"93542",214,164.714370975875,166.737054699477,2.02268372360276
"94229",93,79.0766021950536,79.523821907869,0.447219712815428
"90969",136,124.735607946143,126.747705173204,2.01209722706126
"92362",235,173.092229755728,174.24219815688,1.14996840115207
"93544",144,138.046955189369,136.855735809577,1.19121937979153
"93543",228,173.47265834586,177.590931717011,4.11827337115138
"90338",355,148.007444352593,219.32277977886,233.518028793572
"77388",123,109.859651578626,111.884122935209,2.02447135658304
"93553",516,451.600145927319,516,64.3998540726813
"6330",298,277.633369842588,277.833570594061,0.200200751473384
"92374",118,105.194844586234,106.848496852501,1.65365226626699
"90179",175,133.942766248297,131.069664004259,2.87310224403816
"94668",168,148.028751282341,150.314591421922,2.28584013958055
"92365",95,78.6160241206671,76.9709620376469,1.64506208302026
"90163",208,108.789652346841,110.659016505033,1.86936415819187
"93585",215,215,215,0
"94414",266,231.892429288696,228.2979957207,3.59443356799641
"93537",127,90.6647097325321,92.5720335398339,1.90732380730186
"93546",156,156,156,0
"92358",214,214,214,0
"90212",145,100.271142443924,102.955917087786,2.68477464386122
"90984",247,140.714261638461,144.175812340691,3.46155070222961
"93547",263,236.080336995207,230.915858377882,5.1644786173245
"93354",184,184,184,0
"90954",243,87.5378044571102,82.9100973327086,4.62770712440157
"93474",247,153.699186692187,159.830801234156,6.13161454196932
"90965",183,138.215362641854,136.633032400225,1.58233024162864
"93707",156,103.992947823428,105.66587511945,1.67292729602254
"90976",131,97.3818672932165,94.141641934757,3.24022535845947
"77375",235,218.69107370886,235,16.3089262911401
"93475",134,133,133,0
"90205",252,221.466135656364,226.209955936469,4.74382028010517
"94043",365,221.43327893018,224.401225313693,2.96794638351324
"92381",110,110,110,0
"94690",174,110.466898273425,106.4014145443,4.06548372912484
"92345",240,132.698201504078,128.137305277877,4.56089622620054
"94236",42,27.2327219668998,27.8346602232446,0.601938256344798
"77403",330,330,330,0
"94233",91,65.5555651253993,63.3305026562179,2.22506246918132
"93505",180,96.7537132372871,101.370619531479,4.61690629419159
"77434",214,214,214,0
"94227",69,57.4805676460935,56.8999025950254,0.580665051068132
"93736",160,149.86260422547,160,10.1373957745303
"90171",271,226.151915573506,227.499763184609,1.34784761110209
"91009",152,128.321937829467,132.962266359354,4.64032852988716
"94676",276,276,276,0
"92336",456,293.924787292077,299.173955265273,5.24916797319546
"94237",85,66.455039487359,67.181972886501,0.726933399142065
"73507",225,96.6948230370824,100.015902040185,3.32107900310303
"94726",307,248.325648293496,244.749775033257,3.57587326023928
"94232",71,53.1773395419078,52.3873673158304,0.789972226077374
"90949",133,133,133,0
"91010",218,170.391303858772,172.546277834647,2.15497397587511
"93591",103,53.6997109245005,52.3878544444001,1.31185648010045
"93476",132,129.212313856445,132,2.78768614355471
"94677",45,26.759023233316,25.8726386299135,0.88638460340242
"95830",283,205.095955112398,211.127965918153,6.03201080575493
"94032",126,126,126,0
"92355",89,64.9173855557166,67.3215513838818,2.40416582816521
"93550",144,144,144,0
"77392",325,325,325,0
"91002",376,303.273551292421,312.260025406956,8.98647411453482
"94419",159,106.068881499827,51.6956635606424,75.8127229564771
"92347",109,57.498359947064,55.0366790069243,2.46168094013967
"94231",35,29.9458995445023,29.5451976191228,0.400701925379572
"93551",159,74.4969425582428,72.9511521826843,1.54579037555851
"93500",231,231,231,0
"93472",291,224.291638149831,226.829480704886,2.5378425550548
"93548",119,119,119,0
"95570",127,104.801141645015,100.885195979098,10.8674721570073
"94725",208,183.430396706369,184.881584452225,1.45118774585541
"91005",326,308.035806049726,273.242614722538,56.6242215837788
"92386",48,41.6292093799602,41.3843033043092,0.24490607565097
"94423",419,419,419,0
"93552",347,312.562498236414,307.774679795171,4.78781844124275
"94418",217,109.826727633032,104.871937688811,4.95478994422076
"94420",319,310.765282064699,309.666746517318,1.09853554738149
"6032",255,255,255,0
"90180",82,50.9381411090073,47.4588571228637,3.47928398614356
"77416",163,139.877170271461,140.640204966034,0.763034694572581
"90159",160,84.1746424451879,86.1680751709046,1.99343272571673
"94675",104,55.9440224189771,57.3693574577925,1.42533503881541
"93701",82,82,82,0
"92375",97,97,83.2330200191841,13.766979980816
"95576",163,90.8043301511851,87.6257842366665,3.17854591451858
"92367",138,133.551588918987,126.5611687376,11.4444191462788
"93582",110,110,110,0
"92371",47,47,47,0
"93734",301,190.381381739074,196.007380066464,5.62599832738968
"93711",54,36.9432288177717,36.0798871824505,0.863341635321223
"94239",55,36.1917427587729,35.5672426328466,0.624500125926291
"73503",169,169,169,0
"90178",238,238,238,0
"90975",91,88.0082397675756,75.4910970524682,13.0661017891499
"94678",124,87.7162936804719,83.8936392701418,3.82265441033016
"94738",198,172.728090618167,169.710296502618,3.01779411554901
"6029",277,189.36390759622,191.948609514309,2.58470191808919
"90979",63,31.3109971702679,33.9088648777905,2.59786770752258
"90152",298,233.165474189675,238.744093406171,5.57861921649641
"90995",382,382,382,0
"77437",45,34.3459426060306,35.6615158118368,1.31557320580621
"94230",73,56.0211578655538,54.8486072948156,1.17255057073816
"90214",167,100.770214125637,105.841561233075,5.07134710743706
"90337",373,366.226743890308,352.327894217887,19.6574476175542
"77381",101,67.7095176588243,65.7272195112796,1.9822981475447
"90970",81,68.1969449704596,66.8873975888991,1.30954738156046
"94694",151,128.05199017854,127.780582520939,0.271407657601068
"93503",196,196,196,0
"90953",135,76.1241089255969,78.6365014396406,2.51239251404374
"6033",128,117.37782861531,128,10.6221713846903
"93580",60,60,60,0
"94238",48,39.7265549021693,39.7136180353844,0.0129368667849557
"77449",370,326.3279250524,332.930585719286,6.60266066688592
"95572",146,99.8429096454628,102.787535748177,2.9446261027146
"94688",292,66.3850484868264,68.0933941985567,1.70834571173026
"93562",1040,801.032714803218,809.492140647518,8.45942584429864
"90340",245,245,245,0
"93558",448,333.547962847102,339.339542799291,5.79157995218884
"93575",87,70.1868858942341,69.5002713326709,0.686614561563109
"93554",115,115,115,0
"90950",113,87.5736385707168,89.2435679420051,1.66992937128824
"95566",477,477,477,0
"93569",160,104.109331763763,105.483108025755,1.37377626199173
"93697",79,48.1052562635743,47.2262695398616,0.878986723712787
"90948",277,211.828408347131,207.632528423785,4.19587992334611
"93361",250,208.011484619111,212.989135308278,4.97765068916704
"90989",139,129.630146456206,130.384300987453,0.754154531246868
"94242",133,72.2675904571986,70.9645857016711,1.30300475552752
"94670",318,318,318,0
"93549",158,27.1533197090472,24.129936131835,3.02338357721212
"91007",237,204.952722788853,208.117501507471,3.16477871861794
"94422",202,166.039694304142,169.471186636198,3.43149233205625
"90957",335,335,335,0
"90964",305,305,305,0
"92356",119,119,119,0
"94235",86,71.0579527872661,70.0217557406064,1.03619704665968
"93713",129,129,129,0
"94681",192,159.1256922711,155.139078069809,3.98661420129041
"73514",100,86.9058084432435,87.7506354064788,0.844826963235318
"90211",98,11.3072268758665,88.0633152441963,78.5542176712665
"93560",462,355.73160623165,360.658415168777,4.9268089371273
"74031",206,202.399761138829,206,3.60023886117088
"90156",175,150.214145359941,160.180066921203,27.456306987867
"77440",189,189,189,0
"92368",110,110,110,0
"93557",315,315,315,0
"90971",44,29.4047497356953,28.0975033067676,1.30724642892767
"92380",235,235,235,0
"92349",109,81.1720055986972,68.0547051814116,19.5240031451307
"90985",96,75.0520125422245,72.2667356534427,2.78527688878181
"92361",43,16.6830978517801,16.4607857030138,0.225772211961826
"93478",110,56.2006267666731,54.7637548823206,1.43687188435251
"94721",311,295.769767394106,292.895836667584,2.87393072652217
"94421",194,159.311953320797,160.232445529607,0.920492208809233
"74032",397,351.2955943574,352.690949557026,1.39535519962644
"94727",333,146.87257742524,140.392508934594,6.4800684906468
"90992",68,51.2030199557107,49.3173403899726,1.88567956573811
"73510",130,108.302808435942,104.762658069632,3.5401503663097
"94684",46,31.1429293551486,31.8201745020147,0.677245146866092
"95573",218,144.711446932086,139.426465815553,5.28498111653307
"90221",378,252.18806818215,245.570766183101,6.61730199904921
"94702",370,370,370,0
"92344",247,197.645998898445,200.63367317396,2.98767427551462
"92360",165,90.5208269558079,92.6748706442517,2.15404368844381
"93477",212,206.197454235227,212,5.80254576477283
"93492",286,259.299003652486,264.360535416155,5.06153176366859
"73497",41,29.1282841585974,28.0396346034776,1.08864955511975
"94424",179,124.882183274134,129.039741555567,4.15755828143287
"93561",259,119.310753843119,112.375705084685,6.93504875843329
"90226",179,136.027791324292,138.260011058815,2.23221973452311
"6326",121,101.134515073165,102.074195591139,0.939680517974298
"94243",96,89.7474753838013,90.0553819743715,0.30790659057017
"93727",175,175,175,0
"90199",345,269.867834801066,272.102616878104,2.23478207703782
"94241",148,119.761201345029,120.987831404736,1.22663005970713
"93555",131,131,131,0
"93381",257,257,257,0
"7361",224,205.669524413083,208.437823350511,2.768298937428
"93579",78,49.7673063643724,50.9344413470186,1.16713498264622
"6277",222,117.373576228733,112.465733797906,4.90784243082776
"93704",123,62.4245549073146,64.5677156731496,2.14316076583493
"95580",91,50.2273660714532,51.0346646748114,0.807298603358183
"94240",118,105.713526054539,104.537534403732,1.17599165080698
"90168",471,377.736208278617,382.382996329586,4.64678805096868
"90980",108,92.0312557816689,94.1894216890827,16.9526580867893
"92366",74,72.6149664411436,61.2575406535134,12.2464346928033
"94692",234,234,214.640912298622,19.3590877013776
"94426",315,271.287394126942,274.06733294199,2.77993881504837
"94038",441,441,441,0
"93356",134,126.942906154218,127.64825968458,0.705353530362187
"94689",148,102.129652308379,103.108415564454,0.978763256074938
"92384",207,207,207,0
"90974",185,159.543926836073,157.020753399393,8.38950651439479
"94683",76,52.8372784077027,54.0847130979674,1.24743469026468
"93559",238,41.3094594340951,36.4334477725115,4.87601166158368
"6027",309,257.138996563988,251.456595166734,5.68240139725466
"77402",173,94.329266711607,88.4874844551746,5.84178225643244
"90977",38,34.0179589196263,33.6499794494023,0.367979470224044
"77383",195,173.262514365276,175.721384181381,2.45886981610519
"92370",69,48.0144995982413,49.048780108441,1.03428051019977
"95577",328,327,327,0
"77421",120,75.5831991911999,73.4871355063698,2.09606368483013
"91001",417,323.800775900122,330.093216598186,6.29244069806446
"90339",368,326.914475364754,73.5813768049626,263.04820843407
"90946",100,95.1647437075998,90.6237572763958,9.25080220975923
"91011",220,56.9461572882649,56.0040239069872,1.01540741509329
"94428",459,459,459,0
"90994",186,120.940397947861,118.308159764236,2.63223818362496
"94707",215,158.637776004802,158.60028460802,0.0374913967822656
"94425",194,173.362016672431,170.144319970604,3.21769670182758
"94247",68,68,68,0
"93581",78,46.496908975621,48.2803627520688,1.78345377644773
"94730",156,127.140682902826,125.86605909695,1.27462380587592
"93592",92,65.5100891325313,64.2733151181031,1.23677401442817
"95575",171,170,170,0
"93568",235,211.896599208529,212.412716041916,0.516116833386667
"92388",121,120,120,0
"94250",124,80.1887087498379,80.8899128223697,0.701204072531806
"6030",377,40.3458820826768,36.4069781875827,3.93890389509412
"93564",266,266,266,0
"93716",116,82.8337830892121,83.5648117283651,0.731028639152993
"90987",68,59.8811530339972,58.1344428711195,1.74671016287767
"93689",172,107.549619200314,106.758024158041,0.791595042272996
"73506",157,125.060404068699,127.507695444971,2.44729137627164
"93304",404,316.120798154725,318.499052053652,2.37825389892665
"94693",334,259.093534095749,251.503120957409,7.5904131383397
"77417",135,107.067721122177,100.789271179907,11.8472794730408
"73509",65,54.7308800396195,53.3386598724585,1.39222016716096
"92329",638,568.411967217985,579.358019486086,10.9460522681002
"74027",324,324,324,0
"7390",450,450,431.596665589416,18.4033344105837
"73511",141,81.9327313493275,85.3560973010174,3.42336595168988
"94696",241,91.5885178778551,87.0814597979929,4.50705807986224
"77400",106,67.1054385948002,60.4334971054351,11.7359890241527
"92353",201,201,201,0
"92378",57,57,57,0
"94283",133,73.2260106387814,74.5332312385093,1.30722059972796
"90952",226,155.088139031824,157.795410291234,2.70727125941029
"91802",89,53.2271075760527,50.9219213525284,2.30518622352425
"93353",78,50.4426194063376,48.7604649284946,1.682154477843
"92326",572,508.723903661379,518.906713561024,10.1828098996452
"92373",135,135,135,0
"90990",122,84.9821944885211,82.4092941595934,2.57290032892768
"92363",127,81.3148941877791,79.7277523450002,1.58714184277886
"93570",156,156,156,0
"92343",227,207.34262109407,227,19.6573789059296
"94245",135,20.4493711399993,21.1120904722322,0.662719332232925
"94427",179,145.20405702165,147.304576652341,2.1005196306916
"77442",349,327.47253062643,349,21.52746937357
"93365",193,193,193,0
"94729",197,132.572607195738,137.768116987038,5.19550979130008
"93308",319,240.469469640592,232.493131892277,7.97633774831546
"94728",212,184.60802330303,188.794234910819,4.18621160778879
"90146",475,381.094635925067,390.352890509225,9.25825458415816
"93305",170,140.595459107797,140.757719322116,0.1622602143188
"93567",179,136.458061290321,133.347740239926,3.11032105039484
"90173",114,56.9834926730349,59.5951209892363,2.61162831620139
"94254",68,57.7733037290487,57.6175489703011,0.155754758747609
"91803",48,41.3644969281671,40.4391413921121,0.925355536055047
"94246",36,17.6096114246705,17.6491665372718,0.0395551126013415
"93383",217,217,217,0
"93479",196,119.766198247753,122.159811324227,2.39361307647387
"93715",99,60.5790438069894,59.3744034243154,1.20464038267397
"73492",251,77.4481505193628,68.6340003757078,8.8141501436549
"94433",441,441,441,0
"93556",151,151,151,0
"73513",108,70.617957566795,68.068752900772,2.54920466602299
"77425",179,88.0999622537396,96.7062788253806,110.228732072968
"95574",264,184.666061385329,182.250297472129,2.4157639131996
"91037",232,119.805661627887,125.36685489967,5.56119327178304
"94244",77,43.9964190019302,43.1655582062636,0.830860795666549
"93563",154,97.7418505041261,99.8606213391534,2.11877083502729
"94731",249,165.961774606239,163.792857068175,2.16891753806406
"91008",449,417.415345505184,449,31.5846544948162
"92339",226,155.08140493614,153.28977230293,1.79163263321054
"94685",230,230,230,0
"91816",219,191.495242627736,196.198843897224,4.70360126948804
"91795",77,77,77,0
"91817",148,104.770344586123,102.683137741189,2.08720684493396
"94697",236,211.106246206622,213.695659525554,2.58941331893207
"91786",30,30,27.2550409646617,2.74495903533831
"95568",377,302.015776475972,304.790862637225,2.77508616125386
"93566",148,53.468113646114,51.7563015652466,1.71181208086732
"93586",114,94.0175341932463,95.0040853481471,0.986551154900829
"93307",42,20.4326119804427,20.3482536287253,0.0843583517173196
"90983",173,91.4558675893729,86.9857900369181,4.47007755245476
"91789",85,68.1024786520805,67.2154693623435,0.887009289737043
"94695",234,142.813514695331,137.629061732348,5.18445296298341
"92359",175,115.066031275489,116.706191325783,1.64016005029441
"95582",299,210.262779260552,213.693319053039,3.43053979248772
"93583",46,32.9306163268655,32.4062235984536,0.524392728411906
"93306",148,119.914444999748,118.397375080793,1.51706991895436
"94704",210,190.803259177809,210,19.1967408221905
"94429",433,386.713412240093,389.841887621143,3.12847538104943
"93576",146,100.47308160797,98.8181016801613,1.6549799278089
"95578",102,88.8134283643819,87.5741754120011,1.23925295238087
"91805",72,22.1628561581613,27.0882825505018,4.92542639234052
"77393",215,135.977171345053,127.382806089253,8.59436525580003
"90176",331,188.094417911469,198.205685563378,10.1112676519081
"6276",260,260,260,0
"94248",59,59,59,0
"94430",225,208.008227522959,225,16.9917724770413
"94442",467,443.723512609165,444.331823128394,0.608310519229047
"91804",78,57.0763518724954,57.5850894714322,5.20281859236139
"90996",127,127,127,0
"94739",134,131.196847445507,106.783327584024,25.585823589247
"94703",154,128.136249492783,126.558387464484,5.79368335843842
"91780",105,92.1474641724406,91.5150679493694,0.632396223071207
"77422",102,84.3604544650714,86.2346173879513,1.87416292287993
"6028",186,111.161606941428,114.741686273163,3.58007933173463
"93377",152,23.5444490405891,20.7753193790908,2.76912966149831
"94434",291,277.721836538133,291,13.2781634618672
"94251",76,64.5835844283408,64.0042518221497,0.579332606191114
"93730",184,105.23196667836,110.547820367365,5.31585368900505
"93718",109,62.3282610908398,61.288965384596,1.03929570624387
"94258",121,83.3743713360637,83.6244154877753,0.25004415171154
"93348",114,100.060568758498,97.5073505115358,2.55321824696258
"93247",187,105.152298037355,101.673218442255,3.47907959510066
"93565",168,91.5250467903578,92.933431286559,1.4083844962012
"90998",250,250,250,0
"94698",345,302.65331771979,306.384046607115,3.73072888732529
"94691",207,174.081569127082,177.947892408772,3.86632328168945
"93507",310,310,310,0
"93359",279,279,279,0
"94253",38,29.2800525525018,29.2435247055297,0.0365278469721503
"93309",86,76.9952275104054,76.1578654333024,0.837362077103036
"93248",178,168.833197235724,166.706552145874,2.12664508984965
"92337",203,193.740077914662,196.465821063967,2.72574314930481
"93382",222,184.681310411705,190.926526361156,6.24521594945059
"93310",285,284,284,0
"94257",67,41.4714580394077,40.9191293324329,0.552328706974827
"94431",166,147.970809683789,146.620450899162,1.35035878462683
"92352",175,104.590930798622,101.73733072483,2.85360007379272
"73512",135,85.418168544508,52.2075058016548,78.4073586744912
"90988",133,88.3848809801177,82.4443896883577,5.94049129175997
"92342",163,120.923617098859,125.192750040279,4.26913294142074
"91781",174,174,174,0
"93313",295,223.830049742296,228.056418767204,4.22636902490788
"76999",274,274,274,0
"91788",126,98.3350299910376,97.6318455636541,0.703184427383515
"93714",78,65.1147374450056,64.0930316521092,1.02170579289637
"94031",488,488,488,0
"77404",348,348,348,0
"74028",190,138.669124001518,141.541496932373,2.87237293085446
"90993",209,150.107760296985,151.303623514103,1.19586321711804
"94432",163,139.403753204118,138.094108227418,1.3096449767001
"94249",96,79.476262754481,79.2412562966385,0.235006457842483
"90219",258,159.643268647696,165.485175562213,5.84190691451709
"91794",107,72.2005142101626,75.8030470677881,3.60253285762552
"93578",86,48.4852315986574,31.6988075081928,16.7864240904646
"94256",42,27.5240055851681,27.3373783797912,0.186627205376851
"90201",530,530,530,0
"90164",261,199.29816837884,200.646195310953,1.34802693211327
"91030",301,246.546098121327,251.452330944668,4.90623282334113
"7355",447,447,447,0
"93249",115,107.928199942006,112.166494897834,7.1493633384656
"92335",415,299.474955494894,317.856134917486,18.3811794225924
"92321",531,140.243554521245,146.924611802916,6.68105728167067
"91035",225,225,225,0
"94701",117,49.4740844095819,46.6992652125241,2.77481919705779
"93312",254,83.377286731906,78.6193958907871,4.75789084111889
"91018",146,88.4358916279835,86.6641957641478,1.77169586383558
"91000",250,217.737141605128,222.799319128514,5.06217752338644
"94733",190,190,190,0
"93696",160,106.215626982373,108.991830321301,2.77620333892764
"77396",244,207.86710768206,212.883647129614,5.01653944755376
"92350",203,104.483824750218,109.47045823248,4.98663348226164
"94252",92,92,92,0
"91778",104,104,104,0
"90193",384,286.902098977297,290.000600352166,3.0985013748681
"92328",411,240.306463048519,251.404001773847,11.0975387253285
"93724",22,13.6196225311322,13.4938937600352,0.125728771096967
"93251",279,96.1938699334579,92.7294454428604,3.4644244905976
"94732",243,241,241,0
"90198",368,337.109186427829,368,30.8908135721706
"93589",131,90.3403620708618,88.6636376573163,1.67672441354557
"94708",138,138,138,0
"94435",104,92.9021019101892,92.3827160780755,0.519385832113663
"93246",168,125.644380333722,128.120777108673,2.47639677495042
"77446",214,214,214,0
"74023",218,139.466239590593,146.353315206652,6.88707561605951
"94734",194,193,193,0
"94261",85,64.2394422116318,63.8081185602802,0.431323651351584
"94705",86,82.848795333757,82.8695904923063,0.0207951585493437
"90999",209,184.083885743014,185.342659293077,1.25877355006358
"90149",240,135.971920892994,139.751427224954,3.77950633196009
"91796",181,134.069013706042,136.293431161833,2.22441745579077
"91811",133,88.9103719303282,90.4625910073609,1.5522190770327
"93311",199,165.685067900452,157.770163817113,12.4253063143433
"90210",192,192,192,0
"95586",81,48.2266700398497,51.1890147078071,2.9623446679574
"93254",335,264.386649319569,269.168132531805,4.78148321223627
"93573",111,111,111,0
"94269",41,18.1610504217962,18.1873060343306,0.0262556125344018
"94438",532,532,532,0
"77433",216,117.363684769283,123.160613449489,5.79692868020588
"91806",343,245.137891717581,247.119713855241,14.7718976025029
"94265",85,85,85,0
"92322",256,256,256,0
"91814",146,84.1709649901822,85.7824283494165,1.61146335923432
"94699",326,185.069740535929,192.47092131675,7.40118078082094
"94255",65,58.8172934460276,58.7905462459503,0.026747200077325
"93720",39,29.3828528881593,28.9325865538437,0.450266334315627
"77423",159,133.304634093215,134.254348865372,0.949714772157464
"91782",321,270.015475215252,268.553710370191,1.46176484506133
"94436",403,348.739913084666,352.877956684492,4.1380435998254
"93314",260,159.407438388996,164.936759083432,5.52932069443638
"92338",192,87.4458613415298,83.0437859679674,4.40207537356245
"73490",312,282.088409381021,283.661169676112,1.57276029509061
"73502",227,200.323628355118,202.874413447645,2.55078509252661
"92346",245,127.693324533485,142.923848799041,15.2305242655557
"91031",171,99.9982117799931,97.5056468069309,2.49256497306221
"73504",122,107.335010553179,108.980326814579,1.64531626139988
"94709",272,263.339064229994,261.943979768834,1.39508446116069
"95579",419,267.717156461544,277.449563045546,9.73240658400224
"93253",134,123.052497871841,106.918244387099,17.0069824337256
"94706",139,127.236320377161,126.001546410795,1.23477396636539
"91810",142,79.1037008059552,77.0662162988549,2.03748450710025
"93315",165,148.743721984072,146.229052409298,2.5146695747732
"94281",110,91.3031121574475,90.1956597672856,1.10745239016197
"91032",150,103.650419174951,98.8787354759625,4.77168369898863
"94441",387,387,387,0
"95571",641,514.678979052987,517.985201939561,3.30622288657392
"92341",296,218.064376537599,221.105236496363,3.04085995876441
"93729",158,158,158,0
"77411",145,103.560134053906,106.718518799279,3.15838474537235
"94264",71,44.665072200547,43.5036492828299,1.16142291771713
"93380",295,271.073616754241,294,22.9263832457593
"93250",75,50.5466059281411,49.3352976765926,1.21130825154845
"94259",40,32.9929375080457,33.247937144939,0.254999636893333
"91020",74,65.4102859559542,64.6514330649342,0.758852891019988
"74021",345,300.967968442862,308.300465465146,7.33249702228467
"95584",370,369,369,0
"93721",48,48,48,0
"94260",130,105.363788706543,105.105774425387,0.258014281156464
"6026",390,352.278276038152,356.625327389152,4.34705135099971
"94439",599,599,599,0
"91772",190,190,190,0
"94268",73,64.1357556583825,63.9084281431392,0.227327515243324
"93588",85,69.9365309968686,69.2164048999556,0.72012609691295
"91815",195,128.788922262465,132.07191429955,3.28299203708471
"93256",219,182.683384738301,178.0376531355,4.64573160280066
"76997",154,122.204658096336,123.13863837196,0.933980275623378
"91812",147,87.2612951164404,87.7483155267884,0.487020410347931
"94263",98,71.2505222590905,71.2324957194071,0.0180265396834346
"94712",212,185.002843102265,182.470539308066,2.5323037941986
"94437",364,110.199885955265,255.533996730374,190.915770496893
"93735",134,68.3618796592987,73.2793646655198,4.91748500622113
"93316",192,111.335760751135,111.845567998186,0.50980724705125
"93487",265,265,265,0
"77291",270,270,270,0
"95588",417,416,416,0
"93511",258,258,258,0
"95581",505,505,505,0
"94272",69,59.4102529141552,58.9261378917337,0.484115022421477
"6023",311,230.835271137834,240.707369883644,9.87209874581058
"93584",174,119.527734924585,121.718193544911,2.1904586203263
"93692",58,36.2486420148245,35.7586765145398,0.489965500284738
"91790",88,85.0940131827731,88,2.90598681722692
"94700",297,38.321548636037,38.9332749607049,0.611726324667953
"94276",69,53.6210089438485,53.5708231384554,0.0501858053931275
"91776",240,204.639497753906,202.887140262838,1.75235749106871
"91034",228,118.682458023986,126.747773573003,8.06531554901653
"94735",109,103.905181518739,109,5.09481848126064
"94262",88,63.7621500592625,63.2753941661465,0.486755893116018
"93257",120,61.0497591165076,57.0309361823143,4.01882293419327
"93252",124,52.8318147586566,52.422709544968,0.409105213688542
"93708",117,84.0522836439686,82.6175744017028,1.43470924226585
"77390",129,118.934411095861,128,9.06558890413855
"92317",351,351,351,0
"91807",116,59.3651711543815,56.1002954960375,3.264875658344
"91015",190,110.711654042137,98.1477863087571,12.5638677333801
"93726",66,66,66,0
"92324",389,389,389,0
"95237",231,231,231,0
"91792",80,65.6025867743974,65.4467745499786,0.155812224418783
"93292",45,25.4176333745708,25.971652163982,0.554018789411259
"91012",613,577.503713948676,579.29299484266,1.78928089398408
"93373",252,252,252,0
"90142",241,184.478318317371,187.600763642294,3.12244532492254
"92730",395,298.969225835004,303.215043496881,4.24581766187677
"94710",72,72,72,0
"73505",180,131.283858558167,134.95571746583,3.6718589076631
"94271",42,36.3368680778635,36.1347368465687,0.202131231294809
"90208",169,169,169,0
"93261",198,127.102081128191,128.279459089398,11.9798685985807
"93360",175,175,175,0
"93259",228,74.3238992562359,71.9044495578519,2.41944969838402
"91783",175,151.476442258033,146.930728494008,4.54571376402554
"94711",256,207.095967121782,212.963489742154,5.86752262037218
"94443",316,315,315,0
"90162",266,266,266,0
"90153",159,85.9665402199028,84.9681265711203,0.998413648782426
"93317",111,33.6064682124679,31.7265059372302,1.87996227523775
"91809",92,51.0829233840737,49.6847362615613,1.39818712251239
"6024",260,260,260,0
"95240",234,234,234,0
"91019",104,104,104,0
"93690",62,62,62,0
"77413",111,78.3114026107772,79.2430287003594,0.931626089582254
"94277",33,28.0544711660022,27.8756047279925,0.178866438009718
"90195",309,309,309,0
"93722",44,34.8022309864023,34.3440435886349,0.458187397767418
"90187",107,99.5461865447266,99.96505087,0.418864325273387
"92340",391,328.982265690619,339.238638164308,18.2023258670528
"91813",105,67.2966922693251,65.0557991822877,2.24089308703745
"94270",80,49.2648740702462,49.0874151199454,0.177458950300811
"94274",79,65.2883242548308,63.9612235992278,1.32710065560304
"77397",204,135.146718252901,136.735031982191,1.58831372928943
"93498",188,187,187,0
"6275",175,121.324205186935,122.422167149161,1.09796196222566
"94267",113,55.0317924897294,55.2893722486879,0.257579758958542
"93318",327,327,327,0
"93698",65,57.0299338167409,57.1342062850345,0.104272468293654
"93262",212,166.252069083755,75.0123916181678,125.16307002762
"94440",145,118.141174015073,119.209198853428,1.06802483835497
"92732",284,262.652593645468,284,21.3474063545324
"90181",274,124.623998782139,126.965188282528,2.34118950038934
"94714",387,295.771152549276,294.172480167928,1.59867238134786
"94713",209,197.994021675003,196.849254263255,1.14476741174805
"93255",60,40.6032220320428,39.6250100039407,0.978212028102069
"92318",115,115,115,0
"73480",359,328.970433958107,330.75898362457,1.7885496664627
"92721",50,28.7633976410094,28.248558012645,0.514839628364399
"94266",87,54.0892531334385,53.6698981713494,0.419354962089116
"91808",25,22.6048397925208,22.4116884010087,0.193151391512086
"93293",226,226,226,0
"73494",153,89.8496227463914,92.9149314847129,3.06530873832147
"92722",76,61.3653912466911,60.9470138818707,0.418377364820407
"93297",76,63.4443593491703,62.4523818298641,0.991977519306176
"91029",135,78.6811938160373,58.8355227810523,76.9138222156753
"92719",62,55.8752180032076,55.6541806002903,0.221037402917384
"90209",193,193,193,0
"94736",121,121,118.873820696912,2.12617930308805
"91771",111,80.8985347824662,82.0631649542997,1.16463017183343
"93298",47,39.3875520884744,39.3360833115079,0.051468776966516
"94671",180,180,180,0
"93705",146,75.0779578509587,74.3060643824707,1.05146811482165
"77410",129,115.031288512949,115.204921194103,0.173632681153525
"76947",169,122.65268957587,126.613832739841,3.96114316397164
"93266",246,219.289848061013,216.003575107944,3.2862729530688
"92327",354,285.160128588709,292.120440442585,6.96031185387642
"91791",112,29.9776332107377,32.1435287590866,2.16589554834891
"94445",707,707,707,0
"90147",65,55.7148394833019,56.6437931468508,0.928953663548921
"94273",91,63.5279761003909,63.2635248897485,0.264451210642432
"77382",146,146,146,0
"93694",56,56,56,0
"91033",309,259.905528378956,253.68028150801,6.22524687094592
"94444",528,528,528,0
"95233",186,159.211288238523,156.773110353965,2.4381778845577
"94278",55,55,55,0
"93144",137,83.4363968652553,82.9475283696853,0.48886849557001
"93732",103,103,103,0
"93267",168,109.456177635199,106.411984929211,3.04419270598717
"93263",91,91,83.4438310899121,7.55616891008789
"77419",192,192,192,0
"91760",323,203.209818011644,206.192835251408,2.98301723976464
"90197",374,374,374,0
"91016",170,120.642575217944,108.200104016307,12.4424712016366
"93269",220,163.710742667436,155.339726107978,8.37101655945752
"93264",122,121,121,0
"94049",277,243.172968226622,248.660943677786,5.48797545116477
"91761",138,116.748609561473,115.33739948214,1.41121007933318
"91800",257,142.861606890215,152.017169531883,9.15556264166845
"90144",52,28.6293286380908,29.6271039455962,0.997775307505466
"77317",372,371,371,0
"90185",59,45.715512944274,44.9729500461792,0.742562898094822
"74030",180,180,180,0
"95235",558,558,558,0
"95609",117,110.063465701701,110.588489020463,0.525023318762306
"92718",123,112.20671448259,109.693006640083,2.51370784250701
"93319",106,106,106,0
"92716",118,83.2647935078784,81.1584460070897,2.10634750078871
"95236",169,169,169,0
"92728",165,142.671595673473,145.410587740802,2.73899206732855
"95308",82,82,82,0
"92717",77,53.6648502321507,53.7313363759298,0.0664861437791721
"77438",434,390.514155233221,396.093614836531,5.57945960331044
"95583",183,183,183,0
"92726",79,41.1862518441522,40.2071373142366,0.979114529915686
"93321",288,241.750558955675,235.593994540226,6.1565644154488
"93405",394,394,394,0
"76978",283,246.716616452092,252.442783724276,5.72616727218401
"93351",111,77.6458192930776,72.77524619812,4.87057309495754
"93299",69,62.097554915438,61.5555469312022,0.542007984235754
"94715",190,54.0708168316678,57.5722428216647,3.52823733206869
"94279",79,48.8683390385073,48.9274164081198,0.0590773696125365
"93480",67,67,67,0
"6025",222,222,222,0
"92725",58,39.7501962790852,40.6222630439015,0.87206676481631
"91793",189,103.815202594905,101.108016182737,2.70718641216752
"92724",50,22.5399117267857,21.2990462210108,29.5085274522286
"93323",467,368.608392897592,371.481030697306,2.87263779971446
"95592",204,190.373262333188,204,13.6267376668116
"93294",105,70.9501627940944,68.1307661675851,2.81939662650935
"6274",172,172,172,0
"92723",95,95,95,0
"93147",79,77.6869977041345,71.2940279978923,8.17253798141107
"77391",116,116,116,0
"93364",312,276.137571849425,280.70647634995,4.568904500525
"95309",112,100.114939920111,98.5673857388549,1.54755418125571
"93145",42,41,41,0
"94275",84,46.0155335926657,45.7488601165384,0.429623507031907
"93391",237,166.580511197524,171.905081047715,5.32456985019056
"95310",152,73.9434244697164,76.9655142876315,3.02208981791509
"92325",143,52.7664058944727,55.0906617489083,2.32425585443556
"76961",230,194.783016695948,196.7548534272,1.97183673125206
"94716",170,158.32308738585,169,10.6769126141504
"93731",194,158.239288887112,159.62904157056,1.38975268344765
"94282",98,52.9120332215628,52.0818524261245,0.830180795438315
"95600",190,160.515705480513,161.989305487933,1.47360000741997
"74025",168,152.293923590658,152.629644172909,0.335720582250819
"92309",203,164.307005605046,159.958229098964,4.34877650608188
"90148",129,111.145223263688,109.767656718046,1.37756654564153
"91787",102,82.2582145564027,83.3709292009391,1.11271464453644
"90188",230,212.830605779161,230,17.1693942208386
"93702",122,79.4424441980378,79.4161968057066,0.0262473923311375
"91777",240,195.624114963073,190.683743009585,4.94037195348844
"93295",176,134.564858430333,167.278976414653,39.5157919549057
"94280",86,67.6226926208613,67.8583183674083,0.235625746547001
"95340",427,427,427,0
"91767",153,112.489143507808,113.499367008443,1.01022350063528
"92713",43,23.6485622034968,22.3638926441509,5.54638351584805
"93273",155,102.220180585038,99.4999501148746,2.72023047016375
"90186",62,48.4704085882658,47.866103786494,0.604304801771788
"6325",82,42.6845107749308,40.2659108110084,2.41859996392246
"93409",292,292,292,0
"92731",362,298.119586403653,310.623842635754,12.5042562321008
"77295",324,305.849383868569,324,18.1506161314312
"95598",193,140.657970094966,145.384493633713,4.72652353874775
"92715",87,87,87,0
"95234",187,186,170.324624730214,15.6753752697861
"93320",196,152.889704555081,148.545970565223,4.34373398985725
"91759",542,542,542,0
"95597",209,190.158216634668,191.153187501873,0.994970867204752
"77379",14,8.92121424137964,8.20230007880082,0.718914162578825
"93350",163,134.975119212563,133.655408600585,1.31971061197851
"73500",294,258.489397198894,247.321629879744,21.5134639730612
"93509",206,103.074877941385,97.145370696288,5.92950724509754
"77304",208,208,208,0
"93260",111,62.4384471927566,63.4477227601271,1.00927556737052
"93146",77,67.130491448934,66.6396386567208,0.490852792213109
"91014",126,101.345339236855,93.5840483321031,7.76129090475236
"95316",168,168,168,0
"91022",294,143.908102955011,142.05423937359,1.85386358142123
"93322",20,17.6518142379593,17.6123221672886,0.0394920706706934
"91017",181,181,165.665327565403,15.3346724345973
"92714",49,45.4972362040283,45.5175472142613,0.0203110102330561
"93122",48,46.0357028358399,46.158785675901,0.123082840061095
"93493",191,191,191,0
"93325",127,54.9951810438171,54.6445787823658,0.350602261451212
"95314",137,96.3815748498058,93.0374243200227,3.34415052978314
"93725",212,104.153797447935,112.439108171718,146.304120071459
"95317",197,197,197,0
"92710",68,68,68,0
"73488",160,114.385409808302,107.604434745353,6.78097506294847
"93277",165,165,165,0
"90220",236,236,236,0
"92319",393,301.199881376895,295.260199545781,5.93968183111361
"93510",195,180.908476751065,195,14.0915232489353
"94717",372,171.834416280729,175.854699257117,4.35270844028508
"91013",370,142.628817869147,128.589704224289,14.0391136448583
"93300",76,63.9150552002191,63.0918032806779,0.823251919541244
"95330",480,353.533728218158,359.120257645912,5.58652942775474
"93271",237,160.663495876024,162.006125313762,1.34262943773796
"92729",58,48.8502438215466,50.4079566359751,1.55771281442854
"77412",82,46.3276060418323,44.1492591225474,2.17834691928488
"95313",112,99.2721332921342,97.5097795926997,1.76235369943456
"95226",316,294.348745259991,293.748118572142,0.600626687848766
"91707",683,683,683,0
"95321",137,117.332677116426,114.546073301801,2.78660381462471
"91755",276,170.787218462299,176.626589449977,5.8393709876776
"93272",137,90.0669205194358,91.6043284169182,1.53740789748237
"73491",146,72.3015410894898,68.3919704476309,3.90957064185888
"90151",299,240.235477961971,234.336962186764,5.89851577520756
"7450",212,140.325538462521,144.674534966729,11.9972491696539
"92303",356,317.318545060532,314.421350775746,2.89719428478616
"6021",374,244.829890041257,298.947049953888,55.4056736365263
"93324",52,38.0101814684347,38.2640291674715,0.253847699036795
"90207",251,251,251,0
"93512",247,245,245,0
"93281",282,223.995189449898,223.885175687367,0.110013762530827
"90224",210,165.909533364575,163.093063883284,2.81646948129107
"93125",92,63.4104468818241,59.6852618170176,6.48911552176983
"93327",190,190,190,0
"93148",114,95.3941393310426,95.2850239572454,0.109115373797275
"95228",613,613,613,0
"90184",432,432,432,0
"93268",86,49.407736393394,49.4087750151417,0.00103862174776917
"91706",596,534.497319219706,546.298141531342,11.8008223116352
"95227",32,19.3756959606637,19.409390286207,0.0336943255433451
"94048",318,318,318,0
"92711",119,63.1702982272649,62.9745329330964,0.195765294168482
"93258",77,38.2384155380493,39.8038653931065,53.0823230850676
"92306",406,350.841605239363,339.362050606013,20.5392531783794
"92712",115,82.2749376899239,82.0113753510353,0.263562338888636
"92314",290,270.852666296461,268.370363895823,2.48230240063865
"90165",201,169.205964607124,172.000342424339,2.79437781721523
"92296",78,36.4889932751284,37.8029458726194,1.31395259749092
"93518",169,150.859683480408,152.290398053303,1.43071457289556
"74029",51,28.5421146392959,29.8384184278818,1.29630378858585
"95608",225,151.501159009812,153.244854797709,1.74369578789639
"92720",312,247.851073067643,254.025472066516,6.17439899887274
"93328",513,409.745074861425,413.563497704546,3.8184228431214
"95599",110,62.47180283127,59.8358235926005,2.63597923866949
"93384",158,158,158,0
"93326",119,75.1946212043365,75.1032314125297,0.0913897918068736
"92708",80,80,80,0
"93123",80,55.381778131495,55.2744135387358,0.107364592759169
"95594",111,52.6561262351642,55.1219642064728,2.4658379713087
"93712",121,94.4201602463662,93.3635912788425,1.05656896752368
"95601",101,75.1110412789624,76.1318940154744,1.02085273651202
"90157",86,83.0924698561726,86,2.90753014382736
"77427",167,167,167,0
"93296",89,74.1797721998731,73.855851896328,0.32392030354514
"95595",85,63.0519341464683,64.3598474687913,1.30791332232302
"93499",599,599,599,0
"76951",143,92.0851025281047,93.2529470388947,1.16784451079
"90200",322,322,322,0
"91766",87,57.9095797206027,56.2242080983659,1.68537162223684
"77418",85,54.4754227851764,57.5159020780966,3.04047929292023
"95315",61,48.8995942466519,46.6387975128267,2.26079673382511
"95589",214,214,214,0
"95318",99,10.5334503620026,94.4610029469582,83.9275525849556
"95231",189,126.894407802846,125.473813511834,1.42059429101204
"92709",52,23.0844490439085,23.1049988623694,0.316897693458597
"93396",158,158,158,0
"95331",313,313,313,0
"90192",463,463,463,0
"92323",129,114.754734111755,116.903194611333,2.14846049957756
"95229",118,113.053019677881,113.089254200893,0.0362345230118692
"93141",79,41.7785840300948,41.9432480227415,0.164663992646634
"93149",79,57.90842792239,45.3916083515861,12.517388415553
"93124",41,25.2199009313399,25.4268513939428,0.206950462602962
"93127",92,92,92,0
"93286",153,152,152,0
"95343",162,149.197059574135,162,12.8029404258649
"77401",289,175.667887353938,182.618428968265,6.95054161432747
"95223",78,50.0699738586087,50.053648892254,0.0163249663547629
"94718",236,184.342654709385,178.909103982874,5.43355072651169
"91785",143,97.8164424056835,93.9782028158737,3.83823958980978
"93301",63,51.8253236901541,51.4467667270828,0.378556963071399
"93728",143,77.2064404790291,76.0190812904347,1.1873591885944
"93329",194,194,169.496111646038,24.5038883539615
"93400",194,141.936868136952,144.158534343444,2.22166620649107
"77409",153,112.364338044853,113.834164159332,1.46982611447932
"91799",193,127.991810085011,129.90782444883,1.916014363819
"95225",108,67.7459736484388,66.5296046552016,1.2163689932373
"91779",198,164.650626819439,160.732222974056,3.91840384538258
"92727",468,458.628159472752,377.082334088255,90.2089374843821
"77420",89,61.145421419689,63.252925230466,2.10750381077701
"93143",30,23.0944835200794,23.0142849665213,0.0801985535581272
"93346",178,144.720473621004,141.729843239362,2.99063038164189
"95311",218,218,218,0
"95328",194,173.204942101374,170.162730223309,3.04221187806502
"73482",225,144.395959360823,151.794441484475,7.3984821236516
"94720",260,259,259,0
"93073",118,93.0311022937634,92.7156953012942,0.315406992469218
"95345",242,197.999975301025,192.60650655671,5.39346874431491
"77322",237,237,237,0
"77377",193,193,193,0
"91921",330,224.082251834013,217.639856703977,6.44239513003531
"6273",90,65.5953308092384,64.5246632736237,1.07066753561469
"95333",186,186,170.011850560001,15.988149439999
"6022",214,140.756493297443,147.607331782296,6.8508384848526
"91768",201,201,201,0
"92707",243,207.992512422127,209.063692228022,1.07117980589529
"92706",126,102.656534446815,98.4702598707857,4.18627457602953
"91757",202,157.305815590888,148.746827110245,8.55898848064343
"93367",228,156.560460976819,158.137332903396,1.57687192657698
"77389",202,129.659103589847,130.439416498494,0.780312908646435
"95322",199,179.568007724884,182.055142944502,2.48713521961817
"73461",268,236.138320694779,237.654538123959,1.51621742917985
"95232",704,704,704,0
"91758",256,167.568416943887,168.965368926575,1.39695198268727
"74026",114,104.048946389899,114,9.95105361010083
"92320",91,26.4507886167836,27.3811110007361,0.930322383952595
"93288",299,253.717126547855,248.699979216684,5.01714733117124
"77432",152,91.6310657049628,95.3208875650226,3.68982186005982
"93523",95,95,95,0
"95319",49,29.0345860815849,28.7584965174558,0.276089564129023
"93274",85,67.3241065927259,65.5280393138083,1.79606727891765
"92308",186,170.131970625529,168.737059495809,1.39491112971975
"92705",142,86.3802094199624,87.4898876919126,1.10967827195023
"93331",129,80.1747433428904,76.962052545125,3.2126907977654
"95320",77,73.371883628892,73.4040223142306,0.0321386853385427
"76986",196,120.417454452967,122.091526379255,1.67407192628849
"93291",417,129.539235053236,123.605690834972,5.93354421826367
"93332",103,66.091022430227,66.2690728618698,0.178050431642892
"95218",470,470,470,0
"93126",84,53.5396106150317,53.5259126570856,0.0136979579461592
"93138",42,25.4513382227628,25.4276405126449,0.0236977101179131
"93334",121,87.5224763186921,88.02363958055,0.501163261857912
"95324",201,184.771469614769,201,16.2285303852312
"93717",52,33.1451174090582,32.1941626917108,0.950954717347452
"93285",130,59.6493436740219,55.4537223793759,4.19562129464602
"93393",144,144,144,0
"90158",124,124,124,0
"93330",125,106.018665673901,105.560272318378,0.458393355523478
"93265",80,67.8651560038366,67.2541777971049,0.610978206731611
"77447",166,99.4150780499248,101.439130569995,12.5128665372386
"74020",306,306,306,0
"93270",91,29.8919176667233,29.7148218676942,0.434577895192229
"90167",143,88.6181281311057,86.7862832829639,1.83184484814186
"95334",180,135.837965161974,135.923047749813,0.0850825878390592
"93333",202,134.042312993599,132.257137739462,1.78517525413682
"77296",64,46.1875080131127,46.3366692514054,0.149161238292696
"95351",163,137.511795172304,139.783848165892,2.2720529935882
"93128",86,62.4420502203654,62.0983113434201,0.343738876945318
"91763",253,137.045663351858,138.297478907019,1.25181555516112
"95326",56,38.8170249299401,37.8674243653188,0.949600564621322
"93132",93,75.2894634342761,74.6923595110929,0.597103923183223
"77292",114,101.395069406795,101.982592222719,0.587522815924218
"73468",453,408.160346417702,417.687858108849,9.52751169114735
"93072",66,43.3989747840326,43.7735062028251,0.374531418792529
"93282",124,91.0697355482063,92.113999152337,1.0442636041307
"73486",144,94.6372710221439,96.4357807356709,1.79850971352705
"90140",219,147.63042008267,140.697616875519,6.93280320715028
"93335",87,77.1387982644011,77.5228153976717,0.384017133270623
"76949",142,142,142,0
"91746",146,134.601809185781,135.366031242634,0.76422205685285
"93152",169,169,169,0
"92703",218,185.678148796058,187.26882024547,1.5906714494115
"6271",157,106.966234970624,110.680204517396,3.71396954677166
"93131",21,15.1219111743265,16.6172405605281,2.9771733200254
"6272",85,45.7968830708174,47.0396552405584,1.24277216974104
"92704",241,144.655804412812,139.547549512142,5.10825490067053
"93336",166,147.725375594138,146.442404584581,1.2829710095573
"90218",112,67.3107004608373,68.0266258218178,0.715925360980505
"94719",383,301.683196386335,295.54604284729,6.13715353904463
"95220",446,445,445,0
"95215",515,396.747074591395,387.767316932163,34.3171903605408
"95607",224,224,224,0
"77386",70,44.0722671761369,44.4986923938121,0.426425217675236
"93514",170,112.869438305907,110.326982833663,2.54245547224376
"95221",220,220,220,0
"93347",152,152,152,0
"93691",70,55.1784685391691,54.6341666830921,0.544301856077003
"93302",79,59.2673602821151,59.7510470541873,0.483686772072209
"95590",139,139,139,0
"92702",125,89.6176426053416,90.6479104785407,1.03026787319913
"93289",195,164.77850534093,162.537407477816,2.24109786311393
"95603",182,182,182,0
"95604",143,103.270501015649,104.633211627769,1.36271061211972
"7449",243,202.157329082141,206.401477245905,4.24414816376418
"93129",60,51.7043247279396,51.5505313036095,0.15379342433017
"93074",46,46,41.2706920963901,4.72930790360986
"91784",134,61.07225059454,58.9594858497555,2.11276474478447
"90182",54,41.3352763116613,41.6938257109879,0.358549399326599
"95358",181,180,180,0
"95339",134,115.180599180944,115.204844933749,0.0242457528055483
"93482",36,32.9802588617717,33.5059982197871,0.525739358015409
"95347",369,369,369,0
"91922",410,318.157256744103,320.530769264608,2.37351252050419
"73508",348,318.849755009603,324.081074176788,5.23131916718531
"93275",48,40.6016035920846,40.3802583078473,0.221345284237366
"95353",211,162.6218238315,158.145752309902,4.47607152159801
"93385",238,238,238,0
"95323",203,178.653014603033,198.787938816953,22.1706141209117
"90145",75,75,75,0
"95605",193,167.035670624998,168.136534580673,1.10086395567495
"95591",106,106,106,0
"92316",85,56.87027722717,58.4702597342663,1.59998250709628
"93723",75,50.0267383142253,49.4155841084499,0.611154205775399
"91774",166,166,166,0
"93338",125,118.670125295181,118.550431220609,0.11969407457175
"77320",241,241,241,0
"95587",438,437,437,0
"92315",38,13.5463824061823,14.4409222676609,0.894539861478636
"90203",191,91.945621731499,97.7642364698119,5.81861473831288
"93516",33,22.4955304755353,24.1745269919801,2.43114915622289
"91801",324,289.687418130826,293.274549294826,3.58713116400018
"91752",68,62.4936723002268,62.0033199250316,0.490352375195247
"95312",280,243.508904808505,250.186053637717,6.67714882921254
"92311",294,268.883891022857,265.2493788964,4.17289668078595
"95585",288,183.671991678747,175.26194329423,8.41004838451732
"95335",207,130.361375805269,126.538880477858,3.82249532741191
"90222",142,108.747830367979,106.145819170994,2.60201119698491
"95222",193,29.1596215209014,27.123080872785,2.03654064811644
"91747",262,243.272665068943,240.938488719367,2.33417634957619
"91024",293,231.454721380287,235.975246650273,4.52052526998567
"91770",113,112,112,0
"90194",278,242.472993301915,250.080841828437,7.60784852652177
"93155",457,382.083125024628,382.849729464935,0.766604440307004
"93337",30,30,30,0
"77445",111,69.9500128576817,65.8195450491578,4.13046780852382
"92310",171,164.333746836476,149.486621646393,21.1284077940019
"91764",120,117.607671701718,117.675381551243,0.0677098495250924
"92301",383,340.300293024506,337.307461632877,2.99283139162873
"93369",388,262.887344768578,268.857173700159,5.96982893158154
"95212",135,135,135,0
"93733",208,126.2484994713,128.480284258662,2.23178478736158
"77407",181,110.820113323496,73.0344747382184,106.199544683448
"93341",574,574,574,0
"91021",331,240.869780212162,248.881405369501,8.01162515733947
"93411",501,453.753587427053,460.021844603062,6.26825717600988
"93719",51,32.1565317052651,31.2609429445678,0.895588760697314
"95659",318,195.25773104389,193.206330723997,2.05140031989244
"93075",75,74,74,0
"77309",169,169,169,0
"91027",244,169.742458162947,163.695932112115,6.04652605083175
"93079",72,48.4885270713479,47.5734480479045,0.915079023443403
"93402",218,56.4526855126966,62.8923550021649,6.45293548802615
"7363",522,522,522,0
"93339",212,172.562735997225,170.318323477284,2.24441251994106
"73485",59,42.3769538391815,46.4520552813442,7.86968100919726
"73474",217,142.454422331704,144.827580917577,2.3731585858732
"7448",11,11,11,0
"95329",53,49.8218899831095,49.4418159173097,0.38007406579988
"91754",335,335,335,0
"93156",152,151,151,0
"93158",135,128.883242145604,135,6.11675785439633
"95593",106,106,106,0
"93279",47,34.2578087935331,39.8226000301348,10.0684678093484
"93076",47,45.9569024604958,45.9611937960347,0.00429133553897731
"90154",178,104.064175221263,105.652967271816,1.58879205055349
"92305",728,727,727,0
"93290",164,92.4293121242144,107.690296652009,24.5616379745829
"93071",77,49.8455557907499,48.9610890430065,0.884466747743351
"77378",142,93.499121945375,96.0724970345996,2.57337508922462
"7351",137,123.684864441562,120.579311792605,7.43507861217198
"95360",253,201.597908808146,204.652915229612,3.05500642146589
"95327",223,213.88686985887,212.745057804457,1.14181205441258
"93133",74,38.7161708577164,38.3610489958596,0.355121861856827
"95336",156,111.560947177968,107.700948478321,3.85999869964652
"73481",121,97.1822995559109,99.051814048872,1.86951449296105
"95352",114,32.4470954672268,83.812196608326,71.195595887745
"93284",69,50.9755742524404,50.1573267200161,0.818247532424297
"95205",252,252,252,0
"93280",121,121,112.734565349944,8.26543465005549
"93706",59,42.4324892443099,43.3580300545975,0.925540810287587
"92701",240,120.263383576148,118.53860492023,1.724778655919
"95349",127,114.955809204877,115.919529819836,0.963720614959194
"90215",111,111,111,0
"95378",261,261,261,0
"93278",42,28.8468467574507,28.6217971414864,0.225049615964344
"6323",194,194,194,0
"93070",52,44.1335618527327,44.108273858801,0.0252879939317266
"77385",208,208,208,0
"74024",326,83.9756724744536,90.5757817779207,6.60010930346703
"76957",36,27.6782397981202,27.2508499883001,0.427389809820089
"93517",38,23.3370105276297,22.6997819409383,0.637228586691443
"92699",299,217.222739235825,221.519960438311,4.29722120248581
"91775",138,98.4778585451536,98.06556130864,0.412297236513619
"95217",408,353.45373768965,358.594788398134,5.14105070848489
"95209",206,206,206,0
"93340",193,121.498190011557,117.832416911428,3.66577310012862
"77429",222,92.9441345060669,95.9195414005384,2.97540689447149
"77399",242,217.239335816413,218.350178826165,1.11084300975176
"95366",109,35.9698448473925,32.7275306526801,3.2423141947124
"73487",169,169,169,0
"6336",418,363.532888757845,368.444944759479,4.91205600163361
"95602",138,92.1848214822085,93.6185020795249,1.43368059731642
"93519",147,84.9915327300481,88.5352008139877,3.54366808393964
"93157",206,184.220982993703,181.337741354565,2.88324163913784
"90141",122,76.5034625287688,79.8391784868871,3.33571595811835
"95367",333,206.404986063465,213.244701201805,6.8397151383394
"95325",164,47.2448751438087,43.9392840354436,3.3055911083651
"93344",236,236,236,0
"93342",152,152,152,0
"77341",371,371,371,0
"95202",182,182,182,0
"93153",111,111,111,0
"76985",170,100.868879683467,105.271207180214,4.40232749674648
"77408",162,162,149.501439341873,12.4985606581267
"73498",233,233,233,0
"77369",352,352,352,0
"77286",157,79.032637111483,83.5216470883673,99.9600851182078
"93343",166,130.665387560423,133.557075916097,2.89168835567445
"77301",162,74.330498218948,77.5416662207803,3.21116800183228
"90143",202,134.238274399561,129.853252317937,4.38502208162409
"76950",100,59.5520965684088,61.8610011109295,2.3089045425208
"76963",98,57.4567016123247,58.9328474463683,1.47614583404362
"95342",129,129,129,0
"95208",234,234,234,0
"95338",156,93.3188022405306,91.2275570921444,2.09124514838612
"95357",246,199.370927239811,202.287761408197,2.91683416838614
"91798",136,107.920079911849,107.030610685737,0.889469226111554
"6020",189,154.714213411086,142.436609526379,18.3001045507896
"91797",359,279.577280192603,293.202953311118,13.6256731185156
"93081",68,60.2279132819098,59.8935219841926,0.334391297717157
"92302",180,180,180,0
"95658",69,65.5329232268296,65.0064116996305,0.526511527199037
"93403",364,267.124061324216,261.839599017701,5.28446230651404
"95612",125,76.3390491072828,74.3879200848497,1.95112902243311
"91762",217,106.823370443594,109.012634380816,2.18926393722227
"93159",324,262.590291894232,267.985042511953,5.39475061772039
"74019",193,193,193,0
"93481",14,7.92385061424278,7.86757999983308,0.0562706144097035
"93162",263,263,263,0
"91880",217,217,217,0
"91748",130,115.524220933625,116.414610822505,0.890389888880096
"93345",221,191.334328942398,194.200181561903,2.86585261950523
"95361",262,237.762592453301,234.533290374388,3.22930207891268
"95355",388,333.930811393681,332.342574224733,1.58823716894718
"90216",60,40.3787012189917,41.7825802343393,1.40387901534765
"92700",265,223.88322933782,224.883581227462,1.0003518896422
"93078",41,36.8399328633462,36.5344727313345,0.305460132011677
"91773",38,28.4503738938316,28.7412019867899,0.290828092958298
"93398",274,274,274,0
"90183",166,134.614435858143,141.816681528675,35.3651592279866
"93738",83,63.6987538004735,66.9121911318958,12.0675654141604
"93303",121,80.9070172280246,81.7376764006888,0.83065917266422
"93283",54,41.4493986006775,41.6628896449224,0.213491044244951
"77424",240,113.448741976587,87.1142194862198,27.1393749263437
"77395",168,100.316948145447,95.3935939271126,4.92335421833465
"73483",94,69.6823166168727,71.239915560027,1.55759894315427
"95375",62,56.4856832553532,55.2861427974025,1.19954045795068
"95376",151,112.992466004472,136.481645088423,28.0049512182544
"92307",105,81.3145022241787,83.195016193532,1.88051396935334
"93489",340,340,340,0
"74022",129,92.5623521739823,93.7879723909715,1.22562021698917
"91769",73,71.728170507453,59.5992723581678,12.937060575752
"93513",79,64.6596321708037,65.3157817789964,0.656149608192648
"95188",294,231.336492459482,222.288966698479,23.9984726443169
"93151",138,101.538352338809,100.520746738511,1.01760560029739
"95341",109,82.8689891319476,79.7768744243869,3.09211470756062
"93388",283,283,283,0
"77374",82,47.4054790981748,44.0419612563124,7.21845700364974
"73462",262,209.895710985799,212.890207235788,2.99449624998936
"93595",102,102,102,0
"93740",91,69.7611810120257,68.7111185451256,1.05006246690013
"95348",272,259.861924347011,257.104995698164,2.75692864884782
"95332",87,61.6351303406459,59.2346720149759,2.40045832566998
"77325",75,61.4409450749495,62.853944281814,1.41299920686454
"93370",154,102.757774623013,106.753971493081,3.9961968700682
"7652",161,124.872432904574,122.275329901303,2.59710300327083
"90189",340,340,340,0
"93349",235,166.388509814149,165.844807750881,0.543702063268131
"95626",608,550.780901290156,555.388588574088,4.60768728393208
"93763",121,74.7093161949225,72.8237247552966,1.88559143962585
"6270",132,95.9223001601561,99.2292110748215,3.3069109146654
"95196",315,98.1982170508933,96.0418594601647,2.15635759072859
"91741",455,389.487313262908,384.781211105915,4.70610215699305
"76958",53,18.565501934889,19.5698135614456,1.0043116265566
"91756",331,102.265405865102,178.973997706418,234.69487545262
"95184",215,179.706705193392,182.181609917585,2.4749047241929
"90150",55,42.3420719971712,41.403319563358,0.938752433813261
"77448",73,55.0906744513167,55.211976757143,0.121302305826277
"95193",147,102.198364760419,101.844555649517,7.85391998330674
"95610",64,42.9797509948919,41.3233034881807,1.65644750671122
"93135",66,41.9555065218429,40.999444734807,0.956061787035866
"91749",129,99.7866901336857,97.6359011816429,2.15078895204276
"77414",264,170.527535845496,169.804629784561,0.722906060935634
"90190",271,271,271,0
"93077",107,64.0892767688794,62.9486720564995,1.14060471237993
"93401",291,233.951491358751,231.88360471245,2.06788664630078
"95201",182,168.610387161993,182,13.3896128380066
"93164",194,194,194,0
"95661",295,237.516130584576,233.847944119031,3.66818646554435
"93596",154,142.575536421098,141.447101768395,1.12843465270318
"77444",167,115.642753662643,111.296463162551,4.34629050009202
"73478",96,96,96,0
"76975",105,60.6128577970426,61.2977767582116,0.684918961168919
"95611",133,100.490603822807,102.091972422655,1.60136859984757
"7348",133,107.151887887947,109.368294927162,2.21640703921502
"95204",282,219.662018277473,223.204812084577,3.54279380710469
"73471",337,137.668804538856,144.275608392455,6.60680385359866
"93287",153,106.300457204653,106.563786843775,0.26332963912119
"93600",231,125.983393029962,121.567598974349,4.41579405561355
"95346",153,152,135.795998154909,16.2040018450908
"95596",170,122.486874752329,124.815555134021,2.32868038169258
"95377",94,90.4817960327251,90.5439262348998,0.0621302021747066
"91028",519,81.6519882443398,76.2149162822297,5.43707196211011
"95359",140,66.1227959135908,79.3394624284,35.080723332519
"95213",349,117.83447646987,113.765274685454,4.06920178441663
"93762",177,101.796832468959,105.76052045363,3.96368798467096
"7653",143,71.0402728145701,60.3322721526246,50.5960913280744
"93368",103,73.3040492915134,71.6855812368474,1.61846805466594
"93083",64,49.6478636848877,49.473871390659,0.173992294228674
"90217",134,91.1388628156847,94.6469554779007,3.50809266221598
"73994",166,98.5052829986217,100.173825687292,1.66854268866975
"92783",267,267,267,0
"91879",62,32.6823337040392,33.2648439303051,0.582510226265888
"95344",217,193.583337489271,191.448654431722,2.13468305754935
"95179",341,278.262037121895,281.935636416538,3.67359929464322
"92300",324,323,323,0
"93597",184,184,176.426709132108,7.57329086789246
"6269",209,209,209,0
"77307",199,143.406968886342,146.281496610781,2.87452772443889
"93602",370,265.744515757182,267.988504160818,2.2439884036364
"93080",57,36.8122095434213,36.9540630471546,0.141853503733364
"77328",164,139.465150114151,145.638076639429,26.7463662586588
"90202",279,234.528738826299,241.912148529132,7.38340970283277
"73466",183,166.954777397376,165.106982709687,1.84779468768958
"95176",176,119.621234187351,119.010894429449,0.610339757902109
"93386",102,102,102,0
"91765",136,72.5769034632175,68.8416188626176,3.7352846005999
"95371",130,108.978098328311,112.017503080391,3.03940475208082
"7350",354,354,354,0
"73479",60,31.884373163559,31.3427936401927,0.541579523366331
"95606",410,372.223651121544,375.068874072929,2.84522295138461
"93082",165,19.4342030623339,20.6499955340467,1.21579247171287
"77430",93,70.7462761983963,69.4906194300086,1.25565676838774
"92698",463,356.676619965494,360.50974526046,3.83312529496625
"93160",115,90.7962872046239,92.0928624027798,1.29657519815592
"91739",346,261.966632341077,267.013223637416,5.04659129633914
"77376",128,128,128,0
"92796",353,353,353,0
"7346",133,107.332961361969,110.407988471038,3.07502710906859
"93741",67,31.8311131659173,31.8895579565757,0.0584447906583199
"74016",243,141.526285795458,137.322934535704,4.20335125975421
"93765",57,41.6077468863882,41.0851612298552,0.522585656533037
"93598",355,218.36864239277,212.626449377146,5.74219301562341
"91866",148,148,148,0
"91023",282,260.214656984288,261.002846906484,0.788189922196242
"77398",123,109.902225931642,112.094737776391,2.19251184474853
"95624",144,84.3392834733058,82.3718676755882,1.96741579771759
"73501",290,174.227494653318,178.509209050359,4.2817143970411
"95354",168,65.1320717979448,107.559060500574,100.590557670615
"95619",86,60.2265950562846,58.6431257014129,1.58346935487172
"93136",40,35.9707538233079,36.0450461996941,0.074292376386229
"95337",309,227.653200442506,222.358431259275,5.29476918323109
"77387",162,149.836665343946,162,12.1633346560537
"77288",121,67.678955737921,69.5193100276134,1.84035428969239
"95373",386,235.054737655496,245.388465370541,10.3337277150452
"93362",235,183.541752518023,186.428529249159,2.88677673113647
"93601",61,26.2308303824292,24.3444830630893,1.88634731933988
"93167",151,138.362199505758,151,12.6378004942422
"92304",267,266,241.764991586768,24.2350084132323
"76967",26,15.4631165783723,16.2207943783446,0.757677799972329
"91703",352,253.121243267472,256.696808218066,3.57556495059464
"95617",13,11.7059294640867,11.5684765127098,0.137452951376981
"91878",103,62.1636333900539,60.7165435499535,1.44708984010039
"95364",239,157.350577933984,152.591233671084,4.75934426289948
"93173",455,146.88313952311,141.745147286671,5.13799223643954
"95175",59,33.8605381829089,33.8441788921797,0.0163592907291989
"76984",68,61.0048554964935,60.8920205467506,0.112834949742878
"6268",71,71,71,0
"92792",316,316,316,0
"76959",87,47.7399598345801,45.8011655956768,1.9387942389033
"7658",117,101.926749099789,104.201221233342,2.27447213355262
"77370",215,215,215,0
"93172",135,135,135,0
"74005",121,84.1212383415045,82.6204564095947,1.50078193190974
"95350",204,152.013340904392,147.537840240001,4.47550066439029
"73493",79,45.6015201243373,47.1513303106558,1.54981018631859
"95197",168,123.31568432445,126.251935541473,2.93625121702321
"76948",99,40.4002728668317,42.5135441585679,2.16260148713808
"91868",84,48.2775558731727,46.3340305888859,1.9435252842868
"92412",509,443.415667821739,446.680659424129,3.26499160239014
"93743",50,34.3576180060655,34.2018785312723,0.155739474793233
"93171",159,129.876856243245,127.517199976235,2.35965626700974
"74008",61,43.8412573893919,43.353821066948,0.487436322443891
"73475",292,291,291,0
"95183",88,33.096169536393,30.7028338346265,2.3933357017665
"7647",651,611.784017980185,651,39.2159820198151
"92784",110,110,110,0
"93520",234,205.427858094482,207.700339056735,2.27248096225319
"77441",130,50.553021380206,52.8423250223157,67.9449757122565
"95628",241,240,240,0
"95363",181,90.1529472269493,92.9124404865084,2.75949325955915
"93169",143,115.649620182839,118.57901316266,2.92939297982052
"95185",100,84.7305298363449,82.5974293287653,2.1331005075795
"95615",93,79.8114227901428,79.833661777416,0.0222389872731815
"93599",230,224.556210484112,230,5.44378951588767
"91750",176,133.893048500051,131.388065009059,2.50498349099209
"77394",126,88.5927837359577,85.9985300838019,2.59425365215579
"93603",199,199,199,0
"95177",145,128.194719663609,125.836046377588,2.35867328602134
"95169",337,292.126088123281,282.442778674058,9.68330944922254
"93239",74,40.5320873872992,41.8366239634892,1.30453657619
"93764",78,54.1380116101431,53.2651237951596,6.90441766025971
"73484",210,186.909537669129,188.903250091644,1.99371242251512
"95194",93,72.6075203183272,69.1629216576944,3.44459866063285
"7655",390,390,390,0
"93742",64,53.4015532298862,52.9950677920433,0.406485437842983
"7347",78,61.8113781833873,61.6742419322552,0.137136251132116
"7349",149,99.4688681765225,103.500004476361,4.03113629983808
"93161",142,71.8888278092263,73.1636863887429,1.27485857951663
"7411",396,396,396,0
"77406",196,123.213420110565,128.241513071717,5.02809296115212
"93371",87,87,87,0
"6019",479,377.847257457468,385.364228978963,7.51697152149496
"95173",253,253,253,0
"93154",107,44.7319891673325,45.0836609525741,0.351671785241642
"93522",123,112.821426779924,113.360255666559,0.538828886635446
"73991",189,158.046857481432,160.882764986823,2.83590750539144
"93086",54,17.6061411702189,35.0419683079035,28.6091761904959
"91919",381,224.069670991149,232.210680123841,8.14100913269159
"77431",47,44.5337651772915,44.6018938222648,0.0681286449733024
"95618",28,28,28,0
"6267",99,51.2611238580879,52.5247193565676,1.2635954984796
"77345",289,214.937533548146,221.0810263554,6.14349280725405
"92298",184,162.54343948853,170.741358005739,13.543232958749
"91742",465,141.012184061724,147.568751851234,6.55656778950986
"77333",206,185.414728886943,188.503303045876,3.08857415893304
"93606",220,219,219,0
"90196",371,328.76301843883,337.523112374299,8.76009393546837
"95365",286,184.94057243183,189.32796184815,4.3873894163196
"77284",84,27.649141471712,29.5881644423024,1.93902297059038
"77428",78,58.1009465250546,58.564834661235,0.46388813618038
"76996",73,59.5699301088052,60.8577111446459,1.28778103584067
"91867",576,512.792750820076,515.177504022808,2.38475320273193
"95167",161,128.555904665474,125.703986981362,2.85191768411207
"93739",123,73.7872317473252,75.5842098203848,1.79697807305962
"6335",223,223,223,0
"93604",232,165.05072852659,162.642200513069,2.40852801352101
"93389",91,52.4918177293069,53.5209113511265,1.0290936218196
"95362",103,98.8981800492129,99.2111985657504,0.31301851653742
"76977",39,36.6549267289004,36.7071488967291,0.0522221678286625
"7649",202,201,201,0
"90213",216,92.4401160546632,91.6082441826831,0.831871871980162
"93085",131,72.377969723355,70.8614869858921,1.51648273746286
"77426",103,67.2186274687314,65.0684551887659,2.15017227996546
"95369",578,493.271061688846,501.159618603001,7.88855691415457
"91704",445,319.28951050881,333.62800608134,14.3384955725303
"93766",50,29.8832936864987,29.0623496126132,0.820944073885566
"93395",402,402,402,0
"6266",57,31.9730778768294,32.6650627926087,0.691984915779304
"93607",134,102.286980397897,99.6593078427062,2.62767255519087
"95374",450,276.571288171511,270.081963303776,6.48932486773481
"6018",275,114.774286884075,117.374125919222,2.59983903514741
"76966",21,17.4468761271713,17.5615440574026,0.114667930231274
"95622",123,65.0502543113123,65.76866305145,0.718408740137728
"91025",374,263.019476015231,265.988310010716,21.7808869099499
"6265",113,50.6453597694237,63.6802424693234,79.7876802673293
"93116",67,53.6439221683313,53.3971537148858,0.246768453445468
"76954",45,27.3751514229179,27.8197296850268,0.444578262108891
"92697",383,301.1459368188,305.591950721898,4.44601390309739
"93608",115,115,107.409683238702,7.59031676129794
"91705",231,231,231,0
"95631",293,293,293,0
"93165",106,84.8359977439187,85.6130840702242,0.777086326305522
"93605",117,96.7528715545761,94.623851225526,2.12902032905009
"92404",299,282.402166911302,282.881426401804,0.479259490502336
"74010",159,128.827514151429,130.574189862823,24.0657958934495
"73465",328,301.211120893826,298.796443996365,2.41467689746148
"91753",345,272.759645712005,275.35628531869,2.59663960668571
"73814",244,144.531400797067,150.432477015788,5.90107621872078
"95166",284,221.890544965311,216.163674185038,5.72687078027343
"73477",171,159.504951541987,171,11.4950484580134
"74000",77,59.040318833611,58.3863534610925,0.65396537251847
"93084",47,26.5312984312677,26.079588972971,0.451709458296682
"76971",51,33.2653297812781,32.5685046481164,0.69682513316172
"93609",153,118.915401222248,115.298180186927,3.61722103532133
"73446",420,287.970725512287,292.642361149191,4.67163563690393
"105450",268,268,268,0
"93176",159,20.5941129899643,18.5765845440404,2.01752844592398
"76962",38,36.3426945831251,36.2947373897304,0.0479571933946918
"73499",184,76.853319608112,81.0074267245364,4.15410711642433
"95180",125,107.138546644176,103.812869488999,3.32567715517746
"77522",152,85.2765762158303,86.5315677339927,1.25499151816237
"91915",475,303.371969783769,290.692967214692,12.6790025690775
"92297",62,44.5731452534787,45.5791519630706,1.00600670959185
"77298",168,101.918358533821,105.91579286882,3.99743433499856
"78046",163,86.6402843188405,88.1277789861491,1.48749466730862
"93379",148,86.7550623735305,84.4073915118951,2.3476708616354
"92695",507,102.237574088822,99.9830584908215,2.25451559800013
"93374",98,69.2373128131109,69.016051212122,0.221261600988883
"93610",342,130.88204106319,124.86821594532,6.01382511787063
"95171",89,60.8307911117513,58.5963611515189,2.23442996023241
"73467",207,168.266590537883,165.923713896543,2.3428766413394
"91877",252,174.003282917856,168.114322093933,5.8889608239222
"95356",194,143.574337355038,145.134511217867,1.56017386282946
"93746",133,123.332720500109,123.580174393286,0.247453893176865
"7408",142,42.8087362554522,40.841159951021,1.96757630443117
"95625",144,107.335375764995,104.950654618918,2.38472114607755
"93352",73,41.0210542103005,42.0755126605011,1.05445845020061
"77436",101,81.4127825211908,80.4185234574209,0.994259063769889
"76998",186,102.135606703462,97.4996331669306,4.63597353653119
"73452",150,128.858862591473,130.42785915647,1.56899656499697
"93745",76,60.509753774611,59.6407802209016,0.868973553709447
"95616",223,133.053561894063,136.184350507852,3.13078861378892
"78038",192,156.933943727758,160.317634072604,3.38369034484658
"76982",74,43.5016169984742,42.2730981216256,1.22851887684868
"76953",46,30.0462760406829,29.3458066930844,0.700469347598482
"95368",348,262.994903114607,268.211334056592,5.21643094198467
"91920",528,528,528,0
"93163",62,31.2096459628338,30.9548536038449,0.325097365314169
"92393",182,182,182,0
"77443",103,21.1859495416134,20.8938866424068,0.400528582452355
"73469",129,75.0377365033738,71.7107705264046,3.32696597696925
"95174",286,104.3186812926,100.133181627687,4.1854996649133
"92785",155,155,155,0
"92694",267,165.0487489721,166.41711861863,1.3683696465306
"93168",87,62.1887356635855,61.4073068429851,0.781428820600395
"93175",79,41.2972223860102,42.4520807576032,1.15485837159306
"92299",107,107,92.8027805648689,14.1972194351311
"73822",74,40.8157618717006,41.6171936757195,0.801431804018843
"93240",108,63.1419024925264,61.6600899637931,1.48181252873327
"93767",84,84,84,0
"6264",28,21.6632967024969,20.9879535507995,0.675343151697467
"93180",197,178.14430793901,182.133316533021,3.98900859401067
"73816",42,21.9228861735366,22.3046105704307,0.381724396894117
"77514",130,70.132742131187,67.8847428865146,2.2479992446724
"77340",167,86.5178384586027,83.3464204774162,111.684619476277
"7409",140,87.6972235538478,84.7485410811916,2.94868247265613
"92735",401,387.135669826514,359.572051936813,45.4845015902996
"93408",428,52.6874345127466,47.8839728485083,4.8034616642383
"91863",243,25.1644302863994,38.4822203982761,31.1385210156761
"76956",51,51,51,0
"6337",231,231,231,0
"74003",76,75,75,0
"93166",61,48.9971846872114,49.4971352583157,0.499950571104278
"6263",114,104.245501449537,103.274007588712,0.971493860824819
"93088",62,44.9322357976761,43.655864221529,1.27637157614709
"95629",105,96.6013234821964,105,8.39867651780357
"95199",406,243.158440259042,234.938739196437,8.2197010626044
"93412",529,529,529,0
"74006",36,36,36,0
"73495",216,216,216,0
"95613",335,231.516653385964,235.472905777661,3.95625239169771
"91430",315,258.260184734888,68.938515260413,212.377343399585
"74017",98,63.6446059454256,62.3161681878226,1.32843775760301
"93614",132,74.7217714636828,77.2634780954571,2.54170663177428
"95623",95,76.5389861419539,75.2633783253549,1.27560781659906
"73472",289,268.715705126898,289,20.2842948731016
"7648",191,191,191,0
"77439",67,54.0555507731709,52.3651791141347,1.69037165903616
"91738",195,145.932410658181,152.041544697068,6.10913403888741
"8243",194,148.756426586075,146.617093793761,2.13933279231407
"95159",165,96.2495200566894,98.6770511758973,2.42753111920788
"93611",218,210.739364316664,209.338155685783,1.40120863088168
"78019",203,203,203,0
"73459",59,52.0525671537986,51.5368596479279,0.515707505870678
"76992",61,61,61,0
"91865",279,81.8537068997688,74.4551332410805,7.39857365868826
"77287",66,41.0602506650487,42.0861709880805,1.02592032303184
"95160",209,189.692076985859,193.73504092711,4.04296394125056
"78061",87,58.439509055394,57.1561500686151,1.28335898677895
"78044",117,61.7087125166868,59.1608474747494,2.54786504193736
"93744",56,51.8013276507372,51.6488627054481,0.152464945289122
"92693",293,200.656853881916,202.114785780806,1.45793189888963
"93184",203,203,188.535045331782,14.4649546682181
"95630",171,108.499086957506,104.286777778664,4.21230917884211
"77289",58,44.1074583562834,43.1837173506565,0.923741005626969
"77321",212,212,212,0
"95164",94,53.3299082582825,56.3160127025616,2.98610444427912
"91699",185,99.7916569740886,102.049618689037,2.25796171494821
"92405",175,175,175,0
"76964",42,23.8546804016673,23.5861853901715,0.268495011495824
"7410",225,225,225,0
"95639",237,167.543623077074,171.80672915223,4.2631060751557
"94052",340,281.666549178279,283.126424668832,1.45987549055211
"93355",190,132.821662024112,131.924530725951,0.897131298161483
"77538",123,91.0725486986316,92.7730301642814,1.70048146564971
"77332",200,200,200,0
"93613",163,59.2931443611762,56.0683251883793,3.22481917279693
"93768",94,71.1586780748181,70.0952360380329,1.06344203678521
"93087",128,89.755279113403,88.9587965506049,0.796482562798105
"92397",319,319,319,0
"93363",268,124.00891397153,126.404279234942,2.39536526341159
"93178",176,101.603269796152,103.409860486628,1.80659069047617
"93399",168,33.7084469885317,137.42699607794,113.458761128286
"93521",328,328,328,0
"93170",80,60.9464932170941,60.7505103051038,0.195982911990323
"7650",281,281,281,0
"93612",106,78.7572058866565,76.9827775297012,1.77442835695539
"95172",98,84.8792162473571,86.3669597033994,1.48774345604223
"93615",279,233.03659730954,90.4934255093669,167.107284516557
"91745",198,126.57864052148,117.44378750167,20.2524041526874
"8313",219,208.081303344784,208.23871647911,0.15741313432626
"6016",199,124.935008910822,193.847997888657,70.7396259869513
"73496",154,137.042545616083,152,14.957454383917
"76955",43,30.2222153506042,29.8173712824338,0.404844068170377
"92409",158,158,158,0
"77313",103,71.7175437480768,71.8066924113548,0.0891486632780244
"73447",126,97.6922716442944,96.6620793694401,1.03019227485427
"76980",157,87.644337247643,85.3047971703954,2.33954007724763
"8238",129,104.887266464611,102.113511021036,2.77375544357443
"93183",88,88,88,0
"92696",359,359,359,0
"76974",62,51.280638230207,15.3403948783468,44.0000144405437
"92690",471,332.958525449286,333.671045979134,0.712520529848029
"93093",24,17.4973563202093,17.433138607059,0.0642177131503323
"77527",110,95.301709877087,93.9704896327184,1.33122024436864
"8237",74,49.5142628364391,47.7030692610394,1.81119357539969
"95621",217,123.838026742834,119.393815190755,4.44421155207874
"93376",109,80.455682981323,81.4235629426522,0.967879961329245
"73817",51,22.3190663050399,24.1356790640258,2.57764063700167
"77533",48,40.0697785500989,39.6617012762476,0.408077273851278
"91700",328,193.911329548688,206.857450135343,12.9461205866547
"74001",77,65.997204341086,65.8479199497496,0.149284391336404
"76832",264,240.042208905722,242.532113448149,2.48990454242733
"73812",133,43.9720668928078,46.2942111356178,2.32214424280991
"93747",77,64.6666189659397,63.735662825824,0.930956140115684
"93090",22,15.1707589630534,15.102430820284,0.0683281427694377
"90206",391,391,391,0
"6338",473,473,473,0
"93770",92,70.1483659429554,70.2005294782114,0.0521635352559632
"92392",132,132,132,0
"77077",81,56.5499233757053,55.8355780781418,0.714345297563567
"92786",234,200.095454214414,204.779809052505,4.6843548380908
"91432",229,158.352333279914,158.311435702638,0.0408975772757301
"77518",30,23.8271058727686,23.4969448236289,0.330161049139705
"92410",374,325.909088090571,325.732487358341,0.176600732230578
"77293",152,58.5679411167106,61.0607052318679,2.51785100192314
"74012",106,87.5165198319596,22.3124198719536,71.5804803125175
"76952",67,50.2850884794273,50.1499566867807,0.135131792646643
"76972",21,18.7076618801842,17.9442471316644,0.763414748519767
"95627",215,146.608483296147,149.263490409664,2.65500711351712
"77508",164,108.659739393422,105.561797447506,3.09794194591603
"76989",93,51.1024785671115,50.1807487857105,0.921729781401047
"78040",65,65,65,0
"93179",88,47.7593249859711,48.9456126751151,1.18628768914399
"92691",312,136.354422411465,178.31980615773,132.040888409547
"92810",158,158,158,0
"93748",50,36.63559166176,36.1363445675705,0.499247094189561
"77090",136,98.022184978963,99.0027321675,0.98054718853702
"78023",103,85.8129177078936,84.9277861734328,0.885131534460742
"93187",161,34.4620326263102,32.3116620390108,2.15037058729946
"95187",313,270.616879161903,271.935980521896,1.31910135999288
"91751",363,336.493683454934,341.673775577505,5.1800921225707
"77338",157,157,157,0
"73333",440,266.666523565533,253.43593871991,13.2305848456226
"91861",153,87.2694556848929,88.6742072785653,1.40475159367239
"93241",81,66.8475464215137,66.0530234439447,0.794522977568977
"95657",94,75.6531480030392,76.4323640651006,0.779216062061351
"73489",234,161.257418214424,169.402719077978,8.14530086355349
"91864",71,57.4815857863481,58.3252327556447,0.843646969296679
"77499",56,36.2948238238393,34.8051034266632,1.48972039717608
"95633",92,69.7500422870746,70.4528824891779,0.702840202103294
"105452",120,70.771718121308,74.4510211658587,3.67930304455079
"93177",92,49.6670015588479,51.1583512295331,1.49134967068518
"73451",64,52.2625796645284,51.4968052207694,0.765774443758974
"77283",50,25.7315096249335,28.3514245705508,2.61991494561726
"76960",62,40.7505615644475,41.4168755714682,0.666314007020649
"93621",269,206.79019512495,209.75336940563,2.96317428067998
"91916",159,103.427593176425,102.369202391336,1.05839078508869
"76965",31,22.3680980257396,22.1579719602476,0.210126065492022
"94051",468,405.991067026677,408.900255819451,2.90918879277401
"6262",93,59.7140825093136,58.5944986026344,1.11958390667917
"6261",247,204.168655315544,207.942477074887,3.77382175934331
"73476",480,480,480,0
"91702",155,96.9765238180983,101.938466509948,4.96194269184971
"95638",148,112.965416810475,110.991028847717,1.97438796275784
"78030",120,58.1564075330879,59.2613119491106,1.10490441602275
"93089",74,46.3575426310067,45.7085791806362,0.648963450370519
"74002",62,27.165875327111,26.351663049303,0.814212277807947
"7657",252,252,252,0
"73328",330,268.967356287638,264.613080481884,4.35427580575315
"92689",330,216.313060289642,222.977606934436,6.66454664479426
"77502",77,46.796917143658,47.7204686221025,0.923551478444517
"73460",419,59.1785320845964,411.167414054464,352.120043573422
"93397",249,249,249,0
"7654",194,194,194,0
"93174",47,10.4533222713612,32.7591066240298,28.8328852493758
"93096",43,39.4294252034138,39.1625418997107,0.266883303703122
"77303",79,50.91233477241,52.5473161568697,1.63498138445974
"6015",409,396.280272985224,393.538139884606,2.74213310061812
"95163",314,247.779531578888,253.060407269492,5.28087569060337
"93094",50,32.6662848706488,32.1393339636991,0.526950906949803
"91427",193,121.877873913996,72.9793311919505,100.908070390258
"77348",97,72.2419820595313,72.8926010884401,0.650619028908778
"76976",44,23.1663341987711,23.8917700641114,0.725435865340356
"77096",163,163,163,0
"95155",254,39.8752629809138,37.4259613016749,2.44930167923891
"95370",301,262.753874402276,267.733012939805,4.97913853752803
"73617",381,280.076476534624,274.40626658048,5.67020995414379
"92687",126,82.6377004392088,86.2851562124207,3.64745577321201
"92692",324,225.654947746382,217.592805935207,8.06214181117423
"8236",157,91.1837099826042,96.4311900579187,17.1189927072163
"93185",120,120,120,0
"78017",130,65.5050679828151,67.128567486245,1.62349950342992
"93188",153,19.4114243840449,134.285469896601,116.820063600643
"92400",186,184,184,0
"77539",32,21.2832089410569,20.5889447542043,0.694264186852592
"93092",83,59.8439179609376,59.76761835823,0.076299602707578
"91428",201,126.58905376803,124.887476226462,1.70157754156868
"93617",82,66.7902145076837,64.7026350824754,2.08757942520837
"76829",253,253,253,0
"93199",215,59.7851998966939,59.2233758218732,0.561824074820682
"77081",57,53.8012821413815,53.8512079628186,0.0499258214371043
"95372",138,128.670443905937,138,9.32955609406286
"77528",34,23.9036665603862,23.4373024901663,0.466364070219828
"91912",207,94.3570571042508,96.848658796381,2.49160169213019
"77073",84,51.5221922586081,57.4690548504046,5.94686259179658
"73808",147,86.9876632536954,84.365322089702,2.62234116399339
"76983",63,53.8782935359563,53.2812924778795,0.597001058076764
"95640",32,24.9834204079004,25.5750030654392,2.95483287306693
"78055",102,77.4579693999196,76.8315463335062,0.626423066413456
"78035",140,119.318711111964,118.194250619195,1.12446049276855
"93769",101,58.6304701753109,57.5087607683679,1.12170940694302
"92407",162,162,162,0
"95614",197,166.790828049215,171.182858692546,4.39203064333032
"6017",180,180,162.785343414712,17.2146565852884
"77106",84,61.13513908369,60.9998555133253,0.135283570364656
"73995",119,106.458156690012,107.785949309552,1.32779261953949
"77359",161,125.866739403624,127.091944706399,1.2252053027744
"77122",114,104.784426653276,105.31641082732,0.531984174043332
"92394",136,136,136,0
"73821",135,135,135,0
"93771",82,49.7312558987017,48.5905629040605,1.14069299464121
"77517",140,70.9170211862503,82.6635606293839,11.7465394431337
"93181",179,116.794490736584,113.54539191862,3.24909881796411
"91744",156,123.664727493976,127.81040630899,4.14567881501439
"76994",96,55.142702112762,53.5807790432869,1.56192306947507
"93190",67,18.5678443058654,17.2731783805481,1.29466592531729
"73811",116,89.6844698398918,91.9485982673268,2.26412842743504
"105453",427,389.288256929447,394.931242228361,5.64298529891339
"91688",409,274.527965702562,245.223649232917,132.372464597368
"91860",195,195,195,0
"91429",92,74.4068764016655,76.672499065447,2.26562266378156
"93372",342,254.456134568182,251.851248360228,2.604886207954
"77088",76,51.0673125087507,51.605490182555,0.538177673804293
"92686",338,228.811114553396,228.161809129779,0.649305423616785
"95636",151,103.588400341129,107.31651246475,3.72811212362163
"105454",126,68.8175437680645,65.4052044269982,3.41233934106633
"77290",266,244.125329566365,266,21.8746704336349
"74014",92,76.6804496540414,77.4642891823599,0.783839528318516
"93358",156,144.341560065253,144.848854737701,0.507294672447252
"95170",103,79.2919472602462,79.9513279076072,0.659380647361055
"92734",200,93.1841130371131,176.545651451211,97.8211297240314
"77326",90,69.6268157102833,70.7273066814423,1.10049097115902
"93772",101,81.0890897771695,80.5070960279515,0.581993749218019
"74009",79,50.4074239097958,51.898004966443,1.49058105664717
"76987",73,46.8239004180171,46.139211068988,0.684689349029077
"93139",88,67.3755380172039,66.4068590818808,0.968678935323064
"76970",64,61.273393105618,23.3028536937646,39.3957098689898
"91918",172,67.3337281467532,72.3626186410728,5.02889049431958
"77308",53,39.7433819759028,38.9419891969333,0.80139277896955
"6260",87,72.2125390744035,72.9306968495988,0.718157775195321
"93200",221,221,221,0
"95151",198,43.0881687050709,40.7932151080666,2.29495359700421
"93773",108,75.5880489094432,74.578234636639,1.00981427280426
"6013",166,111.987097981118,109.871894563012,2.11520341810608
"93242",97,73.8595302655109,73.32360277015,0.535927495360833
"102940",94,60.767062414045,60.2035094948321,0.563552919212925
"93407",298,188.076305537036,195.232019566125,7.15571402908853
"77318",41,33.0079908630843,32.5910256402162,0.416965222868106
"91736",304,203.436304443261,207.096306845372,3.66000240211028
"105456",365,258.033137022496,264.563123039435,6.52998601693842
"93618",182,162.321575604602,160.844952113132,1.47662349147058
"77535",48,38.9446896197178,38.7477862254753,0.196903394242592
"91740",206,85.0488989872877,60.9079114404798,24.9523087051398
"93198",95,92.6275496679121,95,2.37245033208787
"91433",79,49.0870778910128,51.7249521715632,2.6378742805504
"73444",213,89.2395256740436,88.8785624632186,0.360963210824965
"91875",106,61.1767560255763,59.3013373479649,1.87541867761142
"91426",75,68.1291349489551,67.8054725310465,0.323662417908535
"94055",436,436,436,0
"76968",13,9.52515768633361,9.39128961824721,0.133868068086398
"93095",39,32.145051798403,32.1095404393102,0.0355113590928069
"95634",182,120.538175264501,122.113311696394,1.57513643189249
"93619",195,128.253271521686,130.535452563733,2.28218104204638
"93097",74,70.668671966277,70.5646879460844,0.103984020192585
"78016",92,51.7545271073964,51.6017358453713,0.152791262025111
"73997",56,50.1315583479397,49.9964840828268,0.135074265112864
"93195",166,125.617509596354,122.646793101162,2.97071649519153
"92685",112,100.920717377166,103.775949339818,7.37784320794828
"95660",141,141,141,0
"77337",110,75.3644589004602,75.2932507613315,0.0712081391287047
"93182",58,40.3822432206887,39.8818546452755,0.500388575413225
"91425",107,90.9049544229942,91.1612751175063,0.25632069451202
"76973",21,4.12516547678825,4.18346062536849,0.0582951485802398
"77373",293,227.546535763171,230.17035578521,2.62382002203897
"92807",244,244,244,0
"73688",148,138.939304050617,137.898165353816,1.04113869680093
"73463",460,420.581462551725,416.730154042626,3.85130850909867
"78022",94,69.7273057901839,68.2131312316061,1.51417455857785
"73332",205,173.549134699098,169.739026437185,4.72165976056277
"93620",156,114.350174610218,118.456404312758,4.10622970253979
"93091",98,65.4770043000021,64.6671692730198,0.80983502698222
"95644",119,62.2480319233392,63.7319233525965,1.48389142925734
"91698",212,132.601653671017,135.037929362891,2.43627569187375
"95203",141,81.1389754568075,84.2663297641835,3.12735430737603
"77070",27,22.1253322603754,22.4585927631536,0.33326050277822
"91858",213,177.735328142005,179.15025893789,1.41493079588535
"105458",202,140.105195451911,134.136705827982,5.96848962392966
"77067",77,67.0979353466448,66.5124167289137,0.585518617731094
"93774",36,28.5159109165284,27.8785161161912,0.637394800337164
"92446",259,259,259,0
"92399",87,87,87,0
"105451",246,226.918629316573,246,19.0813706834265
"91914",304,233.59247814241,229.234190310046,4.35828783236398
"77520",32,20.0685098306908,20.1533264135809,0.0848165828900388
"78056",113,88.2386300694102,87.2840194019776,0.954610667432567
"95178",260,182.995103459101,182.368980868362,54.3280150207344
"8148",435,231.190225950314,245.449767690495,14.2595417401814
"92812",250,250,250,0
"93392",142,110.477796548335,113.650487809068,3.17269126073254
"91848",140,118.387346904958,121.530068617276,3.14272171231792
"102941",182,8.05876333951388,8.75664839619135,0.697885056677469
"77285",77,57.6040656141886,56.2787070717516,1.32535854243697
"93100",60,28.1190012061822,28.7985413052052,0.679540099023027
"77113",51,41.7236296356005,41.4561149552298,0.26751468037075
"77510",111,100.476647153752,111,10.5233528462484
"73801",364,252.109341010838,256.115477199364,4.00613618852632
"73988",62,6.52721508091156,7.02471489396951,0.497499813057954
"95152",237,140.359150813656,137.39346551286,2.96568530079593
"105455",281,249.240725026331,253.219043491667,3.97831846533551
"77315",62,52.6581914843145,52.4341214355276,0.224070048786914
"73992",78,59.2701281181844,59.0914593206728,0.178668797511595
"91859",112,98.9535957004175,101.181627309859,2.22803160944139
"92797",343,343,343,0
"93375",257,95.4281967317624,97.6870984004284,2.25890166866603
"92408",246,232.393591617803,232.996585630699,0.602994012896145
"92683",91,91,91,0
"76979",194,194,194,0
"91873",178,130.62158745244,130.003017265574,0.618570186866778
"92390",146,146,146,0
"77299",149,87.1386511691196,88.6055714625931,1.46692029347351
"93186",29,18.0369224921429,18.5894223812241,0.552499889081159
"91874",48,28.1944545022357,29.8680716291993,1.67361712696364
"73450",405,377.221455203579,374.591681074839,2.62977412874058
"92402",215,215,215,0
"77082",43,24.1195603953441,23.6128601365779,0.50670025876618
"95156",173,94.7338760762542,98.2570405875278,3.52316451127363
"92684",216,197.939641209636,196.534078516337,1.40556269329975
"77543",64,49.1156437201906,48.4419401540977,0.6737035660929
"95632",281,207.455074117043,209.864944418365,2.40987030132208
"93625",327,231.170802476923,231.373064052826,0.202261575903675
"93099",49,43.1125276560964,42.5585614674102,0.553966188686156
"77529",58,26.2037617084974,27.3454824445924,1.14172073609509
"95153",210,154.778755583179,159.246396197239,4.46764061405995
"93192",130,81.3148605851788,85.0216972639706,3.70683667879184
"91903",212,100.050273600169,92.185076889209,7.86519671096029
"76995",90,61.7491038034265,61.0911893086792,0.657914494747347
"95651",215,215,215,0
"76812",214,158.238782258547,163.038400357982,4.79961809943533
"78028",87,77.4127374789493,76.6674886160367,0.745248862912587
"91856",244,163.618598093818,166.06640898053,2.4478108867119
"77327",92,63.9209488363533,61.9996070320198,1.92134180433346
"93196",150,87.1310387882104,84.5268974281169,2.60414136009347
"77349",253,219.221220840224,221.920595375552,2.69937453532815
"95162",131,87.1642252803327,86.867064168019,0.297161112313701
"77120",57,43.6382411286174,43.1275548676188,0.510686260998546
"91898",477,333.94741529025,346.951102382512,13.0036870922622
"76993",126,125,125,0
"93749",117,83.1753012885446,81.4954206957466,1.67988059279794
"77104",84,39.4170088902171,39.6843012368575,0.267292346640359
"95635",183,105.298791542115,106.772584678208,1.47379313609279
"77507",94,66.1415792439769,67.044983029149,0.903403785172064
"92688",342,245.184344115528,236.884004165152,8.30033995037526
"73779",182,174.508165327568,174.55246412791,0.0442988003411827
"93208",89,89,89,0
"95620",308,308,308,0
"95161",134,102.270336943508,100.604182760237,1.66615418327181
"94054",324,324,324,0
"95168",199,115.95767699644,119.074876539424,3.11719954298382
"6324",52,52,52,0
"73815",166,166,166,0
"92411",299,271.395705612026,299,27.6042943879741
"7407",179,123.314429983021,128.261236405046,4.94680642202516
"73794",307,198.944393232625,202.409232349761,3.46483911713662
"74015",63,63,63,0
"77319",59,59,59,0
"93243",76,61.5884846619916,61.120694026123,0.467790635868556
"95652",110,90.3119473369928,91.3984386426403,1.08649130564743
"78032",179,145.371004181795,149.729562070403,4.35855788860841
"91424",63,40.0368914254159,40.5208843522293,0.483992926813442
"6008",86,74.6550617242705,86,11.3449382757295
"95645",76,45.2708871742084,44.7475281495865,0.52335902462182
"93098",41,20.8663530435521,20.3485550736166,0.517797969935482
"6012",298,298,298,0
"93189",75,55.3753837346724,54.8177721537942,0.557611580878195
"6014",176,176,176,0
"73781",124,68.5578608661043,70.3146052682979,1.75674440219355
"73809",113,65.4714203433703,66.7004925642672,1.22907222089693
"77078",28,13.0731230274386,13.2683497315451,0.195226704106469
"105459",220,220,220,0
"73998",130,130,130,0
"94050",195,195,195,0
"77311",243,243,243,0
"73470",277,236.523120824059,243.983834142744,7.4607133186847
"92682",164,140.508904641225,141.871871473468,1.3629668322439
"93191",43,30.4417312400015,29.9385091336635,0.503222106337978
"77094",190,190,190,0
"73798",171,109.99070928791,107.559264252738,2.43144503517224
"95643",74,68.6673170280016,68.1843794076579,0.48293762034379
"91917",373,373,373,0
"7656",194,171.013710861094,173.803856969135,2.79014610804135
"78041",96,53.1485355506322,52.1152994744224,1.03323607620984
"92805",385,385,385,0
"77521",84,57.8991154043414,58.556050934906,0.656935530564649
"102943",192,142.484800673893,139.803421758918,2.68137891497494
"78054",17,11.6775326466712,11.2850654951718,2.73411169398281
"74007",55,28.9411863202083,29.9701482856664,1.0289619654581
"93203",101,87.7148256819494,86.084607479187,1.6302182027624
"91854",175,175,175,0
"91743",315,190.917345569813,184.268279478342,6.64906609147137
"91431",163,163,163,0
"77294",61,41.1727284362753,41.0311266289161,0.141601807359204
"76787",184,184,184,0
"78045",132,111.285735052668,110.797163279794,0.488571772874628
"6010",149,139.586262688707,138.494314961415,1.0919477272919
"93387",102,102,102,0
"77346",154,121.863521619265,117.230113271712,4.63340834755214
"77116",71,65.4946479431393,65.6027092333134,0.108061290174084
"93394",369,369,369,0
"6259",37,24.2489148425547,34.5168937464977,12.0250785109235
"73473",580,580,580,0
"77087",71,65.0902710966273,65.2682884533868,0.178017356759498
"73331",203,203,203,0
"92679",217,192.327659530633,193.655529712049,1.32787018141608
"73610",329,329,301.798827772021,27.2011722279788
"73327",325,293.587620616703,294.555063854561,0.967443237857784
"93751",106,77.4187671442933,77.6268889096607,0.20812176536738
"73635",87,69.7005197930283,69.8156001319949,0.115080338966643
"78058",112,96.9784536259469,93.8495446255618,5.13364574282799
"93357",154,99.703072745055,100.823039029403,1.11996628434818
"77072",19,15.3725647892993,15.3906420809896,0.0180772916902678
"6256",366,310.149102521716,302.081114083218,8.06798843849813
"73993",57,51.3866518092955,51.4107892449896,0.0241374356940856
"77365",100,64.2350200469972,61.3263798567637,2.90864019023353
"73681",153,140.008517160224,138.835200689785,1.17331647043894
"92398",150,150,150,0
"73784",149,103.278339210712,100.712594600223,2.56574461048945
"92681",134,134,117.905806747344,16.0941932526559
"74011",59,43.6691734807347,44.7241260050548,1.05495252432009
"91423",239,216.17511912835,214.3402516368,1.83486749155019
"91857",246,143.61235358086,110.200393481549,102.816620043602
"73455",287,259.674755090875,257.202003348321,2.47275174255396
"93215",451,180.419322101198,178.369488047738,2.04983405346001
"76990",75,44.7541771287631,45.3730334246529,0.61885629588986
"77501",95,57.1186211315225,57.8789366651517,0.760315533629242
"92678",44,39.2367767347412,40.737376642445,1.50059990770374
"91871",33,33,33,0
"91683",223,45.1532488146595,124.838742973063,109.110369945675
"78047",97,52.5826682677869,53.595658301726,1.01299003393913
"91908",265,265,265,0
"91697",153,74.4744554488043,84.0719922646165,70.6189786126564
"6258",210,165.918533272919,162.57432311219,3.34421016072814
"93103",78,66.4931506404103,66.0043363178458,0.488814322564447
"93366",105,68.1145195947826,69.4203250181946,1.30580542341197
"105457",262,208.773017151217,209.452629138948,0.679611987730783
"77530",85,38.1865179632719,39.891622141888,1.70510417861604
"77329",33,16.6220793477944,16.9561959721069,0.334116624312505
"93750",98,90,90,0
"93207",153,111.595541634043,113.646098637459,2.05055700341676
"7662",165,131.89917245368,135.761001684632,3.8618292309515
"92677",178,92.1210450648078,86.6909911715095,5.43005389329829
"93622",189,164.550696577505,161.188541185259,3.36215539224668
"93101",64,43.2372901799946,42.6173938833252,0.619896296669377
"77130",76,43.8646500597927,42.8517656228098,1.01288443698289
"91870",72,72,72,0
"77302",44,36.7881631794485,36.3851852741772,0.402977905271268
"77193",86,50.3696519630055,49.2670074289358,1.1026445340697
"93206",72,54.5755042816663,53.5182275986799,1.05727668298646
"93752",115,107.063736347794,112,4.93626365220642
"93214",86,86,86,0
"95157",216,174.985515758981,171.840052712503,3.1454630464775
"93378",133,119.064302960415,120.815849556405,1.75154659598971
"91846",238,238,238,0
"6257",41,29.8272360624035,29.8732160630515,0.0459800006479463
"73456",168,168,168,0
"91691",298,184.893627033448,235.441934146883,77.3951450809916
"93623",315,308.403551525639,308.69929695925,0.295745433610998
"95642",138,79.8739726673216,77.9538188738967,1.92015379342495
"93193",62,51.8194143014164,50.2475260689642,1.57188823245222
"95181",286,223.985260908055,227.006184446014,3.02092353795897
"73820",114,28.6067621836984,44.7239722922997,16.1342908635431
"95647",68,53.5029426049442,52.5973950005558,0.9055476043884
"77297",35,35,31.1268601504,3.87313984960003
"94053",184,109.735753026974,111.625660343149,1.88990731617528
"91687",327,262.829692998906,259.540762631719,3.28893036718686
"91851",175,97.1956642754766,98.9199285810678,1.72426430559119
"93102",87,78.935498059172,78.7614634633722,0.174034595799789
"73464",318,304.340609224349,302.370865772087,1.96974345226207
"76789",325,325,325,0
"77537",68,55.4078863717977,54.8485240489968,0.559362322800938
"77511",165,150.463991663322,147.132580403713,17.4131462542795
"77084",60,50.6423932523013,50.4013790206393,0.241014231662012
"95654",119,105.696659060919,108.036002790949,2.33934373003006
"93226",241,241,241,0
"92675",115,100.648647847582,100.050725333813,0.597922513769119
"93406",454,454,454,0
"91872",122,107.175711126257,106.7743752843,0.40133584195716
"92401",100,38.2145846948603,38.1672287358,0.0473559590603336
"77068",49,5.26096626670939,43.8339293485182,39.9563105084195
"93194",96,58.9766963998527,57.7467545899079,1.22994180994478
"92413",218,218,218,0
"77316",71,43.0836903252125,42.3732569159632,0.710433409249271
"93105",84,55.9245493229713,57.3673741356737,1.44282481270244
"77079",39,20.997402573555,21.2321917373365,0.234789163781536
"93211",144,92.2256700310276,88.9584776253321,3.2671924056954
"73813",52,27.7664783989455,28.4913284788944,0.724850079948822
"77108",116,53.905485433586,52.4609971344913,1.44448829909471
"78024",68,42.5246864748255,41.9120782942798,0.612608180545747
"91852",28,24.1758426416637,23.5751396579371,0.600702983726582
"91911",41,24.7054598006095,23.6101040791119,1.09535572149761
"92406",290,282.03658366352,281.783050826446,0.253532837074364
"93414",157,157,157,0
"73689",361,287.976325251543,284.958560607688,3.01776464385567
"78043",102,66.937121633572,66.7650263372179,0.172095296354092
"102942",297,286.949427441043,296,9.05057255895681
"6005",204,204,204,0
"91695",290,290,264.525763287836,25.4742367121642
"77137",108,77.8722373601523,77.1047898997767,0.767447460375544
"93142",72,25.6378863093086,25.4379085817747,0.350873511810527
"91909",123,78.7311820180985,77.4592895190435,1.27189249905505
"91913",223,48.0221523881092,45.3951730630335,2.62697932507569
"77351",79,52.0884276272387,17.3046839447302,56.8333963464147
"91681",163,102.295189056066,105.859201896538,3.56401284047175
"93204",109,89.9263217866967,88.6168777412282,1.30944404546846
"73330",280,221.63947947083,218.45533087111,3.18414859971946
"92445",143,88.0201391528969,83.6559857480253,4.36415340487158
"73622",147,147,147,0
"93238",67,59.229462573338,58.7517365432553,0.477726030082662
"77344",215,194.032748035193,197.778950461469,3.74620242627636
"78052",132,95.9882432755325,112.141592775858,31.7689728629611
"77306",147,125.379822724496,124.412576856433,0.967245868063816
"6004",276,275,266.332215761599,8.6677842384008
"7660",268,185.187163143232,190.002226548976,4.81506340574423
"92673",207,114.411273629536,156.732900702661,61.7695968936272
"77117",86,55.86566439061,55.2326948894903,0.63296950111967
"91855",76,64.2700439796889,65.8989451350032,1.62890115531435
"94067",494,444.930594631624,440.730124103422,4.20047052820143
"73996",135,109.769201703776,110.911995897935,1.14279419415832
"77366",158,101.615991555173,103.749193833889,2.13320227871674
"92680",363,238.393963620098,227.375327481138,11.0186361389599
"78053",101,58.1775341758948,44.2592529823744,61.2893702044868
"95154",294,246.522461591434,249.20530011609,2.68283852465587
"6011",261,233.745478654141,231.255644386984,2.48983426715742
"102944",110,102.598614252412,102.892832245281,0.294217992869054
"93244",81,81,81,0
"93624",252,252,252,0
"91899",204,187.126528735584,204,16.8734712644163
"73449",373,344.28719756565,341.838721684867,2.44847588078346
"77148",84,43.3525801977977,42.2005321922825,1.15204800551527
"77092",55,38.4104442251007,38.2100442576676,0.200399967433178
"77336",103,82.79630845325,81.390942046507,1.40536640674308
"93682",221,221,221,0
"95653",116,83.6253657375098,85.2301727753124,1.60480703780263
"6339",397,397,397,0
"91693",200,170.870878842048,172.480350561393,1.60947171934516
"93201",71,47.3333640441908,46.224692549282,1.10867149490881
"8204",386,333.203615239331,339.118061770128,5.91444653079748
"76784",63,37.1914047908891,36.6279129789768,0.563491811912263
"92809",126,87.5826255903169,88.9396413725139,1.35701578219698
"93205",57,40.5261204748115,40.0617786370114,0.464341837800106
"91850",72,69.6079628629669,23.5793952473625,48.0285676156044
"93210",65,29.2829900691774,30.2945267850991,1.01153671592171
"7451",383,345.560006839217,352.246758394622,6.68675155540494
"105480",399,296.686035603354,304.398791576462,7.71275597310863
"94062",270,270,270,0
"77300",65,56.9885950475124,56.3868123559596,0.601782691552808
"91737",537,356.483738794078,361.558695657331,5.0749568632527
"77099",136,117.288800958477,116.389360948552,0.899440009925054
"77125",177,131.813065126585,135.514652367954,3.70158724136816
"92449",366,300.472257598206,309.232457100424,8.76019950221905
"76805",337,303.809579897096,307.710968397245,3.90138850014869
"77323",82,58.9475557101578,59.7079404449253,0.760384734767495
"6255",53,44.0914846530984,43.8871436823672,0.20434097073115
"95648",66,34.7007247422699,35.7665300515661,1.0658053092962
"95252",158,124.712878060048,127.841274151428,3.12839609137974
"92447",189,161.624559516612,158.645707908295,2.9788516083165
"95186",431,311.936053399537,315.488934718227,3.55288131869003
"91733",248,228.770210368706,226.577425471054,2.19278489765144
"73680",194,194,194,0
"93197",100,88.1792184210751,87.1799350997124,0.999283321362673
"6006",117,114.957803881551,114.858142322087,0.0996615594643395
"77331",66,54.3856289302742,53.5690971474218,0.816531782852427
"73792",88,84.8357185038801,84.6181457925542,0.217572711325945
"95641",172,137.56873897836,135.540109039186,2.02862993917425
"91869",194,145.791348881152,144.590069180189,1.20127970096304
"105461",318,298.687178627993,318,19.3128213720073
"93107",80,69.0884691054449,68.9643205793215,0.124148526123421
"73685",186,185,185,0
"93106",62,62,57.0216530709048,4.97834692909516
"90191",326,326,326,0
"77191",37,26.2044935312005,25.5432255744543,0.661267956746169
"78029",123,107.570480521375,105.699260464624,1.87122005675105
"77524",118,79.4003246595839,77.6062400729232,1.79408458666076
"93217",140,124.105854428791,137.022245147754,17.0445461451737
"91853",109,65.449334236875,64.2075116637064,1.24182257316857
"92391",184,145.882920372104,149.283258636386,3.40033826428261
"73803",126,101.73184431304,102.792674074008,1.060829760968
"95637",73,33.483765427166,35.0102624212179,1.52649699405191
"93777",46,40.9760097064821,40.4624294599195,0.513580246562636
"76785",256,219.048225808577,224.60640110415,5.55817529557242
"92672",123,101.279461811237,99.2647060824831,2.0147557287534
"7663",144,144,144,0
"78057",101,68.3640584653259,66.7511111358912,1.61294732943459
"77192",141,125.110381170911,125.784936465521,0.674555294609953
"94065",330,330,330,0
"78039",58,41.4796671732143,40.9289416659153,0.550725507299035
"95206",333,333,333,0
"105487",282,262.123853456268,282,19.876146543732
"77541",74,64.3716548981072,64.2960534045874,0.0756014935197276
"77314",89,80.4070611530273,79.768360601144,0.638700551883336
"78021",88,44.2732785261521,43.2760559302468,0.997222595905318
"92434",240,209.12758779466,206.182681389904,2.94490640475567
"92798",321,320,320,0
"93140",81,60.2440196262569,59.597602737285,0.646416888971948
"93222",341,274.420122557617,270.436300478837,3.98382207877944
"77086",75,72.1096242501815,72.4808897452661,0.371265495084567
"73454",134,127.522525463249,128.017940356771,0.495414893521306
"93626",267,92.788214375786,84.242587568135,8.54562680765084
"73787",186,167.337151523958,168.94551075004,1.60835922608275
"93227",116,91.1677147704184,93.7692084929763,2.60149372255796
"77076",76,54.3988250726064,53.3292280188161,1.06959705379029
"93228",133,120.746668983048,119.453305831026,1.29336315202105
"94057",283,265.047436460361,283,17.9525635396388
"77354",160,105.815535622257,103.122838744724,2.69269687753316
"73458",240,230.785149456004,230.092108712235,0.693040743768346
"77190",81,59.2430631880947,58.1301739813415,1.11288920675331
"93221",147,147,147,0
"93775",145,95.0435189325432,93.339962624973,1.70355630757017
"77129",121,77.3410118728325,78.3615598697182,1.02054799688565
"95305",258,113.836626561906,117.311686704079,3.4750601421733
"73778",357,357,357,0
"93108",142,102.032963008846,103.494603597889,1.46164058904334
"95158",290,230.08111878269,230.120995749829,0.0398769671390677
"74013",110,99.0711298461771,98.1749131824502,0.896216663726908
"92669",177,177,177,0
"95189",100,60.6726137968333,59.8442408423922,0.828372954441047
"76780",101,101,101,0
"77310",106,78.7468134404653,77.6430864626937,1.10372697777158
"7659",243,243,243,0
"77114",54,34.1439925415684,33.7386937881164,0.405298753452021
"94063",230,229,229,0
"93229",149,133.334663088038,134.554029470033,1.21936638199464
"77513",199,78.9170891344352,84.0685052692092,5.1818773116183
"73818",92,72.0734021442349,71.0796552045165,0.993746939718452
"77504",158,114.745676053657,112.730972964821,2.01470308883605
"93390",364,325.012779977954,329.778239424609,4.7654594466553
"92439",373,225.617661368021,229.921959113288,4.30429774526707
"103018",109,73.0367002633574,75.3344642884034,2.29776402504601
"92803",306,306,306,0
"6007",177,177,177,0
"91902",347,138.094061461953,150.218822570373,12.1247611084202
"95650",192,192,192,0
"95165",406,363.471334645528,366.661102126366,3.18976748083853
"77102",81,52.3353962533179,51.8430671428822,0.492329110435687
"103025",265,183.882387514873,174.679349656008,9.20303785886465
"95250",189,189,189,0
"91838",249,249,249,0
"91421",185,119.227779265228,118.048133811421,1.17964545380723
"73990",172,105.425501308294,102.803004141133,2.6224971671608
"91734",490,392.310852876032,397.090140989966,4.77928811393409
"77145",96,68.258862124988,66.8843073810231,1.37455474396493
"73329",185,171.227945193315,170.815458202424,0.412486990891234
"91842",127,127,127,0
"93213",60,49.7784932406083,49.2400504247255,0.53844281588283
"92676",498,394.807067155378,397.244703842806,2.43763668742796
"93225",146,91.0884449979835,90.0300447381282,1.05840025985536
"91422",87,66.1894124140871,67.9075918826748,1.71817946858773
"92431",170,170,170,0
"93413",289,189.41840133673,192.884144684173,3.46574334744326
"78033",87,72.2717549617761,71.7532046005091,0.518550361266879
"6254",111,69.1895106014027,68.1988380333199,0.990672568082804
"103008",287,155.570666766521,147.957575271689,7.61309149483131
"93212",15,13.8531879537173,13.9056629122488,0.0524749585315157
"92403",136,125.193176512386,123.793968184954,1.39920832743256
"91692",93,58.017250370297,57.5250641718359,0.492186198461097
"92668",229,129.271334714878,123.833104134411,5.43823058046656
"77305",42,26.823279765491,29.8978373098764,3.07455754438542
"102945",263,158.368407647568,164.10225408541,5.73384643784221
"77368",144,144,144,0
"73607",171,171,171,0
"105463",255,254,254,0
"94056",154,154,154,0
"91722",177,124.145631564481,123.757612095507,0.388019468974205
"7683",353,300.261837735115,313.522245973429,13.2604082383145
"77343",111,110,110,0
"74018",285,253.836070531547,255.414308221959,1.57823769041272
"74004",140,100.721604791711,99.3897857723915,1.33181901931977
"78025",34,29.7264721894556,29.8079901386606,0.0815179492049365
"103010",178,143.708167953879,147.825817656758,4.11764970287848
"91677",119,115.884780610246,116.115342958508,0.230562348262127
"77135",158,100.978046979171,97.1866169719055,3.79143000726603
"6253",87,77.8667651701319,78.5548357270821,0.688070556950232
"77160",140,125.610826357186,126.30471025039,0.693883893204055
"78026",41,33.1225398797705,33.1688829170392,0.0463430372686906
"73448",375,70.682499199413,267.379412629866,207.979212132702
"91674",161,145.807346997372,144.366644983993,1.4407020133791
"93627",212,161.227098635343,165.121000585577,3.89390195023393
"93209",190,159.156189104148,160.999004846449,1.84281574230111
"91845",151,119.025612661566,120.058874916962,1.03326225539562
"91834",233,25.0937646753119,22.745329071504,2.34843560380788
"77107",75,60.9944366580964,60.3603158300828,0.634120828013583
"73795",103,66.8770968691392,86.4540078942336,27.7851206331257
"77074",91,76.2103688909554,75.5485681060312,0.661800784924129
"91847",242,113.30901326916,117.308501411161,3.99948814200165
"93415",187,139.206452514253,141.973946681211,2.76749416695818
"77540",45,31.9269739004982,31.2655065736019,0.661467326896264
"93776",77,41.9547405265415,40.9585553485123,0.996185178029185
"92395",130,130,130,0
"77091",168,141.144897033669,137.861007119444,3.28388991422518
"91684",200,166.731177087171,164.65265200708,2.07852508009108
"6003",254,254,224.836151368894,29.1638486311056
"105462",282,189.625236915526,199.702992894021,10.0777559784957
"95655",115,88.2581221795699,89.567191416648,1.30906923707809
"73690",295,245.989574811466,243.596505169005,2.39306964246039
"91419",135,135,135,0
"94059",104,70.9828384988424,70.4636378228153,0.519200676027185
"73673",188,188,188,0
"92790",338,231.796235399143,237.746860916268,5.95062551712528
"77119",78,52.5278814523418,51.6906467647169,0.837234687624817
"91907",185,114.361464106794,109.174487364803,5.1869767419916
"78018",189,189,189,0
"77335",108,69.512261639649,68.4693896880634,1.04287195158557
"73810",82,66.5573309873597,65.5956753295016,0.961655657858128
"93232",114,24.2493628440893,21.7877307083525,2.46163213573673
"73807",37,30.1892033519333,30.1357380341055,0.0534653178278632
"91417",166,126.05816718697,123.662495741427,2.39567144554305
"77089",36,23.7135133027646,23.2128937599803,0.500619542784279
"73793",90,48.5584122146613,47.6114951053317,0.946917109329592
"93219",208,208,208,0
"95646",404,404,404,0
"91418",191,147.349544093496,146.295962276952,1.05358181654411
"78059",92,63.0512798069586,61.8745278061386,1.17675200081994
"92396",333,333,333,0
"93757",101,80.2580472180396,79.7945819590978,0.463465258941824
"92432",200,173.467176150207,171.671764820991,1.79541132921602
"91696",216,176.68786396994,175.118721002641,1.56914296729948
"6009",237,209.023717284296,206.510119316062,2.51359796823347
"94061",448,448,448,0
"93224",254,205.416983392932,199.990213034002,5.42677035893055
"77151",82,72.9678400615983,72.8571466277251,0.110693433873088
"73326",395,311.27401436016,317.278075221991,6.00406086183151
"73682",209,184.925367500597,186.206904153018,1.28153665242
"91675",222,143.90513327366,140.305364422062,3.59976885159821
"93753",146,40.8592150502615,94.9581203174063,54.0989052671448
"77146",28,23.8062226177104,21.5692130017301,2.23700961598027
"77101",73,38.0643879929428,38.7865782971677,0.836132241999592
"73457",259,259,259,0
"102946",100,79.6506786898136,81.567710406123,1.91703171630944
"93112",91,77.1023294358197,77.301367444232,0.199038008412352
"91843",72,72,63.7933984238311,8.2066015761689
"94058",95,76.9931103449384,75.9535062810682,1.03960406387017
"73686",450,449,449,0
"78034",65,52.6658886269994,52.1341418337447,0.531746793254672
"77339",98,72.658527981732,71.5270990552282,1.13142892650388
"77156",54,42.65786536942,41.917411656803,0.740453712617023
"6000",399,399,399,0
"95195",75,58.9417941766661,59.9483015618077,1.0065073851416
"93234",118,96.780818137066,93.9379372170907,2.84288091997529
"77312",140,83.2530507466811,86.2272803099727,2.97422956329159
"76773",98,76.0745157196807,76.9431264525574,0.868610732876684
"77069",34,19.5141699087051,18.8624020492759,0.651767859429113
"95841",130,96.834600986173,99.9148869963102,3.08028601013718
"95253",136,94.2764480920591,93.1728330778339,1.10361501422522
"73453",227,227,227,0
"78042",147,112.423619035538,110.464588528156,1.95903050738243
"93418",136,77.067123707146,73.4734621895835,3.59366151756258
"93628",98,79.4552548650528,77.9159397258655,1.53931513918734
"91420",76,76,76,0
"92667",175,156.675697632107,175,18.3243023678926
"91732",139,136.308845678241,136.436645807184,0.127800128943059
"77500",88,63.0120031016138,63.8184181220081,0.806415020394268
"93231",144,95.089529440544,92.6193701005354,2.47015934000857
"73788",78,57.8260520457845,57.2654924859225,0.560559559862028
"73668",263,240.479134271035,246.722746603771,10.1258271147749
"77330",160,132.840087680402,131.125436162285,1.71465151811728
"95190",240,196.611176314947,193.80528341546,2.80589289948746
"93629",441,441,399.296907061991,41.7030929380087
"92671",389,354.517301008075,349.167995761029,5.3493052470451
"91836",180,120.023558418175,121.073739177616,1.05018075944162
"92429",181,181,163.448446626419,17.5515533735815
"93220",158,123.457081834819,121.804551229076,1.65253060574247
"76775",72,35.3987435160677,35.996795484413,0.598051968345316
"77534",101,54.792457051482,53.9758429892399,0.816614062242096
"77526",90,65.71869237395,66.648642888492,0.929950514541991
"93235",200,196.618544361017,186.143675310886,13.0302533004489
"77189",171,171,171,0
"91910",328,310.870683062753,314.383309252327,3.51262618957446
"74125",543,442.989450728793,450.011834712501,7.02238398370801
"6252",84,51.4883780140886,52.3294178744712,0.841039860382538
"91694",139,124.702676977543,124.300714950271,0.401962027272362
"92670",269,179.148838315583,169.671715419642,9.47712289594105
"91735",165,88.3925143429771,95.8295371875671,7.43702284459001
"77083",129,95.9388498148207,95.3453273342627,0.593522480558094
"95251",79,70.6616586891733,71.3128809254881,0.651222236314823
"91844",202,142.962783017118,139.867449708568,3.09533330855074
"103020",102,50.9372527936244,51.1682289848373,0.230976191212958
"93218",167,101.19855144891,98.8430371896341,2.35551425927596
"94064",37,24.952124716583,24.9547962699945,0.00267155341152417
"77163",95,43.5299718427312,44.1833087030244,0.653336860293227
"77356",129,88.1101325291921,86.2772809901692,1.83285153902288
"92787",128,59.2365403759308,53.4401632459222,5.79637713000863
"102947",95,80.31384606419,82.0160211449402,1.70217508075025
"93110",129,8.69584531668119,9.28620610440652,0.590360787725327
"91825",105,64.7889464521056,64.218333277149,0.57061317495661
"77103",39,29.2283721188149,29.5005642460284,0.272192127213473
"95255",30,16.0263962011063,15.6509511499187,0.375445051187628
"77140",104,55.6622783715996,54.4894166012864,1.17286177031321
"91896",648,593.961139647319,544.812901470696,79.610094491506
"76772",205,123.342390913344,119.784587789228,3.55780312411678
"77112",76,66.0625163342555,66.2930853625328,0.230569028277247
"77155",65,55.7453541288127,55.4352962659681,0.31005786284458
"93245",49,43.5797138876628,43.1930568198059,0.386657067856987
"6251",121,73.1399663007478,71.8283552113003,1.3116110894475
"93404",487,487,487,0
"94066",29,18.9729228535912,19.1798089061645,0.206886052573302
"93111",23,13.1570602688313,13.5340561684958,0.376995899664477
"77098",53,23.7770305253313,23.634244024167,0.214491319950864
"73805",76,68.1479540325946,68.054419233096,0.0935347994986583
"91720",41,36.5664138286262,35.6451303778203,0.921283450805968
"77364",94,60.8214581790971,59.2645455890714,1.55691259002572
"95656",202,124.997282429378,127.040136543272,2.04285411389462
"73799",252,252,252,0
"92424",165,165,165,0
"6002",324,303.135228944254,313.855826041584,12.8592251079684
"73667",145,145,129.20492681467,15.79507318533
"73677",119,119,119,0
"95258",76,56.0917186482957,55.1307696889804,0.960948959315255
"73780",119,98.3056339694571,99.5149407053125,1.20930673585537
"77515",119,68.6122098020709,69.480682545993,0.868472743922121
"95182",109,64.8042352021347,63.1872047359723,1.61703046616238
"93216",86,44.0585602539875,44.8747803763477,0.816220122360196
"76818",133,96.6432187397564,99.9132827090936,3.27006396933717
"93236",116,99.3399102828505,97.4330212339585,1.90688904889186
"77334",103,83.840807562911,83.1135403265393,0.727267236371656
"105464",210,109.763006779455,113.892611117043,4.12960433758794
"92443",252,221.407429804994,228.631221286464,7.2237914814694
"76792",321,214.756180783705,221.162299700916,6.4061189172114
"77147",89,58.0371248278034,66.2712755914539,15.9656137419018
"7667",722,115.044261788627,104.125999995022,10.9182617936051
"77347",61,42.2901232715201,41.5417697677466,0.748353503773496
"77352",63,63,63,0
"93759",27,16.9618470950187,16.6520887798693,0.309758315149437
"95649",133,110.996072296418,111.998480362894,1.00240806647601
"95248",163,94.0961367110928,91.9973110570003,2.09882565409254
"73691",271,97.6039226860288,99.2138079341442,1.60988524811549
"78027",224,159.881389766889,155.382407481416,4.49898228547221
"91876",172,84.751998902918,86.1344919443312,1.3824930414131
"77542",76,46.8976609494223,46.0198580258183,0.877802923604016
"73672",102,100.065923794466,100.074781535293,0.00885774082672379
"103015",107,71.7739367586082,70.5536789706422,1.22025778796599
"95848",114,95.7334045458512,94.3549650322854,1.37843951356573
"77075",83,74.779008703399,74.2441153107557,0.53489339264324
"95265",205,205,205,0
"78020",76,74,74,0
"91673",177,149.842828822497,148.067324357886,1.77550446461072
"91729",85,74.5972845246363,75.2640354612648,0.666750936628442
"93422",99,71.0303952047778,68.6626019035444,2.36779330123344
"93630",188,152.225842573931,149.801757561898,2.42408501203314
"77505",159,125.308089260006,123.842152476899,1.46593678310663
"105484",169,169,169,0
"95191",266,185.554340755154,186.956990104235,1.40264934908031
"92666",198,142.84988910654,142.596347704196,0.253541402343419
"94069",83,41.9192923922333,42.2895537352043,33.5689489305577
"77358",44,35.0133957955537,34.6101746272235,0.403221168330237
"91672",413,337.493352841846,333.974119080406,3.51923376144001
"94074",208,138.648200099559,139.695348083683,1.04714798412426
"95843",235,209.885237832084,214.48163377496,17.7970704642196
"76774",83,44.8914098663957,39.6538100203663,52.1171649039173
"93230",51,43.2630756392353,44.0541382264156,0.791062587180341
"93109",93,83.3129744131181,82.9287408540552,0.38423355906288
"77110",80,79,79,0
"93237",117,76.8630063356672,74.8831895850757,1.97981675059152
"105481",472,470,470,0
"73776",287,200.323242369939,202.779892459274,2.45665008933453
"92789",153,153,153,0
"91839",109,85.7807195868447,84.3867679964053,1.3939515904393
"76769",87,87,87,0
"95192",104,75.7141536745926,73.9794277499997,1.73472592459296
"77159",79,59.9837552979496,59.2498895640488,0.733865733900765
"91830",113,63.4989533839089,67.5241099000168,4.02515651610791
"77100",75,75,75,0
"93114",25,18.9256152147718,18.6521620663386,0.273453148433283
"7664",275,275,275,0
"93756",106,86.4512134048099,85.6376035276436,0.813609877166367
"105465",338,338,338,0
"91228",392,218.337821512864,176.247227494486,177.749843665931
"91840",58,55.5387591574867,55.5837839553445,0.0450247978577711
"105488",275,275,275,0
"5999",131,125.798852444348,125.191564681308,0.607287763040426
"78060",207,158.434534286242,161.943807995852,3.5092737096097
"77188",129,78.3260784727905,76.7543314991432,1.57174697364729
"73819",163,163,163,0
"73786",89,81.0733397755064,80.4301161910557,0.643223584450722
"93760",113,70.7993717605325,69.3237218392389,1.47564992129352
"77152",70,43.986635496723,44.4236011051554,0.436965608432358
"75646",242,221.847194612047,242,20.1528053879527
"77168",53,26.8863574772027,25.9342900745779,0.95206740262473
"94060",137,77.0895259682681,78.6121766738943,1.52265070562622
"94068",162,69.4105505684373,70.621311594403,1.74156028314882
"92441",420,420,420,0
"91820",178,104.32160101085,99.5440357200141,4.77756529083555
"92422",224,224,224,0
"75638",111,101.573590377475,100.712693867715,0.860896509759905
"91837",95,75.3529175259342,73.6291099739297,1.72380755200451
"73999",165,109.513585308647,102.149361590415,14.610362613934
"73658",289,289,289,0
"91841",82,48.3024866156164,45.6765212110371,2.62596540457938
"95207",290,157.871529529801,163.493416823151,5.62188729334988
"94070",148,129.482978147257,132.268643826606,15.7237186535393
"95845",204,111.225122768365,109.40824309746,1.94102742434065
"77523",113,113,101.817166198267,11.1828338017334
"91831",114,71.1079630450448,67.374522037975,3.73344100706984
"77138",36,26.3761426130185,23.4368352682669,3.61300845596551
"91229",112,60.5381468957666,64.6497575578921,4.11161066212553
"73823",68,49.0247321749879,50.1631748905747,1.13844271558676
"91226",200,59.5950960978369,58.7481847766141,0.863234538206426
"93113",43,33.1812486724215,33.2202805151371,0.0390318427155544
"75631",122,96.5303525935386,97.9445264845328,1.41417389099415
"77536",113,73.9222809611585,72.6944006985141,1.22788026264445
"91676",225,93.8248412320698,91.5781821837577,2.24665904831212
"73678",164,156.742342189207,156.035160597553,0.707181591653916
"77053",49,25.0733694854701,24.8466524254574,30.5466991424249
"77095",98,41.5924558635762,42.399098098413,0.806642234836837
"91726",112,45.1285468305482,43.2671123299755,1.86143450057268
"77342",62,46.5677447537523,45.8017242187687,0.766020534983639
"73443",499,499,499,0
"76840",102,102,102,0
"95219",477,397.489969605208,399.367257249563,1.87728764435494
"74126",788,788,788,0
"78036",168,111.648826970012,114.761053658528,3.11222668851661
"95256",52,35.0549507853657,34.4856988562403,0.569251929125439
"95249",132,79.0345773971594,82.4078184071574,3.3732410099981
"5996",178,177,177,0
"92433",403,273.04123710336,140.916121036712,246.138399627651
"6250",124,86.9379473395236,85.1458744279618,1.79207291156188
"91227",206,157.91094420658,159.061506434884,1.15056222830358
"76803",396,396,396,0
"6001",205,197.86435677834,197.01527484197,0.849081936369951
"95260",61,40.7781738330515,41.4344402213252,0.656266388273604
"73445",220,220,220,0
"91678",139,93.5403668195273,91.6836532659992,1.8567135535281
"93755",110,84.5125433161702,83.2074966373961,1.30504667877416
"93233",98,57.963156905305,58.8913923825729,0.928235477267986
"73791",168,136.960264491553,135.519741286736,1.44052320481735
"73806",80,61.3494339489584,61.2577800555524,0.0916538934059683
"91416",243,151.325899068271,147.441525728307,3.88437333996347
"92430",233,187.220501487323,184.613302832047,2.60719865527557
"77085",70,34.4103282829102,35.5159320679445,1.10560378503438
"91414",98,90.337349441569,89.9489151539741,0.388434287595003
"73659",401,301.541296265626,296.226266127408,5.31503013821767
"91904",217,162.609869203551,94.2958253290733,68.314043874478
"102948",228,222.693419934653,222.976261381711,0.282841447057594
"77058",100,90.449054614686,89.4665453520465,0.982509262639488
"93420",160,160,160,0
"77361",38,37,37,0
"105466",467,467,467,0
"77165",111,111,111,0
"94072",192,102.108273851992,100.431660976076,1.67661287591531
"91415",202,149.056151048884,147.578801789697,1.4773492591871
"77512",47,45.3573526790444,45.484398219027,0.127045539982639
"103021",31,26.7665499580391,26.1516459786957,0.61490397934341
"77350",106,106,106,0
"93632",345,345,345,0
"95851",154,154,154,0
"93633",166,121.947800157922,119.537809597289,2.40999056063349
"91826",95,89.1970561634411,90.7505234085768,6.00036171521289
"93754",124,82.0674377366375,83.7971911407319,1.72975340409446
"73664",178,169.011032786844,168.791083812703,0.219948974140772
"77154",29,19.1845468966537,19.418493240198,0.23394634354429
"95842",105,72.6918371821117,71.9385346320567,0.753302550054971
"103014",107,73.5329121391156,73.8500865574751,0.31717441835952
"91679",322,183.874843776184,179.599175132864,4.27566864332055
"95263",140,75.7673584400893,73.2438196782959,2.52353876179338
"73802",132,101.262334406499,102.05965692105,0.797322514551324
"77060",156,80.8449237796842,76.5994215312845,92.1594969215633
"91225",233,118.126282488173,124.938195560215,6.81191307204282
"102951",334,334,334,0
"91434",178,148.381213198052,147.21054349169,1.17066970636162
"77115",41,23.9082489503571,24.2972803938265,0.389031443469358
"77123",91,64.3074288068972,63.6583615194857,0.649067287411453
"95849",68,58.4215706320913,60.93861583711,10.369537761911
"6096",254,176.218649278488,170.568703890402,5.64994538808602
"77150",70,36.843383234087,36.1111948941729,0.73218833991402
"95855",120,74.6992751094385,72.1900022707517,2.50927283868674
"93223",105,53.1715532613331,52.0912545186323,1.08029874270077
"6249",98,53.7034333916197,52.2128951649814,1.49053822663829
"91731",273,239.474750336504,244.907487822321,5.43273748581768
"77180",127,76.8450031089522,76.8818314015859,0.0368282926337671
"77139",197,136.425253982505,130.278296333083,6.14695764942177
"93423",138,74.5617858701575,77.248537397291,2.68675152713359
"91891",304,231.471191915709,243.067897753167,11.5967058374569
"91690",337,251.761942048516,257.746021131877,5.98407908336107
"91835",32,32,32,0
"95259",96,75.0218313608493,74.4240823950375,0.597748965811798
"91723",131,84.9503896326371,93.0834216220679,8.13303198943085
"95294",98,67.8298981313901,65.4407678131137,2.38913031827642
"76778",103,67.6657857505163,65.7559642597347,1.90982149078162
"77363",59,48.1779720737091,49.65207124812,1.47409917441086
"91833",187,127.676886274004,124.635193403874,3.04169287013014
"95198",124,110.420244578313,109.417383659901,1.00286091841227
"76800",111,61.1026052271745,58.9966352427938,2.10596998438062
"93417",358,358,358,0
"92030",195,120.775292127404,112.782237677803,7.99305444960069
"73324",143,81.890437857494,79.5456359117425,2.34480194575162
"95850",161,119.043306750984,117.199650776431,1.84365597455208
"76767",91,43.5092371361932,42.7019664515366,0.807270684656623
"73636",183,183,183,0
"78049",106,73.7602742416905,72.7631385513587,0.997135690331739
"93118",61,32.7687634037179,31.9656573403314,0.803106063386526
"92442",120,120,120,0
"73783",176,126.2274639595,127.620557300843,1.3930933413424
"73674",107,98.2110251283593,28.2488939808335,72.5633580872941
"76770",211,182.885710852355,179.716099073538,3.16961177881614
"94073",120,57.5126218935299,59.5537759962252,2.04115410269529
"78048",100,64.9313340300613,37.6445377014432,27.286796328618
"95254",44,19.2083778266075,20.1070809034707,0.89870307686327
"105292",164,164,164,0
"73796",132,91.87346468086,92.8280846806935,0.954619999833552
"75685",80,80,80,0
"95211",207,119.433167240361,121.375526808582,1.94235956822078
"75652",57,31.9339416978916,32.9500460243108,1.01610432641926
"91827",116,88.4118683247341,85.9435948613098,2.46827346342431
"77134",121,73.8196922698294,72.4672820513129,1.35241021851647
"77516",139,139,139,0
"95857",168,101.710714173071,99.7856170515003,1.92509712157023
"73325",146,100.227657824171,101.894777715697,1.66711989152629
"77503",62,62,62,0
"77093",84,53.3831874062708,55.4236930069394,2.04050560066855
"91824",121,73.2244242585953,73.6312887684658,0.406864509870536
"5997",144,138.654412148932,139.074044201674,0.419632052741887
"77105",123,100.473242744037,98.8506213899406,1.62262135409616
"92444",135,90.888657462775,93.2730461999946,2.38438873721956
"73320",82,54.2922413051161,51.5513159372411,2.74092536787498
"73676",238,238,238,0
"77531",63,33.2309666989449,31.524817978503,1.70614872044188
"73319",145,52.0750758901228,51.7429825621706,0.455922434051474
"73670",196,196,196,0
"78050",58,43.3834586230977,44.0753844232202,0.691925800122551
"95200",134,82.587386460062,81.044564850851,1.542821609211
"91701",174,107.692884000413,102.588777359979,5.10410664043412
"73322",207,120.633942991887,122.956726493038,2.32278350115117
"91236",143,107.351097522466,106.321435569825,1.02966195264046
"76765",76,35.8648734823922,38.0157547143696,2.15088123197741
"78062",86,35.75127159323,50.9315348404588,56.5976941939844
"93427",94,62.9524457179637,63.7985023203102,0.846056602346452
"103019",15,10.6828272851444,10.744335709594,0.0615084244495424
"95247",292,187.43612336556,190.301464094178,2.86534072861786
"91894",222,188.86609606117,193.343651224984,4.47755516381458
"92733",107,91.1555860253913,91.4332274821711,0.277641456779818
"92426",306,149.021278315761,153.808387607522,4.78710929176022
"95856",117,70.9919078581697,72.403101348027,1.41119348985727
"92794",346,33.3920640923487,346,312.607935907651
"95846",70,41.8418023489149,40.9324417405373,0.909360608377673
"77362",131,131,122.471038924148,8.52896107585227
"105291",69,45.9097599726143,44.2822362031707,6.19091668028635
"77371",80,57.2303260128149,54.5612492104517,2.66907680236322
"73641",392,274.004502357663,268.929799672774,5.0747026848883
"95216",188,81.4239873539184,79.4129008421922,2.01108651172628
"95844",121,78.9769473916313,80.3002510413443,1.32330364971313
"77525",91,90,90,0
"92788",366,310.608785406501,313.806331031812,3.19754562531182
"94071",199,199,199,0
"92418",312,303.521419375013,304.221331484515,0.699912109501097
"76768",176,113.065657526817,111.528922034471,1.53673549234641
"77353",85,40.1720516003531,39.6404793234298,0.604117809503868
"93634",61,46.990652718318,46.1058313496166,0.884821368701435
"95210",51,29.4673678130594,29.6503734021328,0.183005589073425
"76837",149,104.456971831811,102.743045625197,1.71392620661388
"93685",115,115,115,0
"91822",102,63.4296219565109,63.2217493963852,0.207872560125704
"91413",219,144.578745843607,143.586434896191,0.992310947415857
"77158",150,114.43063109306,116.162326762892,1.73169566983154
"93115",82,59.4260077386888,59.783321041293,0.357313302604191
"94076",106,21.1498774726322,18.4304651173042,2.71941235532797
"93761",102,72.1252918606814,73.3712741385927,1.2459822779114
"93684",298,204.320695432523,205.483743035245,1.16304760272161
"8202",407,287.425859470312,290.889472847917,3.46361337760425
"7665",360,291.068148632441,298.826880996379,7.75873236393825
"91669",185,140.716103083658,134.105820604142,6.61028247951586
"93425",161,91.6771320002352,93.6474192483069,1.97028724807169
"73789",104,56.5735457290759,55.5373168754642,1.03622885361174
"5998",320,293.740137913905,320,26.2598620860954
"77166",224,193.135273913523,194.285044552839,1.1497706393158
"95257",77,36.6756475223414,38.0275902217243,1.35194269938296
"77544",152,88.1946368986546,89.9519353929208,1.75729849426612
"73800",234,234,234,0
"77187",58,47.9459882401721,47.3577966277232,0.588191612448933
"105485",95,92.4338974251398,95,2.56610257486021
"103022",92,81.8761523531551,82.2783577918462,0.402205438691132
"95268",178,126.884546946838,129.420634082466,2.53608713562765
"77128",68,50.3291929398719,50.9167338229674,0.587540883095533
"78051",137,78.1546564551705,76.5707785171682,1.5838779380023
"91829",95,73.5680371627161,72.4425749331854,1.12546222953069
"94080",397,257.98028580867,249.859371143856,8.12091466481362
"92791",163,114.738482615666,112.239259372267,2.49922324339995
"75677",108,86.9399933618677,86.0528212238134,0.887172138054312
"91223",190,121.292414745918,124.764060547345,3.47164580142663
"93117",66,57.2474042933458,56.4905283352261,0.756875958119685
"102952",170,82.721372880671,88.9399742553314,6.21860137466038
"77144",77,49.904686283898,50.7191089439477,0.814422660049707
"91682",185,142.688182474183,141.860547310576,0.827635163607496
"91906",156,156,156,0
"91832",315,51.4937277375445,198.587287387569,147.093559650024
"77004",47,32.4749425586266,32.9535182407905,0.478575682163898
"91727",238,166.503231399264,169.583202926738,3.0799715274742
"95269",180,97.0016572975033,96.8186389214681,0.183018376035159
"77506",110,110,110,0
"77055",104,48.915681871671,48.0125722183991,0.903109653271922
"77080",125,92.7504648674584,91.2222177828581,1.52824708460031
"73683",120,120,120,0
"77097",156,118.275077061924,120.583943990577,2.30886692865349
"75639",76,54.4492460725894,54.5276131941829,0.078367121593477
"73655",263,243.949115533629,242.270761120054,1.67835441357481
"77003",85,41.7656299115284,44.3586628519133,61.496424070781
"91668",168,136.136989336864,134.331756769015,1.80523256784887
"75649",133,105.028329754231,105.060100122227,0.0317703679961468
"74113",126,126,126,0
"93119",52,30.3095098709378,30.0050988892726,0.304410981665133
"91410",364,290.111133806915,294.665719141535,4.55458533462015
"74121",584,527.842024462983,535.912289759441,8.07026529645808
"77051",129,77.8154017038667,76.3212124007012,1.49418930316555
"75684",86,49.4771183635349,48.7623276300142,0.714790733520645
"77357",138,102.032638771478,100.217319441951,1.81531932952691
"77923",104,61.6760615201792,63.272267237697,1.5962057175178
"6331",427,277.220540580326,280.602910662724,3.38237008239862
"95840",84,51.9008611695577,51.0260208161504,0.874840353407272
"77921",51,33.7077347046796,32.9581048233147,0.749629881364928
"93683",62,33.807371339771,32.5967986196538,1.21057272011723
"91977",569,569,569,0
"91893",119,76.555208680299,79.8655855870112,3.3103769067122
"91685",162,157.775921139012,158.017392949239,0.241471810226789
"93410",189,189,189,0
"91222",227,171.05622756063,171.35253891439,0.296311353759481
"77928",56,47.7483896524493,47.259110013495,0.489279638954366
"73662",149,130.466693264128,130.312760136999,0.153933127128867
"105467",269,202.132937229842,204.247946300275,2.11500907043294
"91689",42,37.4329464601144,42,4.56705353988559
"91905",80,66.5493317461138,68.4098591923088,1.86052744619504
"105483",201,189.25160700232,201,11.7483929976804
"77149",54,43.5173875787173,42.9740818346051,0.543305744112293
"95847",119,74.5133464122166,73.7077995319755,0.805546880241088
"91819",113,67.164239370595,67.9365819229543,0.772342552359388
"92025",115,115,115,0
"95860",218,160.967523440765,157.967564991562,2.99995844920251
"77006",121,104.202529588419,104.938663203695,0.736133615276151
"105492",180,180,180,0
"75659",76,48.1516630655263,48.1292161672728,0.0224468982535792
"105468",184,152.165928952885,153.707810997199,1.54188204431323
"73651",238,238,238,0
"7477",344,273.425817848239,279.696962299155,6.27114445091614
"73653",219,219,219,0
"94075",151,78.4047591598864,76.7973675972761,1.60739156261032
"93636",66,44.535033210457,42.265593211983,2.26943999847395
"93416",554,554,554,0
"77367",155,116.301849241122,114.562580942035,1.73926829908746
"95214",175,149.841247605183,147.513565802299,2.32768180288397
"91823",99,86.7382329668491,87.3544281562422,0.616195189393136
"91224",179,179,179,0
"95264",304,133.622278748774,141.488453463929,7.86617471515518
"103024",339,234.264890081036,241.696503365344,7.43161328430784
"92024",339,339,339,0
"91975",225,225,225,0
"75664",175,170.029427762194,175,4.97057223780617
"77929",174,93.8360703639421,90.3877613349513,3.44830902899082
"91218",160,108.512399845298,95.3301859912604,21.067731885604
"91828",89,61.5642784924064,62.2276229437229,0.663344451316559
"93686",110,85.3755329378956,83.3134940613445,2.06203887655117
"93150",122,97.1722441871098,96.7038691110421,0.468375076067712
"6094",348,310.200403907778,311.458633610649,1.25822970287143
"95853",101,65.5059268831373,64.5582674765128,0.9476594066244
"74112",478,458.057478004126,458.185831050349,0.128353046222973
"102949",121,103.181262811042,104.161695675409,0.98043286436701
"75686",196,165.775474614792,164.115611584999,1.65986302979339
"77509",148,148,148,0
"77153",95,50.4582902872103,49.518461009881,0.939829277329338
"102950",223,147.489894626703,150.819446003481,3.32955137677852
"75629",34,15.4573913136077,15.9200338243357,0.462642510728038
"77061",110,75.1473162133846,66.2463535034751,14.4455926742476
"77131",112,112,112,0
"77001",116,93.5966530821121,91.8216109925203,1.77504208959173
"91670",169,56.3946332128262,54.5378134411937,1.95069873384435
"74115",539,440.448738176305,438.785346130147,1.66339204615888
"77071",82,68.0379007186219,67.8194886309872,0.218412087634738
"73684",173,173,173,0
"95296",114,87.5810373815767,85.4841523182162,2.09688506336055
"75620",52,40.4144000278776,40.1501338677608,6.21264671187638
"95858",101,86.2394774169837,87.8096655318038,1.57018811482011
"77360",91,91,91,0
"73646",194,125.063094706912,127.509709912961,2.44661520604845
"94078",274,274,274,0
"95867",133,133,133,0
"95224",142,76.172822915882,73.7822434849982,2.39057943088384
"93758",151,94.2515929531375,95.2398463188,0.988253365662528
"77519",65,53.139470573692,52.530334639482,0.609135934209987
"91728",152,77.6563026916338,82.9093423140827,5.25303962244885
"77109",93,51.3858714507341,51.3197296872177,0.0661417635163407
"73323",68,28.9356489564339,26.4782463058055,2.45740265062837
"91221",200,148.588879787039,149.399826844673,0.810947057633922
"77919",100,54.5124320477285,55.1596282245487,0.647196176820181
"95864",173,89.5622265032824,92.0456009036786,2.48337440039618
"103012",87,40.6348142914632,34.9161698635708,30.045846408319
"95238",195,148.607445413079,150.388930423899,1.78148501081996
"93662",86,56.0430001537589,57.5868185658062,1.54381841204735
"6092",294,283.961503550854,282.015459226864,1.94604432399016
"73671",231,231,231,0
"93429",159,92.0520673441049,95.6105359724799,3.55846862837493
"76790",70,70,70,0
"75644",119,69.9050636320183,71.1503420871048,1.24527845508648
"95261",251,150.429847313708,153.784717882216,3.35487056850769
"77924",36,36,36,0
"92036",304,218.049607022592,217.071771124712,0.977835897879946
"76816",196,108.831015350231,110.332502567121,1.50148721689024
"95243",133,133,133,0
"73785",107,62.9943653729386,61.781782141608,1.21258323133064
"77179",107,107,107,0
"91667",110,69.1211836057255,66.8394900125596,2.28169359316604
"91895",873,872,872,0
"76786",219,191.809867176478,195.076652236648,3.26678506016967
"6247",177,80.3991531210469,77.5798414733681,2.81931164767883
"95852",25,14.0866810087735,14.3599525377412,0.273271528967673
"77184",80,49.6496116004489,50.3943821265012,0.744770526052307
"105486",410,410,410,0
"77052",178,144.693398941563,143.250874804179,1.44252413738383
"93664",166,90.3939620962398,92.2673530423207,1.87339094608083
"105493",202,174.78096662733,178.216682123203,3.43571549587275
"77532",127,63.1561248389514,64.1535975190742,0.997472680122824
"74111",315,315,315,0
"73663",139,134.604266293965,134.075423871589,0.528842422376751
"77918",135,119.134773723472,116.201544941322,2.93322878215013
"93637",227,133.189333104967,134.724087048735,1.5347539437681
"95865",187,136.65588167545,138.358844613836,1.70296293838574
"76807",112,91.6545294429609,92.0620594773027,0.40753003434184
"73665",89,79.919750616408,80.6255429244042,0.705792307996168
"74192",155,86.9101432070174,85.5702730616752,1.33987014534216
"94079",139,107.295017979552,105.275459463751,2.01955851580095
"95891",128,77.6594737833425,75.9901191225107,1.66935466083181
"92023",44,18.958439876991,25.7169532638404,28.5655644759796
"73782",263,179.60157565538,181.252002625946,1.65042697056634
"91217",264,137.324222557712,133.255430394277,4.06879216343465
"73318",267,230.830356517649,236.038287996274,5.20793147862521
"93120",62,60.6625824681177,60.708196993709,0.0456145255913348
"6091",161,33.028577418292,30.917338120007,2.11123929828496
"102957",317,207.766437983319,210.189486790815,2.423048807496
"77176",91,50.7977880247113,50.0731722145017,0.724615810209627
"93778",193,170.605941213902,172.400888379423,1.79494716552087
"92029",183,132.506294518712,134.220024681878,1.71373016316623
"76839",158,124.649308847157,125.770639290628,1.12133044347177
"6095",162,157.377701451966,156.955620274666,0.422081177300157
"6246",232,185.702355285987,182.445047379503,3.25730790648471
"91818",80,47.5773834513289,45.9298749281267,1.6475085232022
"76766",277,238.597179955935,145.411230842814,93.1859491131213
"94087",372,370,370,0
"92793",160,98.2238238686817,98.5598359633294,0.336012094647709
"93424",274,254.684849390264,274,19.3151506097359
"77240",52,46.5290243880913,47.1077951197663,0.57877073167501
"92438",494,494,494,0
"77372",146,110.417980036057,113.259870359326,2.8418903232693
"95868",201,112.131602610732,91.7793469735805,127.995529628032
"91976",305,236.593212483264,239.430123413153,2.83691092988865
"73687",170,89.2847409632595,99.2335794224043,9.94883845914485
"95306",118,85.2139901734652,84.2318066278692,0.982183545595905
"95271",180,152.522683800421,155.398181543358,2.87549774293751
"7666",567,567,567,0
"92428",411,177.04917851579,169.030031411781,8.01914710400929
"77007",78,71.9013338051924,72.196378230807,0.295044425614572
"92033",70,44.0576974602014,42.7880957247899,1.26960173541146
"76811",315,294.815924621332,295.256617702946,0.440693081613732
"77922",112,93.5671295673932,91.4424459850817,2.12468358231145
"74102",218,171.910724916432,168.999812617588,2.91091229884388
"77917",94,72.3870279061767,71.5487099710155,0.838317935161125
"95869",85,68.448179879227,69.6950340810351,1.24685420180808
"73648",81,71.9638490937755,71.5539600704108,0.409889023364715
"95276",120,120,120,0
"91892",318,285.001887049886,291.385211961861,6.38332491197459
"76776",171,110.586477975979,111.502711715826,0.916233739846479
"76854",188,130.674025200136,126.572385021591,4.10164017854451
"91671",399,296.009699404103,304.146237002007,8.13653759790335
"73774",424,424,424,0
"94077",121,95.0587012101857,93.508916302576,1.54978490760971
"77920",45,5.80509178295472,39.6182776550797,35.2479453763283
"95859",163,104.582459219786,102.01951986098,2.56293935880634
"73321",44,35.3216830516271,35.3999334957542,0.0782504441270895
"73656",165,16.6427280622426,16.4347922555975,4.44743970149732
"77175",77,54.9126863618909,54.2674468564374,0.645239505453482
"77121",61,47.8832239850183,46.802919134556,1.08030485046223
"93638",173,173,173,0
"105294",450,450,413.041308533292,36.958691466708
"95245",64,47.7645509531773,48.7755227249365,1.01097177175919
"77062",109,71.6290061436114,73.3011367671235,1.67213062351205
"74202",172,172,172,0
"91721",300,178.333189918033,184.795989712889,6.46279979485598
"75648",74,37.7760012904644,39.4173883313257,1.64138704086134
"91901",201,129.522908254551,124.18235469825,5.34055355630104
"77002",87,78.9733875370232,79.1194781059869,0.146090568963737
"95854",73,34.5291829201574,35.0758571650955,0.546674244938127
"77124",114,58.2926442610646,59.4411742171708,1.14852995610625
"77930",80,51.4251003279885,52.5812248496706,1.15612452168208
"76783",127,75.4982792152536,76.5137953069666,1.01551609171299
"92417",366,323.779211264458,321.687602194172,2.09160907028639
"77161",173,108.058516876214,109.556984035552,1.49846715933729
"94088",97,60.8658323725025,62.019653576411,1.15382120390847
"105469",158,22.5381663240967,137.354323915148,118.579821779454
"95863",132,95.9437393062283,93.6823749170946,2.2613643891338
"94081",126,69.6527616377999,71.7930839933165,2.14032235551656
"73316",73,62.1072370026348,62.8044438348664,0.697206832231579
"91219",124,97.1764348329068,95.9783857658778,1.19804906702908
"77183",29,16.2639447236469,16.598664122197,0.334719398550106
"77015",76,60.8776259927898,60.8212771964298,0.056348796360038
"77935",152,152,152,0
"95241",401,401,401,0
"102958",210,127.079179780666,127.472794171103,0.393614390437382
"92799",299,199.183320531386,204.827176374248,5.64385584286169
"102954",153,66.8777396289604,65.8038605874017,6.20227967849566
"91213",203,122.825615976034,126.084252225807,3.25863624977245
"105472",468,468,468,0
"91235",224,170.44832446871,175.525880450322,5.07755598161194
"75667",33,24.5947029512224,24.5275231652294,0.0671797859930217
"77143",197,197,197,0
"75683",231,201.681639832459,200.313591549804,1.3680482826548
"73666",121,121,121,0
"91230",241,205.616121244859,208.213725809891,2.59760456503276
"77127",88,88,88,0
"73313",285,241.767109527942,242.898103885774,1.13099435783179
"92022",214,178.124826305243,184.898310771355,6.77348446611238
"77914",148,148,148,0
"75655",134,67.4284702505681,68.5057564724423,1.07728622187424
"73640",90,75.0879272195116,72.260924423163,2.82700279634859
"77054",66,46.263014641112,45.5754864840421,0.687528157069909
"92028",154,33.8265920390848,36.6766407278801,2.85004868879532
"91381",434,288.285068445843,294.308043661576,6.02297521573299
"102994",305,305,305,0
"74107",214,197.550412131704,195.709346145198,1.84106598650605
"75682",87,75.0202805902921,74.8196150761366,0.2006655141555
"77232",64,52.7356254180757,52.1142423410058,0.62138307706991
"76771",204,163.187397513891,162.863373553882,0.324023960008643
"93780",118,79.0956470842543,79.9160430469207,0.820395962666409
"91821",228,127.113930628343,115.939987866571,11.173942761772
"92032",140,139,139,0
"6093",133,133,133,0
"93130",31,31,31,0
"77133",62,37.832323557226,38.562880959711,0.730557402484972
"93666",164,125.193454588739,126.011801995913,0.818347407173672
"74210",18,15.8722536195436,15.8162907269913,0.0559628925523204
"77916",36,29.7112269327626,30.5036624735559,0.792435540793215
"102953",21,10.9804613649391,11.2721481769646,0.29168681202546
"77915",68,68,68,0
"75681",69,59.1829631018215,58.9011418338285,0.281821267993038
"73773",403,166.500893592366,167.4690873977,0.968193805333992
"77913",68,26.0549097804315,32.4667376806119,6.41182790018043
"93432",251,166.970876371466,170.444754500655,3.47387812918932
"6088",185,178.635093976314,181.145097340303,4.40822196121294
"77010",151,101.816174948279,102.350180249133,0.534005300853668
"77111",81,61.1782168569982,62.0082644559445,0.830047598946209
"77242",115,96.5820202687843,97.3706248431547,0.788604574370366
"91214",158,94.0688142479306,95.2455426929607,1.17672844503013
"76804",74,41.64923974825,41.0597513750287,0.589488373221341
"77235",74,58.1331044811669,57.4968072796843,0.636297201482613
"77141",72,46.5856222669531,47.148375599103,0.562753332149964
"94086",76,55.1489217808599,55.6884225835704,0.539500802710411
"77185",108,67.4065845268788,66.6397049420823,0.766879584796517
"73675",257,257,257,0
"91216",199,111.544508982793,112.808458606225,1.26394962343204
"73627",40,31.5959358595112,31.0778180840237,0.518117775487509
"91885",487,263.483815493674,276.658943341916,13.1751278482425
"77173",99,60.5241128074827,59.3364994506742,1.18761335680853
"95244",114,73.446016562543,74.4027293141789,0.956712751635943
"95230",167,97.6630080342152,99.0488850014817,1.38587696726652
"95876",98,87.9779453064119,88.2203450181328,0.242399711720878
"77912",46,25.5649633587906,21.5521579397768,27.7645361695022
"77063",120,78.4935662271033,77.8568672540454,0.636698973057776
"95275",28,18.0013573122621,17.8352550924507,0.166102219811437
"77000",74,65.7455307612002,65.0847547380401,0.66077602316013
"77016",89,7.68103406067015,7.64214828394401,0.0388857767261356
"73645",203,203,203,0
"93121",48,42.4616713298887,42.0384350177645,0.423236312124163
"77008",203,155.526442019718,151.009988452534,4.51645356718302
"75647",132,84.6896415286928,86.417825676438,1.72818414774511
"95270",205,174.126058208962,175.311903152179,1.18584494321684
"94090",50,39.4200345345354,39.6891308990086,0.269096364473247
"105482",194,194,194,0
"95872",143,124.948765929978,127.895210296244,2.94644436626556
"73657",154,154,154,0
"73669",294,294,294,0
"76853",100,50.9404227448125,52.3231287255039,1.38270598069131
"95242",230,230,230,0
"95861",89,62.4887523054703,64.3976503235387,1.90889801806833
"93663",156,156,156,0
"74096",260,260,260,0
"73317",100,75.6076371865351,73.7701454395771,1.83749174695804
"95870",159,121.909578580746,123.310030152927,1.40045157218082
"95262",307,277.67069041785,279.645097634068,1.97440721621773
"95875",133,65.8715237123643,64.4878800789323,1.38364363343195
"77066",112,55.6030563309536,53.455600302943,2.14745602801051
"73679",186,9.81630213313711,96.0773497910593,86.3948490024946
"93426",163,124.3065835563,127.838514581952,3.53193102565198
"95266",225,133.830374670623,129.527939663315,4.30243500730785
"73637",167,152.294456909066,146.344640923062,5.94981598600446
"92021",145,95.0490662058678,96.95526881463,1.90620260876218
"92017",160,86.5780958091723,84.5522524396439,2.02584336952843
"77910",49,41.9430303678985,41.2651124625446,0.677917905353863
"93431",251,199.000970971127,200.044408421263,1.04343745013682
"6341",116,90.4707634526341,90.9507014765562,0.479938023922106
"95273",86,38.5992675236735,40.6578369554642,2.0585694317907
"94093",43,29.3287938393579,29.0281830735686,0.300610765789351
"77233",68,68,68,0
"92035",315,212.100817322007,128.835341927882,83.6507717371878
"75633",238,212.936324532589,213.754493149292,0.818168616703235
"73311",235,234,234,0
"77118",60,49.8171200190397,48.7955748059375,1.02154521310212
"91208",295,244.782546320136,241.751599703192,3.03094661694347
"91220",183,145.251666076932,148.444222303358,3.19255622642556
"74182",109,56.7928034023356,60.0734365277518,3.28063312541622
"75676",164,164,164,0
"73626",95,46.4309745390121,50.2930296010707,54.5568116457948
"77932",100,98,98,0
"77239",150,93.8281247034306,92.523151744001,1.30497295942962
"77178",203,203,203,0
"74205",104,95.1856185994906,94.018812463478,1.16680613601252
"73642",273,264.164554930161,267.853125024013,7.22152391902467
"92814",357,357,357,0
"77911",122,122,122,0
"77005",131,76.541311162278,77.6334450690151,1.09213390673706
"76797",59,35.7794042039327,35.1562674259249,0.623136778007726
"95892",84,63.7408635887167,62.525436300799,1.21542728791779
"92027",167,140.487793504061,137.001501044536,3.48629245952558
"93668",128,80.230394657908,81.8096994999221,1.57930484201417
"92795",311,275.958009242833,308,32.0419907571667
"77231",164,149.043612623749,147.551577432057,1.49203519169199
"73777",118,79.3198301133353,82.4326763472879,3.11284623395259
"91215",296,165.880408027964,153.390234857825,12.4901731701387
"77013",131,82.7273136103695,81.8487519277567,0.878561682612809
"73315",217,133.333140064099,128.791167817846,4.5419722462533
"105473",303,213.753144846162,215.828051866441,2.07490702027895
"77228",52,52,52,0
"74118",387,309.246709543087,311.87349799396,2.62678845087288
"6090",111,82.6845229532283,80.093098408274,2.59142454495429
"74109",285,237.879442222343,238.658974173457,0.779531951114111
"93667",121,89.1208493731656,90.2541855610309,1.13333618786523
"95866",79,59.4349120149118,58.8619505910766,0.572961423835158
"105490",298,286.628838529215,298,11.3711614707854
"95893",79,46.0085702450045,46.6623024921857,0.653732247181198
"74209",110,68.0324945365116,66.6825716994474,1.34992283706423
"74295",152,110.61162479609,114.267744112147,3.6561193160568
"95246",183,88.6408921412414,92.3792972095222,3.73840506828079
"94082",128,73.4747586469255,72.2308720130131,1.24388663391234
"93421",230,230,230,0
"91665",317,150.603346894607,161.557250574558,10.9539036799514
"74104",210,205.518155042683,205.474586718052,0.0435683246307946
"77909",49,33.128520904677,32.2964364180269,0.832084486650148
"73652",178,178,178,0
"94083",91,56.3677217864229,55.2276554020032,1.14006638441967
"76842",199,126.910234676358,125.318808439054,1.59142623730377
"77907",123,97.0783709119211,95.1627002868068,1.91567062511425
"92440",191,113.165866752265,114.833959070829,1.66809231856409
"6342",360,360,360,0
"91897",594,469.519672081492,483.365397257723,13.8457251762303
"95913",137,79.865943020926,78.7468238762665,1.11911914465949
"6087",172,172,172,0
"102956",204,204,204,0
"91390",313,313,284.33320172399,28.6667982760102
"103011",298,189.704259470419,191.861443533071,2.15718406265145
"77172",109,95.5246380777166,96.3382352515066,0.813597173789975
"95878",147,115.679632308937,67.3075060042227,54.6023218462535
"77908",83,51.3603352215068,52.2139640926456,0.853628871138733
"105470",173,77.700032398432,100.392453936564,117.490063673463
"102960",135,89.6473083675678,90.4871520826048,0.839843715037038
"105476",242,242,242,0
"6245",248,213.488195538927,215.598564098418,2.11036855949079
"95862",66,66,66,0
"95298",197,141.922397630089,139.459109189045,2.4632884410447
"77126",27,17.8511158324495,17.4361994348243,0.414916397625206
"74097",163,54.8974787805171,70.5907302348953,17.5274698107108
"77027",207,177.086602312876,180.11688100941,3.03027869653401
"95277",249,123.614502454955,127.33958489737,3.72508244241505
"76820",89,89,89,0
"91212",150,96.0299690551359,92.206930450504,3.82303860463188
"95874",28,23.2430892187736,22.9491896864207,0.293899532352948
"94096",341,341,341,0
"105478",263,263,263,0
"95272",99,55.3588353634175,56.7184495566373,1.35961419321986
"93430",140,12.1387775354696,129.572974286631,117.434196751161
"92425",222,204.511019224472,202.664359123888,1.84666010058416
"77927",39,21.4298559353613,20.9809291784661,0.448926756895168
"77136",102,61.7288140523626,61.1516698176598,0.577144234702784
"95286",215,155.917525639625,153.88632611284,2.03119952678484
"91412",466,466,466,0
"92435",440,348.119764576319,350.590863785407,2.47109920908822
"6089",266,266,266,0
"77461",90,42.552891285322,43.2063763664878,0.65348508116584
"73632",77,53.112651859579,51.7258508145564,1.38680104502262
"77457",88,88,88,0
"93669",198,160.336410953575,158.313124743068,2.02328621050647
"92026",127,113.922179068234,113.688483735576,0.233695332658532
"73775",152,152,152,0
"77065",103,89.9357386863654,91.2029535325236,1.26721484615813
"76823",211,146.379226168761,148.166195974493,1.78696980573129
"92806",497,497,497,0
"92802",172,172,172,0
"92415",203,27.1332341795471,158.076881157514,136.011933094671
"76781",169,96.0270525491982,92.7102120998685,3.31684044932967
"95887",149,73.8761163344274,72.1952734877899,1.6808428466375
"75630",113,84.7031035271404,83.2915319613325,1.41157156580796
"77906",166,144.579117450086,143.232962511146,1.34615493894061
"93419",318,257.490931859665,262.996569419141,5.50563755947586
"75645",134,108.778148069849,107.434131052414,1.34401701743481
"93779",285,285,285,0
"73661",211,211,211,0
"77903",77,65.6201152055024,56.4605663500234,16.5240850088892
"102961",124,98.0203378728183,96.3570643816994,1.66327349111889
"91686",508,333.423870279857,341.629550531098,8.20568025124177
"91900",310,279.994677620398,286.220027757548,6.2253501371505
"93782",98,68.183682536067,70.3345519002983,2.15086936423127
"77170",60,47.5759584928235,47.0934935567658,0.482464936057699
"77237",25,14.271264728344,13.8713190796419,0.399945648702103
"94089",145,80.2172382974388,81.5373025088429,1.3200642114041
"77905",132,105.756362330138,90.7294496480035,27.7170198281556
"94160",167,167,167,0
"95871",93,58.7620369420318,58.0754059201434,0.686631021888453
"73619",81,81,81,0
"6084",180,180,177.453793824587,2.54620617541263
"95873",67,61.3705163847782,67,5.62948361522177
"75673",193,142.737112860026,139.134719383797,3.60239347622889
"73654",182,168.527974302221,169.166428318719,0.63845401649843
"77224",75,49.6091822500302,48.4721618747081,1.13702037532211
"76799",128,99.8378443262108,98.4918108315772,1.34603349463354
"75672",165,87.7044252343567,89.493569996031,1.78914476167426
"74088",157,148.759880675787,149.055563484881,0.295682809094597
"77169",113,69.932264806475,71.8066282844122,1.87436347793717
"74105",230,230,230,0
"95889",263,203.91884741725,207.408140937313,3.48929352006285
"77132",85,63.2279689369304,62.3843513676018,0.843617569328596
"74212",78,66.0333606553758,65.1323694167859,0.900991238589905
"92015",176,176,176,0
"95882",51,33.5030625109673,34.1786909277826,0.675628416815358
"95267",163,93.9978776714496,96.0433730546592,2.04549538320955
"94092",177,177,177,0
"77012",110,57.3592571952373,56.0286790192589,1.33057817597844
"6244",94,44.2194764785677,45.1194142397468,0.899937761179112
"76791",76,47.2335023316238,46.7813422861719,0.452160045451957
"77019",183,129.826726218107,126.764741099627,3.06198511848016
"93665",187,170.695080428237,187,16.3049195717629
"102955",261,261,261,0
"92014",181,181,169.237269156892,11.7627308431082
"94183",280,193.164291570741,197.70735186005,4.54306028930891
"92013",172,82.2502179196499,80.566693197571,1.68352472207891
"105477",203,158.103426613947,159.975420074328,1.87199346038078
"91887",418,313.853599976029,325.185858487193,11.3322585111641
"93781",192,113.644237865685,116.901025198825,3.25678733314057
"77931",93,81.0117688380707,81.0225152356311,0.010746397560433
"77009",132,63.2793196477012,64.4881296834998,1.2088100357986
"91210",389,365.043725875261,263.152569122601,126.735389067517
"102962",79,60.1816901307325,58.028118419201,2.15357171153152
"92427",256,151.245806029333,155.464936893681,4.21913086434753
"74213",113,75.5630116212569,75.1985448962789,0.364466724978087
"76847",251,227.482522600263,231.460368721465,3.97784612120184
"94084",200,130.262250091304,127.554224159489,2.70802593181559
"91207",99,86.517804523295,85.2231798769994,1.29462464629558
"77174",130,48.6865527668593,51.4199711699429,2.76148493232842
"73309",247,247,247,0
"73772",98,20.5800215905432,18.0617064197378,2.51831517080535
"92436",116,80.0651027565296,81.2228997553572,1.15779699882767
"74186",120,67.5640355376866,68.9381393532522,1.3741038155656
"77181",36,31.3477452494193,31.6201124936667,0.272367244247416
"95274",70,70,70,0
"73644",216,216,216,0
"77236",80,80,80,0
"94098",229,229,229,0
"94100",199,199,199,0
"77057",101,55.4383521966243,47.5319023635121,44.3957163593824
"94097",112,82.557401859488,83.3081444698991,0.75074261041101
"73314",200,171.916450976784,173.516211939391,1.59976096260755
"105186",226,226,226,0
"91211",225,215.10233648,215.362518694077,0.260182214077325
"92813",430,390.529953153971,395.790552908582,5.26059975461113
"92018",164,84.7517491315398,85.3408124946455,0.589063363105747
"74120",232,176.233454299192,177.462504064485,1.2290497652934
"105471",116,73.140920495349,68.7301675142102,4.41075298113871
"77465",101,68.687607664238,67.628575853588,1.05903181064999
"77900",68,68,68,0
"77186",37,19.6267563655888,19.3200461801041,0.306710185484659
"74099",251,251,251,0
"92844",37,37,37,0
"77241",80,63.8415719994573,62.5915924651269,1.24997953433047
"77904",258,220.483288845781,220.666176111269,0.182887265487935
"95895",91,81.6148974771993,81.0829632432863,0.531934233912933
"77064",147,139.352434801945,138.692044970029,0.660389831915593
"77227",174,91.4590864060375,89.0492037156905,2.40988269034697
"95894",79,43.9827715476018,43.1967084100209,0.786063137580836
"73629",172,36.760415071326,33.8252815095563,2.93513356176965
"74090",358,191.290320507354,188.895147511112,2.39517299624181
"73647",183,183,183,0
"75623",62,46.2016907863827,45.6178859999346,0.58380478644806
"91712",482,192.258197454036,193.63651979076,1.3783223367233
"92008",177,109.02657754648,85.0383606201412,24.0543986810627
"95885",153,79.7907059255836,77.7143693371018,2.07633658848177
"76856",191,128.399984909775,130.142390838108,1.74240592833214
"6343",159,101.717954622365,99.2253228061802,2.49263181618447
"95877",76,76,76,0
"91209",261,177.64950426743,172.315963639141,75.5513192084405
"77036",153,126.10130959563,124.754014281293,1.34729531433673
"93670",104,50.6547231428181,53.1451574155238,2.49043427270572
"75642",118,100.10590594494,99.074789586034,1.03111635890636
"76855",341,341,341,0
"92419",210,210,199.066394340496,10.9336056595046
"77026",188,155.384891320409,152.436980017869,2.94791130254013
"74211",110,88.1340883864903,87.2794067742112,0.854681612279146
"95915",151,113.672635832885,115.493495088944,1.82085925605872
"91206",147,55.621498671284,64.3440557967732,9.69655915808792
"76827",102,66.1356991319393,64.0109317386962,2.12476739324309
"95886",89,58.3066743840746,56.6428354236367,1.66383896043795
"77142",113,79.9869100086772,81.4611663959884,1.47425638731121
"77033",206,125.085647094076,121.54638570065,3.53926139342605
"77899",114,103.571476597821,101.036787160016,2.53468943780476
"92448",260,173.968626649442,176.001737440931,2.03311079148893
"6085",195,195,195,0
"74124",140,129.185796907685,129.376701537169,0.190904629483984
"95300",168,122.239869092912,123.862343335844,1.62247424293148
"74108",183,52.165093801727,53.2843804459258,1.11928664419879
"77902",104,77.6349538146797,76.5592960674457,1.07565774723399
"75632",37,18.3329234332231,18.2831337134583,0.0497897197647996
"77901",163,163,163,0
"102959",99,81.4694230765087,83.6732008750838,2.20377779857512
"95239",263,143.603249704095,122.156769166094,177.736988257937
"95297",102,76.5304891500882,74.2339864314498,2.29650271863837
"94085",84,74.1629348248278,73.3673226913616,0.795612133466202
"77222",77,52.4662135853343,53.0577097563481,0.591496171013746
"77059",152,113.826781584526,112.21616289964,1.61061868488613
"74309",106,67.6159870738183,65.6817656534664,1.93422142035182
"74087",151,130.40308893076,17.7989823659399,113.404863243327
"77473",150,91.9238147772208,89.567664561576,2.35615021564477
"91399",286,286,286,0
"74208",176,129.695881997275,126.850720447193,13.4021510804252
"92020",222,29.8054836975335,26.4475841531825,3.35789954435102
"6083",63,63,63,0
"77171",77,77,77,0
"77462",53,53,53,0
"77164",88,77.6197594455321,78.2895733337214,0.669813888189229
"94095",163,103.566288646107,105.689178907162,2.12289026105557
"77925",115,68.8641250665516,75.0377009523453,6.17357588579375
"74082",346,327.795210485831,328.556909984325,0.761699498493675
"92975",143,99.4974845491607,97.9650249782674,1.5324595708933
"94091",165,93.6225127287743,91.2142863635762,2.40822636519813
"94161",208,208,208,0
"75669",82,38.6586188419064,39.4594690992683,0.800850257361961
"95881",43,28.0337725917779,28.6564799017485,0.622707309970611
"73312",429,238.793136117023,237.599700554106,2.85427986500078
"73660",374,374,374,0
"92811",178,134.403972992689,138.553717054789,4.14974406209974
"95279",108,69.7463295789392,71.3279377906829,1.5816082117437
"77936",71,46.5594105753643,45.5777523177398,0.98165825762448
"77014",73,29.3818786949536,27.6105872089682,1.77129148598544
"76788",117,74.096828901739,76.8571952391532,2.76036633741417
"91384",348,302.377711748519,299.748291931281,2.62941981723854
"92801",202,160.135062948713,162.200926027736,2.06586307902253
"74303",149,107.943847297463,109.553694296818,1.60984699935582
"76801",59,39.1435505132256,38.6077206084492,0.535829904776424
"74117",213,213,213,0
"95301",85,58.7288639651175,57.9828348089881,0.746029156129414
"91924",191,151.739896213912,154.0499966618,2.3101004478881
"76782",154,102.243616017479,98.4261919467372,3.81742407074129
"95914",146,70.0487931336493,73.6570651570484,3.6082720233991
"105474",181,119.002949049825,115.219272357603,3.78367669222174
"75674",67,60.0081002077506,60.3408025240655,0.332702316315001
"92016",201,193.506942891691,179.623694007386,22.6326980184911
"73628",111,101.77101408082,103.017187402719,1.24617332189878
"91392",195,176.442962328039,195,18.5570376719605
"6345",109,73.8353235856723,75.5596010928959,1.72427750722363
"6086",169,169,169,0
"74094",160,69.8345345679038,69.9823728808614,0.147838312957598
"102963",71,53.7495721783239,53.0383407838535,0.711231394470412
"91404",134,134,134,0
"102964",76,50.7182146783349,49.5041219259991,1.21409275233582
"95283",240,169.332594508382,165.556472900916,3.77612160746607
"75625",57,56,56,0
"93436",525,525,525,0
"74101",83,83,83,0
"6080",198,198,183.163915777181,14.8360842228187
"92437",282,186.679615046304,190.841895044541,4.16227999823677
"74301",88,62.6630447710617,59.1619899518495,3.50105481921224
"76944",113,101.141054150157,101.366008488323,0.224954338166322
"91651",151,130.104185376791,118.816611214518,29.3937809737468
"73356",291,267.492869500756,268.193988284991,0.701118784235066
"7668",497,408.605542628902,413.868485904472,5.26294327557033
"73616",196,75.3398068784372,78.4230221083868,3.08321522994954
"77050",245,197.498491093998,194.589512464756,2.90897862924175
"73633",220,192.205731767889,193.054291444493,0.848559676604086
"77021",70,48.787317130414,48.1460039304065,0.641313200007522
"95880",71,61.2583844911446,60.4944963857796,0.763888105364959
"93639",186,92.281210644699,89.906861187368,2.37434945733095
"77466",37,37,37,0
"76824",126,92.5143667551604,91.1931030779747,1.32126367718558
"76810",43,43,43,0
"77223",79,62.4024720732542,61.6140532465446,0.788418826709586
"73643",153,142.298408565584,143.218467305629,0.920058740044434
"105182",326,300.96724461728,300.128068105808,0.83917651147195
"75670",26,20.0374645000671,19.7779568428785,0.259507657188569
"6242",142,142,142,0
"91966",143,85.1909397362098,105.078076345124,28.8184636630054
"92019",82,55.8272583527879,66.2943638917918,17.6491090954386
"91205",211,83.8321474965446,82.2984144297933,1.53373306675125
"77029",95,72.9507207098123,74.387959705762,1.43723899594975
"77157",85,54.1501908333833,53.2966835475834,0.853507285799977
"92978",147,80.6448371757042,77.8140013305322,2.83083584517192
"75678",104,66.5825973689132,66.6051341473925,0.0225367784793233
"95281",127,127,127,0
"91715",303,26.3497187452534,127.977772521635,104.388039866129
"77215",183,170.38380726186,168.684123529128,1.69968373273135
"77229",173,145.31017532322,143.761320445862,1.54885487735739
"6243",192,142.490435311266,147.096401260835,4.60596594956873
"92420",147,147,147,0
"74103",199,159.726441753135,157.130780240539,2.59566151259606
"75637",113,58.150169413557,56.8814684251271,1.26870098842992
"77167",86,67.2353648876881,67.8357190908457,9.48654888177723
"77897",91,65.5752224336049,64.3519356901481,1.22328674345677
"77896",161,92.7487204446795,90.623485417498,2.12523502718151
"77011",131,96.180699659118,95.5130251764658,0.667674482652255
"91718",156,63.9887569290329,62.5378667735713,1.52831492900219
"76795",84,67.5481020171013,66.6284734528598,0.919628564241562
"95896",45,37.5334730139399,37.0304535706462,0.503019443293716
"91660",295,209.245685286243,212.708629322214,3.4629440359711
"91411",76,67.743684712547,62.7025149148708,5.5330823453828
"77460",141,141,141,0
"94102",128,104.188934370015,106.333773177334,2.1448388073186
"74123",182,182,182,0
"77898",159,139.882821177665,137.237930052411,2.64489112525399
"92423",206,185.54544165353,183.437970939903,2.10747071362626
"92007",47,26.9017214544964,29.3542557482679,6.95413113331775
"105247",302,302,302,0
"77162",93,49.4899896927581,48.5879240099555,0.902065682802609
"92804",273,273,273,0
"92011",157,121.625367006698,116.453159859941,5.17220714675694
"102966",122,66.4475225139238,65.1149145726971,1.3326079412267
"95916",123,60.6038457836115,59.6859071608092,0.917938622802355
"94101",70,52.5830115938693,51.8199980753142,0.763013518555112
"93428",373,373,373,0
"91884",229,167.371245811478,160.667472460378,6.70377335109982
"95287",227,175.770647372315,179.247688715442,3.47704134312684
"76798",98,75.7124638497107,75.240266530278,0.472197319432793
"77230",100,69.9223155997251,71.5930474438407,1.67073184411563
"74086",296,224.079717574571,214.956310780212,9.12340679435835
"95884",82,65.1762877492795,64.3913816242107,0.78490612506882
"73650",355,355,355,0
"77452",194,75.9990169708472,121.70369641756,110.444263967591
"6344",286,285,285,0
"92010",129,81.2625321892769,82.8476748923992,1.58514270312231
"74207",155,122.525989121973,121.884160509328,0.641828612645162
"91408",175,175,175,0
"105301",512,456.611097812714,462.979851977726,6.36875416501195
"94105",175,107.55986513059,102.206410037502,5.35345509308873
"77234",84,57.4688850701347,56.7973034593762,0.671581610758475
"92983",122,98.5649205183615,97.3472745144554,1.21764600390618
"77056",105,56.7664906871515,48.9265223491495,84.0258635664968
"77895",110,92.549359050158,93.7195248568507,1.1701658066927
"93671",170,97.9421572295565,99.8239649310958,1.88180770153944
"75627",51,27.9850301776326,27.7516926164604,1.6247855632714
"105475",168,110.951040827852,112.957939310684,2.006898482832
"94094",149,74.4562889739621,73.5241705138316,0.998337531543776
"91666",208,176.024400336794,176.031982054089,0.00758171729422836
"74092",214,214,214,0
"74114",340,272.732199093009,276.813900711852,4.08170161884338
"74098",118,118,118,0
"77038",46,46,46,0
"92800",51,37.026458842634,37.417314578198,0.390855735564008
"7669",213,105.457999120321,101.918986180474,3.53901293984712
"95293",136,108.390907553335,106.412263963877,1.97864358945802
"74188",98,62.6568634158418,58.2313544366396,7.20858295896575
"95898",84,41.8203638204378,42.634142917678,0.813779097240152
"95909",49,26.5968494648584,25.5683346567885,1.02851480806991
"76794",120,59.5427450723145,59.8767601807085,0.334015108393982
"77467",93,93,90.3199540235758,2.68004597642424
"91371",272,228.851395730534,225.245099115424,3.60629661511035
"93641",183,100.80488259001,102.738995599945,1.93411300993549
"105196",275,201.245999498829,206.535434780881,5.28943528205163
"95458",134,110.008443481466,108.943653594714,1.06478988675189
"93640",88,68.8604640338052,67.712657009797,1.14780702400822
"75660",61,35.6697689988125,36.371805383106,0.702036384293473
"76793",170,155.089315408639,153.437853078978,1.65146232966168
"92976",110,82.3905426974939,83.020240697626,0.629698000132097
"91203",385,210.535498394281,206.232412495398,4.30308589888394
"77926",35,21.3798359685482,21.231338220774,0.148497747774153
"6081",225,225,225,0
"92981",131,89.220860477794,87.3168042645266,1.90405621326739
"95430",46,27.5913673374656,26.8999927670503,0.691374570415303
"92839",159,159,159,0
"91889",321,222.385495959673,226.186177565938,3.80068160626462
"76796",194,194,194,0
"77031",110,101.892093251148,101.313577269867,0.578515981281305
"95888",19,16.5057842766962,16.3567650197815,0.149019256914626
"94162",226,160.576084579107,162.608955021209,2.0328704421019
"95307",118,106.198770225825,105.00662979145,1.19214043437474
"73353",107,107,98.9365908335925,8.0634091664075
"77037",175,104.277818550864,107.502027972528,3.22420942166436
"77893",132,106.815999603955,105.370938552375,1.44506105157979
"95278",218,121.76912148478,125.914913999264,4.14579251448377
"6078",198,198,198,0
"91198",265,102.238797921919,103.246906260573,1.00810833865395
"91647",17,14.2211358416996,14.3464364394954,0.125300597795858
"95897",184,184,184,0
"95903",132,132,132,0
"77894",76,63.8118874480608,63.4178629947843,0.394024453276553
"76826",85,55.9449569254113,56.7011233353042,0.756166409892869
"94104",242,193.058023784813,190.100996033867,2.95702775094593
"73613",159,150.668212224458,149.546381761192,1.12183046326544
"77219",107,90.29849830616,89.5716174905277,0.726880815632289
"105293",150,46.2105737595095,92.7835159539652,106.193986606872
"74310",70,42.6687800744236,29.1410860764792,39.7304865946369
"95292",165,145.615203546449,147.007919857703,1.39271631125422
"77226",64,48.3930583126436,48.9039373664395,0.510879053795891
"77248",96,76.6788559575474,77.491423348848,0.812567391300644
"94103",108,84.8441655658087,84.1946844360971,0.649481129711652
"102965",208,134.899064979006,132.747974099263,2.15109087974361
"105479",237,115.536439727558,129.234754457,150.432655233021
"94163",134,74.9648149263189,78.5776692932667,3.61285436694784
"92005",180,103.502817270393,95.9236633822728,7.57915388812005
"95280",283,216.096491989781,219.920338415055,3.82384642527405
"95454",60,31.540054731294,29.2546339876356,3.00659924272253
"92818",313,313,313,0
"77018",132,65.7172786660229,66.3957499476735,82.7748597359089
"95449",106,67.0182901518081,67.2406759228355,0.222385771027347
"74298",27,24.5835494567295,24.6969655833089,0.113416126579407
"91231",136,113.405425003514,115.545290903035,2.13986589952146
"102995",541,540,540,0
"75671",186,165.171907354873,163.407925648185,1.763981706688
"6346",218,176.055420621108,177.142046418843,1.08662579773549
"6079",75,57.6498296669134,60.7579716520248,3.10814198511136
"92980",85,49.8353447724755,49.1131042666096,0.722240505865916
"94164",228,125.803352108984,122.527447072737,3.27590503624738
"95901",351,351,351,0
"95890",36,16.503632407714,29.5882931433992,15.005680548713
"73631",73,37.4597484841686,37.836791229987,0.377042745818355
"77023",74,57.7422176429728,56.9145866926345,0.827630950338267
"77474",88,55.9740600821941,56.7970502369063,0.822990154712249
"76838",119,84.7943158375072,82.88641667324,1.90789916426719
"77213",227,183.164300116336,184.506720150118,1.34242003378243
"91406",143,143,143,0
"76924",153,102.266001755138,100.195455854013,2.07054590112536
"91391",183,183,183,0
"75636",111,58.2041943260691,58.979811029505,0.775616703435902
"77177",103,89.7751460539862,89.3205997295192,0.45454632446697
"6082",177,177,177,0
"74296",237,237,237,0
"105494",150,17.0029163405314,14.8267961899176,2.17612015061377
"94107",144,74.1654986806011,76.0990923458885,1.9335936652874
"77464",60,39.2612346760968,38.8456902100375,0.415544466059244
"92004",214,97.4978346935296,95.8120525448025,1.78262294270351
"77182",95,95,95,0
"95452",107,62.5894657468933,59.5689282078686,3.02053753902463
"77742",354,317.838809685695,323.161898114332,5.32308842863692
"105188",100,68.1661571738484,67.4972189766106,0.668938197237772
"92987",67,43.1136585788521,41.7968022881564,1.31685629069575
"95904",104,68.8255215516434,69.9711391780133,1.14561762636997
"95911",44,25.9246824044998,28.2343579080272,10.9222598215055
"77218",68,66.603304844181,66.6556026255908,0.0522977814098095
"77247",177,130.59848357556,127.050642849004,3.54784072655587
"6241",69,41.2737757236449,41.8355219344975,0.561746210852589
"77892",195,138.739513886358,137.97396322143,0.765550664928314
"102969",18,14.9632917637028,15.0617811411752,0.0984893774724217
"93642",117,99.7462335278668,100.414126545842,0.667893017974716
"74286",266,266,266,0
"91937",393,310.54154103508,298.639072043518,11.9024689915624
"92841",82,82,82,0
"76806",111,63.8544898052444,65.3406432759637,1.48615347071924
"91708",301,287.536165463087,285.232625053914,7.74613820878114
"105193",210,147.314825518279,152.412937642998,5.09811212471898
"95902",73,51.2958543626229,51.9040910895244,0.608236726901496
"76822",132,115.486720587293,114.57340101692,0.913319570372815
"74122",130,130,130,0
"74196",187,33.1657384147682,29.3753095295707,3.79042888519745
"77045",91,55.1513570122102,54.246173699538,0.905183312672201
"74294",222,196.219806972326,199.177192944718,2.9573859723917
"92006",123,85.7717537720545,86.7855545244562,1.01380075240171
"92989",220,113.751561937924,111.614439628039,2.1371223098848
"93435",268,205.929473497155,208.13435327533,2.20487977817494
"73310",277,147.972421772852,146.639585587737,1.33283618511531
"73442",273,163.899628365376,166.68444696291,2.78481859753365
"73608",38,36.8271118561562,36.8566031288528,0.0294912726965783
"95446",189,93.3573086445949,88.9513222892356,4.40598635535929
"91716",267,112.493463723827,111.769777841208,0.723685882618325
"77032",82,59.8710990583761,58.816062258787,1.0550367995891
"91711",210,210,210,0
"92982",103,89.4526961912735,103,13.5473038087265
"94106",79,56.2603059041709,55.5122354019449,0.748070502225906
"77933",103,58.0466979384964,56.6152205265277,1.43147741196859
"91661",219,198.516552938751,198.478751034646,0.0378019041043538
"74100",195,158.38164205397,155.778223175798,2.60341887817147
"74119",275,248.557868276334,251.228306987367,2.67043871103313
"77030",103,103,103,0
"73606",174,157.175177385257,156.522114048228,0.653063337028604
"73355",193,91.7548688749551,89.588777443414,2.16609143154117
"102967",163,163,163,0
"92974",71,57.051672091567,63.4398522934138,8.8703619898602
"91200",249,68.0819709098371,97.3773071408062,31.2566572096585
"95285",107,107,107,0
"77047",116,116,116,0
"92483",207,97.568796206958,113.079774385347,122.217028254489
"91646",62,36.0445492439007,36.2218551043367,0.17730586043603
"92012",229,109.927200533083,105.028588208385,4.89861232469832
"92840",177,90.776827683413,87.0738117802411,3.70301590317191
"76911",106,93.1483666029796,91.9418899437182,1.20647665926132
"75621",77,68.6616576408206,69.0362594644975,0.374601823676954
"91202",114,68.6196267566076,64.927431109008,3.69219564759958
"93643",108,100.750481365595,101.140802544281,0.390321178686297
"92416",219,219,219,0
"6240",81,73.2188510045339,72.6548339743768,0.564017030157136
"73614",111,111,111,0
"77890",57,46.1720154266378,45.5464463224952,0.625569104142617
"74085",314,314,314,0
"77889",74,41.3649639637109,40.4237325081051,0.941231455605777
"77456",86,33.9458441466989,32.5370057793215,1.40883836737739
"94099",89,62.3656218445932,62.6222575497859,0.256635705192681
"74183",183,155.49718187785,157.147455322523,1.65027344467285
"91201",126,75.5598300826533,73.9687166444539,1.59111343819937
"73649",394,394,394,0
"73624",244,244,244,0
"77891",62,36.1028054185723,35.3914117218402,0.711393696732112
"102971",45,31.1467105878625,30.4851691979395,0.661541389923087
"95379",156,121.539151919763,119.003318190179,2.53583372958437
"91890",339,311.668833974028,317.094473985616,5.42564001158834
"77888",72,63.9100384240914,63.7644024329352,0.145635991156239
"102972",208,208,208,0
"92977",72,48.8065207976957,47.6808351375691,1.12568566012657
"92821",414,414,414,0
"77205",127,118.06181600596,127,8.93818399404019
"77471",137,136,136,0
"95431",109,93.6787507376506,94.3319407740512,11.2545353658141
"74079",592,592,568.791633519591,23.2083664804091
"91974",572,572,572,0
"76817",166,114.271742171595,110.283069961499,3.98867221009532
"94165",98,53.7489637438263,55.7209768383114,1.97201309448502
"95912",70,55.5416339527053,54.2154772675622,1.32615668514305
"77217",95,74.2304365477845,73.1892247247053,1.0412118230792
"105183",67,46.6805144775928,46.0422465062808,0.638267971312045
"105251",84,58.3563400458602,60.1874287564961,7.06569159948192
"75675",64,34.6128002309297,33.8657841357512,0.747016095178514
"77225",149,84.3441353822276,85.867108440058,1.52297305783046
"73352",213,200.720677552756,200.211123640349,0.509553912406601
"77041",86,86,86,0
"95288",243,187.398028730424,184.83773325881,2.56029547161388
"105290",182,100.684398387086,106.874692939019,6.19029455193291
"6075",175,175,175,0
"92481",255,92.7171175180281,86.3612583962897,6.35585912173843
"94109",96,88.1699693405526,88.8820582088941,0.712088868341406
"74081",417,390.983676457226,388.299623866487,2.68405259073876
"76809",54,54,49.2138171193955,4.78618288060452
"94108",139,96.2939967162068,93.6124522409144,2.68154447529246
"77028",93,79.6272162282419,80.174272004091,0.547055775849105
"76802",19,10.34334772225,10.0236295310323,0.319718191217636
"91714",159,13.0087368391329,11.0186719733212,1.99006486581174
"73357",103,52.3687849403181,53.0219072227475,0.653122282429417
"92034",380,290.301875256885,293.876574323156,3.57469906627092
"91376",199,199,199,0
"91888",344,288.301648104376,296.889099534503,52.2809732246827
"73630",141,97.0718642015636,95.7237343311653,1.34812987039829
"94110",95,86.3968821369881,75.3746675350434,15.0074488803152
"92990",106,94.0536831571182,92.9548995508393,1.09878360627892
"76819",49,27.9413889416192,26.2360750482024,1.70531389341684
"92421",324,102.576595535255,108.105824614415,5.52922907916007
"91644",313,246.753589895305,174.232822359641,106.221831747266
"75640",102,48.596634785448,50.4631184201051,1.86648363465709
"92995",81,51.4382172648844,50.5480650597958,0.890152205088656
"77251",80,48.861838336795,48.2750799785836,0.58675835821142
"95304",127,100.075107264454,98.5157673446898,1.55933991976414
"95906",83,83,83,0
"93433",437,437,437,0
"92838",239,45.8464835081628,42.2251874173246,3.62129609083819
"74106",550,60.535159944875,55.1342695441393,5.4008904007357
"92979",67,66,59.8551844771764,6.14481552282362
"7678",356,243.617984590615,250.292534765017,6.6745501744015
"77035",123,79.2396505620425,77.4447826622663,1.79486789977625
"74091",291,270.481439400407,268.011571810691,2.46986758971582
"74089",367,367,367,0
"76935",68,59.6194671935062,58.9637272061891,0.655739987317031
"77221",103,74.8749204073732,73.7176687745705,1.15725163280281
"105253",175,175,175,0
"77475",87,63.0217795070456,63.6883384979484,0.666558990902776
"76813",114,65.9597010815347,64.588004218036,1.37169686349871
"77463",123,96.4768160668604,98.2690597494882,1.79224368262779
"6076",183,151.612373831479,152.755007006801,1.14263317532146
"95905",145,145,145,0
"77220",90,61.1846315447345,59.6458134193889,1.53881812534562
"76841",78,53.9908815487022,52.9832063807907,14.5234066738527
"76834",161,103.728908879801,100.127341229833,3.60156764996867
"91958",282,178.267421058144,190.852655315235,12.5852342570914
"92808",327,327,327,0
"91652",431,407.431309830626,395.376274404584,12.9914900565325
"6077",208,181.534444889844,176.975639141586,4.55880574825768
"92003",103,64.7616554927697,66.5964586794229,1.83480318665323
"77887",82,75.9127617505458,82,6.08723824945425
"91407",236,236,236,0
"91709",85,85,85,0
"95436",105,86.6438542043899,85.976597563773,0.667256640616907
"77022",45,29.7371781122317,28.7274647381672,1.00971337406449
"73634",108,41.1129878324163,47.1446884064989,6.06931712505955
"92992",24,17.579632269219,17.3208653652376,0.258766903981396
"92996",106,84.0833560564679,83.2497557007638,0.83360035570407
"77209",52,39.6369887150239,40.2059833872947,0.568994672270801
"91192",379,350.863535557239,346.957191377574,3.90634417966486
"95456",95,76.6468265619024,75.7376658198215,0.909160742080947
"73605",150,150,150,0
"91883",264,63.4083790785674,74.8232022783295,11.4249493923325
"94111",116,27.4678437292238,24.6064650699735,2.86137865925031
"91397",217,216,216,0
"76808",68,29.2741667353941,30.129298440335,0.855131704940929
"77044",102,79.4272011447728,78.4577533690127,0.969447775760064
"75626",241,82.3868657444841,81.7026155052905,0.816368713493506
"91197",134,119.806343972007,121.884344287537,2.0780003155306
"8314",279,279,279,0
"105489",299,299,299,0
"91713",183,73.3764465642356,67.0623237682936,6.31412279594203
"74291",80,50.261277925889,45.4290724284154,11.0539270041795
"95461",209,188.9623281601,189.955424608293,0.993096448193574
"93649",129,108.70080145609,108.464013659233,0.236787796856912
"93644",101,60.7528789203685,61.2791546200414,0.526275699672859
"77202",234,111.66210907154,116.343550802369,4.68144173082922
"95910",56,40.8673469834185,39.8987366305382,0.968610352880275
"77885",114,82.322426828758,81.035127307455,1.28729952130303
"91194",271,171.921713506932,175.268374497596,3.34666099066419
"92817",127,56.6413701911415,59.5100231609152,2.86865296977376
"77025",107,95.7063424190263,95.3227252316519,0.383617187374409
"6347",341,174.133718758781,176.823549864042,2.6898311052613
"77020",237,146.15196861071,147.092040589287,0.940071978577313
"102968",95,54.5380139923859,52.5354213328002,2.0025926595857
"91658",120,117.21069824879,117.683292412429,0.472594163639218
"95451",232,211.499402885006,209.964305347535,1.53509753747148
"91400",169,169,169,0
"91199",79,69.7133241426429,66.8549605868098,2.85836355583314
"76835",81,80,74.3123335108766,5.68766648912344
"105167",356,356,356,0
"91659",346,336.036322221919,335.816346044003,0.219976177915676
"74191",79,64.6264692885698,63.7844203483366,0.842048940233136
"93646",207,207,207,0
"92984",51,43.6186274116157,42.9383314890216,0.68029592259415
"94166",178,178,178,0
"76821",27,21.1151811213889,20.8875269086576,0.22765421273134
"92479",260,193.861517932615,198.542586134433,4.68106820181831
"92988",128,128,128,0
"77886",134,130.13267975083,130.273722406268,0.141042655438405
"76908",131,90.8027934340775,89.7564904706206,1.04630296345684
"95284",137,53.4747784774822,90.2118923319206,36.7371138544384
"95442",118,62.1482343196281,60.8547445171842,1.29348980244395
"75651",100,56.5261912479885,55.5131873079232,1.01300394006528
"102970",124,124,124,0
"93034",141,77.5668136860853,78.8433390791035,1.27652539301823
"105298",127,112.362446375418,114.555432023232,2.19298564781406
"74288",120,120,120,0
"75656",69,60.1194210607634,59.1931830147102,0.926238046053164
"77254",144,58.5052203745216,56.0985034009095,2.40671697361217
"73599",232,211.903001181586,232,20.0969988184135
"91952",284,284,284,0
"91191",422,390.602339383654,422,31.397660616346
"6239",112,92.1763177146299,91.6128619459825,0.563455768647444
"75661",120,91.5690172470338,90.5563301775189,1.01268706951497
"105249",240,216.803781034894,220.834090538048,4.03030950315417
"77884",96,66.2139399220166,67.4742893945782,1.2603494725616
"76815",122,100.362971293039,99.0288521579454,1.33411913509372
"95282",247,139.118153755893,143.233408926101,4.1152551702076
"94117",122,89.7543474849045,88.6634762487106,1.0908712361939
"91232",120,107.310964017045,104.249363101011,6.39746458097138
"105190",146,133.179251566491,135.755721234118,2.57646966762663
"91964",482,312.541987455682,317.556774299334,5.01478684365202
"93645",122,89.4785380477206,90.9810246920902,1.50248664436958
"76859",129,113.347568930517,110.94360181519,5.75401448727421
"95907",115,115,115,0
"73609",138,131.4263043934,130.958465259352,0.467839134048231
"77214",80,58.4355372409884,57.4339537907136,1.00158345027473
"92002",128,100.16253656233,98.2057713535736,1.95676520875597
"74116",257,226.462018461854,230.781320674894,4.31930221303999
"90560",118,55.0490686584051,53.5602392311423,1.48882942726276
"75634",198,158.801506432501,160.144443609055,1.34293717655396
"93647",112,112,112,0
"94167",179,149.962178442263,151.333604459133,1.37142601687047
"77476",122,62.5247173173526,61.6283095221274,0.896407795225176
"76920",80,80,69.9086930637503,10.0913069362497
"76814",65,35.1256204632822,34.6389606216025,0.486659841679716
"92815",193,124.405496330389,121.054783903323,3.35071242706587
"105297",70,70,70,0
"95383",225,114.703040767624,117.227418594445,2.52437782682152
"92009",227,146.955379562343,150.145667869999,3.19028830765621
"73618",60,51.2855244234855,54.9922780059816,5.85044415928404
"78274",98,72.0645688671387,71.4511264993482,0.613442367790464
"94112",24,15.4828539768303,15.8802128238611,0.397358847030775
"74293",242,242,242,0
"6072",141,141,141,0
"94114",91,81.1618628102386,80.3073986436781,0.85446416656054
"77450",58,58,58,0
"91664",141,141,12.170709979892,128.829290020108
"77934",159,145.279640249463,159,13.7203597505371
"95908",79,69.4196235333462,69.8196431607937,0.40001962744751
"76929",115,112.059948746694,112.297634833818,0.237686087124111
"93438",393,322.297738144749,324.688611743204,2.39087359845455
"105248",141,92.8359515069956,94.5656377102492,1.72968620325362
"73394",41,41,41,0
"73348",192,115.764929156529,188.196610751406,73.8764900665232
"95900",319,282.836469155643,287.771473773175,4.9350046175316
"95462",127,66.6942690841443,67.5984636589484,0.904194574804095
"77246",112,69.8399935438886,68.9005672643784,0.939426279510182
"74203",90,45.8854123777072,44.7890345629279,1.09637781477932
"74180",101,61.8786946056666,62.5850924292237,0.706397823557064
"73354",99,57.2830017161641,56.1546065012585,1.12839521490558
"105252",183,93.7582608388968,95.7490457461465,1.9907849072498
"91929",251,208.892813526146,209.446674695837,0.553861169690599
"92819",53,21.3844932061703,20.2478170813846,1.1366761247857
"93002",33,20.0751505302809,19.8883602260085,0.186790304272431
"91710",204,195.953510187008,196.64145686868,0.687946681672663
"105334",312,270.368815251978,274.646902662778,4.27808741080011
"91383",218,218,218,0
"75680",91,57.2370088830848,57.5045977585487,0.267588875463789
"94116",84,33.9703640668331,34.0350029390758,0.0646388722426536
"77210",77,77,77,0
"73639",231,85.5882389266825,97.000082101224,45.3165949143631
"92993",75,66.578590233284,66.0372316948037,0.541358538480283
"77459",193,78.5798913172346,82.6897176544109,4.10982633717635
"77743",307,122.48174926955,189.954820888073,174.966608242279
"77049",131,111.711822112304,114.562536919775,2.85071480747076
"92822",155,71.5201652761255,67.7128561236957,15.6099509034629
"77034",93,55.9342548705768,56.8390688702181,0.904813999641291
"105256",189,189,189,0
"91195",333,147.462294067085,146.536637562392,0.92565650469303
"95299",38,16.3407839047725,17.2697303588091,0.928946454036589
"77207",58,36.0036224840658,36.5659307989399,0.562308314874091
"94113",165,123.920169340821,162.428464863752,41.0710904537036
"73623",113,104.018484952068,113,8.98151504793189
"92985",87,35.5742556750456,36.6778510982197,1.10359542317405
"91405",186,186,186,0
"105257",231,141.495843402243,148.298706483626,6.80286308138249
"77024",60,50.9605634575613,51.8385572190815,0.877993761520205
"92997",113,59.1791666644549,99.1356094579393,46.7729562668866
"92414",150,132.918016324862,130.854819916168,2.06319640869427
"77491",72,43.8128806575184,44.5591072317122,0.746226574193845
"6073",137,137,137,0
"73350",191,142.002075670527,144.924774577569,2.92269890704223
"77198",81,81,81,0
"93651",153,108.715362358929,105.935841119217,2.7795212397119
"6238",110,74.8350867347812,73.9014825018257,0.933604232955494
"95381",203,203,203,0
"91640",366,218.977553028736,218.365321332981,0.61223169575525
"95385",95,78.4525393321169,79.2020559284399,0.749516596322997
"77196",127,89.4685528667095,90.4853502230298,1.01679735632034
"77206",82,62.2129422790754,61.501918633097,0.711023645978419
"74083",140,61.3424847984466,62.9113469644085,1.56886216596197
"74110",294,173.716350126334,178.892410188292,5.17606006195888
"76845",207,175.078380691966,172.380397323375,2.69798336859142
"92991",59,40.0533214800469,39.2041426874483,0.849178792598608
"77494",34,18.5529120302491,18.0215759994564,0.53133603079267
"92001",141,102.090758012157,99.0588363064387,3.0319217057188
"92998",70,43.7164814984442,43.8429160442747,0.126434545830455
"95303",100,70.4017193215996,71.7934488606985,1.3917295390989
"73602",123,118.042798449223,118.121680337933,0.0788818887103456
"77208",77,42.637757344886,41.819246972312,0.818510372573974
"95447",363,180.501536448674,187.166105809958,6.66456936128475
"78271",104,76.8343475011546,75.0115019924666,1.82284550868788
"76825",89,43.4331043186458,41.6480408723137,1.78506344633208
"91653",180,180,180,0
"77243",128,110.478309844093,108.821121487938,1.65718835615566
"94115",112,59.9648044751599,52.1190855144705,83.1696904669349
"95457",73,56.406673529558,57.3710965344372,0.964423004879263
"91662",204,204,204,0
"91955",206,206,206,0
"77194",83,83,83,0
"95386",141,117.519568066895,116.240384939405,1.27918312748984
"76861",95,51.7820353613341,50.795499421588,0.986535939746091
"73399",322,277.77334316721,275.342999920515,2.43034324669469
"105302",305,246.265054604223,248.089754414606,1.82469981038306
"91999",245,183.768033376181,185.427878898462,1.65984552228072
"95453",149,80.9910058858169,78.0432473190415,2.9477585667754
"73351",159,123.696222830228,124.613382754295,11.9232595617515
"77043",221,187.860931274318,189.130240342282,1.26930906796442
"93006",69,51.7406527707641,51.2492121109308,0.491440659833324
"95432",138,71.5211735692313,72.7493013009666,1.22812773173526
"74080",231,106.578046267696,109.569077567655,2.99103129995864
"105250",312,195.297615144476,198.92973847309,3.63212332861377
"91190",257,157.277660507871,158.171328781869,0.893668273998219
"91717",394,394,394,0
"90559",141,126.721524878954,127.289735485281,0.568210606327096
"73612",186,186,186,0
"105316",287,94.2163628369863,86.8153780007187,7.4009848362677
"91949",215,199.713511166844,215,15.2864888331559
"91196",136,116.54159508377,104.852971803586,14.9293471461751
"91375",260,215.244739000068,211.614373125196,3.63036587487264
"76828",111,61.9281758776553,59.4524793680866,2.47569650956868
"77203",123,61.4543820488309,62.0291358897085,0.574753840877558
"105179",132,82.35266826089,85.617216566781,3.26454830589099
"93003",190,117.32348217874,115.703571708405,1.61991047033468
"76927",144,90.2671416856362,91.7780918422842,1.51095015664796
"93434",203,203,203,0
"78272",112,87.0135821623837,85.925093772492,1.0884883898917
"103006",319,319,319,0
"76830",163,111.725915681629,112.753095142506,1.02717946087633
"92986",94,75.0892713599952,74.4698375426126,0.619433817382531
"93672",80,43.0423811344743,38.0117187464555,52.3304477406518
"76871",126,117.880264938068,125,7.11973506193224
"90556",285,274.911817564838,279.716887500884,7.49399012950488
"74283",123,64.3558445319166,62.9659473832328,1.38989714868375
"6237",155,35.1699570667553,32.5529997689084,2.61695729784688
"93024",89,47.3244600512795,48.7795801084742,1.45512005719467
"92994",118,118,118,0
"91395",153,153,153,0
"6074",274,143.910695428593,268.803761161439,126.132255945817
"95917",133,80.7333936948132,84.6220491469024,3.88865545208917
"95380",180,104.327643728614,103.810401484779,1.12904711411242
"77250",166,111.421690825061,107.882673305952,3.53901751910892
"78273",151,81.6802870020074,80.5302015561299,1.15008544587747
"77249",139,110.064462926594,112.032930997674,1.96846807107952
"77212",76,44.3811199412792,43.4143571055965,0.966762835682674
"75663",48,32.9019533901416,32.338808550474,0.563144839667642
"74195",67,57.7537385667882,57.7464478368408,0.0072907299474233
"78270",115,90.457996786916,89.3552067035281,1.10279008338794
"77478",177,150.963706112974,153.293796748358,2.3300906353845
"73638",103,45.7452324655129,48.3714598178961,2.62622735238317
"93648",115,43.8678656167077,40.5206833852583,3.3471822314495
"94120",204,186.896383753763,204,17.1036162462372
"74198",52,40.1961259146516,44.8856724078413,4.68954649318963
"73615",105,19.2212992565076,16.3826707260653,2.83862853044239
"74193",77,53.1567909949909,51.7435022612913,1.41328873369963
"76833",85,57.7957834353307,57.0388222673096,0.756961168021143
"95450",81,44.5339683812576,43.2925151527847,1.24145322847289
"92478",169,85.9809067476992,85.5165466573839,114.334304912035
"94168",144,86.8440125261558,88.4758208397564,1.63180831360057
"77040",191,123.817756160289,125.702807597744,1.88505143745485
"75641",56,56,56,0
"103003",476,464.263188397412,476,11.7368116025884
"76831",78,63.0156434172959,64.4195614067263,1.40391798943036
"105194",184,171.213326791688,184,12.7866732083116
"91189",148,141.325852589824,141.163553263166,0.16229932665763
"74297",353,161.652492659294,169.080750662028,7.42825800273334
"77451",76,52.9254521995433,51.8618503232845,1.06360187625881
"76858",188,117.665212032821,122.135902511046,4.47069047822553
"93001",38,27.9738202815195,28.1514567435412,0.17763646202179
"95459",116,91.5175709622877,91.245960021069,0.271610941218715
"76836",42,16.0212562501891,19.3742661693015,3.35300991911245
"77017",307,186.832466479781,179.834186408385,6.99828007139625
"77216",116,76.304340297414,74.377956309098,1.92638398831597
"95437",68,38.4240461081567,37.2509919042687,1.17305420388802
"76921",96,80.513547746984,80.4761697674576,0.037377979526417
"73347",234,181.567671708183,178.901793477288,2.66587823089456
"94118",143,124.741981859988,122.975392397401,1.76658946258718
"91193",159,117.017311846305,3.04098211801259,113.976329728292
"6071",140,140,130.320435288338,9.67956471166181
"6070",48,43.5798677325791,43.1356895708144,0.444178161764626
"77740",123,78.0254471038279,71.9763212452628,12.8583078704252
"91971",354,285.152232742017,293.448456577385,8.29622383536747
"92842",289,221.808511942286,215.269309098852,6.53920284343369
"76868",43,30.1597244660404,29.9937913575855,0.165933108454876
"94122",88,64.3362969150312,63.4190557966843,0.917241118346822
"73603",142,142,142,0
"77760",558,558,558,0
"77472",245,157.114587369708,161.867059072349,4.7524717026415
"77766",532,484.998662777474,486.047376671264,1.04871389378971
"94169",113,97.1284951037688,97.3953564697589,0.266861365990117
"91973",416,366.436030985283,344.429125562061,43.4352930894097
"94121",61,33.835317975586,33.4453022045382,0.390015771047814
"92824",65,46.025314357945,44.6574512382276,1.36786311971742
"103026",192,160.546737462608,161.496752756942,0.950015294333297
"73621",165,159.610525116744,158.95450134452,0.656023772223959
"92000",144,122.720989913262,113.550340111519,18.0638057555374
"93023",195,150.05760846536,151.536967472239,1.47935900687918
"91656",274,61.6430816661691,56.4365053643606,5.20657630180852
"75657",107,93.2601830902218,93.2217826968522,0.0384003933696644
"74275",130,100.149100155904,101.287306340665,1.13820618476131
"76943",181,137.250992806316,139.120819286789,1.86982648047335
"78269",161,109.012934798272,108.342740407672,0.670194390600484
"75628",97,76.0162879785956,77.242373927963,1.22608594936733
"91959",428,368.582289594968,366.88622966372,1.69605993124842
"93014",242,202.3251234327,204.600871059955,2.27574762725473
"94170",113,69.6568900782038,68.1816743409675,1.47521573723636
"94119",96,72.0073537362759,72.0092047383775,0.00185100210163203
"77496",93,85.3687305474099,83.5635885228752,9.30710751404106
"73432",225,146.950045543615,152.267924541877,5.317878998262
"74274",103,73.6962644760075,72.8074267466104,0.888837729397063
"76866",75,51.3861733037886,50.1713526845983,1.21482061919031
"91663",263,263,263,0
"102996",384,219.123407759454,224.424808390474,5.30140063102
"95443",206,119.614554594471,116.671629260239,2.94292533423216
"91881",199,154.299961727559,159.841339125509,5.54137739795088
"93005",76,41.137752178025,42.3227696896351,1.18501751161011
"77753",366,331.322537380659,366,34.6774626193407
"92480",522,425.878457001064,434.815019978389,8.93656297732499
"77201",75,41.2606844630811,41.8805054715186,0.619821008437521
"93673",147,113.654154165844,111.481309046055,2.17284511978911
"93013",220,115.08384144964,119.703997429166,4.62015597952564
"75668",95,75.3196572685752,74.4002011780922,0.919456090483007
"93000",103,83.8380334215,82.0990913368525,1.73894208464749
"77204",57,57,57,0
"77211",88,57.9522358484548,55.8647950843883,2.08744076406649
"95899",295,141.388539460835,159.557414315319,209.582741404181
"77199",28,18.9631272389397,18.6396732900571,0.323453948882514
"91882",58,33.8426038740567,31.8643980621011,1.97820581195553
"91398",261,261,261,0
"93042",220,134.865446267985,140.917822700521,6.05237643253592
"95389",77,54.2395331310378,52.5982598174751,1.64127331356273
"74190",73,45.3189861637367,44.4509812084793,0.86800495525732
"92999",57,46.2638615099044,46.5364763765,0.272614866595549
"95291",222,111.930240714259,117.779430927733,5.84919021347406
"78109",85,72.4538964275197,71.5001527737322,0.953743653787506
"105255",166,154.00513471696,166,11.9948652830397
"76922",150,120.494178834485,117.794014136711,2.7001646977739
"90557",220,195.920482446892,197.179670526053,1.25918807916124
"93650",176,91.2255451844767,92.5337105882143,1.30816540373758
"91187",312,149.490621580122,139.355244075912,96.4802300456999
"6236",64,40.514294282519,39.831939981591,0.682354300927952
"77490",207,101.529701132604,104.062316420393,2.53261528778902
"91184",163,137.642505129779,135.314096714432,2.32840841534782
"91963",67,40.8312434466234,39.533938051953,1.2973053946704
"77195",91,91,91,0
"73589",167,94.6870784409136,90.9955376167584,3.69154082415521
"93008",135,116.077713447245,113.699554181721,2.37815926552374
"90548",215,215,215,0
"102974",245,245,245,0
"105315",501,501,501,0
"92843",24,24,24,0
"6068",293,235.829549702155,232.85702246222,2.97252723993457
"91648",268,255.474531788536,255.121111258764,0.353420529771834
"105187",144,90.2093130595778,88.0798815195443,2.12943154003354
"75662",74,44.9883014889044,44.0780909498744,0.910210539029965
"94124",36,31.5544967903945,31.7923387400531,0.237841949658543
"76873",53,47.309768696842,46.7752735463579,3.33252801564389
"76863",69,69,69,0
"73393",138,135.889752877292,135.894553642766,0.00480076547456632
"77200",114,79.2320901506994,77.9489767124331,1.28311343826633
"102973",171,171,171,0
"95455",104,104,104,0
"105304",229,131.573549575665,134.319144306612,2.74559473094655
"73383",97,97,97,0
"76934",53,15.13400399868,26.5927951796145,11.4587911809345
"77039",105,27.6344905392875,27.6077555972534,0.837725582329986
"76843",38,32.5542838156859,31.9484463929203,0.605837422765557
"73625",163,154.049002788289,163,8.95099721171128
"92823",77,61.1370544453027,59.2324551368085,1.90459930849423
"93007",34,21.1027600721928,21.9235979522291,0.820837880036332
"74277",46,27.3138190741581,27.808234648384,0.494415574225913
"74201",83,82,76.4234867447907,5.57651325520924
"91233",175,175,175,0
"91645",416,416,416,0
"91950",422,422,422,0
"105332",293,293,293,0
"93439",254,254,254,0
"93025",47,28.3838879296075,27.8679950786373,0.515892850970143
"76844",128,112.179619448382,111.118402215746,1.06121723263617
"75665",40,25.2248644847951,24.6628168340942,0.562047650700941
"95448",160,93.8749517247569,95.3396186703174,1.4646669455606
"94171",308,257.45480912948,254.543026104242,2.91178302523784
"76872",76,64.8857192717032,65.4721853891343,0.5864661174311
"73349",132,79.5832275637125,77.3995022723413,9.26623114777131
"105259",214,214,214,0
"94123",107,91.8247850482493,90.5051240055362,1.31966104271304
"75619",89,88,88,0
"95382",135,92.4039523885611,91.2497054545093,1.15424693405179
"105296",330,330,330,0
"6235",112,49.7444611349854,46.9231116428737,2.82134949211175
"74093",226,142.994942561363,143.209851020159,0.214908458796582
"74278",95,61.4733109618397,59.7158839052484,1.75742705659137
"78111",126,126,126,0
"73587",161,129.843486038496,126.004067338588,3.8394186999074
"76846",114,70.4853741469715,69.2964301982482,1.18894394872328
"74206",85,54.7233608534808,53.6675086396802,1.05585221380059
"78267",91,91,91,0
"93011",59,41.846774339984,41.0522655320544,0.794508807929599
"91961",316,195.469405165202,184.856636841199,10.612768324003
"94125",90,51.0818280491712,50.5140727865283,0.567755262642851
"73389",77,74.1082055614502,73.7170167567388,0.391188804711352
"78277",174,130.414780268051,127.859819574983,2.55496069306843
"77495",71,41.6303647245751,40.7720083863005,0.858356338274516
"91186",424,386.360784248742,424,37.6392157512581
"76558",466,262.250977541324,251.793212337155,10.4577652041685
"77245",155,155,155,0
"92826",177,68.7853460322012,65.0113917647255,3.77395426747568
"105491",474,434.443909678239,458.136595441174,40.1002063268825
"95290",153,140.010895938884,141.304315254933,1.29341931604903
"93652",153,102.750719412644,105.122889038291,2.37216962564691
"91655",152,138.830538231348,139.757050476465,0.926512245116477
"74199",66,57.5585856349408,56.874536979005,0.684048655935773
"91992",46,26.5083073059701,26.1796525701753,0.328654735794798
"93026",193,170.374455112793,168.173866833034,2.2005882797599
"73344",357,356,356,0
"91387",450,369.85283929167,364.767240238769,5.08559905290104
"91185",410,88.098210998315,94.1122960842644,6.08423916480649
"91183",473,473,473,0
"77744",104,65.7523015267294,63.7036403801523,2.04866114657703
"75643",49,20.4313296943754,27.539311315942,28.9997145473545
"90551",113,113,113,0
"91182",241,169.90351209536,169.48345339661,0.420058698750136
"73430",169,136.847458566204,133.225964852053,3.6214937141502
"90558",390,390,390,0
"77255",137,123.997663268493,125.167864730658,1.17020146216505
"105265",271,271,271,0
"7447",652,607.966980921593,612.120353454682,4.15337253308846
"95407",212,151.217613969558,152.882303016641,1.66468904708302
"73341",121,121,121,0
"73398",149,135.401650173107,134.168344253759,1.23330591934803
"74084",682,544.430914349379,548.948775357299,4.51786100791988
"92474",345,211.723026708561,212.065415494611,0.342388786050752
"78107",173,157.726045787573,63.194247596082,104.273917379198
"94129",70,52.9211848816836,52.5110546922361,0.410130189447442
"73593",307,264.664393120038,261.315717693462,32.3096042919429
"105192",214,214,214,0
"95289",111,49.9174459451473,51.8857180145763,1.96827206942898
"77458",183,77.8465041760566,74.8276687073155,3.01883546874108
"95396",208,169.202405852516,166.91304177488,2.28936407763619
"95433",141,125.430254429041,124.538414579988,0.891839849052453
"90555",126,35.5806461097506,90.42167231605,101.582066184752
"78266",105,64.2150209227458,65.2359033502585,1.02088242751269
"91988",341,225.410143057919,229.287999161339,3.87785610342015
"73620",225,219.501353639726,219.564033580799,0.0626799410732482
"6069",147,147,147,0
"93020",63,49.2690616134915,49.1109041695692,0.158157443922382
"73611",242,236.436839317805,236.875265255595,0.438425937790229
"77481",247,247,247,0
"94127",23,20.6744623097219,17.2585162881267,4.44280191604439
"92482",216,57.9038629784731,113.6196805647,55.9296602055355
"91719",404,403,403,0
"94128",212,130.425659286231,125.626543198874,4.79911608735789
"91402",190,137.791049982556,131.977498833135,9.87357292124739
"6067",189,189,189,0
"91996",59,45.1231724154812,48.4873867261364,3.36421431065511
"76882",116,116,116,0
"91967",63,43.6867417376314,49.6307736501203,15.0987724914484
"105264",239,239,239,0
"77048",233,140.226678428253,134.885540279145,5.3411381491083
"75650",204,179.101104772754,176.398438825264,2.70266594748945
"90540",251,235.059157502155,233.253344507995,1.80581299415982
"95460",350,282.259604087345,286.573742223159,4.3141381358143
"77762",104,74.5280204901686,72.8909125624758,1.63710792769277
"76864",116,68.4254355099919,69.2933270717174,0.867891561725439
"105258",100,92.0279028655818,100,7.97209713441824
"92816",517,379.12143260303,365.054087504747,37.2519616104907
"91942",424,251.706232831685,266.891903532996,15.1856707013101
"76860",150,95.2997862484519,76.0869789033063,20.2928350850368
"76849",62,54.2429121375795,52.9132166234597,1.32969551411977
"91962",74,33.4165498869308,32.687714484621,0.729298715955731
"74282",431,429,429,0
"6348",363,214.668867042476,222.163047483056,7.49418044057996
"93004",66,55.1150363444996,54.3484417108728,0.766594633626851
"76923",144,49.7174764114221,51.8200278251347,2.10255141371254
"76848",47,33.5775105006654,34.0532236791709,0.475713178505472
"93010",68,50.0581787543325,49.2590928400846,0.799085914247901
"95439",102,72.3462895520076,70.9805808704953,1.36570868151224
"77747",242,190.144886247795,189.33275658542,0.812129662374502
"73377",160,158.017039573627,109.406563532162,50.1089649104019
"76879",93,90.4375996416797,90.5236889139334,0.0860892722536694
"93656",113,77.9649292080661,76.0228611705626,1.94206803750343
"76930",174,109.555302886784,106.304972069963,3.25033081682073
"73604",172,159.656629688375,159.036027964513,0.620601723861278
"92477",274,185.269796456963,226.331212259101,72.2249327115013
"91188",260,255.03604930974,255.517325703234,0.481276393493105
"6234",85,75.8357984250995,76.092572900723,0.256774475623482
"91998",193,162.880599162931,154.686164084005,8.19443507892573
"74185",138,77.2222070515823,75.8281500601767,1.39405699140564
"91657",219,164.49471839223,173.702596822746,9.20787843051503
"75635",46,29.0411268355825,29.4300276912354,0.388900855652928
"76870",71,69.6305138916946,64.8826702143286,6.23585466419425
"94126",81,66.7958411860507,67.7807930634705,0.984951877419771
"95390",90,61.0988210587314,54.3741616114178,9.13902012307266
"77197",99,77.8681341370208,78.6985736000515,0.830439463030689
"95445",172,85.1799466947414,88.1727215014781,2.9927748067368
"78268",116,97.7887917274323,93.8531411098931,15.6379725842601
"102975",132,114.047185516391,112.25559288032,1.79159263607089
"95393",122,81.1577807561788,79.1762973362968,1.981483419882
"76910",119,83.3136338052298,82.1285832606261,1.18505054460368
"91995",132,85.8578159608797,83.3856753920983,2.4721405687813
"78106",118,69.7113274252451,69.8197877106089,0.108460285363793
"95441",94,84.7793823624115,84.8184592451072,0.0390768826956903
"78265",182,123.281362702833,120.127444818132,3.15391788470083
"102976",184,184,184,0
"73386",173,165.653644079869,165.30169191097,0.351952168899553
"75624",102,59.43730588336,59.8724735824947,0.435167699134695
"77749",117,85.8586587187122,85.4808003341045,39.5108642358372
"91994",39,27.137480054608,25.6863471613515,1.4511328932565
"93045",137,109.194661263065,110.063703299897,0.869042036832131
"78114",64,64,64,0
"74901",499,346.580118305224,337.789973561022,8.79014474420209
"93021",164,106.2558253486,108.471668117444,2.21584276884423
"91970",82,62.8844422478034,64.2757979536824,1.39135570587903
"103017",333,333,333,0
"95406",102,89.5094730732997,87.5244280475773,1.98504502572232
"95387",105,88.7897787988845,85.9105249113692,2.87925388751525
"90553",61,21.3785325281225,21.216667422139,0.161865105983428
"74194",38,28.4933449641184,28.1374378330336,0.355907131084816
"93022",82,58.5739889166627,56.7807847787903,1.79320413787237
"93437",286,225.069327272908,226.749258694191,1.67993142128227
"95392",110,89.536067839279,90.6320152827867,1.09594744350775
"94172",125,68.3978856016509,66.9824935656443,1.41539203600663
"77046",94,61.4687559589488,60.1551945601281,1.31356139882069
"78263",23,14.6495320383079,14.5256233612548,0.123908677053116
"90550",148,130.862726656806,148,17.137273343194
"78108",98,52.9528326552019,54.4932916333481,1.5404589781462
"90545",127,124.994362350768,125.024835340425,0.0304729896570347
"73343",165,112.026920101406,108.365858783538,3.66106131786793
"94131",35,25.3580735776186,24.8829889564357,0.475084621182956
"92095",188,135.180103305475,128.943808220124,6.23629508535029
"77455",134,59.8397062400103,56.9350483422816,2.90465789772862
"77042",106,76.2793582831993,75.5570460588155,0.722312224383817
"75654",244,244,244,0
"95395",132,115.648454531518,116.705102910841,1.05664837932333
"105254",182,167.627348815212,168.661468586356,1.03411977114328
"76851",64,52.733925240043,51.3967428242561,1.33718241578689
"91394",161,88.5198493699935,91.6902692916795,3.17041992168597
"95768",267,267,267,0
"93027",127,85.7738215980849,84.1938569547213,1.57996464336362
"76875",154,86.8563551599791,84.2103309223212,2.64602423765792
"94130",44,29.8612121802645,29.3560127192947,0.505199460969817
"104973",399,255.319604046914,264.697431237506,9.37782719059268
"77741",89,47.0674730763569,46.2055009649372,7.36552689536839
"76945",182,138.460403158712,133.151825677909,5.3085774808032
"91680",120,120,120,0
"74179",60,60,60,0
"91965",274,180.242429662508,171.892245488475,8.35018417403253
"92894",97,70.8921494602387,69.6272911187879,1.2648583414507
"78113",49,28.7932771686211,29.5423680099599,0.749090841338797
"102977",408,408,408,0
"91990",94,79.4421276977588,90.6379530117164,14.9323391158857
"6233",73,40.0970774839655,34.5808719655308,6.20211465131176
"73388",85,74.8214164898498,75.4429767438652,0.621560254015439
"73436",74,30.800791661641,30.2911741164128,0.50961754522826
"78103",84,68.6229467102698,67.8223775910782,0.800569119191588
"93016",96,57.413989062031,58.1461841498705,0.732195087839432
"95444",111,83.1161089861864,82.1567456576115,0.959363328574886
"73581",137,87.161240368513,88.8911087325859,1.72986836407287
"91234",93,46.0002036799009,47.3531010606626,1.35289738076168
"93017",73,55.2647692050027,56.304662168477,1.03989296347433
"94132",190,78.3788685259378,123.140734483736,44.7618659577983
"74271",124,113.44991192102,112.493233859191,0.956678061829261
"78110",132,94.9572034802476,93.5355246725336,1.42167880771394
"92828",203,189.019099260272,202,12.9809007397284
"92895",153,140.252931704387,139.033074803793,1.21985690059422
"76850",53,35.6052633202633,34.9959822694828,0.609281050780591
"91641",294,271.272333644687,294,22.7276663553128
"92825",271,173.374166535023,167.439822039092,5.93434449593118
"75622",80,80,80,0
"74095",121,87.3157228107517,89.1673862871356,1.85166347638385
"93009",95,60.6929474600575,59.7697487734923,0.923198686565251
"75291",42,14.733220036595,14.1195330827229,0.613686953872179
"90542",148,148,148,0
"103360",407,360.180732557694,366.237156316516,6.05642375882205
"93012",76,38.6998340746646,39.5090675594837,0.809233484819125
"94173",318,264.61717325915,268.326340597619,3.70916733846927
"91649",191,175.33892798316,172.96710189697,2.37182608619074
"91985",93,93,93,0
"73584",169,100.202032472973,98.5088342847854,1.71664080794482
"91926",160,21.47505746151,20.043430044256,1.43162741725396
"75666",156,96.8597414372317,62.1161183895581,102.364902850086
"93441",569,568,568,0
"77482",91,61.1811108973393,62.2008280758138,1.0197171784745
"6232",56,41.3861688240845,41.7289893291313,0.34282050504677
"75679",45,36.9929838383504,36.5174855598196,0.475498278530761
"103266",502,502,502,0
"93030",31,15.5245270609688,14.4336319604923,1.09089510047655
"93653",221,189.02079041125,185.856567618949,3.16422279230025
"74189",100,58.7703936305805,57.8385741921256,0.931819438454947
"103005",199,199,199,0
"91943",150,150,150,0
"77746",116,56.1859133498466,59.8204126542458,90.5718144381571
"76881",83,83,83,0
"105262",194,159.746961290996,161.926879055188,2.17991776419151
"105269",149,86.3270595750921,90.5114606850362,4.18440110994412
"95440",75,61.6013733635799,60.6165490029676,0.984824360612306
"95410",36,24.9242898562702,24.5846189704941,0.339670885776131
"76852",123,64.2255645233796,41.2592103204677,22.9663542029119
"91927",238,145.250573172599,139.099597974763,6.15097519783623
"73575",193,193,193,0
"90554",272,272,272,0
"73395",146,120.910106252325,122.455618989657,1.54551273733183
"93050",87,75.1753551030173,76.7890210021815,1.61366589916423
"91886",423,338.075835036438,341.478037269842,3.40220223340395
"95388",247,139.648001285133,112.608215530314,146.356543255643
"94133",166,126.001901408097,121.019448897673,4.98245251042305
"78264",169,134.162134406908,135.506688778212,1.34455437130321
"73598",416,226.732083286578,214.759377079464,11.9727062071132
"93654",143,88.7080103982805,86.9561131457279,1.75189725255259
"78649",375,375,375,0
"77745",156,78.6019325827683,81.3552187376996,2.75328615493139
"78262",117,117,117,0
"74257",298,298,298,0
"94134",131,81.8839189630627,80.6138844612287,1.27003450183408
"74263",152,152,152,0
"90549",108,100.562725876739,100.994145040429,0.431419163689695
"77943",185,160.485625102402,161.337535271326,0.851910168924138
"92475",191,180.929193076357,191,10.0708069236432
"73596",301,207.300117602741,210.627100305188,3.32698270244752
"91956",507,507,507,0
"6066",182,171.840473661332,170.597658034966,1.24281562636542
"94176",142,90.1706784495521,89.1262386765357,1.04443977301637
"76865",114,62.9355717577963,51.1705527603599,83.0399881608123
"74204",89,70.0086538066364,69.3490036236599,0.659650182976495
"77955",305,305,305,0
"77244",153,153,153,0
"73340",210,210,192.795649759204,17.2043502407956
"76928",148,86.8549423256893,87.3038070883019,0.448864762612528
"95434",133,96.2488289371111,95.5038621694906,0.744966767620528
"92827",172,84.3475373931405,89.3136671188902,4.96612972574969
"94135",106,82.2230339151206,80.9095581940879,17.0922855570816
"92472",94,53.5317688035985,56.012090532401,2.4803217288025
"77751",74,69.3488212157581,74,4.6511787842419
"91730",275,258.716283759216,259.302230202456,0.58594644323953
"77480",225,225,225,0
"105260",39,17.4846346662933,18.6417968535258,1.15716218723247
"91991",39,37.3929450037131,37.4790567870599,0.0861117833467567
"91946",294,294,294,0
"77470",182,182,182,0
"90546",196,196,196,0
"73345",221,205.426397030211,202.391003297103,3.03539373310791
"94174",272,272,272,0
"6231",106,68.6957381097719,48.1646488118891,20.7180944437028
"76893",299,231.456067419659,237.158226158121,5.70215873846196
"78100",125,125,122.185609960998,2.81439003900202
"92901",160,119.153759002595,116.828582309224,2.32517669337095
"105195",126,70.1613451101548,72.8121543790863,2.65080926893142
"91993",183,151.462963104837,147.082135485538,4.38082761929887
"95762",152,82.7039567137002,81.3128992587593,1.39105745494098
"105197",117,70.2427375328385,72.5146776668295,2.27194013399097
"78260",65,46.3938399478671,45.0210230258041,1.37281692206298
"73601",110,104.029701925301,104.846379900353,2.74072188431124
"73370",163,151.622595418713,152.340398446687,0.717803027974551
"91981",113,82.4045399193458,81.1263322206741,1.27820769867161
"92101",230,124.30729986502,119.574755373681,4.78599500252481
"77756",210,149.716480865482,145.796901973305,3.9195788921771
"92094",244,225.363826618225,225.679115462298,0.315288844073146
"77764",155,84.5235698871621,87.4117906791513,2.88822079198919
"90543",133,133,133,0
"73384",143,137.842789305276,137.770643934855,0.0721453704206219
"78101",129,106.091216463148,103.230389740387,2.86082672276129
"75260",83,69.9980628584735,69.7396780330739,0.258384825399669
"95414",110,58.9825987595788,57.8451647415889,1.13743401798997
"77253",112,66.1348878620711,64.4904651202239,1.6444227418472
"91642",188,188,188,0
"105313",224,197.085925534219,200.026751608481,2.94082607426262
"76874",99,89.9532613184601,90.3681202211045,0.414858902644356
"74250",304,241.98102941796,219.10572905466,31.7010604720638
"105267",234,212.452478642038,234,21.5475213579615
"74181",81,81,81,0
"95398",144,132.47269028309,133.17988740058,0.707197117489644
"93018",74,61.9896091163288,62.9341241928235,0.944515076494672
"8226",391,161.018698908573,243.53562351436,251.090223446566
"92896",46,46,46,0
"93674",190,82.0289231156962,78.4194931735749,3.60942994212133
"95413",164,143.742704142658,142.213741765497,1.52896237716136
"78099",104,80.2364164063875,79.6902180892924,0.546198317095118
"95394",113,60.5916079654174,59.0309196142566,1.56068835116077
"91987",99,81.5795512344125,80.9002940689523,0.679257165460319
"95409",114,87.8419287705643,85.1810564674559,2.66087230310842
"76936",55,30.7984910106444,32.0422335156058,1.24374250496145
"78660",92,47.0645339943341,47.7821263900021,0.71759239566797
"90552",251,250,250,0
"73572",293,256.925409825697,254.211114562126,2.71429526357142
"91389",174,136.315150125602,133.75795661837,2.55719350723162
"105263",152,84.2692239751528,87.0471895764417,2.77796560128884
"91972",495,403.595198844022,409.57369868237,5.97849983834776
"92111",130,130,125.426215392814,4.57378460718631
"76779",106,106,106,0
"74269",26,16.0821419555287,16.0409778723723,0.041164083156424
"91928",270,255.113234063727,192.545131809332,70.2111401005183
"78258",94,61.9580608153978,61.1104327449833,0.847628070414533
"73373",281,271.893482368929,272.568241914753,0.674759545823543
"78096",77,77,77,0
"91984",122,94.8249321133566,101.974042755501,7.14911064214429
"105303",382,382,382,0
"93048",293,293,293,0
"95438",110,68.3203852482855,67.4983862790273,0.821998969258202
"95749",144,144,144,0
"74264",65,47.1701561365433,46.3096166699861,0.860539466557191
"94137",110,83.1584484702714,82.1955450026424,0.962903467629036
"93015",159,158,158,0
"73431",180,158.219559191546,156.453060242665,1.76649894888147
"94136",113,84.895029922483,82.8894401628474,2.00558975963561
"95397",115,97.5592372928542,97.5215662058426,0.0376710870115599
"91938",242,219.694889115935,221.501016508762,1.80612739282704
"73342",250,242.133798546836,240.698831086656,1.43496746017976
"93049",124,68.7813445006268,65.5789791641903,3.20236533643654
"92091",361,353.183761357596,351.525428115759,1.65833324183669
"103027",266,156.359171638178,111.965498871723,141.673310566417
"92898",147,89.3882082587579,89.5580791008143,0.16987084205642
"93028",195,99.7423253031439,101.521812612586,1.7794873094423
"8160",92,85.9319282922732,85.9650453065614,0.033117014288217
"92085",96,64.1104962910098,65.5440333304023,1.43353703939244
"95384",215,187.88152659296,190.753529699718,2.87200310675782
"92090",240,239,239,0
"73580",166,131.970232959092,130.349558586137,1.62067437295458
"78095",58,43.0554071277054,42.1826377689621,0.872769358743313
"95416",115,16.3935959826089,95.6086623934681,85.437351253283
"78112",174,174,174,0
"92087",133,96.7801668853074,113.711773874761,20.6402272497759
"74200",64,51.6293758848854,51.0156468896222,0.613728995263287
"77750",88,77.2967100291108,79.3886150286982,2.09190499958737
"91401",163,104.550543699152,107.19934395188,2.6488002527272
"77752",56,36.1125720547079,35.8861723024517,0.226399752256232
"91380",144,79.9340158782288,66.3263031152417,19.0092315958437
"78259",43,40.600986096189,37.4904412481857,5.54834607740638
"95400",69,56.1078963038534,56.2960971716673,0.188200867813876
"92899",164,127.563139204574,125.637980634929,1.92515856964471
"91983",78,71.5746031783682,70.8201585405061,0.754444637862099
"78098",37,22.1283083185776,21.460489004238,0.667819314339535
"93019",113,69.5830579496006,68.4090903220207,1.17396762758
"73336",229,193.501037985494,193.705204788991,0.204166803496531
"77488",187,142.124546853299,143.058090557005,0.933543703706548
"93031",73,36.6227132020747,37.0593696125388,56.4671050049158
"76886",138,89.0242625702491,87.2707554162127,1.75350715403638
"102997",236,236,236,0
"73390",132,110.637937796328,109.144141419964,1.49379637636373
"73597",64,47.3048198453276,47.2321528859578,0.072666959369768
"78014",235,235,235,0
"75266",102,73.0103593809241,71.8866116522299,1.12374772869418
"91923",299,299,299,0
"77757",89,76.9027999414935,75.5821202876639,1.32067965382952
"78105",200,200,200,0
"76867",116,116,116,0
"6064",436,331.882141087827,337.496796084493,5.61465499666539
"6229",166,97.7224114853817,99.7051628470953,1.98275136171361
"75261",25,25,25,0
"74197",91,78.3917295436212,77.5746430324066,0.817086511214623
"92088",224,222,222,0
"92165",348,25.6627233938423,226.397679859014,200.734956465171
"92093",159,159,159,0
"92089",291,179.492981865723,165.55828767164,13.9346941940827
"73582",232,205.18211604361,202.316126099816,2.86598994379411
"93655",155,92.0798229541319,93.587395593683,1.50757263955108
"93051",94,94,94,0
"76946",115,69.8016569821206,68.9299544796269,0.871702502493705
"95740",100,66.2292960883415,66.8466943628001,0.617398274458603
"105325",388,314.450149701168,316.655412999689,2.20526329852121
"76735",157,89.1740063808224,90.2669961270833,1.09298974626095
"77748",107,51.6271361830569,52.9296087197923,1.30247253673535
"94177",191,110.651854308706,112.280978634534,1.62912432582771
"78257",21,16.4461380072548,16.4910140528811,0.0448760456262312
"95767",125,77.1598422358806,78.3032170872544,1.14337485137373
"91725",421,421,421,0
"77256",44,23.4881965806665,22.5758362533053,0.912360327361208
"73338",156,117.203701300416,145.791770770979,33.0489479307333
"74238",195,165.185630523219,166.316913382392,1.13128285917323
"77771",205,187.317841270902,205,17.6821587290976
"92110",217,207.794097751701,208.838373923755,1.04427617205409
"95754",142,100.394664023961,102.488295037529,2.09363101356769
"73573",171,155.362649761406,153.792422163968,1.57022759743796
"76925",94,55.7838167758908,54.9543959989812,0.829420776909551
"90547",112,112,112,0
"92092",282,265.658695118924,264.122888974089,1.53580614483587
"91643",207,190.621928233743,191.279641458344,0.657713224600675
"105309",285,261.503363135302,285,23.496636864698
"92470",89,55.4030038003883,57.7402435590307,2.33723975864247
"73379",190,190,190,0
"90534",239,231.129871665581,230.970525354442,0.159346311139439
"93657",266,224.239503077191,222.076027695464,2.16347538172717
"95418",92,75.8922075044662,75.8404425395341,0.0517649649321016
"78659",172,172,172,0
"75275",134,126.83123088275,127.458152587453,7.28576013427907
"94178",94,80.3656859709268,79.3152498958487,1.05043607507816
"75658",87,66.099860333835,65.1534550079732,0.946405325861822
"95415",110,91.8019306889038,90.7346948094797,1.06723587942414
"92654",241,164.100504039395,156.748069520179,7.35243451921655
"90541",139,126.266901537287,126.847596472795,0.580694935508874
"76898",258,232.405024442341,258,25.5949755576593
"90443",421,403.304109130888,404.094976231051,0.790867100162265
"75263",100,70.0427758357827,70.577642437976,0.534866602193322
"77453",134,70.7599789328193,69.3990925730534,1.36088635976594
"76894",108,79.6504568447736,80.7111961000679,1.06073925529433
"91940",227,227,227,0
"78094",31,15.2752080570919,15.8468541584374,0.571646101345518
"102978",84,65.5145980880643,67.0400810447236,1.52548295665927
"95775",161,120.903038642718,122.258656117546,1.35561747482788
"103359",524,524,524,0
"76862",230,96.994631993065,137.731639533808,125.19669550917
"94139",127,127,127,0
"73566",149,140.585076337043,139.938421929988,0.646654407054747
"105317",219,197.487630252344,200.111055702541,2.62342545019748
"76878",50,34.5693313223,35.0895949067886,0.520263584488541
"95435",140,140,140,0
"6230",166,133.41977074531,129.259437726136,4.16033301917322
"93658",74,64.5378201901371,63.718582884929,0.819237305208056
"92905",157,92.0591397166191,90.2526441674622,1.80649554915683
"95399",94,58.4192281632192,59.2771472492442,0.857919086025026
"74184",96,78.3586645654673,77.7023358484657,0.656328717001538
"92169",100,73.5412123855387,75.5385491740614,1.99733678852277
"94175",216,149.190427264963,150.711575001388,1.52114773642544
"91931",217,189.467750574212,190.451792505579,0.984041931366848
"102990",247,221.699580350548,224.675411778934,2.97583142838597
"78650",155,81.466198972757,79.5604947367902,1.90570423596673
"76734",164,127.42028818145,125.443016876851,13.621512085543
"73337",110,58.9593860633104,55.1880100801325,3.77137598317784
"76560",441,441,441,0
"94140",80,69.2384248113575,67.0729867819698,9.67166201086713
"90544",147,140.225639388356,140.549075083347,0.323435694991631
"92900",110,86.3364133213096,87.593992556582,1.25757923527237
"92903",78,39.7947313200932,39.2870499253602,0.688407897286843
"92164",133,85.8843679409082,82.7669631380211,3.11740480288705
"78253",25,18.9053801864857,18.6471429383266,0.258237248159075
"78254",81,68.9951590334708,68.3850996183354,0.610059415135331
"91957",204,51.6623537144796,53.8977579490683,10.5059632807329
"77477",175,127.507289450614,129.083951866844,1.57666241622998
"91978",100,70.0550033665943,69.0763248505885,0.978678516005809
"73594",128,86.3847318111907,86.7825032937134,0.397771482522677
"77767",144,124.389311159774,125.374954165275,0.985643005500979
"103002",346,346,346,0
"95743",78,41.1878732149951,40.274725992025,0.913147222970074
"78255",104,104,104,0
"91989",22,22,22,0
"6349",311,206.630609468122,210.626390333975,3.99578086585232
"78102",154,154,154,0
"90528",212,196.837980276563,212,15.1620197234369
"78249",123,123,123,0
"74869",295,137.53196829227,141.415858711507,3.88389041923692
"95391",125,107.55231489972,108.99960053112,1.44728563140067
"78091",39,34.1792815478168,34.0134705550632,0.165810992753641
"74262",75,54.4200573042705,53.7331840351259,0.686873269144612
"76940",43,30.5505487858767,29.8425038506687,0.708044935208048
"95424",92,48.549491499579,45.083741846913,57.7036533862444
"77754",50,30.1659150087078,30.9494154529047,0.783500444196944
"77761",140,87.1448514896733,89.4660673640958,2.32121587442247
"91982",71,71,71,0
"105322",195,195,195,0
"105266",173,152.92756072091,155.59689139904,2.66933067813004
"6065",131,63.1002035364301,67.6768981610224,4.57669462459231
"95408",86,50.9081992466945,51.4455930431476,0.537393796453062
"103016",161,161,161,0
"76939",106,96.1759519487349,95.1157563191544,1.06019562958053
"90535",100,88.5885004364521,89.1566643097037,0.568163873251594
"95758",113,81.4127392151015,80.0936419958017,1.3190972192998
"91724",323,297.900753715133,298.356477581324,0.455723866191657
"91979",49,47.5469864980084,47.6043669074132,0.0573804094048589
"95425",166,108.256739469671,104.964926668231,3.29181280143963
"102979",276,236.614008988861,233.353714204107,3.26029478475436
"73435",133,124.257382609719,123.087920528438,1.16946208128019
"76941",102,101,101,0
"77758",80,42.6114466280928,43.4856458337345,0.874199205641688
"90740",172,172,172,0
"76877",95,66.2373893823275,65.2250248801974,1.01236450213016
"78087",84,74.1828325896879,73.824389851218,0.35844273846993
"77953",221,161.881802311773,164.650690776696,2.76888846492324
"92083",68,68,68,0
"91944",276,276,276,0
"74241",172,113.32032972815,109.077495070584,4.24283465756608
"92829",182,182,182,0
"73391",137,108.540807707191,110.87181174551,2.33100403831841
"91388",89,69.8561344811434,72.6985018335989,2.84236735245549
"93055",380,380,380,0
"76733",91,71.25560046602,70.373615128082,0.881985337937978
"94138",152,89.1576316098565,90.3492186004557,1.19158699059923
"91373",187,67.2969413629121,15.4878801008025,51.9933478100338
"92467",194,165.782720620333,159.712242115032,6.07047850530068
"95405",93,62.474475258454,62.6448020861538,0.170326827699861
"78251",145,107.485520221488,105.038535729616,2.4469844918719
"92466",155,25.3398458250889,149.015595402596,124.366039795311
"105289",496,496,496,0
"90533",109,104.942541403122,105.526329712783,0.583788309661192
"73387",174,174,174,0
"94179",150,113.955943028764,112.632858799488,1.32308422927583
"92831",251,214.475909758956,219.985730548303,5.50982078934632
"73428",156,145.545200574173,144.187427450229,1.35777312394416
"78092",107,92.0572118946746,90.7503338674289,1.30687802724567
"74187",223,223,223,0
"8187",244,44.1783624767669,40.9824420661355,3.19592041063136
"102991",71,71,71,0
"77484",74,74,74,0
"93053",144,84.4315756846698,85.2094562458232,0.777880561153383
"92906",85,51.6129982605257,50.4179839656947,1.19501429483096
"94142",130,70.0954738176685,67.5681475633853,2.52732625428323
"78015",108,108,108,0
"74247",204,162.919509492846,160.801950067788,2.11755942505775
"73570",185,185,185,0
"77252",129,124.273303656097,124.81173212681,0.538428470712861
"92476",539,401.275095346793,405.41554943513,4.14045408833702
"92162",88,34.476571146234,30.5176470216389,3.95892412459507
"92830",318,318,318,0
"92893",103,91.1473085296003,90.2264032247272,0.920905304873149
"78250",59,59,59,0
"92902",55,41.3733194337371,40.5783607573256,0.79495867641146
"76895",121,99.8121346962336,98.8946614872117,0.91747320902178
"92897",149,89.0915383364037,90.0960956180013,1.0045572815975
"92909",312,312,312,0
"91986",151,81.1533335708927,84.1535039443498,3.00017037345703
"77468",162,102.351776923222,104.456705123128,2.10492819990615
"78084",89,88,88,0
"94180",275,182.765167842918,178.771930797768,3.9932370451498
"78093",74,57.3075842995907,55.7403037906894,9.2561996855417
"74165",87,69.4557821843099,70.1901117680806,0.734329583770684
"91932",217,217,217,0
"92080",635,634,634,0
"102983",142,88.5868075536626,91.6545245683916,3.06771701472905
"76857",163,114.243943564754,115.690021465551,1.44607790079677
"105270",124,101.617905281587,101.939403377278,0.321498095690313
"92082",246,246,246,0
"73595",257,225.1593926769,220.601765546388,13.4423903656964
"7674",191,107.603554190583,110.894496377278,3.29094218669496
"6350",162,132.217559622574,129.309323240835,2.90823638173916
"92167",101,92.9745270686347,93.3302425006185,0.355715431983733
"95771",162,140.143946645236,141.175416547857,1.03146990262102
"78248",110,89.5512965826725,88.2900993778765,1.26119720479595
"6228",114,80.0653474318152,79.0287883444934,1.03655908732182
"75262",326,326,326,0
"92910",102,58.0997883469422,64.4531268966215,17.0340437356382
"92904",148,78.9632973719978,78.5165941637414,0.569736706086616
"91948",207,199.293592277895,197.704777039488,3.46381045208867
"77966",122,30.8182624348424,28.6822519393847,2.13601049545763
"92658",289,176.848251447451,169.582147825157,7.26610362229453
"93676",17,7.74002458294068,8.02768596865125,0.287661385710568
"93032",123,54.5801303916045,54.2337298341126,0.346400557491907
"103257",182,182,182,0
"73576",361,141.017778152178,146.689384319741,5.67160616756282
"76931",39,34.6632063063193,34.98237474757,0.319168441250715
"93038",254,197.481728995079,201.832779854122,4.35105085904347
"78252",65,46.6440206148431,45.9020109661784,0.74200964866473
"90525",152,152,152,0
"73579",374,373,373,0
"95766",104,71.2832635402596,71.4286936299301,0.145430089670568
"94145",85,72.0242819666018,71.2069022729479,0.817379693653854
"95745",50,40.0034962362262,38.9745816132553,1.02891462297093
"91954",208,194.81526945699,194.207160173128,0.608109283861698
"90536",70,70,70,0
"105271",351,317.089770072689,351,33.910229927311
"74236",150,86.0757764758011,87.577646989766,1.50187051396488
"78658",209,181.13398611382,184.336850562997,3.20286444917714
"77768",100,64.9890512955915,64.651420316514,0.337630979077473
"94141",302,160.519395124913,166.55106713263,6.03167200771695
"75279",101,100,100,0
"77497",180,180,180,0
"95422",169,139.474909233183,139.732530624177,0.257621390994531
"73339",252,252,252,0
"93041",185,110.387091478981,104.38883843826,5.99825304072103
"90527",62,62,62,0
"76942",75,48.8893602573247,48.0851773141658,0.804182943158931
"95729",118,51.6522531868002,63.1881211485282,12.2419700517721
"91945",178,178,178,0
"92084",146,136.999190300033,137.620946037808,0.621755737775243
"92469",174,143.483537152339,140.432756453781,3.05078069855793
"93675",72,46.3204808979931,45.5600487051884,0.760432192804685
"73376",217,206.597043420882,205.226677078845,1.37036634203682
"90441",187,187,187,0
"93677",76,56.3799877086263,55.5673191043469,0.812668604279411
"95748",64,30.8800162512276,34.5056236941073,39.6406295480095
"73592",260,161.630711710223,154.144665057404,7.48604665281895
"90742",222,222,222,0
"74905",363,321.081274381124,322.815437257447,1.73416287632296
"74161",125,75.8255558778614,74.4067599832687,1.41879589459267
"77759",55,39.6932479102352,39.1700878794204,0.523160030814777
"78089",57,52.5818394447756,57,4.41816055522443
"95423",129,106.284944216951,106.952521988003,0.667577771052597
"74173",164,127.180036496706,137.414702896504,13.0221192059928
"93659",110,64.2970259573519,63.5293044767255,0.767721480626474
"93029",107,78.9384724272007,81.9765647626527,3.03809233545207
"78244",29,13.5658288359636,13.2323851229513,0.333443713012361
"92098",135,135,135,0
"76884",61,52.1915608072687,51.6868192592238,0.504741548044824
"95737",176,91.9495790292554,94.4229913003589,2.47341227110343
"95421",94,94,94,0
"73363",513,513,513,0
"76889",124,97.6905189254251,96.1319134046734,1.55860552075164
"76726",133,113.177623750901,111.747651256981,1.42997249391997
"102981",301,301,301,0
"76926",103,59.933313867649,58.2037463005228,1.72956756712617
"73562",271,271,271,0
"94144",118,118,118,0
"92464",102,51.3901604458057,52.7606911167247,1.37053067091899
"105276",255,255,255,0
"76888",96,85.2897388308047,84.2756673335807,1.01407149722403
"76905",237,207.707189467926,205.62917482342,2.0780146445057
"92086",76,28.169510013954,25.1575883601973,3.01192165375672
"103264",83,71.4004752931044,73.4015576035961,2.00108231049164
"93679",91,69.8980267391958,69.4404564309753,0.457570308220531
"90539",115,79.4560954085203,80.6887656681684,1.23267025964801
"74904",375,231.871710101052,237.547919606729,5.67620950567671
"95403",106,68.2961284620747,49.94458566858,18.7539191217194
"90537",200,194.162206071422,194.655365663954,0.49315959253179
"91403",201,175.440040774826,177.227339184273,1.78729840944738
"73369",160,160,160,0
"77763",127,83.8010237262322,81.4526024887127,2.34842123751961
"90460",229,229,229,0
"91980",85,68.1867862034526,66.5588963903918,1.62788981306086
"8161",116,78.4627140749241,84.3232252724444,18.7656723578556
"92078",462,422.858822105059,462,39.1411778949404
"78246",90,84.7175872220292,84.2516893564946,0.465897865534669
"92471",92,74.393775746609,73.8071167809299,0.586658965679116
"105268",190,177.25504749426,190,12.7449525057402
"74248",94,68.1359511070964,68.1898019080638,0.0538508009673611
"77479",271,111.337750065521,107.009460884609,4.3282891809111
"90444",314,314,314,0
"95751",125,90.970717942336,87.0726080641279,7.50100083247927
"78097",124,124,124,0
"76579",617,544.838832190977,551.467730634613,6.62889844363663
"102984",160,155.911104439123,160,4.08889556087674
"92081",244,66.2933898565029,68.8409797140338,2.54758985753081
"95725",70,54.9367615829218,54.5587067248372,0.37805485808454
"76902",174,127.826284661733,129.795312567355,1.9690279056213
"90532",64,33.4488716170925,30.6222968573384,2.82657475975413
"78247",83,46.7947929626391,45.0867347279754,1.70805823466377
"103357",523,468.84790773424,472.727728573543,3.87982083930278
"92158",137,98.9587450915348,96.9333027055729,2.02544238596189
"92170",193,167.929132814398,164.774336485378,3.15479632901954
"76876",219,219,219,0
"77454",111,60.8046439438447,61.6201016430486,0.815457699203915
"95402",89,57.8309340040172,55.3256893885627,2.50524461545446
"90459",247,247,247,0
"74253",87,75.3370490489661,75.3804499970637,0.0434009480977101
"92109",175,164.535036439165,165.183081049591,0.648044610425374
"76727",99,68.8846814291679,68.2541492699795,0.630532159188363
"77765",141,122.447044087723,121.378455142279,1.06858894544455
"92163",184,118.80590931395,117.329216126699,1.47669318725071
"95420",97,92.0106719811637,91.8510333930946,0.15963858806911
"104976",508,507,507,0
"91393",187,162.671507497883,166.034663527993,3.36315603010944
"95411",176,171.480262746617,171.80211504769,0.321852301073635
"73335",156,87.7906007901802,83.2001505990423,4.59045019113796
"94143",138,67.6588587569469,70.094185812783,2.43532705583603
"92911",90,79.7517027377917,79.7701196848245,0.0184169470327916
"92074",171,171,171,0
"73569",212,159.648991379652,155.858302042789,3.79068933686339
"91939",184,184,184,0
"6351",148,148,148,0
"90522",116,111.946296109361,112.078969880249,0.132673770888261
"77962",194,176.183219420448,178.434685817778,2.25146639732969
"92166",159,128.733436859123,129.740623765008,1.00718690588499
"95774",227,206.639716461332,207.87449001184,1.2347735505082
"92665",178,78.314105124267,85.6004514523428,7.28634632807584
"103258",204,204,204,0
"102992",388,388,388,0
"92076",156,144.800822728896,145.739343585679,0.938520856782257
"92462",12,9.59532769954351,9.57695118431355,0.0183765152299632
"93035",144,126.711988112106,129.25124395841,2.53925584630417
"91925",120,28.8330214354643,38.747056699426,10.6959687028457
"77755",131,106.967844135655,105.44484256628,1.5230015693754
"76899",81,73.9442709431341,75.1233161687148,1.17904522558069
"90538",351,332.330295768098,333.160440555878,0.830144787780595
"90445",323,323,323,0
"76912",137,71.7870814673254,69.6939364871588,2.09314498016661
"78243",30,22.9673597471949,22.4564494298058,0.510910317389035
"75259",106,83.5074910743301,82.468303327281,1.03918774704907
"77969",170,134.747684372791,139.842310575542,5.09462620275119
"73565",115,106.939545836035,105.779416737269,1.16012909876585
"77485",146,146,146,0
"78081",77,60.8710224593918,60.4136412585484,0.457381200843426
"92939",138,69.2451325257463,62.7402550293659,6.50487749638035
"78083",67,56.8025179356152,56.1010761441915,0.701441791423734
"95763",148,81.6347693509812,80.3375439292296,1.29722542175165
"75234",124,72.5040017144393,72.5848340716155,0.0808323571763003
"103263",190,190,184.452645791518,5.54735420848248
"78656",211,175.336858856419,170.720495754755,4.61636310166426
"76883",136,102.992284365307,104.130225840203,1.13794147489553
"90530",121,109.074766635768,108.939135862663,0.135630773105494
"73382",181,172.427536992832,171.372402491127,1.05513450170505
"74170",119,62.2704437092465,60.2491907321011,2.02125297714538
"92659",237,201.832669122329,195.094901966855,6.7377671554737
"76732",54,45.7270684936555,45.4798719053268,0.247196588328751
"91953",371,341.063320956217,340.76197161662,0.301349339596969
"105274",125,70.7500152950723,73.6165264873957,2.86651119232342
"92073",215,138.087146067003,141.698914554614,3.61176848761069
"76932",132,70.5206709025479,62.3362848446391,104.68830637654
"77954",158,158,158,0
"74237",79,42.3662612114289,43.4767108090577,1.11044959762879
"105312",274,274,274,0
"78245",84,48.003832636132,48.7524811522315,0.748648516099551
"102980",116,116,116,0
"7670",175,152.09080858597,155.820276797193,3.72946821122324
"78080",123,96.4733095373088,94.8674513643531,1.60585817295569
"74227",221,130.603733231976,133.332570843448,2.7288376114726
"92079",103,103,103,0
"92465",82,60.2910476780357,59.9677300363578,0.323317641677934
"95757",160,71.1801638219105,71.2316218441216,0.0514580222111288
"92914",79,49.4693035160904,48.4135371746257,1.05576634146468
"73427",234,234,234,0
"91935",530,509.385717103019,510.146365595722,0.760648492701885
"92908",105,79.1427600065446,80.97977772326,8.72411580748012
"93661",149,149,149,0
"95419",82,52.7540221083723,51.9751060595743,0.778916048798009
"76559",110,81.0352297119768,81.5344400131557,0.499210301178872
"6227",79,79,79,0
"103270",355,355,355,0
"74133",102,81.580844814878,80.1099551141861,1.47088970069187
"78242",26,23.1429861695174,22.8828053846477,0.260180784869731
"95714",71,41.1584807367671,40.1818956338349,0.976585102932222
"73433",153,153,153,0
"95404",149,106.418224023751,107.747478256011,1.32925423226018
"92913",76,66.2818804249183,65.6988058554455,0.583074569472815
"92942",127,85.0962755411367,83.9207978169786,1.17547772415811
"92070",135,135,135,0
"76728",117,72.598183649967,71.4570169643258,1.14116668564121
"90736",224,224,217.5995533772,6.40044662280016
"93033",115,75.7103559006766,78.6125548862374,2.90219898556072
"105295",255,149.552163623956,158.292800632218,8.74063700826216
"77942",140,101.952308181235,102.859789969994,0.907481788758275
"90439",328,328,328,0
"78086",230,167.761829899627,164.505451281279,3.25637861834781
"92157",93,18.1258032313276,17.3054300171051,0.820373214222484
"92845",280,167.551673222455,172.282628234078,4.73095501162329
"90519",143,135.990002440916,135.959865916093,0.0301365248228961
"78088",128,101.757179325364,103.863902896561,2.10672357119673
"90529",72,64.82794944512,65.3580120064014,0.530062561281387
"105326",375,374,374,0
"74159",51,28.0590889608983,23.6871256216501,36.1999445799596
"93058",145,90.4608518669631,93.5856609746045,3.12480910764137
"78085",110,110,110,0
"95709",34,34,34,0
"103000",222,109.966636238747,104.977342192036,4.98929404671147
"6226",268,217.804662448674,215.047763148336,2.75689930033858
"92912",91,77.4708898862251,76.9445150860732,0.526374800151934
"92907",66,39.6274822578706,38.6764163238317,0.95106593403899
"95734",77,49.3548405370418,49.8087990017485,0.453958464706771
"77770",31,18.9865697172425,18.4058990596521,0.580670657590446
"92153",64,31.9333260765043,32.7475320238165,0.814205947312192
"77976",107,77.1487500558677,77.7130324715636,0.564282415695932
"92468",242,242,219.082869577755,22.9171304222453
"75286",79,69.570143391293,79,9.42985660870703
"90440",125,80.9651550131264,79.8406365363132,1.12451847681312
"73571",177,154.372182137051,152.450412716288,1.92176942076254
"73590",257,240.107114209462,244.585828549558,10.9456963823308
"77483",74,28.702586628928,27.448699968796,1.25388666013202
"94181",182,136.231851162743,133.270462850412,2.96138831233122
"92651",314,76.8340703952461,75.0071963707446,1.82687402450142
"77965",127,107.488715887134,106.64222450364,0.846491383493426
"91386",77,63.7665772594101,61.5284769850042,2.23810027440594
"78240",47,26.7843367345829,27.1003717697118,0.316035035128973
"74866",141,115.110323174753,118.491952480287,3.38162930553489
"91374",223,204.293944420613,223,18.7060555793872
"94146",242,241,241,0
"93040",141,80.4896109428146,81.7047106273046,1.21509968449007
"76901",55,16.4709125242112,31.6192400910141,37.8976094354194
"90744",83,83,83,0
"78090",85,85,85,0
"75289",163,86.0632543513939,88.0335147700123,1.9702604186185
"105175",316,45.8710254050239,44.4611422959639,1.40988310906001
"95746",209,209,209,0
"93660",530,435.802031526357,437.707007299336,1.90497577297927
"76729",116,83.4017303567606,82.6006268920298,0.801103464730708
"78653",266,182.437054119259,176.58047432008,5.85657979917856
"8248",142,58.5803783345224,55.2699709645196,3.31040737000286
"74139",51,36.4936980886199,35.9347588329628,0.558939255657074
"77769",82,65.3685377395782,66.6936191400216,1.32508140044337
"77492",203,203,203,0
"105308",209,180.399249658703,183.082862104439,2.68361244573642
"6352",184,108.946542371039,112.994512890887,4.04797051984814
"92833",155,155,155,0
"92940",140,75.0708310031603,68.6831105795914,78.9706586702684
"92077",79,78,78,0
"90447",212,212,212,0
"92155",95,68.0312855681063,67.7918202535092,0.352467127531656
"76897",176,176,160.221814073052,15.7781859269476
"90521",165,40.8326610114873,35.5455227316954,5.28713827979188
"92463",41,30.4672730055267,29.876074413547,0.591198591979706
"91941",290,290,290,0
"74233",621,569.873842296104,578.834890123688,8.96104782758384
"90531",74,74,74,0
"76730",86,78.0835978803806,77.5114269033048,0.572170977075827
"78079",171,149.519450560322,147.62790688164,1.89154367868213
"73563",180,161.067170869065,159.968071683519,1.09909918554552
"92161",119,49.5870340423793,48.5219157126969,1.06511832968236
"78239",68,43.5251017229385,42.774644665481,0.750457057457546
"95720",134,134,134,0
"73361",157,153.026175246465,152.925961525299,0.100213721165896
"92065",183,145.219771297327,138.563604131493,6.65616716583405
"105273",68,68,68,0
"78241",143,91.1719820527005,92.4383671840808,1.2663851313803
"74249",122,122,122,0
"77469",157,157,157,0
"76904",134,70.4270083986726,61.9714210131568,88.2915751198362
"95760",76,38.2351835406161,39.274476397514,1.0392928568979
"95773",168,116.882196019432,114.729474907421,2.15272111201078
"74226",141,100.297400341849,59.6031402368302,40.6942601050192
"92657",141,92.6520518850451,87.8669814654403,4.78507041960478
"73380",225,94.4460255372529,95.0465311278433,0.600505590590395
"73578",210,148.617748837154,144.823176406516,3.79457243063748
"92655",133,81.7503397484924,79.4543886432737,2.29595110521867
"76719",91,75.865417043292,75.4133428530574,0.452074190234584
"94148",147,93.8256910031431,95.4986325759094,1.67294157276622
"92075",134,134,134,0
"77981",297,269.684224811887,54.0076941019995,219.542311347566
"105191",296,245.962209297614,250.385318493359,4.42310919574542
"73591",244,208.650009311624,206.054081693049,2.59592761857477
"92069",234,187.709160297264,184.577477982495,3.13168231476909
"77974",193,164.190679681723,160.665448991079,3.52523069064429
"94147",92,62.354058208887,61.0552168840286,1.29884132485842
"95147",126,87.7157434216273,86.4637339229568,1.25200949867052
"90512",101,101,81.0043984401182,19.9956015598819
"90739",108,106.704591088912,92.5789383047417,14.8374721452374
"93440",372,334.696291979959,340.872667061049,6.17637508109047
"92104",134,134,134,0
"92832",212,123.598526133087,124.748534355282,1.15000822219536
"73368",204,204,204,0
"73586",154,150.324672703908,150.397564667371,0.0728919634631963
"73400",158,133.002908805727,134.362007867851,1.35909906212403
"94149",72,61.6175141630431,60.3631719966196,1.25434216642353
"78077",79,56.5841441350887,55.9554339117633,0.628710223325442
"90520",144,144,144,0
"78237",106,75.9141206502682,74.5164180289215,1.39770262134669
"92072",215,215,215,0
"92915",167,110.811330275918,114.008734667871,3.19740439195327
"92656",69,53.5138597560976,51.8413336584405,1.67252609765708
"92067",216,216,216,0
"102982",195,154.184662577957,159.508833731761,5.32417115380361
"74225",132,73.4076371819487,67.9713393610897,5.43629782085903
"76906",137,137,137,0
"90442",259,259,259,0
"93678",263,127.135715902779,123.256951199821,3.87876470295754
"90469",84,76.640487896989,77.0471857163225,0.406697819333466
"95727",239,220.896110421995,239,18.1038895780049
"92168",208,208,208,0
"74900",265,265,265,0
"95770",70,40.7745124661365,42.3104527401739,1.53594027403741
"76565",222,101.725365081746,105.569560678743,3.84419559699715
"92455",153,153,153,0
"95401",207,185.284924815221,189.589716396426,4.30479158120497
"73559",275,243.582944681809,274,30.4170553181909
"92154",170,88.0702777834749,88.485646705605,0.415368922130082
"76918",124,69.1398820305863,70.9750194369895,1.83513740640311
"77945",136,136,136,0
"94150",145,95.1414915614683,94.1910736922952,0.950417869173096
"74231",171,153.161061390995,153.495612547239,0.334551156243697
"78238",97,64.0287099086642,63.2316504081451,0.797059500519087
"76887",119,119,119,0
"103001",262,136.974613208869,135.865307852491,1.10930535637862
"105318",216,216,216,0
"103358",401,401,401,0
"92921",127,57.0892768477942,59.2023076050009,2.11303075720669
"104970",312,312,312,0
"91933",226,209.279817850248,210.178092365426,0.898274515177939
"76937",133,117.848112054026,133,15.1518879459741
"94182",297,199.569715262861,201.718494078688,2.14877881582687
"91385",26,21.0137993771102,20.8846527780475,0.129146599062721
"105272",286,180.862441316551,189.054251500451,8.19181018389968
"76890",125,125,125,0
"105305",144,132.141778633323,144,11.8582213666775
"104975",413,404.591686529057,404.888825091065,0.29713856200821
"92063",120,114.428692382945,114.165048342785,0.263644040160181
"74164",155,103.135506371936,104.433050660168,1.29754428823198
"95429",159,56.8765402412136,59.3661583150085,2.68897880739909
"93043",156,138.778305217002,24.1195156551236,119.135274629751
"77961",215,190.602952946994,187.173462590096,3.42949035689768
"76721",117,63.9303069249701,63.5550577098033,0.375249215166839
"90457",200,200,200,0
"76907",119,78.5488950967534,81.1750663441285,2.62617124737505
"74903",351,351,351,0
"6354",102,68.2915435478005,67.1443840405659,1.1471595072346
"92918",99,87.790676437398,86.930392721835,0.860283715562913
"76900",109,91.1386990106922,89.8516485708073,1.28705043988494
"77775",16,14.4184483558394,14.3831313779197,0.0353169779196829
"76571",200,132.06447535313,137.048921350598,4.98444599746777
"92920",43,19.9131157856956,19.88595353761,0.0271622480856387
"92156",26,15.3530699207012,15.6346668310109,0.281596910309745
"92068",84,71.9840797566283,81.0984590977435,10.8948792046065
"77994",74,45.6323264189881,42.6561287082966,2.97619771069157
"78235",92,71.8319889220225,73.3979946620974,1.56600574007494
"92956",223,137.059458353634,144.434394851334,7.37493649770027
"90741",328,328,328,0
"77951",96,72.9975307018756,72.3363146848393,0.661216017036382
"8162",135,107.629156867101,110.596382117669,2.96722525056878
"95752",143,108.863655375263,107.791779389602,1.07187598566103
"73429",124,124,124,0
"74875",535,360.750099859046,362.498285336778,1.74818547773188
"76869",131,63.3286641134965,61.8917752681531,1.43688884534338
"92460",49,29.1005875543931,28.3563490636896,0.744238490703483
"90735",107,13.8375228539591,81.8422633760063,68.0047405220472
"90745",205,205,205,0
"90524",54,47.5581696626883,48.1624826812976,0.604313018609271
"95738",204,146.816785589392,148.543379466228,1.72659387683585
"77970",700,570.380723386232,575.882711470046,5.50198808381411
"92151",96,77.7886631921604,75.0523831042316,2.73628008792879
"90518",118,74.6318371029332,73.3052114943339,1.32662560859931
"77963",156,89.0232018332077,84.8378628055519,4.18533902765576
"92062",272,272,272,0
"95765",121,89.2040208804881,88.1312312849851,1.07278959550295
"90732",141,141,141,0
"90458",288,262.546140752577,288,25.4538592474231
"94151",67,39.4294316809723,38.6632918156741,0.766139865298224
"76563",141,124.247658102013,125.087596312202,0.839938210189031
"73359",77,77,77,0
"7661",210,210,210,0
"75233",116,94.2739692859779,93.0658119079311,1.20815737804687
"74131",82,61.7913563588088,61.0459364101337,0.745419948675062
"95710",55,42.0453394318912,41.3604098785671,0.684929553324096
"77772",78,45.7907514574639,46.6084561414184,0.817704683954468
"74146",75,50.413200857578,49.6443660041744,0.76883485340364
"95428",147,95.4343143519042,93.8192613123231,1.61505303958104
"77967",323,322,322,0
"90526",446,98.9165684843808,93.178763300685,5.73780518369591
"92149",103,55.8346646302324,55.8861346277756,0.0514699975432169
"93036",79,79,79,0
"78236",103,68.7819271178317,71.1935141603428,2.4115870425111
"76724",92,72.2053802109958,74.2931577775125,2.08777756651666
"90523",55,48.442479798503,48.9351628788447,0.492683080341683
"92924",142,116.438576125804,117.373349887631,0.934773761826619
"76933",38,24.1806313745308,23.6617711941872,0.518860180343633
"95761",132,108.923823121512,108.656180539208,18.2804664266356
"73434",250,200.860663343078,198.297014482483,2.56364886059531
"92097",137,137,137,0
"73334",418,342.838864109684,344.668012671777,1.82914856209347
"92108",73,66.684204265218,66.9864685591187,0.302264293900741
"75273",134,62.7664132976969,62.9881766422152,0.221763344518383
"74242",74,68.3058375481487,61.2861420961853,8.17635151761043
"95759",98,82.5068443846427,81.364534450924,1.14230993371874
"77980",135,102.797835562847,101.215085266346,1.58275029650125
"73378",197,175.369869242737,176.481703155969,1.11183391323202
"95412",147,129.315586812468,133.131838935548,3.81625212308027
"92071",80,80,80,0
"92061",78,70.1326451035731,70.7058589091491,0.573213805575951
"73583",157,136.13046937503,134.155215636427,1.97525373860261
"76562",229,229,229,0
"77774",53,37.5862100198655,37.1193332090886,0.466876810776836
"76720",56,36.7195226551734,37.405288809457,0.685766154283623
"6225",115,61.6878355120295,59.8286194802587,1.85921603177084
"91382",98,72.976103531493,71.5188665866236,1.45723694486941
"91969",168,168,168,0
"92958",207,139.755539921987,144.857196335195,5.10165641320742
"92459",108,90.5518916420818,89.720419162503,0.831472479578784
"73554",406,406,406,0
"78078",202,161.291920060585,154.431311718932,6.86060834165219
"74860",491,470.251357115616,471.153026669608,0.901669553992732
"78665",135,64.3367691312647,62.4950401878381,1.84172894342661
"73561",262,228.705125639998,225.050841699687,3.65428394031145
"75281",72,37.2125593006486,37.3942040240439,0.181644723395307
"90461",131,130,130,0
"91951",260,260,260,0
"90446",43,17.1462200104254,15.5730076717471,1.57321233867836
"90517",69,69,69,0
"93059",204,113.311605263671,117.149332343031,3.83772707935945
"77487",257,225.654268551433,228.283618905567,2.6293503541349
"91934",274,274,274,0
"92944",167,118.127715400348,121.662775272951,3.53505987260276
"103269",438,438,438,0
"76913",160,160,160,0
"78233",58,53.2136231444075,52.9303114039589,0.2833117404487
"105277",233,196.62504907785,196.881577622101,0.256528544251122
"103004",342,303.161827410284,307.773893530851,4.61206612056733
"92922",86,86,86,0
"91368",46,37.9810194560571,38.323710849389,0.342691393331954
"73574",328,275.990384180907,271.077534707798,4.91284947310952
"76880",448,448,448,0
"95144",91,59.35563266619,57.8777975760981,1.47783509009189
"105307",70,60.2544424195057,61.4234764014861,1.16903398198045
"78234",99,86.1087796404413,84.5810098864178,1.52776975402352
"91936",156,156,156,0
"74870",189,108.224220960548,110.36115143056,2.13693047001194
"103265",282,189.35194955319,238.677026417213,61.8748278901982
"92650",259,259,259,0
"78072",118,64.1096342428001,62.1435192132199,1.96611502958022
"93681",89,51.2649731383829,52.7624019633641,1.49742882498113
"7675",78,50.7885397544395,48.1669424226225,2.62159733181704
"95776",54,39.0155663345224,37.4039644485242,5.84795972766492
"90448",194,194,194,0
"73397",110,44.8382817116077,102.312769942591,60.7355756694085
"78082",259,140.778829378611,143.71826694621,2.93943756759931
"105299",305,175.885910030168,178.674665669206,2.78875563903816
"92652",148,148,148,0
"76556",51,50,45.4503122819554,4.54968771804459
"92064",228,228,228,0
"92461",183,110.204660535304,107.968625577469,2.23603495783555
"92152",119,41.3755633419732,40.1036613023844,1.27190203958885
"92941",335,300.992600689001,304.040157357757,3.04755666875599
"92916",164,98.8957442431071,99.6378224463239,0.742078203216901
"7446",168,115.733862625539,100.995113913153,42.1136718511945
"77968",307,266.441757135226,269.646628454115,3.20487131888932
"78073",102,58.2532204693279,55.9825892562981,2.27063121302978
"6353",166,98.1295400715355,99.9979385907894,1.86839851925391
"90435",376,376,376,0
"78076",191,96.271697137401,91.6163276685753,4.65536946882571
"92148",71,52.9902711867124,52.5200540502311,0.47021713648134
"74136",63,52.8089005208424,52.1294507566847,0.67944976415775
"77948",100,22.6584478538885,21.0533614146956,1.60508643919287
"93056",106,106,106,0
"95731",178,112.598621788306,110.802972698507,1.79564908979829
"92145",400,351.63336035307,312.296467679978,65.3123671377095
"74223",269,222.810369580285,228.402000952912,5.59163137262699
"78651",205,159.042268401977,155.973405296852,3.06886310512489
"102986",187,156.82817268387,158.018420578976,1.19024789510559
"92835",96,87.74887166336,88.1043831575941,0.355511494233984
"92946",90,41.1217099906395,42.5521773275077,1.43046733686828
"92150",264,264,264,0
"90437",195,169.448935205075,170.567193064906,1.11825785983104
"78275",34,24.2470212170468,23.9696561972998,0.277365019747036
"73558",233,233,233,0
"76731",196,92.6281005071846,96.2542464912083,3.63203990997302
"76909",172,90.8294115442177,92.1458368335105,1.31642528929273
"91396",261,151.673114481714,142.669082000196,9.00403248151803
"76578",236,236,236,0
"92060",91,91,91,0
"105163",72,61.5603177212591,62.681917758766,1.1216000375069
"76916",66,41.0068708511078,41.8558583470231,0.848987495915299
"92159",410,409,409,0
"95135",106,54.6758326991997,53.1976545255892,1.47817817361052
"92059",30,26.9542287563696,30,3.04577124363039
"78663",112,79.1153350550101,80.3349583720112,1.21962331700116
"90743",435,435,435,0
"74166",360,216.343327312288,225.051046236049,8.70771892376063
"105335",316,270.258051324776,270.714597567941,0.456546243164944
"102989",190,39.4344493241062,151.295779920081,131.967363345986
"74224",66,66,57.5059025541994,8.49409744580061
"78232",54,37.8003538581387,37.084686422704,0.715667435434718
"95125",88,74.7865515807879,76.0729559704405,1.28640438965259
"91378",65,41.5281951837369,42.2096304298711,0.681435246134176
"76896",208,208,208,0
"73365",241,76.337395910816,68.5091402385356,7.82825567228035
"73567",179,85.2332385198663,88.893638032952,3.66039951308567
"92451",231,211.452945930316,209.911096870675,1.54184905964149
"92058",170,142.087613483546,143.29453771659,1.20692423304377
"95148",189,155.258332813417,153.412493961328,1.84583885208913
"95742",214,128.563218034416,131.561867682927,2.99864964851121
"92147",45,25.5095196805217,23.6779672257301,4.01278309403765
"75258",144,128.987676520598,128.671990351634,0.315686168964101
"8168",198,52.1537213701135,48.6255473897722,3.52817398034133
"90731",162,155.7732649537,155.50772813946,0.265536814239695
"78231",94,94,94,0
"73585",101,93.9136868281368,93.1689682776445,0.744718550492226
"74127",65,37.4031627057742,36.5487633485695,0.854399357204734
"73550",178,178,161.51539183744,16.4846081625602
"74862",218,210.398097816195,210.106759354577,0.291338461618975
"95753",110,66.8801499895222,68.2324484001761,1.35229841065394
"77956",108,86.2014087314936,82.2731707296676,3.92823800182606
"77773",40,24.0733029444115,24.3925046198154,0.31920167540393
"92172",170,136.571293522482,133.513246131771,3.05804739071099
"92103",75,75,68.128143098938,6.87185690106207
"76885",104,88.201821331992,88.9315838071425,0.729762475150512
"74239",133,115.308659887252,114.243165495074,1.06549439217806
"95427",152,124.956476429322,121.823651348153,3.13282508116883
"105275",348,305.352258885237,310.730835968839,5.37857708360152
"94155",111,67.1472669315968,68.8023045489735,1.65503761737673
"76938",100,65.1949630640621,66.3256359636087,1.13067289954667
"90471",258,117.4981390644,117.131789021421,0.366350042978592
"76914",233,172.510775495809,173.490650035431,0.979874539621513
"77486",252,252,252,0
"74229",162,140.803058818868,141.239488741836,0.436429922967915
"95772",133,31.07042218386,33.3706432597268,2.32902697773488
"93054",165,165,165,0
"73425",116,107.684509574855,107.058435664803,0.626073910052254
"95719",117,117,117,0
"74858",226,181.391217891887,178.794894722936,2.59632316895175
"78067",125,81.4800497047092,82.6531016614591,1.17305195674991
"92561",272,270,270,0
"90438",155,155,155,0
"74859",301,294.961801201213,293.485105418147,1.47669578306566
"105173",131,92.7832203629964,93.8188090518857,1.03558868888929
"92457",82,61.0845209682955,60.1772634166405,0.907257551654987
"94152",115,52.7557625563513,53.0283393259682,0.272576769616862
"92661",241,241,241,0
"103355",425,351.335885017562,359.791408271266,8.45552325370388
"92066",114,103.042433226434,103.467971150342,0.425537923908054
"77960",336,266.269683128532,268.79072040781,2.52103727927772
"92054",242,143.740301881579,139.541409120029,4.43137392611101
"6224",248,212.213138194467,209.704051017534,2.50908717693314
"74155",89,43.9883612996532,45.1868272117499,1.19846591209674
"92056",151,151,151,0
"90436",416,416,416,0
"93046",433,433,433,0
"73374",116,94.8775460206674,93.2597622369575,1.61778378370987
"102985",235,235,235,0
"92099",495,426.808878425265,422.49419722449,4.31468120077536
"103009",242,211.983046276404,215.437332204987,3.45428592858293
"90515",165,158.957565992273,158.642567614631,0.314998377642111
"92931",99,77.4872763122385,79.0806637089508,22.9712505630127
"92057",213,213,213,0
"105319",220,114.313168931225,119.020860716971,4.70769178574607
"76660",63,43.470788255505,44.32861041045,0.857822154944904
"92925",77,63.0699837962352,64.5228736254864,10.0106841992437
"93616",177,111.271144955147,106.978936817268,4.29220813787876
"105330",201,114.935758593182,108.738948334914,6.19681025826814
"75257",150,65.8234918433217,64.0982462467871,1.72524559653467
"74176",123,75.9875747727751,74.6126472243566,1.37492754841854
"92834",72,72,69.5054032712347,2.49459672876529
"92923",103,87.1017532182241,85.2758062352125,1.82594698301165
"104981",683,670.100318758405,670.415536334271,0.315217575866043
"94153",240,143.78650736101,142.362988603714,1.42351875729558
"77938",147,147,147,0
"73588",211,199.002557254202,199.581747110777,0.579189856575187
"95723",197,64.1839800955985,69.1204200804196,4.93643998482111
"90516",149,134.341371106355,135.427850323259,1.08647921690381
"90733",222,215.351037170946,215.338444212273,0.0125929586725536
"92919",143,83.5154143219903,81.638960704413,1.87645361757729
"78648",217,159.660320781227,161.240406713459,1.5800859322326
"74871",173,106.732168190411,104.02321709699,2.70895109342092
"74246",149,117.251598225367,118.925829420683,1.67423119531588
"92653",101,101,92.5947940968012,8.4052059031988
"91930",122,109.919719421931,111.185517922067,1.26579850013613
"76725",295,150.521851754644,146.348586869927,4.17326488471724
"91366",79,70.4378759728352,69.8914510400568,0.546424932778474
"77975",537,536,536,0
"93047",115,115,115,0
"103497",168,147.490302776904,149.769016847469,2.27871407056476
"73372",110,96.6274363591156,110,13.3725636408844
"74899",230,198.483261755165,199.527315163655,1.04405340849005
"76566",113,74.2686033760322,73.8065745329304,0.462028843101837
"77987",398,285.156211531963,282.574545721554,22.6286281952519
"76891",162,107.983393434109,109.059702777982,1.07630934387241
"75285",45,35.864063746049,34.9763187342098,0.88774501183915
"77982",381,303.768111749607,310.409233881946,6.64112213233847
"92053",265,265,265,0
"90479",167,158.442739615355,159.275326104492,0.832586489136386
"92926",55,24.223834079925,31.8215371500156,9.13835918866505
"76561",84,84,84,0
"92927",163,107.381728357264,107.66354979689,0.281821439626041
"95149",100,38.3681298027845,38.0380750277902,0.418099519237332
"74218",174,103.30320880996,98.0283208129911,5.27488799696865
"102987",149,118.193030929996,118.79979611828,0.606765188283096
"95128",111,93.4265281133257,92.156995282685,1.26953283064064
"95426",32,21.9157339887559,21.5126766775929,0.403057311163064
"73392",173,173,173,0
"73600",167,159.084757552792,158.98959879995,0.095158752841815
"75254",93,63.8865239741793,66.1355932162959,2.2490692421167
"76557",66,50.5858720762399,50.1524241697311,0.433447906508824
"92456",75,37.5945951447114,38.3831134855009,0.788518340789573
"74864",370,343.963375013826,340.241947664836,4.35641260305676
"105170",163,60.4141045254771,56.4370855555384,3.97701896993869
"90453",239,220.691300198681,221.423442820164,0.732142621482872
"78229",69,44.325116578601,36.4463693231127,10.6980192686735
"105282",294,194.398294243522,201.767737402082,7.36944315856036
"7445",159,138.67810977313,136.996398921643,1.68171085148668
"74216",169,103.186659322239,104.094468336686,0.907809014447122
"78230",218,217,217,0
"8173",172,115.051031813649,111.190343361968,3.86068845168127
"78278",23,19.0732761090671,19.4124719315158,0.339195822448613
"105164",32,18.2515730238044,19.2043157577258,0.952742733921436
"94185",343,269.441321665685,272.351699339114,2.91037767342967
"92458",169,109.141456798747,110.798806531786,1.65734973303886
"92928",88,73.2765944590826,72.490969606077,0.785624853005612
"6334",264,246.146929681871,264,17.8530703181287
"7671",192,118.553819450815,123.454618176033,4.90079872521718
"105331",39,34.2902019537686,33.9028769806812,0.387324973087396
"77949",280,253.966717985901,248.966506754234,5.00021123166774
"90514",154,135.88991740665,136.66039306401,0.770475657360545
"95750",74,50.1966634624246,49.6216712491261,0.574992213298479
"78069",131,9.24548187841443,131,121.754518121586
"92935",58,41.4808472067663,40.6254331317265,0.855414075039822
"73577",138,129.47336524614,128.478992272054,0.994372974086503
"91379",93,61.7059053452613,72.0466928661671,10.7789170215938
"95769",131,66.3737317573865,68.5554091410391,2.1816773836525
"92102",125,124,116.348373731318,7.6516262686822
"94154",349,349,349,0
"93680",259,218.120314911318,219.373107631935,1.25279272061739
"73426",205,178.383327228685,176.299416156994,2.08391107169119
"102999",231,160.05294778446,162.019701083352,1.96675329889208
"92649",245,204.808622797244,205.515279316263,0.706656519018219
"92144",100,52.2778310001894,53.054046433223,0.776215433033665
"93687",191,145.114928276681,141.755884359179,3.35904391750175
"8197",146,122.227105886803,119.789612658718,2.43749322808508
"90434",223,223,223,0
"74175",56,38.9329565726817,38.3261923933735,0.606764179308145
"105314",145,102.787205240175,104.770453366562,1.9832481263867
"92837",152,134.478461665954,152,17.5215383340458
"78074",155,139.958008868361,137.587514852604,2.37049401575773
"92662",205,205,205,0
"92945",68,34.9988018308132,34.511802562072,48.8478164874454
"90456",519,519,519,0
"94184",328,243.254161499617,246.887883722025,3.63372222240776
"78075",94,82.3699583690638,82.8603341608636,0.490375791799801
"92141",68,55.0113920239457,55.0316136445814,0.0202216206357125
"94157",206,179.887778817854,182.138780246226,2.25100142837207
"95755",199,135.022449279215,134.991478439389,0.0309708398260068
"73555",332,74.2488944955687,322.486710267966,251.705408297907
"94156",275,217.224205044304,218.819445768796,1.59524072449223
"90450",341,327.32859476526,327.964206717551,0.635611952291461
"74865",276,255.605033507689,253.660439048259,1.94459445942961
"95119",126,9.68077575152827,12.2638175641431,2.58304181261481
"77972",337,280.893713836965,285.986408070824,5.09269423385916
"92142",50,21.4321111130487,17.2243232336137,4.36914085636298
"6063",137,88.0659357053852,84.4652259495676,3.6007097558176
"78667",147,116.095865577391,115.920103236514,0.175762340877476
"75264",127,69.7464186116424,68.5701096932304,1.17630891841194
"76917",269,186.356487551887,188.792996104791,2.4365085529048
"78011",326,280.294347996203,274.683266117219,5.61108187898449
"92050",107,93.3638359393379,94.0114986600612,0.647662720723361
"105310",262,243.844571519888,244.290178590748,0.445607070860414
"95732",165,110.024348204719,107.577120450324,2.44722775439533
"74145",71,71,71,0
"76903",441,441,441,0
"92929",107,54.059474106421,55.4703779512039,1.41090384478288
"75256",62,43.4953831442409,42.7170594314645,0.77832371277633
"73548",286,285,285,0
"92664",228,219.10722449565,219.765772457207,0.658547961556499
"75271",133,112.130748424359,110.113843213797,2.01690521056192
"92146",89,37.0647019544566,37.2193620750885,0.154660120631906
"92938",76,50.707999853316,50.7825788403983,0.0745789870822768
"92960",323,294.081445066873,298.668106365891,4.58666129901867
"92454",29,21.3276104170409,20.7481723942906,0.579438022750255
"90726",368,368,368,0
"92963",224,148.385211222609,154.103948838634,5.71873761602492
"92055",214,214,183.853797335259,30.1462026647407
"78070",176,56.1971693007308,53.5437142628984,2.65345503783237
"92137",44,40.5297976316108,38.9072883876104,2.95340704980519
"95741",56,47.9922034061424,47.3394404905126,0.652762915629779
"104971",237,237,237,0
"73381",181,92.2220864798864,103.542861033783,32.6438661257812
"73358",232,225.123060804884,225.649821204566,0.526760399681989
"90488",185,56.0885840150285,51.182944162922,4.90563985210655
"92450",148,132.88752107112,133.70139114139,0.813870070269951
"73557",242,242,221.821478638372,20.1785213616281
"105278",102,102,102,0
"90513",124,117.733866302968,118.25351155932,0.519645256351374
"92171",300,28.0689328359594,210.994787370697,208.816668972377
"76564",54,43.8777142702288,43.8251938795597,0.052520390669047
"92948",108,73.3569088593049,69.5954686670172,3.76144019228775
"78662",215,98.4813946786133,101.142904049312,2.66150937069915
"74240",79,62.3586854871407,60.9128597544908,1.44582573264985
"92836",67,67,67,0
"92143",87,86,86,0
"73366",140,136.199919009507,136.201799351868,0.00188034236106444
"78276",123,123,123,0
"105166",71,64.5381692914243,63.6655894334692,0.872579857955063
"76664",139,91.1067843417466,94.2877062668478,3.18092192510112
"93635",136,80.4523119884966,81.3555308352882,0.903218846791597
"92173",44,22.5138299091305,23.1416585871916,0.627828678061095
"76577",85,49.5212074677417,51.3331351979568,1.81192773021511
"105300",233,155.532984883177,152.460684236642,3.07230064653535
"77941",274,201.946616087823,207.500325289069,5.55370920124604
"90427",348,348,348,0
"92959",300,300,300,0
"7444",73,45.4023275032589,46.1494755646839,0.747148061424966
"75255",41,41,41,0
"76575",68,41.9967387605189,41.1797982120029,0.816940548515965
"95777",126,69.1527761562195,71.072430616829,1.91965446060942
"90465",124,119.894956829556,119.698731579479,0.196225250077814
"95150",139,72.4265668202063,71.1165918484192,1.30997497178709
"92639",548,548,548,0
"73371",67,65.6682556115943,39.9880489697264,27.112085101301
"8178",69,59.3644629664667,58.6407385244311,0.723724442035563
"78071",146,135.465814142454,146,10.5341858575458
"90729",212,83.0772753971885,96.0037671743452,12.9264917771567
"73396",131,126.372740676164,126.051192259932,0.321548416232682
"91370",64,64,64,0
"91409",306,265.386684014067,258.839319019624,6.54736499444277
"74172",78,63.438469882995,62.5404038323548,0.89806605064018
"105281",176,111.170892407264,114.257599711221,3.08670730395677
"92096",220,220,220,0
"92947",66,47.9052050518535,48.4219660856764,0.51676103382295
"74872",329,329,329,0
"78670",235,137.892748395254,134.372157097636,3.52059129761749
"76723",127,79.2464973360089,78.10808759984,1.13840973616884
"105306",253,185.038061061498,187.438478564779,2.40041750328041
"92932",31,28.3063586723559,28.1849150937641,0.121443578591757
"93062",364,364,364,0
"95739",103,90.3146104650778,89.6392008629054,0.675409602172374
"104979",267,267,267,0
"95778",204,101.464006922663,102.285987050524,0.821980127861184
"74152",100,63.7620796109633,64.4299418195173,0.667862208554046
"95110",206,94.8210403813483,99.2549822480037,4.43394186665539
"95764",274,208.698570023378,211.930715036368,3.23214501299082
"92052",269,214.416584084326,210.773949357896,3.64263472642982
"76572",176,176,176,0
"78327",135,95.6473415781993,97.8380975699435,2.19075599174423
"92107",241,217.105305999745,217.855463064646,0.750157064901487
"92885",60,35.3874550735009,35.4806915233266,0.0932364498256728
"78064",170,121.730008109743,123.06717684619,1.3371687364468
"74232",145,45.1142238136876,45.0193850586585,0.405725408279969
"92640",224,224,224,0
"90433",400,384.955070299603,385.906204219047,0.95113391944444
"77498",68,58.6084989315824,59.2122147092965,0.603715777714085
"95137",115,75.353084270017,76.5640789616876,1.21099469167054
"91947",408,396.343631021543,397.254557696364,0.91092667482142
"74252",80,56.5829165742674,55.0002057950077,1.58271077925974
"92047",56,56,56,0
"8152",128,125.634054617343,78.4202880474409,47.447275721638
"78279",88,73.5662797348439,74.556965209274,0.990685474430055
"92140",93,48.6846362019055,49.9951075632153,1.31047136130979
"92933",118,81.6235128626523,80.0903654923378,1.53314737031449
"103007",137,81.5131580981705,83.7422551132661,2.22909701509569
"92934",119,90.8191886326566,89.3204844536754,1.49870417898124
"76718",383,351.308460777915,354.972693989341,3.66423321142631
"77964",756,756,756,0
"76666",119,49.4063819873067,70.4185531549992,57.5876931586813
"92887",55,55,55,0
"90734",223,223,223,0
"105321",69,41.1581116225214,39.8373034671299,1.32080815539144
"76662",89,61.6282560354285,61.1354057238744,0.492850311554187
"92046",238,238,238,0
"76722",396,396,396,0
"77493",189,139.940615916607,142.688523806408,2.74790788980108
"6222",134,94.1245827875148,91.0327882273735,3.09179456014133
"76892",101,74.965080448574,75.737308719245,0.772228270670971
"76576",80,72.0164109730709,71.2020991333688,0.814311839702103
"92892",39,18.7579764418588,18.1388683480563,0.619108093802494
"92646",328,328,328,0
"92051",116,116,116,0
"78328",203,203,203,0
"74867",205,150.944944720503,133.628214550733,17.7470803942881
"92048",137,137,137,0
"76567",64,44.1176497812237,44.4855239553446,0.367874174120926
"90496",174,174,174,0
"8207",128,75.7856232253475,72.0916488719097,3.69397435343782
"93052",318,318,318,0
"6062",149,89.5126510971932,86.0193687559108,3.49328234128237
"92453",27,13.8782110144313,14.0856797580342,0.207468743602849
"75283",235,119.24773327557,139.438404333135,20.1906710575648
"92139",131,124.109314739738,131,6.89068526026221
"78012",338,218.612058196178,214.853828275957,3.75822992022053
"73385",88,35.1621477113993,33.3351512536449,1.82699645775437
"90730",553,553,553,0
"73549",123,109.261352042915,107.963138555347,1.29821348756824
"8242",192,157.674359937773,153.398496712908,4.27586322486489
"7443",79,68.860753238379,68.0514329421351,0.809320296243897
"76473",436,249.724569744367,258.687441907061,8.96287216269377
"78068",174,107.242993113203,104.601924479124,2.64106863407844
"74215",182,182,182,0
"105280",183,166.88547681,169.659853910994,2.77437710099447
"78063",182,127.362741938143,128.305040149297,0.942298211154775
"74861",217,217,217,0
"76915",297,260.352331685989,260.58126417351,0.228932487520673
"95715",263,139.088226417168,141.888291182408,2.8000647652402
"95756",66,29.8519529601468,29.4255591353947,0.480109419250705
"102988",99,99,99,0
"76591",449,401.060656890265,449,47.9393431097346
"77489",302,302,302,0
"90473",297,272.580211887835,273.567573272412,0.987361384576944
"74897",216,149.73499498548,150.146793504299,0.411798518819254
"92554",20,8.67915081536746,8.78246991444485,0.103319099077383
"73560",307,30.3403611355258,27.2060319611397,3.13432917438616
"6223",196,196,196,0
"92930",197,175.429463483556,179.146274409931,3.71681092637547
"92951",191,191,191,0
"94158",172,146.969355567345,148.008701839306,1.03934627196037
"77944",350,180.067875774554,174.839833249031,5.22804252552308
"103498",170,130.138025586534,130.371827616903,0.233802030369053
"92562",179,160.197726420957,160.572909835342,0.375183414385025
"103267",293,202.576919107014,204.601486048789,2.02456694177498
"92174",94,75.8502004697903,75.3367852023632,0.5134152674271
"91377",124,58.4772966799883,36.6010305933776,22.4796058643518
"78657",58,33.2638189066629,32.3156789222793,0.948139984383664
"90430",233,233,233,0
"76570",73,73,73,0
"104980",379,213.588337845453,224.529216483618,10.9408786381649
"92648",200,199,199,0
"105177",216,92.5216754483253,125.869590168944,130.946338338257
"95126",255,186.161225883215,188.916133337495,2.75490745428024
"7463",218,103.370184652616,107.679252534525,4.30906788190904
"76669",49,49,49,0
"8186",171,66.59652146394,64.3481118743746,2.24840958956539
"73545",251,241.840639039253,240.921183757547,0.919455281705854
"105338",177,156.999986915255,177,20.0000130847448
"75270",56,35.4530419978456,37.1729096713194,1.71986767347384
"95721",134,120.664627938356,121.630573891585,0.965945953228916
"90385",161,142.775503012115,143.613762271751,0.838259259635523
"77977",619,619,619,0
"90728",408,408,408,0
"73360",155,138.583046744144,155,16.4169532558558
"73439",176,152.153786307725,152.346938137204,0.193151829478751
"73406",129,109.017099583343,109.171137759771,0.154038176427925
"78666",68,39.6113290695374,33.1444696502526,8.29067620369223
"74214",84,42.0335849104788,48.1764462815749,6.14286137109612
"73741",206,206,206,0
"76580",23,14.2164623301148,14.7111919574315,5.25923535539952
"78168",122,65.8924886701031,64.7506876721261,1.14180099797699
"92645",131,129.071827972963,128.746434749498,0.35356293120962
"92045",156,156,156,0
"95728",100,67.6128591059056,68.4477328397194,0.834873733813729
"90470",175,175,175,0
"105169",150,150,140.581088050684,9.41891194931586
"73438",133,74.5618141268394,77.0129786559787,2.45116452913934
"95116",81,63.5787735071854,62.3059843363289,1.27278917085648
"77986",392,358.999542868116,360.796961272197,1.79741840408086
"92889",39,29.2802473178533,28.9195953196404,0.360651998212953
"94159",145,85.8929431097762,84.9368117425237,0.956131367252538
"73367",167,133.033832587718,130.342139363773,2.69169322394478
"95747",80,37.6389313349917,37.5489042687374,0.0900270662542783
"90449",252,238.437455962234,252,13.562544037766
"92452",93,32.5273429584258,31.5021679572162,1.05908785171921
"74902",342,258.10753662048,246.02911973011,12.0784168903699
"78654",73,35.2658181862383,36.1924559864605,0.926637800222112
"92049",132,132,132,0
"74177",81,41.6890068002687,40.7549567927741,0.934050007494532
"92138",104,61.0257353287536,60.2549287150789,0.770806613674694
"92130",106,62.8072549869487,58.7865550243334,4.02069996261529
"77950",233,233,233,0
"78323",162,162,162,0
"91369",72,52.3135867832904,52.9797730224756,0.666186239185166
"92564",141,141,141,0
"74149",131,104.882639691794,105.904427323407,1.02178763161333
"74243",103,73.3719858939698,98.7072349606867,28.0673420924951
"105287",333,286.925785518353,291.879258549449,4.953473031096
"6058",132,88.2967222858398,86.9034651651134,1.39325712072644
"92953",97,89.5876953795804,97,7.41230462041955
"94996",159,97.7960397512847,95.8570453563579,1.93899439492676
"104969",323,286.969794433606,292.279409939408,5.3096155058013
"73552",195,182.120261737339,182.804535076716,0.68427333937766
"92936",137,111.642647958316,109.953842454352,1.68880550396382
"102668",343,144.072448844276,141.855807653342,2.21664119093437
"78172",147,115.308488948841,113.467956087718,1.84053286112222
"105344",199,108.749648466178,105.518596085067,3.23105238111045
"92863",245,215.101449170243,210.697861977177,4.4035871930663
"92886",156,156,156,0
"77958",712,712,712,0
"77971",212,188.102512756291,212,23.8974872437087
"95111",159,79.920697973887,77.6693425883746,2.25135538551238
"92042",261,227.523632703972,225.057697161603,2.4659355423692
"74220",127,61.5586093211904,62.6168232854842,1.05821396429377
"103356",268,165.239936827956,173.255341355821,8.01540452786524
"92937",97,42.0140821880271,35.099371449953,8.91664152669055
"74254",90,58.7233686977852,58.4074940185705,0.315874679214694
"92134",133,92.8763436621846,92.1584363604928,0.717907301691804
"105279",111,100.858829782857,101.263206204054,0.404376421197048
"92961",255,170.320077139109,175.639044585376,5.31896744626684
"93037",212,212,212,0
"95779",84,60.0906237355831,59.454229541025,0.63639419455802
"95785",108,99.7328881995359,99.384036090361,0.348852109174915
"95744",141,62.2703012752236,76.5311837315191,15.8643040029742
"103499",324,258.736087161401,264.260281513757,5.52419435235515
"95140",83,82,71.4228382408367,10.5771617591633
"95131",130,76.4876808909501,77.5752596475402,1.08757875659007
"105311",193,193,193,0
"74222",218,217,217,0
"105328",248,106.750029702472,110.799442642294,4.04941293982248
"78065",150,116.330272619837,118.439375084753,2.10910246491587
"78676",399,399,399,0
"76665",60,53.6309652650276,52.7922157920673,0.838749472960321
"92663",446,446,446,0
"103500",162,130.133954803212,48.7645060772844,98.6656971168693
"76568",45,43.5055827169584,43.574345918768,0.0687632018096273
"95736",84,52.847516815547,51.8521779028973,0.995338912649703
"78652",148,113.803351706559,115.636464638814,1.83311293225491
"92952",51,35.0889139519401,34.1539256733855,0.934988278554649
"92044",275,241.397919996608,238.561658045521,2.83626195108701
"92864",289,252.775512772861,252.067704701426,0.707808071435322
"78326",85,52.6378131103795,53.5804153630401,0.942602252660642
"75252",243,201.49379957387,206.480701441553,4.98690186768256
"78066",135,24.9177111116265,22.2783486899279,2.63936242169865
"90452",201,196.067059535369,196.449246482645,0.382186947276224
"78169",107,107,107,0
"95003",130,130,130,0
"75274",85,48.6976028044592,47.9696103354028,0.727992469056406
"78170",86,46.8633345579755,47.4438148036733,0.5804802456977
"105342",283,220.401479371254,216.000306876226,4.40117249502797
"75253",145,92.5147955359307,91.010005820687,1.50478971524362
"92853",477,422.181833762859,427.197290328159,5.01545656530044
"76585",70,47.1358391397792,46.5753399340484,0.560499205730804
"92950",114,104.824750281897,102.335244042533,12.5093831458317
"75251",157,157,157,0
"90374",220,220,220,0
"92872",114,75.9729255114628,74.4832229811726,1.48970253029024
"92881",51,6.83080090604116,7.29355396050314,0.462753054461985
"74898",82,54.3400319415238,49.7014926914975,4.63853925002634
"76670",106,89.6284248164943,87.5957587126575,2.03266610383674
"73564",437,218.874035301661,238.099104140669,19.2250688390079
"78010",200,156.370174282954,158.474135897261,2.10396161430653
"90484",229,229,229,0
"77993",106,103.899063260339,103.937936693767,0.038873433428091
"105189",388,356.987928091293,361.986656591696,4.99872850040354
"90455",285,285,285,0
"74850",268,132.226797662144,125.292041127311,6.93475653483314
"73405",71,40.5006151961833,40.3687470240026,0.131868172180737
"92135",110,35.1121271985566,34.9885877127313,0.454782047410868
"105283",199,93.0726461198721,114.347312530292,21.282848899382
"90428",190,190,190,0
"73547",210,198.116104400108,198.600618439239,0.48451403913196
"92850",162,162,162,0
"95146",161,131.758928810963,133.341279386909,1.58235057594567
"73553",180,180,180,0
"77973",414,414,414,0
"7442",246,121.572975349619,126.732083611443,5.15910826182404
"78661",231,206.200469618357,208.666749916909,2.46628029855239
"77985",467,448.449400265749,467,18.5505997342513
"90504",248,248,248,0
"93044",334,334,334,0
"92177",165,75.6564502959178,86.5045858555273,13.5228199813959
"7672",324,279.163348553978,286.229073074395,7.06572452041749
"74168",114,63.0007874384801,61.5268754193451,1.47391201913495
"76574",88,35.1456588249012,44.1358059490337,10.8583191038383
"95716",128,128,128,0
"76583",43,43,43,0
"90720",364,364,364,0
"76590",147,129.916013987624,133.138061694799,3.22204770717544
"77957",200,200,200,0
"74863",283,245.746554422359,234.62389941375,26.9701873829893
"95783",54,49.4565321588928,49.1730880260315,0.283444132861279
"6356",286,286,286,0
"74130",55,32.4164714554931,31.2978230464289,1.11864840906425
"105323",156,79.7089814965048,102.615674077095,32.9227910493205
"90451",253,253,253,0
"8155",150,130.981119278942,122.054394128716,12.1178156813969
"78689",237,209.912110390242,209.915299520779,0.00318913053737874
"73375",192,90.4128173981223,93.2622576943316,2.84944029620928
"93885",98,50.3038091841401,50.9926781570723,0.688868972932218
"74230",709,428.951223327887,449.990848580039,21.039625252152
"7496",99,55.9377577864437,43.8185322862859,54.768690956146
"75280",44,29.257260512552,30.2785256772631,1.02126516471115
"102672",167,145.330101124429,144.074658434407,1.25544269002264
"94990",137,69.1889111162757,71.5040196836357,2.31510856735995
"8201",256,182.245008074166,185.617925358823,3.37291728465696
"74876",568,392.867373462843,404.01410372675,11.1467302639073
"76661",237,174.855420546922,176.76942770031,1.91400715338869
"95127",144,97.2028738861414,94.2642703554245,2.93860353071688
"93063",505,389.334361160208,397.056958374949,7.72259721474056
"74217",208,208,208,0
"92175",83,52.7199742846395,53.4302633979665,0.71028911332693
"92041",108,79.5893166778506,78.8572972687258,0.73201940912486
"76659",141,72.4193789090991,71.2866125714543,1.13276633764474
"103354",565,565,565,0
"6061",32,21.3664607596416,20.8771706803993,0.489290079242279
"91372",80,51.2056270675689,49.2448619588507,1.96076510871825
"94999",49,30.1707784827919,30.7546815018345,0.583903019042543
"73747",197,185.750682840828,184.041153447402,1.70952939342598
"90399",196,196,196,0
"103260",381,352.760048403222,357.10118819701,4.34113979378711
"78164",70,34.7296056238054,35.5946962452606,0.865090621455194
"78008",304,103.057304658398,101.578400064226,1.47890459417271
"78171",121,101.086510953671,103.548220011367,2.46170905769588
"92891",317,250.65518972113,253.178822104395,2.52363238326567
"92133",75,44.7336697996528,43.9771454561846,0.756524343468176
"76581",41,19.6853070807081,23.9302856916873,4.59631782095806
"95134",58,44.1079026938772,43.3386304087476,0.769272285129594
"74857",223,126.468432950376,171.418379834447,72.1088015552057
"105174",98,94.7538312144606,94.7856967379378,0.0318655234772544
"90392",78,78,78,0
"102670",142,142,142,0
"92105",138,130.80801661115,131.493610305583,0.685593694432647
"90511",177,169.099508025829,169.29085230607,0.191344280241071
"92647",570,537.141457876499,537.997842292166,0.856384415667067
"90431",272,272,272,0
"92127",139,94.5248029141046,95.9465095037796,9.07833469565102
"93889",120,77.0527310827068,75.218511974646,1.83421910806077
"92660",101,36.7895165593002,36.9565861044684,0.167069545168137
"78668",333,333,333,0
"90746",173,173,173,0
"77937",165,102.697513021942,109.487686585852,6.79017356390935
"74151",91,59.7435639600821,61.4337523245897,1.6901883645076
"73404",77,41.4026353446273,43.5233021132631,2.12066676863574
"90383",274,274,274,0
"92642",476,476,476,0
"92870",162,108.609431772267,107.079426035414,1.53000573685355
"78166",80,66.9486807617385,67.5292848168449,0.580604055106392
"73364",211,189.29918775259,187.64566664275,1.65352110984001
"79064",398,248.173193765489,255.159944478285,6.98675071279529
"92038",144,144,144,0
"73437",115,48.1974799251605,49.4557926391284,1.25831271396787
"92637",236,151.318369855425,149.087644773348,2.23072508207657
"74874",231,206.000659553505,231,24.9993404464954
"93869",65,40.5433401741689,39.475835009032,1.06750516513684
"76919",145,145,145,0
"95780",164,54.7711049020299,59.5595462337524,4.78844133172247
"95788",185,121.236302594129,119.836478478652,1.39982411547734
"74896",196,122.670258606607,130.802502176281,8.13224356967446
"6060",74,64.5371232905467,64.6856398079768,0.148516517430069
"105345",85,46.2220353494978,48.3436332693456,2.12159791984775
"95784",73,64.3472660982202,63.9945849404621,0.352681157758146
"92124",45,38.7018047152887,37.7614363092391,0.940368406049579
"92558",214,179.790520888106,179.065773457582,0.724747430524083
"95095",96,41.497960469925,41.1657509495492,0.332209520375806
"92883",29,21.0211879561915,20.312309638919,0.708878317272482
"94993",222,119.474217661767,120.05247081184,0.578253150072761
"102998",164,98.3548467862609,100.42411623481,2.06926944854936
"77998",144,133.08485670355,113.141475899483,23.3992159984027
"95113",55,21.5141189414425,22.6396588092514,1.12553986780891
"104984",374,373,373,0
"95726",315,314,314,0
"6059",102,65.2440845207366,64.7484336543626,0.495650866374077
"94979",117,61.7295008393587,60.3237331174631,1.40576772189552
"73740",306,306,306,0
"92847",147,88.7867519623636,86.4185528037759,2.36819915858767
"73556",222,181.21907459611,183.011173954283,1.79209935817338
"94971",164,93.4333634329291,95.4962182756725,2.06285484274339
"92039",191,157.580771085259,156.585777231296,0.994993853962735
"79461",147,135.893964957137,147,11.1060350428627
"78679",257,257,257,0
"91299",143,84.1278872646917,90.0002127211717,5.87232545647996
"74868",190,116.083106181431,118.809421031908,2.72631485047672
"90721",281,250.978389698074,251.888532420769,0.910142722695087
"6174",168,137.206220482698,138.643163785336,9.18551551962065
"92560",112,39.5538242929965,38.9358175641382,0.618006728858331
"92100",305,305,305,0
"105286",279,215.841889243662,222.696655357758,6.8547661140952
"76573",72,5.82231684543684,6.37827406396792,0.555957218531078
"103501",188,149.688118042463,143.305198325061,6.3829197174024
"76667",137,87.8640017081225,89.905324225137,2.04132251701444
"92040",181,165.392139283789,163.68108571954,1.71105356424838
"105184",165,134.707727512141,138.747912435024,4.04018492288234
"92136",79,57.8156116508355,58.5808378836648,0.76522623282929
"6043",125,97.4686654645892,98.2603571353956,0.79169167080644
"6172",311,285.641299743041,310,24.3587002569593
"92862",217,180.105858444086,175.483186076768,4.62267236731813
"78698",275,43.2394539094416,232.295977166529,205.509396445886
"77947",138,52.9458137325129,49.709364636968,3.23644909554496
"76586",87,72.8887967701635,72.3844393037006,0.504357466462879
"103271",407,209.598302659397,201.403262858219,8.19503980117792
"79067",358,312.980907133459,315.116355747882,2.13544861442352
"8222",105,70.139827545737,70.2036092594979,0.0637817137609072
"74160",122,95.8974830226464,93.9949210039285,1.90256201871793
"90463",333,322.554451847047,322.446058685884,0.108393161163749
"95143",132,118.818634161136,119.568821835747,0.750187674611405
"92128",160,131.251495953982,131.273225658366,0.0217297043836656
"92955",142,128.310111436369,129.196252487669,0.886141051299999
"75276",91,71.5990024315662,69.7199177678736,1.8790846636926
"105168",138,138,138,0
"8320",159,159,159,0
"90491",169,169,169,0
"6360",206,206,206,0
"93878",160,112.96345488848,115.14622217224,2.18276728375951
"73736",186,186,186,0
"6362",133,86.4987238335913,87.8235516330381,1.32482779944674
"91298",193,188.681147394837,188.586203056576,0.094944338261011
"93039",329,272.617671464099,278.512429810901,5.8947583468022
"73544",82,82,82,0
"92126",78,69.1184214891235,68.9116019605079,0.206819528615611
"95787",69,32.1683484052838,31.9560661869655,0.212282218318335
"74251",93,77.9479546040275,77.8955293119171,0.0524252921104319
"105171",28,25.8073945455288,25.5961117077665,0.211282837762325
"90390",50,45.3990658959831,45.4600985096732,0.0610326136900884
"79462",306,277.941767950451,47.7796661667695,233.896976860313
"76587",101,55.3591984168387,55.3293077872261,0.0298906296125351
"95781",163,163,163,0
"77940",379,297.103804224902,302.563125834479,5.45932160957665
"90724",107,67.8289164682282,69.0220407778573,1.19312430962904
"103268",121,109.226280570607,110.82924692302,1.60296635241342
"90373",219,192.477428061265,195.125503428705,2.64807536744002
"8177",196,150.386953196156,172.643078143961,30.151526827737
"92967",448,448,448,0
"90375",195,177.229393734105,177.50047558733,0.271081853225229
"73424",81,45.7480361505926,42.5683759049198,3.17966024567282
"90495",151,138.088489744382,138.690677874749,0.602188130366628
"80221",136,77.4647215933693,78.5259517186436,1.06123012527431
"92880",83,53.958603669397,54.0023678317528,0.0437641623558654
"6173",73,39.6124880456385,40.180988802234,0.568500756595515
"94998",265,215.213891258114,219.386636041795,4.17274478368158
"90404",141,138.203250954432,137.827017260483,0.376233693949061
"105178",95,83.7727406515239,82.497576840172,1.27516381135195
"73744",113,113,113,0
"73546",176,176,176,0
"105327",159,144.267657467824,122.842467002494,27.7276420353189
"90480",111,105.31746404123,105.832589950862,0.515125909632209
"76582",86,64.6966975625495,62.1720325286781,2.52466503387134
"74259",40,30.1724897361768,30.7507303171342,2.08392118617837
"80217",163,163,163,0
"95123",110,57.619032630519,58.833906389056,1.21487375853702
"6057",148,107.070207651715,104.936401156511,2.13380649520394
"74137",140,100.638954870914,101.182672122189,0.543717251274289
"78319",128,128,128,0
"76671",91,50.1910495394557,50.9975880142029,0.806538474747231
"95132",76,48.8935864700768,45.3009487177367,3.59263775234006
"93864",259,223.390403465461,259,35.6095965345394
"92043",297,288.186274475184,291.190145103806,5.3087664747525
"92644",110,64.5707222002137,68.0070594866151,3.43633728640143
"75282",76,59.8377736975396,61.2788199421373,1.4410462445977
"95092",137,115.446607808109,115.941420832502,0.4948130243932
"93057",316,315,315,0
"92854",99,51.7087950045201,50.2155434679636,1.49325153655642
"92176",91,66.2070175605975,66.3102342328058,0.103216672208261
"73401",231,226.87771637996,131.348570471373,99.3576589356744
"78009",198,155.248805736118,147.863157641388,7.38564809472974
"75250",79,43.0561882246025,41.9917731851054,1.06441503949715
"92555",115,65.7022466940792,65.1991684160187,0.503078278060543
"103249",259,196.291363016724,198.981220136855,2.68985712013159
"75249",64,64,64,0
"103504",252,155.849167461162,147.111911040381,8.73725642078069
"75247",153,66.3003766232283,70.1556676325167,3.85529100928846
"92548",75,33.518202768666,33.1663420807637,0.351996724394471
"92547",60,57.7033004637001,57.7484722072803,0.0451717435802555
"105343",86,59.5091733168687,57.4052583154984,2.10391500137037
"92132",34,16.7005047736729,16.9159670535876,0.215462279914644
"76597",125,76.6549503685828,78.1547400562798,1.49978968769702
"93887",74,42.3619639424413,43.3339354305107,0.971971488069394
"95083",68,56.1244623403646,55.4414120275976,0.683050312766939
"74244",89,68.5133504092263,66.5991397492516,1.91421065997467
"92563",10,8.73297137428703,8.70750051879764,0.0254708554893842
"91367",118,101.055924524288,100.007744985952,1.04817953833547
"95102",103,83.9015798392401,82.9891215188037,0.912458320436389
"75268",84,65.1771948773549,67.2724606817265,2.09526580437162
"78167",155,119.272811654618,117.412208159549,1.86060349506975
"78712",184,149.192933516904,152.828371261469,3.63543774456499
"92037",289,289,289,0
"92638",229,220.388181844173,221.163171341732,0.774989497559221
"95001",57,55.325690207488,55.5164175509455,0.190727343457498
"93861",126,91.787709161476,94.2287236056225,2.44101444414662
"92559",84,45.3506002030929,45.8805630646402,0.529962861547344
"78007",504,504,504,0
"92131",75,68.207376883229,75,6.79262311677096
"90727",156,156,156,0
"103256",456,375.735174397472,387.994959475895,12.2597850784232
"92954",238,181.490859771224,181.321777317081,27.7453430917299
"95086",34,26.7779582209551,26.5855847985596,0.192373422395474
"105320",158,93.2700664837201,88.94558378137,4.32448270235009
"73408",104,104,104,0
"92550",192,192,192,0
"90503",42,38.0379829728015,40.0096982391131,2.27912024315022
"92858",242,162.30143153781,165.825798811612,3.52436727380198
"74235",130,85.0784827118861,86.7344674390692,1.65598472718316
"80222",154,154,154,0
"76663",285,253.159161465969,254.065555389952,0.906393923982753
"73738",82,77.5143266282975,77.0559851302741,0.458341498023388
"95735",105,60.192805391861,59.5985694232761,0.59423596858492
"105285",191,112.855383531004,116.924977211112,4.06959368010776
"78161",37,18.8701571264965,18.4790298504992,0.391127275997312
"74148",84,83,83,0
"95730",95,85.8861062002504,86.3093387974862,0.423232597235799
"78677",279,279,279,0
"92178",172,103.288591075341,108.801497877731,5.51290680238937
"92876",79,62.7514384066849,61.6799830687206,1.07145533796436
"78655",151,81.8204666278399,82.9148287005226,1.09436207268269
"92129",58,45.583808240268,45.4478340162601,0.135974224007934
"90723",214,194.223841900799,195.719740926217,1.49589902541744
"74953",420,395.573048197557,400.301049247353,4.72800104979648
"103503",135,32.5489332400071,104.619288034673,88.664384183567
"90454",274,274,274,0
"94980",148,131.562970705103,148,16.4370292948966
"78685",177,157.773436202792,159.466404591121,1.69296838832904
"78165",98,61.6209974444765,60.268070259522,1.35292718495445
"92125",16,7.40965271583086,7.44961705002084,0.0399643341899829
"90378",176,48.9548018762674,44.5139858954827,4.44081598078471
"76676",42,21.1693727931335,21.1303225219979,0.0390502711356669
"103502",94,33.1243435455728,30.8539607698809,2.27038277569186
"95782",134,118.10147195607,116.867533506455,1.23393844961523
"102675",205,144.35968548125,145.308191147407,0.948505666156694
"102671",140,82.9169373878548,78.9699454858553,3.94699190199944
"102669",273,272,272,0
"105180",53,43.9476046195071,42.8150339046234,1.13257071488372
"7454",422,422,422,0
"76658",221,221,221,0
"74157",46,46,46,0
"77978",967,966,966,0
"95114",134,92.2569378974949,90.9846633189,1.2722745785949
"90485",179,179,179,0
"103251",622,622,622,0
"94969",121,87.3373078463463,85.3159627232614,21.619440047485
"92549",189,189,189,0
"8153",79,62.3185453622088,63.6205946173462,1.30204925513739
"90398",108,108,108,0
"95712",232,117.995420149874,112.890483331976,141.847486231305
"78682",355,355,355,0
"104646",179,146.531004355501,149.909498343747,3.37849398824597
"91247",379,379,379,0
"73770",374,374,374,0
"90388",120,120,120,0
"73748",374,350.009639684765,350.117048869027,0.107409184262011
"74221",257,248.18312195934,248.26100009917,0.0778781398299766
"74842",210,210,210,0
"74174",93,48.3735085886211,46.2957191300096,2.07778945861158
"93867",115,82.9509158364023,85.1893207847291,2.23840494832679
"95118",154,104.117955525799,141.089143754855,41.0532976875286
"90718",276,276,276,0
"104996",206,144.061388390776,148.258792282273,4.19740389149683
"95082",73,34.3238139728003,32.5258187602775,1.79799521252275
"78159",101,64.6218415195706,63.4803386426586,1.14150287691196
"6056",75,49.1182783423096,48.3852515062902,0.733026836019368
"76592",92,92,92,0
"105176",131,101.17505670827,103.794609170505,2.61955246223481
"91274",161,96.6670948198835,91.496207440885,5.17088737899851
"75272",160,160,160,0
"77946",233,141.54532540916,135.705270817587,5.84005459157245
"6055",68,30.1184901387773,30.7664187187223,0.64792857994499
"92565",44,20.7389512800059,20.9114995552364,0.172548275230482
"74854",167,49.3227661621552,48.5253614934406,1.0954966716137
"73362",223,164.738247257682,168.604969705403,3.86672244772057
"90429",198,190.514679829969,191.020275586071,0.505595756102297
"73422",122,39.4742943141332,34.6149188990331,4.85937541510009
"79463",162,162,162,0
"92121",167,94.2875467517348,93.9482403370371,0.339306414697765
"77952",227,75.6150339127997,155.70851445358,99.7048254363782
"78321",117,82.456765705601,83.8579876991625,1.40122199356147
"90510",86,80.5147051687678,81.1929183640933,0.678213195325456
"93858",47,28.6724697590215,29.1220719679982,0.449602208976705
"92882",115,78.9652534155018,78.5766618630146,0.388591552487252
"78325",192,92.3939771084359,95.8166711828527,3.42269407441682
"105336",160,114.942523059126,118.207842751696,32.8247072073088
"95139",105,79.399688709901,80.6904438217023,1.29075511180125
"90401",309,297.859331337596,298.339073032791,0.479741695194429
"104978",288,164.897255233681,169.142938976719,4.24568374303813
"90506",122,112.375379759735,102.532434649251,9.84294511048389
"90715",220,191.236873945522,195.5087684234,4.2718944778789
"92557",103,100.251314005064,100.31533186342,0.0640178583557371
"73771",255,203.741821916371,205.562936238795,1.82111432242342
"74129",175,128.725161766333,128.248088064576,0.477073701756532
"76483",379,314.555033015768,298.524427436718,29.4231220154325
"92106",299,276.852911602104,278.939411825636,9.2488235781822
"78674",250,249,249,0
"92542",35,16.2605604415049,16.5449359615118,0.284375520006968
"103330",204,151.144508785952,152.619312120675,1.47480333472296
"78160",200,200,200,0
"91359",180,105.538220876878,108.500305066005,2.96208418912797
"76584",80,52.8742615687929,51.7286195698686,1.14564199892428
"6054",61,28.7383375863671,29.020031030528,0.28169344416095
"92888",153,83.0511000865317,84.3758529030363,1.32475281650471
"90367",375,230.546787877343,250.259373445146,19.7125855678032
"76589",82,57.9133139796131,57.3556815985505,0.557632381062506
"78695",130,114.640448717755,113.669605379037,0.970843338718432
"91327",321,195.665112776732,197.094227173221,1.42911439648958
"95088",120,119,119,0
"90474",55,53.8295272403905,53.8599106969505,0.030383456560009
"74140",90,73.5802407695431,73.6023890962307,0.0221483266875981
"95075",186,137.016418545187,133.633626564173,3.38279198101336
"92541",99,77.4945786061632,76.5097067379703,6.16155743036325
"78158",48,30.0384682181158,31.3466369042633,1.30816868614746
"76588",75,65.7906316944495,65.6016514375164,4.21846241459042
"73742",398,76.3509282757747,68.7697554252833,7.58117285049135
"95103",73,61.2301330777901,61.145276244781,0.0848568330090958
"76594",32,23.3944844298493,22.7294597730946,2.89601397316832
"92113",278,175.874600510788,166.917729514179,8.95687099660861
"73440",169,57.1568203791377,58.9411801117093,1.78435973257157
"92122",63,47.9298948954547,47.9511281159392,0.0212332204845165
"8172",74,54.7969260264114,56.9290626452083,2.13213661879684
"78664",341,341,341,0
"78163",85,54.7266904430051,53.7293137279469,0.997376715058195
"95786",95,68.0924825350223,66.9517169805979,1.14076555442442
"74895",370,332.453798646955,328.212389503258,4.24140914369746
"90722",109,109,109,0
"78672",129,77.4622852057261,76.1038042474024,1.35848095832369
"95108",156,100.232128385145,97.637723849226,2.59440453591924
"95130",114,114,114,0
"6169",158,75.6530293310672,75.2708900444038,0.382139286663418
"105172",140,140,140,0
"6171",139,139,139,0
"105284",251,251,251,0
"78162",128,103.984761667022,102.665180284834,1.31958138218861
"77991",27,18.7266613599029,18.7778454266903,0.051184066787367
"90481",115,105.166712785784,115,9.83328721421569
"79060",371,244.364977838421,237.813560866472,6.55141697194995
"92866",205,154.580440483481,151.734987304838,2.84545317864285
"95724",276,185.743319720785,178.610969743754,7.1323499770314
"78006",623,551.605620676588,553.302363366827,1.69674269023794
"78671",197,110.251693308994,113.4722578362,3.22056452720614
"76675",85,71.2650245619069,70.7737477430425,6.61561573431009
"94995",281,207.43815760212,202.931352044396,4.50680555772445
"6170",103,52.7309255474826,53.707919073147,0.976993525664414
"75245",101,101,101,0
"74267",115,97.7637554348777,97.287059438988,0.47669599588968
"102993",246,246,246,0
"75246",203,203,203,0
"92861",163,120.110263951153,116.741985511272,3.3682784398809
"95122",100,71.420869105074,70.6147691828653,0.80609992220874
"73737",224,224,224,0
"75248",63,51.8840780070153,50.5769394967017,1.30713851031366
"77939",233,169.653540853974,172.97348572227,3.31994486829637
"92852",328,282.848777779743,288.193570336031,5.3447925562878
"7439",346,346,346,0
"94973",129,69.152623134635,70.6330099902958,1.48038685566083
"95077",110,110,110,0
"95145",146,83.994288074233,82.5282345871061,1.46605348712685
"75277",55,55,55,0
"74245",84,70.7613971660348,71.419995871982,0.658598705947202
"7673",213,172.645853517331,176.518172585825,3.87231906849388
"93875",293,139.550704234926,143.521449035111,3.9707448001849
"105165",142,142,142,0
"79066",196,142.656105772109,143.661911524692,1.00580575258248
"75244",134,64.4414335724061,66.9463608971257,2.50492732471958
"73441",208,132.323723190315,135.292324736233,2.96860154591835
"92115",235,90.4355574320049,169.133457668479,81.3870141216052
"94977",194,114.880602231716,113.073181733992,1.80742049772342
"76600",139,97.026582182748,98.6900389533126,1.66345677056462
"74256",100,59.6697221402567,60.3678912564541,0.698169116197493
"8244",100,100,100,0
"92120",71,71,71,0
"92641",514,479.454376954353,480.657123017496,1.20274606314292
"90414",303,303,303,0
"79459",339,240.508736145874,228.99646639534,11.512269750534
"78322",27,15.8952954405912,16.2732280247046,0.377932584113425
"95087",155,96.2955877581054,96.445462542436,0.149874784330607
"104977",410,409,409,0
"105181",87,76.2295177340329,74.6585570382259,1.57096069580705
"92949",426,426,426,0
"74847",389,361.593575792638,352.130685207915,14.8358935784804
"90476",140,140,140,0
"78324",71,30.6027527050581,31.8043614221103,1.20160871705214
"91319",137,82.2658416859128,81.9500808330506,0.315760852862137
"77959",872,649.632289506868,648.8391242696,0.793165237267574
"92643",278,229.533163978285,233.383985457451,3.85082147916553
"92123",86,86,86,0
"90432",463,463,463,0
"102674",206,138.247059842204,135.240735491011,3.00632435119324
"95072",80,61.1179494451938,61.4822688768696,0.364319431675783
"90466",115,105.745509644752,105.784439783853,1.17847825022113
"105324",96,64.4289235159682,66.3559291401115,1.92700562414337
"78711",193,173.927522179734,171.317199348475,2.61032283125953
"80211",24,15.4734056128688,15.3762699861987,0.0971356266701073
"103248",277,192.411498610631,195.703954196407,3.29245558577526
"90386",131,120.583210060416,121.209617553463,0.626407493047752
"6052",72,51.2860219121603,50.9258786019726,0.360143310187706
"93868",193,90.8560222812612,95.2890208189488,4.43299853768758
"92874",330,201.445085087141,207.861557550407,6.4164724632668
"90370",538,538,538,0
"6355",160,93.9141148862798,99.5955706726365,5.68145578635682
"102673",106,85.001533135372,85.8513263705685,0.849793235196448
"90408",215,42.0914733093295,36.8598619902,5.23161131912952
"92636",280,280,280,0
"103511",410,364.547255441743,357.620045135962,6.92721030578167
"76674",133,73.5937941199878,61.7824852273514,87.0876314670218
"90501",111,101.247797850329,101.664149321778,0.41635147144846
"105347",153,117.987990075398,114.777143690174,3.21084638522393
"74836",448,224.912495757677,215.930334477059,8.9821612806179
"95733",87,42.6260755345352,43.3559335374279,0.729858002892734
"77988",277,277,277,0
"105185",200,200,184.987826729508,15.0121732704919
"73402",230,26.3823393835537,25.1561026325601,1.22623675099368
"91277",220,181.477420958775,177.577998110071,3.89942284870351
"105346",132,92.9800482052635,88.4428443802247,4.53720382503879
"74839",356,330.196007177368,327.549034567604,2.64697260976434
"91264",203,178.20950024067,179.152010649167,0.942510408497033
"95002",362,281.513729459269,276.70427157459,4.80945788467935
"74873",428,347.175656382278,357.108177999054,9.93252161677585
"79063",283,90.4962284233687,85.8956262716139,4.60060215175473
"7440",404,403,403,0
"103505",57,41.1020552412928,42.888603447398,1.78654820610518
"92556",181,148.264665342809,148.770889811127,0.506224468317264
"93065",290,247.545600192121,254.526742310143,6.98114211802267
"103507",115,85.4794437569812,87.3049394825942,1.82549572561308
"92566",94,81.9625648288273,79.9089105360133,5.37159659464293
"73403",134,74.3309843545015,73.0239080421688,1.30707631233267
"92856",261,139.786760239272,135.965825559168,3.82093468010388
"8198",272,205.647495307696,205.010123250918,0.637372056777725
"6050",39,19.9445868086915,20.1790945215245,0.234507712833059
"104892",278,270.187741585699,270.187974013771,0.000232428071548552
"79057",560,485.40603319403,490.713349724269,5.30731653023888
"74156",135,87.024945280846,90.1575221155335,3.13257683468746
"90397",193,177.722126630719,178.271054773366,0.548928142646766
"95718",161,138.295605488423,141.783936829543,3.48833134112034
"78729",477,232.828103635239,228.306465687773,4.52163794746614
"95105",105,92.412245423721,90.9640914764634,1.44815394725761
"73769",94,48.0197851366755,46.6572301930376,1.36255494363789
"76596",21,11.6784499159398,11.7062874875246,0.0278375715847861
"74833",280,259.282667949468,260.075941754351,0.793273804883356
"78329",160,96.4412057304839,98.3848580471829,1.94365231669896
"73733",427,384.557861680789,248.290225076356,136.282614868473
"90381",98,98,98,0
"102736",215,143.459931333335,148.602569068436,5.14263773510086
"91297",293,268.207250946029,269.012936919125,0.805685973095852
"91317",122,122,122,0
"78708",356,304.298385701052,299.575445156263,4.72294054478889
"76598",102,74.5965616099318,71.7713936691396,2.82516794079213
"80210",123,12.5734212311802,112.110383590285,99.6536991752797
"94992",69,45.1932085348569,45.6774643512446,0.484255816387773
"74891",584,479.992746821113,473.700318353222,6.29242846789077
"80213",152,116.8181066765,118.108111484357,1.29000480785804
"92859",152,81.9745170493319,111.389390048804,29.9444498696615
"93066",295,260.695920099814,266.981863440433,6.28594334061853
"105329",173,157.43704704802,157.473877755138,0.0368307071185784
"75240",87,56.2264597488426,55.2926686740029,0.933791074839678
"103342",648,590.017099602086,597.287837408225,7.27073780613947
"91323",74,62.4658063411593,62.2622270600924,0.203579281066884
"92119",53,40.8345223934961,40.7045197891634,0.130002604332671
"94981",97,64.1308830928686,63.3178836444376,0.812999448431073
"102676",159,147.322625840949,148.658328263611,1.33570242266211
"95142",94,62.1832078737616,62.0123414179405,0.170866455821125
"76680",166,107.541842524379,106.230099341007,1.31174318337214
"93854",189,111.299198173402,117.019104894449,5.71990672104643
"76494",530,446.626680653686,451.98696477894,5.36028412525276
"90717",461,461,461,0
"74138",187,187,187,0
"105288",269,234.696025039999,240.856341522409,6.16031648240991
"104986",275,232.235246260402,225.509185930454,20.3576567323026
"90462",114,79.5453733184869,79.5864669703651,0.0410936518781578
"7468",128,117.845347954845,118.445533664755,0.600185709910146
"76484",429,429,429,0
"105340",200,186.711455177193,184.452860987642,2.2585941895505
"74167",71,34.0278187945506,34.2733430470366,0.245524252485959
"95093",107,47.7085041739898,46.7392491533336,0.969255020656273
"90357",85,73.1111257994042,69.4075497521209,4.09455877351088
"103262",194,194,194,0
"6357",112,89.2343398200301,87.7228761169268,1.51146370310334
"73420",145,52.0249428328559,53.9214979016521,1.89655506879619
"73743",320,292.104995089098,290.292657437382,1.81233765171597
"90494",149,126.187758266328,128.528840270665,2.34108200433632
"73551",503,391.177892108137,398.548286998111,7.37039488997395
"78156",101,87.233946519156,87.5158506977098,0.281904178553738
"78005",282,282,282,0
"90714",369,369,369,0
"104648",115,115,115,0
"79058",235,174.769404871094,169.610278621762,5.15912624933182
"76668",291,261.349520068435,258.47935637956,2.87016368887458
"105199",81,43.5447920308031,45.5126281035899,1.96783607278686
"105348",229,202.312806413103,205.406273488977,3.09346707587399
"92546",106,69.1112864149494,67.695485743002,1.41580067194736
"75267",149,133.389975482647,135.214842297147,1.82486681450037
"103506",30,22.4349260760005,23.1909155266442,0.755989450643693
"91281",280,50.1025424241186,44.9133137516676,5.18922867245098
"73416",55,55,53.8058685309413,1.19413146905865
"102677",301,230.616351596968,236.329528892328,5.71317729536078
"78703",243,88.3770373738803,84.3653186646669,4.01171870921337
"105198",95,88.4495701649634,87.8297166862184,0.619853478745029
"93060",346,134.935411143948,121.878978885528,13.0564322584206
"91271",141,139,139,0
"90487",131,131,126.255466945873,4.74453305412723
"95124",98,91.4079615045008,91.144042230698,0.263919273802804
"80214",82,38.3441197550864,35.2782355693603,3.06588418572612
"80215",302,302,302,0
"79460",398,355.074531580576,377.688022040689,31.991847219557
"74228",292,218.995108049219,220.334549841913,1.33944179269428
"77992",69,63.1921171601269,65.2589230825809,2.78033374891363
"104974",393,362.12264800101,393,30.8773519989898
"95722",168,144.760479991543,141.461773373736,3.29870661780653
"90719",238,238,238,0
"95106",120,69.0828965429303,68.2260277481451,0.856868794785193
"95071",124,73.4207761550902,71.8296429539675,1.59113320112266
"91302",285,276.214763314724,276.650571416542,0.435808101818555
"95084",64,16.9233864159384,22.6911097429226,5.76772332698419
"76689",73,49.184559214243,48.3212850997853,0.863274114457721
"76685",68,57.8366191392686,59.0490494497156,1.212430310447
"74276",111,62.8357808362681,63.8908801867812,1.05509935051315
"74261",71,69,69,0
"76595",65,33.7975067252061,34.4700244193247,0.672517694118508
"91260",208,184.13898957494,185.066313033221,0.92732345828091
"74830",323,323,310.086061329969,12.9139386700315
"95078",66,47.8996781230811,46.9661673396932,0.933510783387864
"76471",95,65.8956184143189,66.6201195102452,0.724501095926263
"104651",190,115.170497186932,121.419753632272,6.24925644533945
"8157",165,165,165,0
"91361",231,135.317183866772,97.9664282459509,45.3495340568327
"80208",190,115.032448417363,117.129926215966,2.09747779860228
"92543",49,40.5781264990595,38.0150659773971,3.74688507824175
"104874",95,42.7306597996221,47.156853245374,4.42619344575193
"93848",243,206.679883462582,212.15160666349,5.47172320090729
"76478",170,159.35369530077,170,10.6463046992304
"92846",664,96.3538360435655,573.981010030731,503.674359483619
"74852",215,67.1215411189765,65.7825528961195,1.39303064719156
"92551",457,457,457,0
"92118",36,19.3692684140914,26.6799497335679,7.37019821274378
"79448",370,345.513507865254,341.142465049244,4.37104281600954
"90372",453,188.988225838025,204.475239465399,15.4870136273738
"95112",106,56.608352384141,55.8622845450152,0.746067839125767
"79451",149,54.3615645700774,51.6029902816422,2.75857428843515
"75241",73,66.6670149198331,66.2141468011991,0.452868118633976
"92634",238,152.30206831553,157.783083238203,5.48101492267255
"78669",380,380,380,0
"76469",20,9.48378092880355,9.66197727930207,0.178196350498519
"77983",286,286,286,0
"78320",76,69.6135019264596,70.5536216031463,0.940119676686593
"74255",108,74.6398758968003,73.294753500931,1.34512239586934
"76593",64,64,64,0
"73419",93,69.906782824296,71.3053605456899,1.39857772139383
"92534",46,36.092178089194,35.8782727685908,0.213905320603178
"103508",262,101.497882142042,95.3242342949631,6.17364784707917
"92879",186,55.8739053259502,62.2553641155053,6.45672084795946
"92855",110,110,110,0
"78157",135,122.479559656477,135,12.5204403435232
"74951",130,85.2861368308885,79.8224495967078,5.4636872341807
"90508",174,174,174,0
"75243",37,33.3887129108751,33.1823520362407,0.20636087463446
"6423",144,127.930319423916,130.206153872687,2.27583444877105
"95133",204,118.392711265296,112.58995332924,5.80275793605603
"90475",114,112.108660671321,13.3915942432341,98.7170664280874
"78673",135,135,135,0
"91349",265,223.175869496429,219.177319060816,3.99855043561339
"105200",244,226.623659372264,222.563007292466,5.91028660275929
"94972",88,62.8562987488787,61.9977918550097,0.858506893869035
"104972",156,124.973446238333,120.100670861591,4.87277537674223
"90685",232,232,232,0
"93061",282,224.676279179789,230.058090901372,5.3818117215833
"8166",140,128.734429599639,140,11.2655704003609
"79456",130,130,130,0
"93856",73,48.9220936441458,47.0376547780406,1.88443886610526
"90502",73,15.8042266837325,32.3233092526534,16.6985892509865
"74141",24,19.4489237715986,19.3910011369851,0.0579226346135857
"73407",400,232.127524490896,240.747702260868,8.62017776997144
"95098",136,101.710245059199,101.276358508773,0.433886550425869
"95138",84,54.7151954666758,55.6202016893461,0.905006222670289
"103510",92,73.7085495452143,71.4199736547141,2.28857589050019
"95049",136,65.7914641459303,66.9916978020666,1.20023365613633
"94967",104,84.7031544730637,82.3781081064121,2.32504636665169
"75284",173,173,173,0
"92860",82,46.1528958798629,44.062570658086,2.09032522177692
"90478",139,139,139,0
"90403",158,158,158,0
"73730",482,454.427348373864,469.710279934703,22.4133106732464
"92867",146,77.291553219067,80.4423675039042,3.15081428483725
"95070",298,158.637473810483,186.063967018531,27.4264932080485
"103509",121,111.549981625125,109.985291271418,1.56469035370714
"94978",86,66.5645751494035,67.6640116649119,1.09943651550849
"74171",63,40.0974157345983,39.1119872686041,0.985428465994156
"74828",159,147.060267927167,147.907221496379,0.846953569212439
"80216",293,124.833725983548,126.984046750938,2.15032076739012
"80212",206,164.143541217034,182.893431085144,18.7498898681096
"95061",83,46.0357442650478,46.5538642178414,0.518119952793573
"90413",212,212,212,0
"92538",60,38.6758418455086,38.5077619686676,0.168079876840945
"90396",167,153.292819332454,153.912210079526,0.619390747071851
"95060",159,126.790758431444,128.76074655176,1.96998812031653
"90354",95,78.4261252135315,78.717458119012,0.291332905480546
"95711",117,74.6064301657254,73.2403867501604,1.36604341556497
"92117",76,52.1377543349619,52.1539190270208,0.0161646920589178
"105201",148,136.990888188277,134.893222579736,2.09766560854113
"103261",327,327,327,0
"94997",216,142.024197619667,144.430835547835,2.40663792816783
"94994",141,105.758000897267,104.513315306682,1.24468559058442
"79059",304,164.583395540206,157.844928153087,6.73846738711904
"92849",123,89.1821962205542,85.7399281609931,3.4422680595612
"78155",182,117.883649739128,123.663528399925,35.3042157824756
"91320",135,64.9391641887623,76.9094008504696,81.88317269436
"92528",48,30.4230238298546,30.0345449717814,0.388478858073194
"92114",144,85.5194824673044,85.424378047923,0.095104419381405
"92622",294,218.384283369433,220.040608872405,1.65632550297213
"103252",332,332,332,0
"102721",123,88.9592066378512,87.0530497323115,1.90615690553973
"103332",416,382.416616382673,380.679912497665,1.73670388500723
"90402",195,189.226421748636,189.767055574529,0.540633825893629
"73739",413,393.140453502484,393.577457093482,0.437003590998198
"90468",229,204.59077347849,205.125571386922,0.534797908432216
"78317",83,51.8040209894594,51.2052538111819,0.598767178277468
"94975",68,36.2954228227519,37.1241059209846,0.828683098232754
"75242",262,204.05317314547,201.025033427515,3.02813971795557
"92890",201,83.8841898037369,83.2570327238802,0.62715707985669
"104993",223,113.816000233499,112.346046544096,1.4699536894023
"90490",102,102,102,0
"103272",298,276.908075229134,278.229523998778,1.32144876964411
"78148",105,105,105,0
"92112",185,91.2137213415437,93.5254674936622,2.31174615211836
"6053",262,181.381624554057,176.135700861725,5.24592369233184
"76682",84,67.578253035955,66.9560182843908,0.622234751564247
"74845",165,64.6134006465412,58.5127025388533,6.10069810768796
"76477",78,68.0603501666993,70.2829143181261,2.22256415142673
"80207",88,39.7103695826031,49.2133010992683,67.6782409744481
"91262",115,105.435413226602,115,9.5645867733977
"78153",39,12.6253138543473,13.489262332551,0.863948478203679
"77997",554,554,554,0
"73417",37,33.2156833196256,32.9600405328051,0.255642786820584
"78154",172,171,171,0
"103512",232,205.312782688528,203.098575258034,2.21420743049414
"93870",170,85.2686889448382,88.3848091833912,3.11612023855305
"104652",65,31.1465877315495,30.2940482883324,0.852539443217049
"90366",262,241.776764808418,243.097528436318,1.32076362789963
"92964",271,247.683488476588,248.390171310444,0.706682833856489
"8221",122,116.60647300113,117.040326995187,0.433853994057231
"78681",196,196,196,0
"74128",41,35.9462372643585,35.9250465817732,0.0211906825852791
"105341",162,144.167503150867,142.663566483543,1.5039366673242
"75269",137,137,137,0
"92875",102,102,102,0
"90387",127,127,127,0
"79065",213,213,213,0
"76690",73,9.9796713541253,9.16797387081195,0.811697483313351
"90409",101,27.4941344805701,25.2312107179614,2.2629237626087
"90362",392,392,392,0
"74284",27,23.6087518004243,23.5742555335771,0.0344962668472351
"78704",99,89.7443906517249,87.9818957147207,1.76249493700425
"94984",112,83.8992605474429,82.3415157562519,1.55774479119096
"94982",32,13.8793086396605,14.6960316087741,0.816722969113594
"79053",582,582,582,0
"90493",168,20.8144683369472,24.0851088255478,3.27064048860063
"78152",47,15.1979363350476,14.0377777327245,1.16015860232304
"76679",187,101.319635988126,100.270784021248,1.04885196687795
"76470",50,40.6588702809834,40.7594093138602,0.100539032876824
"74829",199,192.16373937246,190.740832760976,1.42290661148406
"102739",193,184.0650682979,193,8.93493170210024
"102678",89,89,89,0
"76673",140,17.7849280636625,18.0950564557911,0.310128392128568
"92540",51,31.3589672204305,30.8650185951308,0.493948625299723
"103513",176,141.054401289889,142.048881122318,0.994479832429753
"7459",149,149,149,0
"91355",220,206.15427817729,208.107637071174,6.9670227736909
"76599",61,42.7669944360686,42.1557851440476,0.611209292020964
"6049",214,177.928592794344,175.889066473346,2.03952632099843
"104650",36,15.9429689416615,17.3995711336699,1.4566021920084
"95091",99,43.9083215306283,43.0183106041751,0.921825250223047
"7476",158,158,158,0
"76694",60,50.8837007857991,49.6559477152878,1.22775307051129
"105204",255,255,255,0
"94991",119,84.951002111053,87.215821274071,2.26481916301803
"90382",196,196,196,0
"91307",266,253.287404626907,254.07795826513,0.790553638222792
"95004",114,84.6332486057139,83.526865959184,1.10638264652995
"91249",266,265,265,0
"93862",196,153.925244718312,156.765732112717,2.84048739440505
"78696",254,177.301850287737,172.367689000607,4.93416128713008
"78149",71,71,71,0
"6051",217,118.456784806026,120.952267358571,2.4954825525451
"74841",127,120.45294839632,119.525964231531,2.87098264546694
"93891",82,36.2236411989722,38.1111583328697,1.88751713389746
"93880",126,73.943977825799,75.5016814198016,1.55770359400266
"76472",24,13.5996751950335,13.4741550851878,0.125520109845676
"92116",152,91.8452252107055,88.4377672296471,3.40745798105846
"90376",211,211,211,0
"102683",112,109.909197799025,97.2704120291917,14.1210651322876
"105000",257,139.793303192451,132.946110937274,6.84719225517689
"95121",81,61.4234910389848,60.2292656695326,1.19422536945226
"105203",108,108,108,0
"102723",87,87,87,0
"90420",391,391,391,0
"78691",309,241.062273068477,244.013057939184,2.95078487070694
"91324",98,56.373609607429,56.376426828172,0.0028172207430249
"91296",194,150.923243161447,160.326442470394,9.40319930894635
"103259",480,480,480,0
"95717",89,54.5773790989674,56.5205051620557,1.94312606308831
"92635",193,185.153417166671,187.721234594925,3.40703917409736
"94989",144,114.185196169663,112.751570981185,1.43362518847724
"90680",407,407,407,0
"90369",43,35.4822199499768,35.536631918033,0.0544119680562322
"92526",113,73.9715929382133,72.4953914850107,1.47620145320256
"92545",126,100.885092685572,92.1048516951195,8.78024099045231
"91340",170,145.983013561619,143.586295223536,2.39671833808246
"6363",239,106.897675334396,110.643563879122,3.7458885447256
"74144",182,107.270893909463,109.159729079609,1.88883517014542
"74135",93,81.8053194721357,81.5468681128797,0.258451359256064
"78151",209,209,209,0
"91293",75,75,75,0
"95141",38,19.1683025828204,19.7659652879375,0.597662705117105
"76475",61,61,61,0
"103250",206,144.582098960017,138.88667153937,5.69542742064704
"79062",450,111.772812378193,337.982360437036,302.540377349781
"74273",77,76,76,0
"79054",471,366.891605479178,370.764242814608,3.87263733543007
"95079",72,52.3538992289032,52.2694423009632,0.0844569279400099
"73768",344,298.128440001133,299.451797345781,1.32335734464844
"104999",72,42.0166206371803,40.5145161664595,1.50210447072084
"91300",143,135.429011164567,136.030435763296,0.601424598728958
"74954",294,191.613372462079,169.538345790199,34.0698424605756
"7595",149,149,149,0
"95100",142,142,142,0
"78728",338,288.393699851131,293.965567837889,5.57186798675802
"7438",265,61.647425786815,252.938809588368,197.385114617246
"74849",174,142.828742446786,154.99058351968,16.3565971498106
"92851",282,282,282,0
"80206",305,270.904212582298,266.647936608913,4.25627597338505
"77979",653,653,653,0
"95136",50,24.8396751025779,24.2331998608636,0.606475241714365
"78678",398,303.097622964556,305.273147244491,2.17552427993553
"75237",146,132.498053419275,131.054600130429,1.44345328884568
"75239",96,96,89.819420853115,6.18057914688497
"77995",189,176.914102454226,189,12.0858975457738
"73414",266,235.812045906097,233.107985377104,2.70406052899262
"91270",112,94.8109755518952,95.6722147026476,3.15566675142666
"91333",216,131.078504157881,131.013629228223,0.064874929658601
"105339",118,81.0578499105232,34.9179637565689,87.4669188730145
"79434",364,282.016697808247,275.544624452828,6.47207335541916
"95062",47,27.07490450746,27.6167645341254,0.541860026665374
"90500",103,103,103,0
"92617",319,74.6566412066743,188.60001940488,192.260500986907
"94986",98,94.6166962825005,91.5082180269636,5.89333486969122
"93884",62,40.0953829240412,38.3643875513526,1.7309953726886
"104647",186,98.2763208238872,94.1729840162655,4.10333680762172
"78318",185,149.003113104118,150.329909823256,1.32679671913838
"93877",160,121.642741516463,122.284001740719,0.641260224256936
"74892",281,257.473628275345,256.609671903512,0.863956371832906
"90507",285,285,285,0
"90483",242,242,242,0
"95713",110,96.6402366210842,95.8150659909012,0.825170630183048
"80209",201,148.253381330925,147.127191334615,1.12618999630982
"105202",665,602.955332389125,665,62.0446676108755
"95000",243,194.962844339064,190.286687719839,4.67615661922572
"94970",92,77.7613050055104,76.8066898119361,0.954615193574234
"78680",332,332,332,0
"74234",307,255.045225156904,258.216824573043,3.17159941613894
"76479",30,16.7134270944247,17.0861029973495,0.372675902924764
"104909",142,142,142,0
"76601",87,77.9207904264828,76.5543836764122,1.36640675007062
"91258",124,111.102871686993,111.647957870982,0.545086183989099
"79454",312,312,312,0
"103340",291,212.647998809779,208.393127631756,4.25487117802233
"90737",189,189,189,0
"104985",474,474,474,0
"91330",116,80.8907575377653,82.4520220391244,1.56126450135921
"76688",206,187.845407448542,188.530714866769,0.685307418226582
"91284",90,86.8519635137186,86.7647608381478,0.0872026755708062
"6168",67,59.1004835469266,59.4317282433978,0.331244696471248
"90716",348,331.009847104464,331.81648395669,0.806636852226463
"102685",155,121.47309767224,124.421787348007,2.94868967576733
"90689",121,121,121,0
"79443",336,336,336,0
"6167",123,88.3818425805778,89.1826952963737,0.800852715795801
"105207",304,41.1587042977645,303,261.841295702235
"92865",240,150.230163777734,145.160076329853,5.07008744788084
"105333",209,191.384141259383,189.071735993975,2.31240526540811
"78726",563,457.160763372678,462.328327882462,5.16756450978379
"92527",80,52.9976547178187,52.9827282317442,0.0149264860744388
"91364",172,172,172,0
"93853",261,231.284021326426,261,29.7159786735743
"95055",91,68.3750191054208,67.6190851569269,0.755933948493907
"102684",112,93.3802685785312,91.2775516586553,2.10271691987593
"95051",117,88.7600051773569,87.92253318682,0.837471990536856
"78145",70,59.4865448645001,58.6285348798288,0.858009984671335
"76699",37,29.779495350857,29.3183145812789,0.461180769578144
"92525",110,71.1844194987202,68.9396851815016,2.24473431721858
"73722",436,425.447189219166,313.409014213704,113.286342151561
"74856",343,249.402435450382,242.614215377197,74.2329934056481
"78150",143,143,143,0
"78147",55,46.9027641367257,47.7413205055965,0.838556368870777
"105349",103,64.2882671039451,65.5544059144113,1.26613881046613
"73423",234,234,234,0
"95053",54,45.4350415739634,45.2543636694084,0.180677904555023
"90351",287,265.982688637498,267.219787730836,1.23709909333789
"74881",323,271.525053141236,270.665102141352,0.859950999884555
"95010",131,109.758455873865,112.465347765565,2.70689189169945
"75238",89,65.2833194720084,64.1477218489972,1.13559762301111
"104653",205,187.171994548339,190.590410093224,3.41841554488465
"79055",169,169,169,0
"78702",470,377.682220673521,381.668317605572,3.98609693205032
"74265",498,498,498,0
"103331",130,105.996690065745,106.416299975723,0.419609909977601
"90498",43,43,43,0
"90416",103,103,103,0
"104655",76,61.6736398841539,59.9066698418784,1.76697004227548
"95099",120,64.3703823567407,64.1186353894594,0.251746967281304
"74831",150,150,142.008122291334,7.99187770866599
"90371",270,240.220778347667,241.589483392978,1.36870504531132
"95008",38,28.4404488834706,28.1917200420929,0.248728841377722
"78675",283,283,283,0
"79056",226,226,202.660475207391,23.3395247926087
"73732",261,252.913237882506,252.286270421649,0.626967460857301
"92537",42,42,42,0
"78003",51,26.8043780539355,48.7572053628416,23.4062216232029
"92878",102,82.4771999675794,81.8509714124659,0.626228555113484
"105205",184,163.514398536965,165.574852173968,2.06045363700281
"73728",263,243.346329152234,244.284127392393,0.937798240158698
"95066",95,71.6570292611141,78.2638449413398,16.7511872961487
"94966",124,87.2964259228428,89.4858493859953,2.18942346315244
"78001",350,350,350,0
"76497",187,187,187,0
"91280",189,189,189,0
"95115",122,31.5913837440591,33.6773682797137,2.20064440543835
"74287",78,66.3534782104688,67.1474858912082,0.794007680739396
"6166",247,247,247,0
"92868",92,70.7737710888417,69.6405172400528,1.13325384878898
"94974",161,110.692902270172,109.438269492015,1.25463277815643
"77989",244,244,244,0
"93847",152,92.9333707232181,96.2131544537183,3.27978373050011
"91295",309,309,309,0
"76684",112,84.2567758740796,82.2636516483457,1.99312422573392
"74266",135,80.9473213814749,82.4310280225851,1.48370664111022
"105208",106,29.8791048752305,28.6018113795854,1.27729349564513
"74844",222,222,222,0
"92857",307,228.837520976198,234.00662614399,5.16910516779144
"91263",151,151,151,0
"80200",132,51.3845233959674,55.9602660144571,4.57574261848964
"76678",194,114.267321715761,111.084598222913,3.18272349284846
"92965",298,195.292591567681,200.785404480791,5.49281291311016
"104997",221,221,221,0
"90359",210,161.311405889835,150.717808987192,10.5935969026438
"80219",204,147.394257800092,148.096911925114,0.70265412502172
"92869",101,79.0921311330887,77.3784454593555,1.7136856737332
"76692",82,10.8479021175369,9.26869773805772,1.5792043794792
"80205",283,275.008602756456,273.829633033148,1.17896972330787
"90418",160,113.27287585228,105.630202884087,7.64267296819254
"90467",168,164.614973213337,57.0582631744123,107.556710038925
"90394",168,162.996616773146,163.528876722374,0.532259949227701
"74834",338,338,338,0
"95094",38,18.3155376848159,18.7611977348408,0.445660050024922
"73421",257,200.536732688581,206.073302068543,5.53656937996202
"78000",79,79,79,0
"74827",260,254.857338195951,254.201046799405,0.656291396545941
"105206",149,96.9178426135221,100.233772005738,3.31592939221584
"92884",176,150.237463330157,147.49647278963,9.11819731960117
"92533",144,48.480054644418,47.981368126475,0.592089118179097
"76474",71,32.7935801798314,33.3182289862933,0.524648806461925
"95059",111,88.3921643606308,87.7482895247276,0.643874835903227
"92848",105,79.15863922788,78.5486865755986,0.609952652281348
"76687",79,40.3333591751461,41.6806367409592,1.34727756581309
"103518",155,154,154,0
"79435",433,392.777226665574,432,39.2227733344262
"80201",173,107.39309082388,111.002905590115,3.60981476623434
"91346",129,129,129,0
"90410",136,136,129.248775925495,6.75122407450506
"95117",116,84.1713729400052,87.0996162306143,19.5085730515766
"7461",377,368.328331427754,209.018302268921,160.629291573225
"92524",79,43.5551519380085,43.6292336741428,0.074081736134276
"103206",386,118.348982705221,111.588134349302,6.76630421469667
"102680",207,206,206,0
"90350",130,82.7641640952672,87.5389658506495,4.7748017553823
"92957",343,269.851377353539,171.890740250407,97.9606371031323
"94976",115,70.4041939790774,69.3373407320798,1.06685324699766
"79094",297,228.674259614694,224.335560137774,4.33869947692015
"78146",149,92.9467510558968,91.1922918327436,1.75445922315321
"95069",98,81.6544328478256,81.0533649329155,0.601067914910143
"78330",137,88.8115284686657,89.9871217553512,1.17559328668543
"76509",303,256.408870521659,261.257746898972,4.84887637731257
"92544",201,114.43260833446,113.452091617705,0.980516716755004
"91294",96,34.6285843778484,91.1096694137105,59.0399669432153
"73415",160,160,160,0
"94983",37,21.49474818884,20.7274253150575,0.767322873782442
"79458",579,579,579,0
"103517",81,81,81,0
"8179",356,253.784116252634,250.913090002937,2.87102624969668
"90698",366,349.928534891451,350.790625810949,0.862090919498263
"75278",179,77.771099233776,76.4672384917108,1.3038607420652
"74258",291,291,291,0
"90472",181,171.022940338709,171.380606503328,0.357666164618988
"95129",109,94.6328203264027,93.5476266714819,1.08519365492084
"102720",68,33.6962901051138,30.6524005103569,3.04388959475688
"76482",52,29.290084771889,29.6873765450013,0.39729177311237
"76677",132,69.008948051182,68.4745670846139,72.4686013193293
"74143",79,26.1560607364162,34.1904599916972,9.08148182524154
"73746",35,20.5967389628188,20.4380571990573,0.158681763761415
"76691",207,179.921596525428,179.758718532798,0.162877992629393
"78690",214,173.958461624816,176.482949624023,2.52448799920662
"102686",99,92.5784407687623,91.8352674749087,0.743173293853624
"103329",169,151.660533244678,152.236122091534,0.575588846856626
"91255",147,136.827111307656,136.490112895613,0.336998412042871
"74154",74,52.000269354535,51.5593000389024,0.440969315632597
"95009",93,60.8963698741332,62.8407520795626,1.9443822054294
"95054",82,62.3129443429089,57.642641618324,6.75081216048149
"6165",339,339,339,0
"91331",342,284.143496888897,285.694223242622,1.55072635372478
"75265",216,157.35313165465,151.7983752339,5.55475642075005
"76480",97,69.7497527401156,70.1318045278543,0.382051787738745
"74942",501,390.865668934652,409.682131762108,18.8164628274568
"80202",225,109.785162930352,105.531740547976,4.25342238237617
"95080",96,83.8639005572892,82.9856030139338,0.878297543355334
"105007",178,125.124180848922,127.684227939647,2.56004709072523
"78002",76,27.7126332915163,18.2315284148457,9.48110487667061
"103514",122,34.1997199688145,31.7257813558158,2.47393861299871
"92535",72,54.6299629449902,69.4043139165185,17.2384231160315
"90674",223,202.02470933211,202.717993472626,0.693284140516076
"91306",170,162.833000286231,163.23389548222,0.400895195988535
"105209",158,139.215251315999,136.149233134537,3.06601818146133
"92871",115,74.3713305172454,73.0719320484134,1.29939846883197
"78143",112,64.1012962476273,61.5127730724053,2.58852317522208
"104654",135,84.342156967249,81.5598125679873,2.78234439926169
"6340",100,70.6317239690156,69.6714661679664,0.960257801049214
"91351",227,227,227,0
"90361",238,44.1254413684292,41.0421218082138,3.08331956021544
"91325",27,22.3930747757541,22.679800943116,0.286726167361948
"80203",166,35.996975127148,33.070857221231,2.92611790591699
"93863",268,102.220466754401,95.7033998899854,6.51706686441551
"90492",119,113.872005777618,113.638820942753,0.233184834865667
"105337",82,58.3912409812498,57.4903183099271,0.90092267132278
"75236",154,154,154,0
"73916",220,121.840616270342,156.601443504184,58.3696039068896
"74158",141,100.824447829561,98.8276194956141,1.99682833394664
"78142",85,74.2361097027574,73.5745511538927,0.661558548864716
"95063",130,114.367430625032,114.952612326766,0.585181701734091
"90464",195,187.796736528237,187.880673379212,0.0839368509748077
"95041",124,69.5528233788368,68.0366840592685,1.51613931956833
"78715",93,71.7204248516518,72.7964134177988,1.0759885661471
"78140",66,55.1558602912942,55.7359865576096,0.580126266315398
"103254",440,397.749537370018,400.477257527236,2.72772015721814
"105001",80,74.3973208800494,80,5.6026791199506
"103515",112,101.700993580866,103.155449044605,1.45445546373903
"74950",212,154.868022691507,156.852637204082,1.98461451257465
"103247",503,444.022564707119,446.54658259557,2.52401788845071
"8192",126,116.361266693451,126,9.63873330654923
"90705",415,415,415,0
"95052",150,132.654273282886,131.555607180807,1.09866610207848
"79051",531,482.181051798181,531,48.8189482018186
"93064",307,307,307,0
"7542",194,171.940935928025,172.736689694119,0.795753766093692
"90690",134,120.830350411376,63.6477815644019,64.2778143204725
"76488",160,125.568818441326,128.936446705923,3.36762826459788
"91267",197,168.273104723573,165.558648043536,2.71445668003748
"90415",121,108.522915228539,109.13833066401,0.615415435470934
"73735",465,145.578249476581,152.866660011438,7.28841053485735
"92613",210,143.752418675484,146.221903199062,2.4694845235781
"92618",187,130.543917154658,126.745207152266,3.7987100023924
"95076",71,69.0848396517353,68.9656460997077,0.119193552027497
"73707",382,291.365562121038,292.120391226826,0.754829105788804
"90368",242,66.946703937024,63.0825383569734,3.86416558005071
"105353",147,119.702449884126,121.333465866709,1.63101598258259
"94968",94,80.2984192767477,79.8547472601775,0.44367201657014
"93886",81,81,81,0
"91314",167,159.031486375833,159.47577739905,0.444291023216954
"94988",252,197.963341207447,199.56085539966,1.59751419221357
"74134",125,87.5583332892384,87.5175121047387,0.0408211844997327
"73734",138,98.2059270813066,95.5659471515918,2.63997992971478
"102689",105,90.1005176024893,88.5885348110194,1.51198279146989
"7486",461,447.177309695457,461,13.8226903045429
"79425",202,123.120759546,120.211398899325,2.90936064667456
"103334",103,92.4099129034897,93.2573217733003,0.84740886981063
"90353",323,322,322,0
"95047",74,42.2475731300983,41.3860260198911,0.861547110207198
"7537",210,108.120992435714,105.099769547407,3.02122288830688
"90365",68,65.1196555405533,65.4810559605935,0.421562713540256
"95056",54,46.2997875368927,45.5978586130868,0.701928923805899
"104657",152,70.7038255492255,66.1499912224285,4.55383432679697
"6359",209,163.810662286308,165.830215625371,2.01955333906292
"90497",176,165.392532881538,166.036581817442,0.644048935903997
"90489",228,222.051514856633,222.161630223141,0.110115366507809
"104887",158,112.578397722461,114.384055396146,1.80565767368488
"91326",69,42.5177968285847,42.5729246452948,0.0551278167100689
"93067",242,242,242,0
"77984",693,693,693,0
"95050",89,50.0855747039577,51.3275512795166,1.24197657555889
"90400",521,521,521,0
"76704",40,22.9078398325329,23.8196665656471,0.911826733114243
"92621",199,132.996502934659,127.314961742811,5.68154119184863
"103516",115,115,115,0
"74840",270,254.813004965646,252.732430336881,2.08057462876497
"78925",144,143,143,0
"104656",115,115,115,0
"76707",112,67.0786643696893,66.1274543070992,0.968934561889723
"78727",376,376,376,0
"104894",171,171,171,0
"90380",257,257,251.015626702972,5.98437329702811
"91287",153,116.551976509102,116.383373898693,0.168602610408502
"74825",230,212.476123048852,211.033555606648,1.44256744220409
"93851",234,234,234,0
"79047",86,78.9079686777027,78.2477012271019,0.660267450600799
"73726",182,182,182,0
"90505",275,212.979077920417,208.758326155848,4.22075176456925
"91342",142,136.398742617265,136.23885408201,0.159888535255678
"91318",180,60.9041451924313,96.1390808405705,35.9240931436795
"95005",114,114,114,0
"78138",99,99,99,0
"92532",97,72.0133138112774,71.1529841490339,0.860329662243472
"6048",208,169.62334871899,166.897637900971,2.72571081801854
"95068",65,42.8323665560578,43.0992131810764,0.266846625018627
"78315",121,102.133467846579,103.421552842402,1.28808499582288
"95120",182,89.5983350365706,82.5149956688291,19.2904021096297
"77999",462,462,462,0
"95089",58,56.7699936658752,56.799445400815,0.0294517349398353
"93069",328,328,328,0
"75288",127,64.8033004395792,63.4761220460775,1.32717839350174
"78687",159,96.7827263388481,93.9332003984382,2.84952594041
"94985",104,74.1252037053318,72.8678641135971,1.25733959173476
"93866",186,164.810658722833,165.726040874517,0.915382151683459
"90482",138,138,138,0
"7603",69,41.2817876304942,39.6428277558948,1.63895987459944
"78144",98,75.2176688359188,73.6320277369297,1.58564109898907
"73711",326,326,326,0
"78141",96,68.4376873575905,67.0573751795375,1.38031217805303
"78725",223,223,223,0
"95097",52,42.3702563170863,41.6703056611567,0.699950655929594
"92612",126,66.0772532922043,64.7568672341879,1.32038605801637
"90423",236,236,236,0
"105351",108,108,108,0
"7602",105,70.9883178830431,69.6533851783206,1.33493270472255
"74888",310,289.685100671583,289.507368921964,0.177731749619019
"76490",132,87.5953344166015,86.2805934497108,1.31474096689072
"73721",111,111,111,0
"92619",169,147.267129207173,169,21.7328707928267
"93883",48,32.0862978404218,15.8457296304797,35.0501810914422
"90678",57,51.8151909104942,52.3433132527558,0.528122342261644
"74289",129,88.4055470761533,89.6657157962969,1.26016872014352
"91310",58,58,58,0
"93859",152,91.7388596659904,93.3359346173594,1.59707495136906
"105210",130,95.6709700296927,97.8254874264421,2.15451739674947
"90681",166,166,166,0
"103353",196,83.0478249895774,115.352641162658,87.784820849807
"79441",552,552,552,0
"95090",86,78.3001274539025,78.1216125210727,0.178514932829848
"74848",291,290,290,0
"91238",221,212.160912503511,212.633765789431,0.47285328592061
"95107",86,48.3126296503112,50.0704379118652,1.75780826155403
"92631",243,243,243,0
"104907",62,31.3338548136976,32.4454157370338,1.1115609233362
"73729",70,49.4803322410473,50.2039719779601,0.723639736912722
"102682",224,224,224,0
"95012",183,161.549832486934,165.028092330786,3.47825984385207
"105212",155,96.9683743563154,98.154382311384,1.18600795506862
"74955",203,182.641538311512,182.445240907066,0.196297404446151
"90360",42,22.8689302649553,25.7318392852004,3.14668380437968
"76486",56,28.0724332103017,29.2297332367601,1.15730002645838
"79085",455,374.705969316795,365.001619340553,9.70434997624174
"80204",339,339,339,0
"76683",270,198.053932620304,201.054173029568,3.00024040926397
"79052",513,178.892200783599,173.212247584272,5.67995319932674
"90384",374,248.611218602028,241.162578822138,7.44863977988972
"92873",85,74.3561537065567,73.9512484571265,0.404905249430225
"92877",115,78.3100032798577,77.2184124255744,1.09159085428328
"74260",244,130.679850658468,134.551646896944,3.87179623847651
"76696",118,58.7657545698592,59.9994722577129,1.23371768785367
"103346",221,199.76475923161,197.609720477596,2.15503875401396
"103338",172,172,172,0
"93855",117,117,117,0
"74880",283,219.247799033547,216.03866950932,3.20912952422655
"92529",78,55.1639445677162,48.4080146446792,8.62315026303578
"104649",101,77.7942024159888,75.5098474728751,2.28435494311371
"78683",79,71.8840160368698,71.1210260187111,0.762990018158664
"74843",321,321,321,0
"92536",73,51.0069366510351,49.8375619027906,1.16937474824443
"7437",358,357,357,0
"78139",68,44.6506891788171,46.2693665748837,1.61867739606655
"79428",173,173,173,0
"78705",424,370.273236440926,365.689095279569,4.5841411613575
"76681",167,167,167,0
"91348",123,109.709488802452,110.067036511824,0.357547709371768
"91251",113,110.188795972045,110.297754734116,0.108958762070322
"91244",135,120.167309920293,120.958356671479,0.791046751186872
"78700",205,179.976485405273,182.564199479781,2.58771407450863
"95014",78,64.1902779064775,63.5213852058404,0.668892700637147
"93850",160,138.103804991075,140.966785768659,2.86298077758436
"102688",243,40.8493861079769,40.4139516453084,0.435434462668459
"7614",76,31.5923043406564,31.8088306321214,0.216526291465006
"76481",80,50.0354630006312,50.3823161856857,0.346853185054494
"7539",306,153.334759054098,146.167266442761,7.16749261133691
"91261",150,150,150,0
"90412",105,98.4135529547877,98.864576898942,0.451023944154273
"103200",336,215.249512140415,220.521323037972,5.27181089755703
"90419",170,130.456409284687,133.579491374804,3.12308209011728
"105211",214,205.302535895245,205.064049750359,0.238486144885926
"103519",104,101.858250128793,101.785455250689,0.0727948781048062
"95013",72,62.1567625503187,63.0901014179323,0.933338867613551
"7545",187,107.467582610837,104.715686337445,2.75189627339178
"102690",137,119.081712337284,117.523427461697,1.55828487558639
"74150",105,105,101.607712533867,3.39228746613323
"90486",41,39.311548196253,39.2673720520827,0.0441761441703479
"90349",614,82.710359699376,613,530.289640300624
"90391",393,393,393,0
"105213",209,186.976525488583,189.17687473934,2.20034925075736
"80197",202,202,183.66566071521,18.3343392847903
"75287",169,147.958409442474,143.769352611601,4.18905683087302
"95043",136,25.7607571352033,24.6022508134142,1.23341065081461
"78692",119,61.7158634773488,58.9791737416463,2.73668973570242
"79061",205,111.690104016808,115.763529724891,4.07342570808287
"95057",42,29.7996882730573,30.1093914884068,0.309703215349494
"93874",199,153.275675011252,174.139209075623,47.3044663290945
"90477",108,95.3572985816776,96.1218362750916,0.764537693414065
"102864",181,181,181,0
"7525",87,67.0976087727365,67.7955997937063,0.697991020969826
"92943",355,355,355,0
"73767",212,147.435393360696,148.227907828303,0.792514467606922
"78137",151,108.701880390455,110.123764331744,1.42188394128978
"90363",131,68.685241690629,69.7002902922097,1.01504860158077
"75232",93,71.6187422776464,72.3673122162984,0.748569938651933
"92531",93,35.5627314353255,37.2874851298371,1.72475369451164
"74851",95,62.3586755991888,68.6878045502524,8.98775763035707
"90355",260,260,260,0
"92620",121,74.3399644439405,73.8869641252067,0.512367230929996
"91292",168,168,168,0
"95032",162,65.0546987410509,67.5535562281531,2.49885748710219
"102726",111,66.3345775390641,62.372230328797,3.96234721026711
"73766",158,136.890368398897,139.006812544282,2.11644414538476
"78926",162,162,162,0
"7522",114,57.3697971154366,58.6830803262009,1.3132832107643
"78684",186,133.393945817009,130.840905016824,2.5530408001855
"7621",83,44.9758826562208,43.686907963317,1.2889746929038
"78316",201,163.222966149144,161.013496100229,2.20947004891521
"91265",133,121.746980204889,120.488831615947,1.25814858894228
"102725",212,171.541795392741,168.366658034871,3.17513735786976
"80196",265,265,265,0
"78136",29,27.2008889244328,26.9588103261811,0.242078598251648
"78723",402,402,402,0
"91311",32,30.5007354697497,30.4889072540634,0.0679419134198099
"104995",386,345.495458895764,352.807225369501,7.31176647373717
"7543",60,37.7478635832637,38.3698560531283,0.621992469864642
"102866",124,105.030669005429,106.567675242773,1.53700623734391
"92962",414,59.3430936463037,56.0878868139523,3.25520683235138
"76487",130,65.627526530973,65.9973180269318,63.2293691231184
"104982",285,259.556244196707,262.030995695341,2.47475149863419
"7506",90,69.7390289126876,69.8852920493056,0.146263136618051
"103343",212,212,212,0
"95046",85,62.651785955694,61.7907439666889,0.861041989005141
"91275",247,146.05911360326,142.380117008105,3.67899659515476
"76714",96,58.7696967895758,57.6634159518628,1.10628083771299
"7513",65,56.6150987462775,56.0269569193574,0.588141826920099
"102716",199,34.0805025176662,31.9412682879605,2.13923422970569
"80195",160,83.9020360134075,85.9335381817809,2.03150216837339
"76698",77,28.8992277146277,42.5374611297904,13.795681277659
"73765",234,205.241865416766,203.689694866543,1.55217055022285
"78314",201,201,201,0
"91329",173,135.172316488869,129.871094920675,5.30122156819433
"7598",240,222.959246236823,240,17.0407537631765
"7520",98,76.5871450741782,75.7584033513282,0.828741722849991
"76697",122,98.4930625279453,98.8551142174783,0.362051689532911
"7606",66,39.148015930394,31.1566344843675,8.52116203464228
"102681",277,277,277,0
"104915",51,37.7223026002343,36.3549647475838,1.36733785265052
"95058",147,127.354347383081,128.430440208707,1.07609282562577
"78921",338,336,336,0
"105216",87,38.8385575474303,36.9586143386298,1.87994320880051
"73412",83,65.4014979355938,63.1602443508235,2.24125358477032
"91343",62,60.4195455598137,60.4923268472985,0.0727812874847869
"73749",186,185,185,0
"7681",420,419,419,0
"95065",121,106.571027075689,107.422022584846,0.850995509157189
"104988",218,218,218,0
"90406",84,24.9342881039408,21.7197541068021,3.21453399713868
"95074",124,104.292418784981,105.08941524757,0.796996462589341
"73713",311,183.25767664618,183.015892315953,0.241784330227453
"6047",114,114,114,0
"74169",106,83.9321481395725,82.6759279906403,1.25622014893229
"73409",109,109,109,0
"105002",120,74.2110384489546,75.706768075543,1.49572962658844
"91360",141,129.873378750363,130.528276746366,0.654897996003303
"91308",71,71,71,0
"95109",133,69.8370191537646,68.6070562733336,1.22996288043097
"95096",42,25.0036380986922,25.4496737013549,0.446035602662699
"105352",108,72.2861414736351,69.8012148943614,2.48492657927373
"102073",137,137,137,0
"91291",177,125.960432908688,130.714387912522,4.75395500383403
"95064",90,56.7540221689833,55.9326877883081,0.821334380675194
"8196",120,120,120,0
"7466",247,231.642515414609,231.163030735239,0.479484679370056
"78013",545,509.833621289673,544,34.1663787103272
"105350",93,93,93,0
"73413",196,114.502030257161,120.36824874743,5.86621849026867
"103520",142,138.824248248164,138.054798464028,0.769449784135805
"90347",370,329.758335632697,331.152131801377,1.39379616868017
"6164",160,160,160,0
"79082",255,178.01104082451,175.080552217457,2.93048860705313
"75235",139,103.752555416307,105.708753021404,1.9561976050977
"7619",43,27.6530621963272,31.3982235981101,7.58278740736042
"102735",174,109.893439553311,105.819555995319,4.07388355799115
"74290",115,70.0092519258101,71.0283252946001,1.01907336878999
"73906",142,107.039594360696,109.193522226105,2.15392786540896
"102693",122,106.268082692358,104.262883167103,2.00519952525527
"79415",691,561.875498026377,566.82144806455,4.9459500381728
"90688",517,508.836003645297,440.171212890895,70.3621522795139
"80199",540,486.72791456777,489.605090957903,2.87717639013336
"7485",473,473,404.201426923421,68.798573076579
"90377",195,195,195,0
"6046",78,57.4045944796045,56.696959184588,0.70763529501642
"73719",164,155.635195970577,156.347699712041,0.71250374146486
"91339",114,102.38172323939,102.867965748027,0.486242508636758
"90358",172,172,172,0
"7540",119,70.1829984853021,66.6924594473088,3.49053903799338
"90364",167,61.2300733587467,55.1991932732663,6.03088008548038
"105420",565,564,564,0
"73727",218,198.129141333697,199.146770112613,1.01762877891552
"7750",103,78.1301561146748,75.4690109081207,8.39939818105931
"102719",128,101.952422903092,102.406927673553,0.454504770460243
"92596",211,158.632594456697,153.456697390642,5.17589706605565
"78131",168,93.0765408184451,94.7547698204347,1.6782290019896
"76710",132,70.7847751249696,68.1933776858825,2.59139743908706
"91350",119,108.344943199611,108.870143455585,0.52520025597424
"7596",187,137.584244589711,135.048022057487,2.5362225322236
"79046",146,111.538006376387,110.92998138241,0.608024993977306
"95085",47,47,47,0
"80218",273,192.311647623701,187.510209112678,4.80143851102354
"92610",113,91.4586405727229,92.3777834546243,0.91914288190139
"75231",48,48,48,0
"77996",419,379.639403396924,382.47418942018,2.83478602325663
"79048",273,273,273,0
"76686",170,116.684216425849,114.351397789223,2.33281863662651
"78313",151,151,139.275996947548,11.7240030524522
"8240",294,294,294,0
"74894",286,258.548756046971,256.197405844669,2.35135020230138
"78133",226,184.498761832639,179.475016975368,5.0237448572707
"92530",82,63.9388688655769,65.7041279359756,1.76525907039871
"79050",330,330,330,0
"76491",51,35.4287656250809,34.7040680889864,0.724697536094476
"103337",347,347,347,0
"91257",71,71,71,0
"73712",37,29.6543640410311,29.868230020288,0.213865979256844
"102692",103,85.6751886202788,84.6251204261449,1.05006819413391
"104665",71,40.3939470228085,39.1362408594755,1.25770616333296
"90642",137,124.422184722587,124.966062908481,0.54387818589402
"7529",89,47.238511036832,42.9283164599758,66.5317872165262
"79413",115,98.3656953437903,100.233100059268,1.86740471547788
"92968",281,278,278,0
"76499",298,223.655377110223,230.298574528218,6.64319741799533
"79040",323,310.892091923742,312.657264623047,1.76517269930516
"73723",145,137.420028724467,137.032631206219,0.387397518247564
"92781",132,93.3242616509766,94.1946186411717,5.76958271564729
"103209",619,454.523545963209,460.360020230335,5.83647426712683
"74826",444,444,444,0
"7533",210,161.865483577275,159.585227541905,2.28025603536973
"76496",415,356.950138051426,358.622348624965,1.67221057353888
"95011",171,171,171,0
"78312",101,52.1866008266686,53.19349892267,1.00689809600142
"105215",128,124.391651287134,124.467494531202,0.0758432440687565
"92627",81,63.8355032428144,63.1397272619469,0.695775980867564
"79041",107,107,107,0
"7499",27,18.0875745037052,18.0813029395764,0.00627156412889843
"90725",177,164.196685840789,159.804907646346,4.39177819444286
"104922",72,32.6130748693577,30.420902338087,2.19217253127073
"91269",156,113.087646950789,45.3599491332721,111.580475522512
"79421",519,519,519,0
"74162",88,79.399119591643,78.8414405800258,0.557679011617118
"105358",71,30.3956636364829,32.5650051864173,2.16934154993435
"91312",85,85,85,0
"78132",84,58.3844521431067,59.9983685260497,1.61391638294301
"79049",511,511,511,0
"91304",106,106,106,0
"92762",93,51.514025618653,51.3209468385206,0.193078780132424
"91335",304,292.477570753524,304,11.5224292464757
"104877",71,40.6234211831639,38.8620340835164,1.76138709964746
"104666",60,51.0407610968623,50.0575746014768,0.983186495385485
"105010",125,63.5151542388311,62.0409691411613,1.47418509766978
"7436",327,302.677521695287,303.781170984363,1.1036492890754
"6163",76,59.0858744764627,60.6586170634054,1.5727425869427
"74912",81,23.4659885929881,23.7838092542733,0.317820661285219
"104662",192,192,192,0
"74270",165,151.392608477336,154.324391917247,2.93178343991131
"76485",72,43.8886632164577,44.4919044866473,0.603241270189614
"90499",249,249,249,0
"90677",155,91.7491109344647,88.4099411357469,3.33916979871781
"74268",389,389,389,0
"76713",105,45.1494819701927,59.9372772771479,76.5546921905111
"93844",416,416,416,0
"74272",164,132.551947307178,130.205869767679,2.34607753949921
"6162",150,102.670631205656,105.937188025771,3.26655682011504
"95067",55,32.5367466359244,33.3891561820867,0.852409546162342
"6361",220,99.0712861888677,103.485083433347,4.41379724447981
"7526",142,121.583334755523,120.480958008215,1.10237674730824
"92607",87,87,87,0
"92601",102,90.9305912035034,90.4325879651681,0.498003238335288
"90644",270,270,270,0
"92611",125,115.781482015157,115.862375942193,0.0808939270364512
"76489",158,120.896953784038,123.092104031531,2.19515024749286
"78724",491,429.971708663869,435.23064524052,5.25893657665063
"74837",292,265.725798099198,266.847292110069,1.12149401087089
"7535",140,81.7212269552261,81.9787541855979,0.257527230371727
"91273",102,55.4078760186614,54.8333862139006,0.574489804760758
"74915",189,148.214935289163,146.888334744583,1.32660054458003
"95044",125,70.1496610749424,69.193286535443,0.95637453949934
"80198",70,18.8124645425122,15.0808339790776,3.7316305634346
"102072",95,93.2703422652764,89.8278225510379,5.96926904860515
"90426",193,193,193,0
"7546",42,22.5527258403704,23.1600755209673,0.607349680596911
"103350",140,123.597355132115,124.191832331972,0.594477199857476
"75230",112,55.7259635862265,56.6704720861859,0.944508499959443
"95045",69,63.0235950596606,62.8313853593196,0.192209700340975
"78130",131,113.122846976888,114.831657222978,1.70881024609013
"7616",107,91.365598555438,90.2760354200816,7.75946909692257
"76700",117,100.501785151325,102.589818333682,2.08803318235727
"91243",165,150.496533483352,152.43673925774,1.9402057743879
"95029",113,74.3602211011605,41.3707261452583,33.0259708187349
"92608",148,148,148,0
"95016",90,53.7706712965052,52.8309539588068,0.939717337698414
"7541",87,46.8916821012906,48.4004924691583,1.50881036786766
"93849",251,71.0095499496732,78.6944015814382,7.68485163176505
"78693",176,103.641304408863,100.997769237719,2.6435351711439
"93068",240,205.42191493292,211.172294819759,5.75037988683872
"102738",221,221,221,0
"7623",64,44.7872478681773,43.3724996516045,1.41474821657287
"7613",114,114,114,0
"105214",190,183.110008689789,183.700102970499,0.590094280710267
"74132",68,29.2173144743086,28.1794642470389,1.03785022726973
"78707",117,117,117,0
"7601",129,86.9857520064989,85.2262454103097,1.75950659618927
"102715",163,163,163,0
"91322",162,91.2432912196727,92.9190466129987,1.67575539332602
"76695",235,217.624309658302,214.882759897699,2.74154976060315
"8176",327,300.956015523043,300.891166265792,0.0648492572511949
"74408",117,117,117,0
"78697",150,150,150,0
"78135",51,21.4537915937288,22.5515181834874,1.09772658975865
"7509",79,71.9703213632669,71.6885458801999,0.28177548306692
"76706",181,106.843190660514,110.123197757306,3.28000709679201
"93860",128,88.9719738424221,89.9433465500196,0.971372707597475
"90417",347,346,346,0
"80193",236,204.381408181974,200.942337612937,3.43907056903665
"7515",121,105.751320913139,105.014914887716,0.736406025422952
"104660",119,99.0156412945292,101.541035348301,2.52539405377151
"91354",87,74.0974204088438,73.7157530112777,0.381667397566129
"92598",115,82.9956518130659,83.4954315676912,0.499779754625207
"104928",143,113.163799206637,108.936318036168,4.22748117046903
"73703",180,110.948049764408,111.444308856262,0.496259091853361
"74846",133,104.329103585886,101.006865218308,3.3222383675771
"74147",90,77.3729474345755,76.5164339232216,0.856513511353925
"90811",403,403,403,0
"91290",157,157,157,0
"95104",41,33.2211642075978,32.7817544006027,0.439409806995022
"92970",80,80,80,0
"95042",96,52.5321528487178,51.54055450354,0.991598345177717
"90639",234,234,234,0
"79442",239,198.989076610016,198.532548209595,0.456528400420659
"105218",159,130.747185757608,131.035011651015,0.287825893406912
"79452",406,362.386040055115,363.779232329945,1.39319227483051
"73709",96,96,96,0
"78134",96,51.0530052590355,50.0492257464251,1.00377951261042
"73731",229,199.978683328808,197.4415889188,2.53709441000806
"78701",124,33.0412054647503,33.2087114946547,0.167506029904333
"74292",196,196,196,0
"6106",58,26.9483988753629,27.2577748654845,0.30937599012156
"102691",184,158.694884299344,162.163002732169,3.46811843282499
"78129",171,142.535194844746,145.234924339397,2.69972949465072
"91316",75,46.6976924662627,46.4160195235904,0.281672942672336
"90411",219,188.288592803052,190.72645018592,2.43785738286731
"105217",86,66.093271091213,68.3019661431898,2.2086950519768
"91239",93,20.2720144038891,19.1607657795697,1.11124862431932
"7609",100,43.3245094874075,45.779193445732,2.45468395832455
"92629",36,29.6350301580484,28.378885711035,5.16310037164757
"104987",268,268,268,0
"80190",237,237,237,0
"7505",134,105.187990138729,96.2061208573268,11.3249055065672
"78918",224,105.966722010317,120.281462414669,159.715018464691
"95081",33,30.8013628310356,30.8512685514908,0.0499057204551864
"73724",191,191,191,0
"73410",97,88.0517851616013,76.881293181248,15.8032937250991
"78914",210,210,210,0
"78722",343,270.162376594815,274.249564707759,4.08718811294414
"104671",181,82.2430563701092,79.8130321308509,2.43002423925832
"92764",170,154.495656532035,154.83562848144,14.9841160393775
"92761",58,27.5017463384218,27.1842681036196,0.317478234802205
"79084",245,207.664851927995,210.342709567983,2.67785763998745
"92614",244,192.788271341634,192.551609922185,0.236661419448455
"7620",91,78.3957708494328,77.3828546979611,1.0129161514717
"90344",80,80,80,0
"95006",121,74.0663766790636,75.5849308915185,1.51855421245488
"7531",100,69.7716454858178,69.5130421498802,0.25860333593754
"90346",259,259,259,0
"92763",74,50.2503600248683,50.2859369979371,0.0355769730688389
"105220",48,48,44.4451727249621,3.55482727503792
"93857",272,225.347900712867,229.910073293685,4.56217258081801
"102694",118,96.9334340936121,99.1072112993741,2.17377720576196
"90509",321,321,321,0
"104881",73,27.1155659986457,47.6490266226702,43.5026447510129
"78686",216,126.22596265797,127.636368325247,1.41040566727655
"90405",296,260.319079384643,254.591596622454,5.72748276218976
"8205",137,137,137,0
"7527",62,45.8468957132278,45.6110037002954,0.235892012932368
"74585",328,241.074767069923,246.969112106129,5.89434503620589
"102695",66,53.2752228410055,51.7982955649248,1.47692727608071
"79089",563,494.731620394143,486.77162659635,7.95999379779328
"73714",158,158,158,0
"74909",84,84,84,0
"74885",287,223.060639017609,226.964256024499,3.90361700688995
"7584",85,81.7519831996321,52.9432218109563,29.7202789356381
"90706",230,61.5885025551084,53.9406086778434,7.64789387726507
"95073",26,24.3431136060695,24.4271354394381,0.0840218333686261
"7574",123,107.445145838105,106.913338540717,0.531807297387952
"79037",37,34.6218713532582,34.7701951970819,0.148323843823684
"6098",41,22.4873288465334,22.8169194537937,0.329590607260267
"92759",175,126.208681496199,125.219949307581,0.988732188617992
"103348",299,299,299,0
"95031",52,47.7566826606943,47.7852021548288,0.0285194941345556
"76492",135,72.1975126101156,74.5734911272738,2.37597851715817
"79068",361,361,361,0
"78706",98,56.3275768574215,54.8656846370941,1.4618922203274
"91266",96,39.4256508074427,40.4923859611778,1.06673515373513
"105219",81,57.6743717545274,59.3764966444939,1.70212488996651
"91347",154,154,154,0
"93845",292,292,292,0
"73698",95,95,95,0
"92609",139,139,139,0
"91283",161,161,161,0
"75229",82,82,82,0
"7488",329,329,329,0
"90356",227,226,226,0
"7605",133,74.276477966025,72.6951830932037,1.58129487282129
"7544",118,51.8248667617839,72.7328921786816,21.1852536118734
"90393",376,376,376,0
"102075",348,197.170729185868,195.736340912322,1.43438827354597
"90699",119,39.4980149623023,72.7726342150684,38.9457480522067
"78311",277,277,277,0
"73706",147,147,147,0
"95015",102,88.5786834350496,87.4745777415897,1.1041056934599
"102696",57,51.9209349349841,51.2458188722334,0.675116062750806
"78310",111,80.9004872620614,83.1918154449673,2.29132818290594
"90641",150,150,150,0
"95048",106,72.7014568892267,71.7242520679281,0.977204821298632
"74838",168,151.471842454241,149.535903988142,1.93593846609948
"91356",170,170,170,0
"7625",157,118.893797134284,116.448305732999,2.44549140128506
"74402",119,75.342507522151,76.5532508707135,1.21074334856253
"73763",139,117.834558553492,119.059150799885,1.22459224639314
"92605",92,86.9595261980684,86.8479088361771,0.111617361891251
"92599",79,53.7400367126618,51.3341060287016,2.40593068396017
"105004",230,93.1675261441204,96.611285665912,3.44375952179154
"74280",71,42.969955033364,41.8160545880358,1.15390044532814
"90352",286,203.481198876472,200.739414454163,2.74178442230826
"92780",39,31.5925492943321,31.4588879453677,0.133661348964447
"76500",378,334.992169455291,378,43.0078305447094
"91256",412,412,376.372397451828,35.6276025481721
"91362",131,131,131,0
"90424",185,181.526409725533,24.3569562706058,157.169453454927
"105223",193,193,193,0
"104895",112,42.0527368424019,72.4408444807268,65.1071647207982
"73907",107,67.0737249871827,67.5709451005138,0.497220113331138
"80191",222,171.087549028628,173.313619648211,2.22607061958206
"76693",357,315.548857927241,318.77344334429,3.2245854170487
"91337",46,36.3798994792337,36.3160468583589,0.0638526208748683
"7518",142,122.972000401101,121.525061458495,1.44693894260565
"90379",253,253,253,0
"7580",56,48.1106528631961,47.5693944405934,0.541258422602711
"90634",105,105,105,0
"90712",229,131.838566597007,90.6896688627183,41.667211339325
"79406",314,299.465179912756,314,14.534820087244
"92587",107,67.1041093919185,65.5514682611224,1.55264113079612
"92765",70,36.7523054683264,39.3536639404287,2.60135847210224
"7599",112,87.1798061448134,86.2591016322958,0.920704512517593
"103344",260,260,260,0
"7628",62,60.9101341055163,55.230924043164,7.26932875015188
"90702",106,106,106,0
"102074",111,96.5324414346364,97.173189308288,0.640747873651524
"90341",279,279,279,0
"102713",397,397,397,0
"79419",371,276.392389061472,279.448594543339,3.05620548186704
"78688",48,23.0291024545364,20.9104117090165,2.11869074551993
"80220",108,108,108,0
"105221",177,140.30281541323,137.79895386947,2.50386154376028
"105222",94,94,94,0
"104668",46,31.0826213352972,30.6307604933171,0.451860841980104
"79427",131,130,130,0
"103204",178,104.880057383304,106.49648076307,1.61642337976628
"76703",134,75.971663085086,78.2705455507199,2.29888246563385
"102687",225,225,225,0
"79411",220,220,220,0
"73762",68,68,63.1796727573505,4.82032724264948
"6126",158,82.8691706892348,80.3976734971201,2.47149719211469
"104918",70,70,64.1586818002424,5.84131819975757
"78335",89,52.277721213072,52.7178392670483,0.440118053976304
"6128",61,55.3620363821637,55.2648944608484,0.0971419213152818
"92616",142,142,142,0
"73725",243,243,243,0
"7560",198,125.10963369519,130.832844092074,5.72321039688462
"90633",78,78,78,0
"7764",71,71,71,0
"92626",73,62.9962814715863,62.9586586653597,0.0376228062265702
"7536",56,39.015814716004,38.3452120783424,0.670602637661578
"95021",117,95.6728141032569,94.6324015525234,1.04041255073342
"7597",237,178.312262518971,176.267676662469,2.04458585650185
"78331",147,114.420443012866,113.599729949621,0.820713063244914
"104661",102,102,102,0
"92615",282,282,282,0
"92630",62,46.0978636939625,46.9283662007266,0.830502506764038
"103336",336,336,336,0
"93876",199,199,199,0
"105360",69,44.9774114505365,47.4065259430138,2.42911449247735
"91313",125,124,124,0
"91344",46,43.5039007541495,46,2.49609924585055
"95007",128,83.4202329411476,81.101607387807,2.31862555334057
"104669",304,293.16446367418,293.390256122405,0.225792448224666
"95101",90,75.7653779609257,75.7472358177842,0.0181421431414665
"73903",53,48.3536422267888,48.5489449165146,0.195302689725713
"7538",176,111.759068846792,109.817435417086,1.94163342970571
"79414",87,73.2711338108898,73.6702058755001,0.399072064610286
"73716",94,84.3134011546595,83.7417858751834,0.571615279476066
"74884",249,249,249,0
"74279",420,420,420,0
"76717",137,92.2639011641443,92.7751124893404,0.511211325196096
"7547",161,111.457554296083,109.539782412106,1.91777188397697
"7532",55,55,47.1409923105326,7.85900768946743
"74878",368,211.348754171192,211.012653814429,0.336100356762947
"78721",209,209,209,0
"73697",247,222.348148278387,220.847063186848,1.5010850915383
"74410",107,71.8285251720585,70.638753737584,1.18977143447449
"78908",259,259,259,0
"90691",213,205.65665941361,62.8789860240252,144.843247693751
"104983",402,342.440144521241,349.981359492397,7.54121497115629
"90640",74,66.0908424238481,66.7448798046695,0.654037380821421
"102727",198,122.392391194898,119.059654942588,3.33273625230914
"7607",125,107.655555177815,106.11291590624,1.54263927157591
"76493",194,126.239036129894,123.624067079998,2.61496904989635
"90675",297,297,297,0
"7524",61,40.8023755957579,40.7012373121647,0.101138283593257
"76702",242,225.858470046495,222.410877725454,3.44759232104051
"6161",58,42.8920281869541,42.1830180977005,0.709010089253624
"95020",153,111.281504487835,109.555848528346,1.72565595948883
"90632",90,71.6675257355254,15.7910779223351,57.4916529899574
"7435",170,35.4438477749819,32.8077168959318,2.63613087905011
"91246",112,112,112,0
"79033",549,548,548,0
"79083",191,168.206477177908,170.021832569982,1.81535539207403
"7587",87,86,86,0
"105356",122,76.1863846542864,78.6304485299737,2.44406387568741
"7510",115,70.1178049344501,70.4780586213617,0.360253686911643
"92606",257,241.1417551879,242.14028247328,0.998527285379773
"7612",126,86.7291265320532,82.8468072053386,3.88231932671459
"91252",85,66.8738097972784,74.350732289684,9.61148660956519
"79038",775,775,775,0
"74409",161,161,161,0
"76606",434,370.158730435794,372.175458671888,2.01672823609422
"7579",106,84.1946148416642,82.8529909062232,1.341623935441
"73700",171,124.640555569836,121.472957307294,3.16759826254187
"80189",204,186.682068092193,183.254199851786,3.42786824040741
"90629",77,74.4948752069637,74.5514468841481,0.0565716771843857
"78127",275,106.565717442409,101.115962399939,5.44975504247071
"104673",145,101.352703294263,97.9019409130268,3.45076238123647
"80192",409,383.428814085369,409,25.5711859146307
"74070",120,85.403780328208,87.1735448753864,1.76976454717843
"74832",353,335.547857614656,333.224027111593,2.32383050306341
"79407",205,190.189065934635,205,14.8109340653652
"103196",309,309,309,0
"78694",212,178.951369388721,173.905419187054,5.04595020166626
"90806",112,96.4588722101858,12.8820759719875,83.8681796727369
"91305",163,163,163,0
"92595",156,156,156,0
"74153",121,77.7266950198844,76.3380830926115,1.38861192727291
"92633",112,69.5732010283395,66.1438089926302,3.42939203570925
"7575",50,22.1123319219921,22.2879255542524,0.175593632260309
"73757",114,81.7376715689182,79.6743091388963,2.06336243002195
"74930",527,381.564236472248,389.171113672333,7.6068772000845
"78913",289,183.079692749615,185.030960147906,1.95126739829103
"90343",356,356,356,0
"95028",104,71.9444282144703,71.2576415407591,0.686786673711243
"7534",126,85.2930257545732,82.6244178749617,2.66860787961145
"104667",104,104,104,0
"7497",101,80.0973811095672,80.0789497686797,0.0184313408874962
"7434",191,187.114694267639,186.485094247168,0.629600020470827
"105224",180,127.894587402772,128.25794794941,0.363360546637447
"95017",25,19.4049374784417,19.1405456744973,0.264391803944389
"7528",114,98.850762082337,97.595647048845,1.25511503349196
"73745",42,24.6992218376168,23.678661713396,1.02056012422083
"93881",328,328,328,0
"104879",110,97.3904596859969,95.093832924006,2.29662676199082
"7470",278,278,278,0
"91352",117,114.717058515037,105.522022427111,13.0074498990472
"103223",480,385.678724340877,391.217911497149,5.53918715627168
"74075",267,245.592098196348,243.438761960149,2.1533362361991
"91288",214,152.644400064306,152.42400224918,0.220397815126414
"102076",149,134.793595651059,135.380032372292,0.586436721232468
"7618",112,77.6417034633169,78.64586758837,1.00416412505317
"79081",252,178.747076982704,204.499320068887,25.7522430861828
"102734",133,83.36496187434,85.2357363929463,1.8707745186062
"7610",123,77.2898194656912,75.4923607009991,1.79745876469211
"78128",388,388,388,0
"73411",164,133.077767264306,133.202221263623,0.124453999317277
"92590",81,81,81,0
"93865",265,173.263561797061,175.573709374629,2.31014757756765
"73761",14,8.26378540034776,8.17472821553265,0.089057184815112
"74910",192,86.8968485497278,88.7594952897107,1.86264673998279
"73704",109,102.957429670796,102.960333468923,2.22336745233361
"7608",146,67.1052763558781,81.2359421615094,96.5571537445032
"91241",84,84,84,0
"95018",147,133.568223800196,133.070917760158,0.497306040037116
"80194",595,595,595,0
"102697",136,124.424780539047,123.378883892568,1.04589664647845
"105009",163,98.4257075984312,95.6919941559663,2.73371344246491
"6364",241,241,241,0
"90638",228,206.316851954379,207.171435514716,0.854583560337172
"102698",195,143.957099089094,140.905257264135,3.05184182495939
"102862",188,131.436873309886,138.104564455489,6.66769114560302
"74889",313,290.520013025124,287.674527134861,2.84548589026268
"74404",101,47.0089419014724,56.0061473804279,55.4569080928441
"92623",119,85.163496759623,86.3345601399926,1.17106338036956
"79044",485,485,485,0
"92600",346,344,344,0
"74163",122,98.5229587824436,97.1996831252503,1.3232756571933
"6160",164,80.8037087710613,83.5470210531386,2.74331228207731
"78309",102,59.4674210549638,57.8465707708735,1.62085028409033
"73718",106,106,106,0
"79035",571,571,571,0
"78126",331,331,331,0
"79092",132,119.807343686489,117.217854396465,2.58948929002374
"8199",225,212.824866544483,225,12.1751334555166
"105228",35,19.5805074156879,18.6690648237889,0.911442591899018
"7629",86,76.9512268800401,77.1934216015251,0.242194721484945
"80182",423,257.840591494358,254.276970394497,3.56362109986066
"78125",172,107.901339537568,110.204263050035,2.30292351246698
"105227",54,38.9329231300877,36.689863987475,2.24305914261267
"90345",368,368,368,0
"76708",284,133.456627729602,139.310057048176,5.8534293185739
"73896",260,253.762824633913,260,6.23717536608735
"7676",270,270,270,0
"102077",269,269,269,0
"105226",127,70.0048502163892,68.1540450387151,1.85080517767409
"95030",146,116.862386870327,118.828510615981,1.9661237456541
"7530",96,95,87.531834832423,7.468165167577
"105430",273,273,273,0
"6159",19,9.90981861289734,10.1731235548622,0.263304941964877
"7521",54,35.6825039228377,34.5682054096656,1.11429851317215
"90701",144,144,144,0
"7615",79,44.4440392195266,43.6005231771253,0.843516042401277
"104991",263,263,263,0
"91338",56,56,56,0
"92585",47,22.8435035771901,18.9381700650489,4.75546696392573
"7600",124,76.793482664081,80.1935698659675,3.40008720188658
"91336",50,41.8575130338681,41.3078862070179,0.549626826850258
"92592",183,148.420862089321,147.906821238332,0.514040850989056
"80186",265,125.271255428082,118.569676315909,6.70157911217344
"74281",487,418.447574445828,421.39343587643,2.94586143060128
"74407",133,73.728228703005,76.2196992035096,2.49147050050456
"102717",342,291.671891607297,302.536369706759,10.8644780994619
"78308",72,45.9970262886422,46.4874711000304,0.490444811388212
"92775",232,203.841511522111,203.755081562356,0.0864299597552602
"93846",524,524,524,0
"74405",40,35.0716967014236,34.7279302368606,0.343766464563016
"90814",186,174.198622580446,174.913207117405,0.714584536959009
"73760",41,29.5667643807517,29.9560050987541,0.38924071800236
"74946",483,417.543377421506,424.686371431902,7.14299401039605
"105225",358,356,356,0
"79412",159,143.424876123582,142.790513123885,0.63436299969635
"102078",104,50.2562938017224,46.6558478211073,3.60044598061519
"104893",126,101.890561011854,101.906017103688,0.0154560918338104
"95027",150,110.045981517382,108.340400755367,1.70558076201456
"74304",121,58.1736283548426,59.1543792211169,0.980750866274262
"79095",329,277.011840459704,272.53439288656,4.4774475731443
"7586",55,47.7883935658894,47.3229717272585,0.465421838630958
"7519",88,84.6946339026369,84.8836836837696,0.189049781132685
"105355",72,54.572993382718,53.7486678422487,0.824325540469242
"79430",237,206.779017143275,207.330326719734,0.551309576458724
"97136",147,38.0267409421207,40.1420129033401,2.11527196121942
"7632",220,220,220,0
"92971",333,231.534352722663,234.301626795174,2.76727407251063
"103333",374,58.8686225218657,105.684160199122,48.6896403209445
"78338",63,9.23516953441382,8.33448758944279,0.900681944971019
"8150",190,163.322714654398,178.522116943264,19.9736267427359
"7578",105,99.8826390052583,99.8559992019728,0.0266398032855319
"105426",313,202.520605105897,208.658665212582,6.13806010668528
"7567",75,59.079304092471,57.6596635977876,1.41964049468339
"105354",75,45.8940780096726,44.7425170669723,1.15156094270024
"74300",78,50.3166724664725,49.614462542328,0.702209924144525
"90635",123,25.9044032995417,43.2349351900453,17.6358543728833
"73705",416,416,416,0
"7514",56,34.3746342740793,34.7103322100896,0.335697936010284
"79399",232,220.324140864461,219.129795058852,1.19434580560831
"91289",143,143,143,0
"76709",61,57.1151330112276,55.4077898210025,1.70734319022522
"91332",235,159.942645006734,159.174163512567,31.4527177365663
"79400",283,283,283,0
"90623",94,94,71.1980014892929,22.8019985107071
"79090",241,177.724425078323,181.900982336556,4.17655725823234
"76607",249,248,248,0
"74835",250,250,250,0
"90407",377,377,377,0
"97144",117,63.2508871251127,64.5388851460048,1.28799802089204
"7624",105,71.7105390594106,72.6460947108218,0.935555651411238
"80187",158,63.329279751543,63.4573234006924,10.4942444281992
"7523",27,20.2103354967382,19.7831380269126,0.42719746982564
"78720",744,701.114089302977,703.381136554839,2.26704725186183
"95022",180,137.585427810546,135.240812005242,2.34461580530356
"78307",182,143.202390226774,144.288139773749,1.08574954697501
"91357",155,147.214913742389,146.180756972815,1.03415676957403
"78709",323,291.096112301062,52.7458013289653,245.995246414835
"7583",87,56.6624699054026,55.892714733693,0.769755171709555
"78124",176,147.962363868351,149.219328007709,1.25696413935746
"6127",77,77,77,0
"91345",153,140.078592084778,139.942458826451,0.136133258327178
"74401",88,57.1257023730185,58.4037457670859,1.27804339406733
"97140",95,60.8835776293767,59.0521864738726,1.83139115550408
"90624",58,14.0523731030986,16.5290451928428,2.47667208974416
"92603",74,74,74,0
"102079",229,227,227,0
"74285",209,111.374831311832,113.34367117879,1.96883986695798
"74893",78,40.9908867663083,42.6506812825709,1.65979451626254
"91254",187,179.440938159582,179.959308169122,0.518370009539671
"73720",304,272.902620508567,274.183683492931,1.2810629843644
"90636",163,138.104529854666,140.318509397262,2.21397954259639
"92758",92,50.4110080083044,50.1556688564005,0.255339151903937
"79417",131,130,130,0
"93873",207,207,207,0
"8180",215,215,215,0
"92966",347,301.773734153857,308.632886731787,6.85915257793014
"74397",207,207,207,0
"103198",138,138,138,0
"90425",424,423,423,0
"6129",97,51.2963847216904,56.4102983015523,6.17074696564428
"90627",109,109,109,0
"74406",47,32.5918759451971,32.2927244113789,0.299151533818252
"7508",70,52.9248151777723,53.0611990483084,0.136383870536104
"90348",390,376.464220986421,377.435491612076,0.971270625655284
"92757",135,92.5650220122831,93.9915266285605,1.42650461627742
"103347",383,371.722921435383,369.947338936453,1.77558249892961
"7604",187,114.662699492464,116.369045592099,1.7063460996351
"90643",277,277,277,0
"97124",126,75.0308762132377,74.6223401497356,0.408536063502005
"103328",323,323,323,0
"105230",219,176.637954222915,179.184189419345,2.54623519643048
"95019",41,32.8197668647588,32.6408719779425,0.178894886816329
"103352",355,339.128509389765,340.411171367056,1.28266197729128
"97197",102,73.4518783137921,72.1046487244772,1.34722958931482
"74069",101,56.6641021268487,58.0453513149566,1.38124918810797
"90631",153,153,153,0
"78902",254,126.94618259615,131.657746362439,4.71156376628938
"76501",294,148.083300029415,152.221308785017,4.13800875560259
"73699",26,26,24.1697211159008,1.83027888409918
"74178",86,61.3659916479557,60.4016681448054,0.964323503150282
"93852",278,241.334899834075,245.720446115616,4.38554628154105
"105359",214,214,214,0
"105229",134,96.5283085471783,100.502321551269,3.97401300409025
"7590",114,87.7716224665546,86.2789620848543,1.49266038170035
"95025",71,44.3006860090436,43.7893495681637,0.51133644087991
"91237",75,75,75,0
"76705",318,280.560126369555,283.957032383485,3.39690601393028
"92628",166,100.573617375714,56.5628883159396,115.614869933584
"97142",22,12.6116183852136,9.58253610391704,14.9384065357652
"91282",192,192,192,0
"90626",65,65,65,0
"79393",378,378,378,0
"7589",82,81,81,0
"92604",227,227,227,0
"7516",64,47.2527654878339,47.6786736652274,0.425908177393546
"90694",225,225,225,0
"79042",430,430,430,0
"102699",120,110.30820542405,109.668601166663,0.639604257387392
"105232",95,95,95,0
"73693",222,188.274063157231,187.453903428791,0.820159728440016
"103212",268,208.258010193918,214.54681491249,6.28880471857122
"7576",81,69.8047823758937,69.6413639929235,0.163418382970139
"80188",106,105,105,0
"73717",145,133.909461182669,134.693312479285,0.783851296616539
"79420",94,94,94,0
"90802",186,186,186,0
"91245",135,120.478777358126,121.126331025044,0.64755366691852
"7591",97,79.2010152510493,78.1035259703078,1.09748928074143
"76602",509,509,509,0
"7502",107,91.5485931684507,91.492103958183,0.0564892102676033
"97122",103,74.689753229305,73.8276366613078,0.862116567997218
"74072",124,97.522783594305,99.758364895071,2.23558130076595
"105003",277,218.254661436102,219.875656843249,1.6209954071473
"79034",1154,1152,1152,0
"90395",347,336.341062348383,336.871551418716,0.530489070333162
"95033",176,110.126556085017,50.3383400151835,59.7882160698336
"74886",210,116.919748853294,120.844011628,11.4751557607044
"102700",133,89.0360759426166,92.9371539513477,3.9010780087311
"90804",422,230.321800498967,238.069951325401,7.74815082643401
"90389",130,130,130,0
"80183",185,133.841879475575,130.296067627557,3.54581184801774
"90679",363,363,363,0
"7483",65,59.6111634250008,59.8714658414924,0.260302416491588
"78890",453,452,452,0
"90637",331,331,331,0
"92756",298,298,298,0
"78334",317,184.749283623506,176.721759087588,8.02752453591788
"78713",239,176.192296222107,171.135822073623,5.05647414848414
"97126",76,62.6995243766211,62.7828736815963,0.0833493049751871
"76711",275,253.937109184562,250.683188085566,3.25392109899589
"76495",133,115.330705196692,111.846128890028,12.2754718055671
"73708",193,193,193,0
"92779",114,100.947918843711,99.815611938278,1.13230690543282
"104888",105,83.9741225700412,82.6016671282328,1.37245544180846
"104994",329,284.131830441235,288.87926780759,4.74743736635556
"7433",318,318,318,0
"78339",73,54.1146175213375,53.3322147635042,0.782402757833287
"78123",221,135.55048572864,139.399264420942,3.8487786923027
"104783",220,198.970479553598,202.290145798844,3.31966624524596
"104989",141,93.5281343105039,87.2277996715412,13.5750571424516
"95037",126,104.038489629511,100.611618887449,3.42687074206154
"90707",279,245.730193319454,243.60992175112,2.12027156833292
"102708",248,225.548681481891,223.122971882972,2.42570959891875
"73692",115,83.3520175657633,58.6041171494247,50.7066408688155
"78719",380,281.588823737687,274.787209328894,6.80161440879278
"96450",123,94.271733650386,92.5465131451957,1.7252205051903
"78306",188,188,188,0
"7480",31,29.0266567576899,28.834730211915,0.191926545774862
"79409",191,147.152780417473,148.761613568232,1.60883315075915
"97150",48,29.4727701989383,28.7449918935237,0.727778305414577
"90618",87,29.6210509715934,33.2733107609807,3.65225978938732
"102080",117,117,117,0
"97118",109,80.5934525636425,79.0394340606576,1.55401850298495
"96446",140,80.0756342469198,77.735878855222,2.3397553916978
"6158",117,87.5658434557511,86.7556129164037,0.810230539347326
"7565",50,36.407371080118,35.8471052464116,0.560265833706335
"7617",71,71,71,0
"105361",270,270,270,0
"74403",112,75.406896135461,74.2581211235569,1.14877501190415
"91253",76,76,76,0
"7622",140,102.911022214059,104.476412305536,1.56539009147701
"7588",25,20.378211881939,20.1051364487083,0.273075433230747
"104672",201,124.451904719223,126.989534941231,2.53763022200881
"7517",90,49.6606996911682,50.6611291645215,1.07494275557898
"91353",157,145.966712305647,157,11.0332876943528
"105231",139,139,139,0
"102703",132,23.9097339035919,21.3428350417601,2.56689886183181
"74066",81,67.0569168094367,66.0975170485405,0.959399760896211
"97120",105,96.7169509300432,96.0095395072401,0.707411422803151
"80184",152,47.3578438291058,44.3310050601366,3.02683876896922
"104663",87,46.0134637302838,46.9650507395042,0.951587009220445
"7563",95,62.7862782247668,62.0331650178878,0.753113206879018
"97131",164,93.8517896768737,93.8478207024956,0.00396897437813756
"73702",225,128.507386770069,127.921775200787,11.3840736424391
"95034",95,67.6512012190249,66.689623871807,0.961577347217975
"92593",225,225,225,0
"79045",417,417,417,0
"103253",573,573,573,0
"78343",38,33.4917332266847,33.7766416250228,0.284908398338127
"7582",91,78.6924058482697,78.0814797309375,0.610926117332196
"91363",77,77,77,0
"104675",313,313,286.722766934218,26.2772330657823
"6122",129,87.0384340461367,86.4806194349555,0.557814611181187
"92602",126,126,126,0
"90647",265,265,95.0673567165375,169.932643283462
"76498",256,157.411346812794,150.603489227898,6.80785758489597
"78122",119,49.1299846992636,50.7494544609341,1.61946976167059
"92588",371,359.682612745664,360.29195417991,0.60934143424548
"73902",187,86.5300383395606,82.656941364083,3.87309697547768
"90809",180,180,180,0
"91279",118,105.342929061943,103.871955640893,1.47097342105036
"74914",308,271.201460973226,275.325772958132,4.12431198490566
"74399",74,47.8290728676981,48.3740209377619,0.544948070063737
"95024",64,56.0337874176837,55.3515431844877,0.682244233195988
"97138",142,114.64433336538,113.720525687695,0.923807677684399
"102081",291,216.054301281085,222.000946665627,5.94664538454182
"92594",169,169,169,0
"7573",75,50.0174946882023,51.0541611226644,1.03666643446208
"97151",27,18.6781289107309,18.3169400285493,0.36118888218162
"105234",157,151.260233149671,123.172183635057,32.6072036412012
"74078",100,36.1870132223204,37.6816897868376,1.49467656451715
"73759",272,272,272,0
"8200",108,63.3087955402689,63.4760728888342,0.167277348565312
"7577",94,87.3954807318247,86.8357620153034,0.559718716521245
"95035",110,59.1426665900874,59.9690755284336,0.82640893834619
"104664",159,101.621224790106,103.547274776137,1.92604998603053
"80185",206,206,206,0
"91268",275,207.727299387649,206.841604679207,0.885694708442228
"7611",219,154.928450380825,152.493449878911,2.43500050191423
"105008",218,107.690999561319,112.679622637799,4.98862307647993
"97152",75,68.1805920559973,67.6055407832042,0.575051272793127
"97127",58,44.7446634065315,44.8302041814193,0.0855407748877303
"76712",88,40.2522928876779,37.634611903262,2.61768098441585
"78710",75,75,75,0
"92580",158,113.228587089908,111.199140293888,2.02944679601969
"73710",292,252.737561201921,254.680303267111,1.94274206519077
"90422",369,369,369,0
"74887",107,82.1637685104136,81.0042697525807,1.15949875783289
"7452",253,253,253,0
"74398",100,60.5050511225373,59.8293285780592,0.675722544478173
"7512",98,85.6802882034368,84.432211190572,1.2480770128648
"80176",268,253.345984907609,253.78876356107,0.442778653460965
"74573",181,134.209100645144,139.863926968954,5.65482632380952
"92624",142,80.8740273613083,78.2888384155974,2.58518894571099
"103202",254,254,254,0
"104932",231,123.964884810878,116.438488245748,7.5263965651298
"78121",74,74,74,0
"6157",156,79.1633730585859,80.2276053188395,1.06423226025366
"91276",210,159.209823883776,158.946974047854,0.262849835921929
"104674",255,255,255,0
"8163",199,179.03689830479,178.857158328857,0.179739975932692
"79398",376,376,323.33603322397,52.6639667760302
"103341",276,257.034479179637,276,18.9655208203627
"91321",196,106.308761417344,96.2849253405753,86.8470945213089
"97154",53,44.2687915886605,44.317296224837,0.0485046361765584
"74937",372,284.473081452945,289.081920117057,4.608838664112
"97156",82,60.9998489588568,60.006382267334,0.993466691522736
"91341",193,123.707109902269,129.820779381692,6.1136694794236
"74890",155,107.516776696011,104.43079481796,3.08598187805027
"78341",78,78,78,0
"7569",65,55.5602547376933,55.3717436578433,0.188511079849905
"102702",114,85.355267629225,84.0707216911375,1.28454593808755
"7426",178,17.1677753357247,163.488345779447,146.320570443723
"102704",125,116.76724514176,116.111212913767,0.656032227993006
"91301",125,117.05921323098,117.616854697499,0.557641466518747
"7627",305,305,305,0
"8219",207,197.740631375987,198.052969967331,0.312338591343586
"73758",101,55.3356582902982,42.6247903613471,57.0608142978518
"91309",241,81.5870482068547,75.5349940982691,6.05205410858555
"95023",57,35.6561637057568,35.0055090907482,0.650654615008664
"92770",61,42.6750320826582,43.5721476901658,0.897115607507576
"90625",172,172,172,0
"103207",202,194.351719494392,194.076156191519,0.275563302873035
"80179",93,51.6603961607896,49.653527602903,2.00686855788652
"91248",28,25.2302319189357,25.356215516568,0.125983597632309
"79410",103,102,102,0
"7634",304,304,304,0
"7478",149,149,149,0
"102733",181,181,181,0
"79093",182,121.658934140366,113.673952479806,7.98498166055937
"102814",404,380.008845219811,404,23.9911547801887
"74569",237,220.756210141335,197.721475551416,42.0486492837876
"7677",381,381,381,0
"97484",59,33.7181250604487,33.5037958807803,0.214329179668405
"74299",247,246,246,0
"7630",163,98.1531392393017,99.8957694820997,1.74263024279806
"78337",92,78.8749728095707,79.7127431565758,0.83777034700507
"78718",176,67.7473895916999,62.7360388387653,5.01135075293457
"79076",125,117.042676910943,117.104015835468,0.061338924525429
"74924",294,174.328412004504,162.968526738361,11.3598852661429
"7507",150,150,150,0
"102701",140,119.846934638451,121.846279569035,1.9993449305837
"105418",417,417,417,0
"7581",92,92,92,0
"91240",58,51.720263398765,52.1245837570368,0.40432035827173
"90812",362,306.479618342059,308.015779276656,1.53616093459718
"90619",129,129,129,0
"93871",117,54.6325101890428,56.5181165588398,1.885606369797
"73919",199,125.249048019884,117.966938396253,7.28210962363092
"103339",181,181,181,0
"7559",121,58.9456340155588,63.9962916706367,78.7634196400021
"76715",79,56.2759165927825,50.7011265264683,5.57479006631417
"78896",132,132,132,0
"7564",41,24.758470176518,24.4372310068709,0.321239169647134
"97153",61,54.0609018086181,54.1535712057006,0.0926693970825224
"73756",116,56.3931780377049,59.9775551043771,47.5862468176683
"74400",84,78.1034922723073,78.319801707881,0.216309435573681
"102084",232,197.221685124927,191.402051013812,5.81963411111491
"73695",226,157.540668587183,152.482770503911,5.05789808327136
"91259",160,160,160,0
"79423",181,151.026198196703,152.095525055637,1.06932685893392
"104670",132,111.851652162568,113.34903961959,1.49738745702194
"97198",74,57.7214606268627,57.8053446717751,0.0838840449124182
"93890",302,275.126540327705,301,25.8734596722952
"74394",278,278,278,0
"78305",211,211,211,0
"92582",153,97.9777241865707,98.5782119373078,0.600487750737135
"90620",127,127,127,0
"80181",241,241,241,0
"73884",201,157.934121823327,154.380666585659,3.55345523766821
"75167",145,117.169905917105,140.105752596044,25.2778570348219
"7626",218,159.885543359853,160.949271198292,1.06372783843918
"79032",272,272,272,0
"97128",86,80.8123541838198,80.8973783776207,0.0850241938008761
"90810",178,158.997982997165,159.788866043005,0.790883045839945
"79382",403,402,402,0
"104882",86,66.4452445498928,64.491353429428,1.95389112046488
"97157",55,40.1931878926012,39.4024733483121,0.790714544289078
"95026",30,18.728855587869,18.547138239329,0.181717348540003
"105233",143,80.4474602737411,82.1822906763588,1.73483040261766
"78332",178,137.312650399337,140.543432153396,3.23078175405841
"74067",182,151.750587454246,152.613488178353,0.862900724106879
"79416",137,136,136,0
"80312",276,184.926247259817,180.203296906394,4.72295035342306
"97146",256,256,256,0
"75166",140,71.8647626427821,83.6766734452474,13.2627699322212
"102729",260,260,260,0
"7500",108,101.919527545006,101.895806270402,0.0237212746041131
"78345",317,317,317,0
"79080",720,720,720,0
"79404",87,86,86,0
"78119",143,143,143,0
"90621",210,194.422138790218,195.331340675312,0.909201885094627
"6124",183,72.7314231451599,86.1548673715581,13.4273857413991
"78888",387,386,386,0
"7504",107,87.104615201336,85.9349496108383,1.16966559049776
"79213",496,496,496,0
"76608",443,442,442,0
"75172",49,49,49,0
"78344",59,31.7712354563252,32.2136953599796,0.442459903654449
"90683",230,180.331892484496,181.807964683703,1.47607219920732
"90700",367,367,367,0
"104917",195,136.850560306275,140.99270181742,4.14214151114447
"103335",122,16.0540619747765,17.4837610442187,4.26375135157987
"7562",93,64.7269383524371,63.4612897805634,1.26564857187366
"76716",63,40.0703365178606,63,22.9296634821394
"79385",347,279.795225160924,283.210808607282,3.41558344635855
"80307",55,36.7375319492098,37.2689249071369,0.531392957927074
"90670",116,116,116,0
"78304",127,71.1000203273255,68.3608651917231,2.73915513560235
"95040",49,26.7751133409469,27.8566747634615,1.08156142251454
"90650",106,13.4496179616781,16.0590379043378,2.6094199426597
"6322",283,189.806853307665,192.723407768777,2.91655446111213
"74584",236,196.587183427108,192.703127782368,3.88405564474054
"8193",209,202.315239373244,202.590657570611,0.275418197367764
"103215",481,131.122305272346,129.243846512123,1.87845876022258
"90807",182,182,182,0
"75163",72,48.0521591009779,47.5038242166767,0.548334884301272
"73715",228,94.6979140916368,98.2623405286221,3.56442643698537
"7503",66,58.1930413056753,57.7787948831662,0.414246422509081
"97195",21,12.7103417944191,12.5545547050066,0.155787089412473
"102722",230,218.850140836757,219.214377086123,0.36423624936644
"91286",35,32.5051324713259,32.5585971204106,0.0534646490847469
"78871",377,327.923961390453,335.008045392271,7.084084001818
"76502",137,82.3157106166722,83.8480111182453,1.5323005015731
"91334",151,112.101395423028,109.253055311387,2.84834011164143
"102082",73,19.6626959447579,18.3283916335159,1.33430431124194
"92753",297,286.702390589918,286.5759945909,0.126395999017922
"103309",114,105.065693979079,105.290719866885,0.225025887805903
"105236",76,69.7703729886278,70.1950663800006,0.424693391372849
"90630",208,208,208,0
"74061",433,410.973164754441,411.484562616485,0.511397862044399
"105357",156,127.192257857251,125.262254599014,1.9300032582366
"96444",131,108.35133370409,106.626334192023,1.72499951206732
"102085",76,76,76,0
"90803",240,240,234.058383178288,5.94161682171215
"90611",347,347,347,0
"79073",46,44.2523043102742,44.1405462397795,0.318243886831868
"97155",22,13.4114806953236,13.5502669731171,0.138786277793427
"90791",268,268,268,0
"103195",185,167.069308296348,168.916321374293,1.84701307794483
"80174",278,194.409691758206,200.818961989552,6.40927023134591
"90342",258,245.5636684868,246.62531295494,1.06164446814015
"105434",451,451,451,0
"97200",169,108.744153403826,110.07505044489,1.3308970410643
"7501",155,85.023938156935,86.7578964783221,1.73395832138712
"90622",108,22.0288639113894,81.6604813190895,60.7036079732564
"75174",159,159,159,0
"97121",142,84.3297493973654,82.0788965811453,2.25085281622009
"91358",262,262,262,0
"7556",123,94.85092914343,95.8814094659619,1.03048032253193
"105237",46,24.4671349706663,25.6881143986582,1.22097942799199
"105362",241,30.8474311802732,30.2068445943681,0.640586585905192
"102083",59,59,59,0
"74882",278,80.0648746908522,84.4658907564477,4.40101606559558
"97488",201,177.234067988129,175.763810224007,1.47025776412204
"74877",336,37.8331310789868,268.680810914687,230.8476798357
"92586",135,135,135,0
"103349",200,186.449016773712,186.820033016958,0.371016243245684
"78906",238,238,238,0
"80177",143,107.7532425356,110.515599589783,2.76235705418269
"105364",154,121.548320841027,122.243219276959,0.694898435931554
"79086",514,514,514,0
"97160",122,82.0330978725381,79.7796671144603,2.25343075807771
"79039",643,643,643,0
"76613",397,397,397,0
"74396",167,105.47613858333,107.220991082204,1.74485249887403
"74392",135,111.211934660054,112.641490049815,1.42955538976096
"79030",169,137.567605195725,155.236524671787,17.6689194760629
"102743",125,110.202953445746,112.628538001863,2.42558455611675
"78120",86,53.3352347802341,52.4628785356495,0.872356244584613
"105235",327,327,327,0
"92754",176,176,176,0
"95039",96,84.4407866162681,83.5927087676679,0.848077848600237
"92769",86,71.788480367706,70.6166801151781,1.17180025252786
"80305",293,293,293,0
"80180",334,298.070794500428,301.257908214318,3.18711371389054
"91278",191,170.238233353359,169.094485171959,1.14374818139983
"97134",136,87.3712048991946,85.6378453653569,1.73335953383762
"90794",210,210,210,0
"92584",209,209,209,0
"78117",563,563,563,0
"8175",139,108.906144648367,102.604780563983,6.30136408438353
"79214",421,421,421,0
"6156",175,164.824119320391,164.964839088278,0.140719767887144
"92575",241,176.175695171684,168.779717163976,7.39597800770834
"104990",280,280,280,0
"78717",437,350.851633859831,355.239352688659,4.38771882882758
"90711",247,247,247,0
"92505",66,40.1187265600718,39.9390323575323,0.179694202539487
"104992",110,102.470724119673,110,7.52927588032748
"78873",411,411,411,0
"102087",220,193.073286046963,190.033962702688,3.03932334427555
"78714",116,85.9970962883308,87.9818682306237,1.98477194229289
"7511",56,34.6810157263751,34.1824583410165,0.498557385358632
"90612",109,98.4006212287026,99.013240904988,0.612619676285384
"97139",161,87.7354597478674,89.6894969693027,1.95403722143523
"7571",68,37.6794123618332,38.3565783575293,0.6771659956961
"79390",172,63.1926551435051,63.2254130071438,0.0327578636387639
"78342",88,70.7527541015882,71.7041548544988,0.951400752910611
"73696",386,269.922858760593,279.568565297779,9.64570653718605
"104676",275,205.350121269022,207.295799774943,1.94567850592132
"74074",151,151,151,0
"93895",374,374,374,0
"79043",314,254.9478798841,292.789024873261,37.8411449891615
"92755",59,33.761027704101,33.4630631560767,0.297964548024373
"92506",126,72.2950183808523,69.8387026504712,2.45631573038105
"95036",130,76.9756326586404,80.5314553188892,11.7850335689682
"91242",229,205.87930016261,206.397182786291,0.517882623680934
"80178",243,148.561960473755,141.785566362571,6.77639411118388
"97487",88,74.2599396530877,74.3666047188275,5.22478784114201
"102711",171,40.6986849713525,37.6582468542639,3.04043811708855
"74393",70,70,70,0
"91250",177,177,177,0
"91303",95,27.9727961267338,26.4970631750984,1.47573295163537
"74387",71,14.4488806141547,12.7860582228207,1.66282239133403
"97158",70,57.2561453169615,57.0353938224655,0.220751494495965
"96449",127,81.2607424002026,79.6505628982386,1.61017950196403
"103205",311,311,311,0
"79408",224,223,223,0
"103225",545,264.087632046728,278.899191136291,14.8115590895627
"92591",159,147.480395091597,146.625298928457,0.8550961631406
"74395",109,61.9711937975664,63.1900758668344,1.218882069268
"79396",196,170.300711339423,165.100063264692,5.20064807473039
"7754",36,23.1919585473529,23.3084435854168,0.116485038063915
"97123",143,95.6268210418117,93.2033711482704,2.4234498935413
"95038",112,70.2437882248305,69.0094617837672,11.1754435409659
"105439",259,175.185257424279,179.413974344702,4.22871692042271
"102737",219,219,219,0
"92774",63,57.4372202450381,57.6328901223557,0.195669877317684
"7568",53,32.0586555858351,31.5700553521094,0.488600233725723
"74071",251,161.942040398682,158.023402944349,3.91863745433328
"102706",80,80,80,0
"79096",384,291.661867206445,293.77436626242,2.11249905597476
"90646",194,194,194,0
"90628",116,116,116,0
"7432",445,445,445,0
"7473",191,177.558982472184,191,13.4410175278163
"102709",167,163.364994697537,167,3.63500530246293
"102705",296,296,296,0
"92504",178,132.853123792296,129.239721621931,3.61340217036466
"79373",560,507.928853655069,560,52.0711463449306
"6358",256,142.525207042415,139.380740371995,3.14446667042063
"90645",221,54.7734898354289,210.442542041176,159.240909510331
"96452",283,179.51605764388,183.127217995329,3.61116035144845
"90653",289,289,289,0
"73891",263,214.464568432461,218.984689911162,4.52012147870111
"78346",97,55.2177783628134,55.9391119269635,0.721333564150083
"97201",117,78.3693786973581,77.8127276177786,0.556651079579498
"74578",84,51.5991720840564,50.6660795733692,0.933092510687273
"97161",103,72.3466286277761,73.1755680428698,0.828939415093642
"76505",324,176.75737990708,182.006200782031,5.24882087495139
"74926",261,252.108570699099,252.029033708055,0.079536991044101
"8321",51,51,51,0
"90613",108,108,104.071423703969,3.92857629603109
"96448",104,68.5380155790526,66.5996025232486,1.93841305580404
"79401",118,93.0725262809442,93.2133251577508,0.140798876806664
"74389",219,219,219,0
"97117",158,87.9273207477297,85.7797608166897,2.14755993103996
"93872",109,95.8362611824172,98.4784256678467,2.64216448542956
"78116",332,332,332,0
"7557",83,77.2855515637588,76.6867904648571,0.598761098901728
"92589",400,400,400,0
"97486",94,50.8443258485437,49.9132050741866,1.18704511833558
"90614",39,35.8020947211443,35.8174794444625,0.0153847233182474
"79218",302,300,300,0
"105238",215,52.2923459564613,54.7001015980775,2.40775564161619
"7495",231,231,231,0
"97551",48,35.3373458962128,35.4020900286902,0.0647441324774174
"102707",181,161.35800124764,159.111324962814,2.24667628482565
"103345",160,160,160,0
"90649",78,72.6185601802694,72.6544575478501,0.0358973675806781
"103211",187,182.052806211858,182.456198142285,0.403391930427007
"90421",313,313,313,0
"79031",314,314,314,0
"78302",86,72.1223563913266,73.1788672831678,1.05651089184128
"92750",51,26.675473754078,25.5836819464861,1.09179180759194
"93879",372,372,372,0
"78875",322,322,322,0
"103318",152,140.596252189509,140.862336407304,0.266084217794775
"97129",108,83.3858274386012,81.4672976647061,1.91852977389511
"97490",90,67.4708572166839,69.8662617188199,2.39540450213599
"74879",346,247.786606705364,239.971499348918,7.81510735644583
"91285",83,52.8200915109895,53.291619680108,0.47152816911854
"78922",220,220,220,0
"102091",142,67.1775871587729,71.2136392825911,4.0360521238182
"80310",181,98.3970506034688,100.5472893691,2.15023876563074
"92632",278,195.374640329768,196.358420210508,0.98377988074049
"97485",184,153.43491232886,150.554114238821,2.88079809003891
"75165",60,40.6511780776927,34.0345582028744,8.06986829071566
"104784",162,111.265863327312,114.042206099982,2.77634277267066
"7585",87,44.3055005270743,43.8902653347127,0.461610851086898
"6123",226,151.028661746121,145.189559272909,5.83910247321253
"78303",134,134,134,0
"102742",41,39.3514630242224,39.4265225339312,0.075059509708837
"74911",264,84.9643053872035,90.0672456333915,5.10294024618809
"92579",348,348,348,0
"76503",127,84.8799768547612,83.2795432223528,1.60043363240841
"74883",233,219.024834255759,217.219399359499,1.80543489626061
"90682",333,333,333,0
"78336",211,130.49731911735,132.247930485599,1.75061136824874
"79215",446,446,446,0
"103351",307,267.242435695087,271.491640723934,4.24920502884722
"102086",30,30,30,0
"97495",71,53.2655979829858,52.6161562913014,0.649441691684395
"97162",53,40.4703672787454,39.9951345090925,0.47523276965291
"90671",174,174,174,0
"90796",180,168.686010940183,180,11.3139890598173
"7631",354,354,354,0
"90808",114,113,106.662253978481,6.33774602151933
"74302",347,297.279820261188,300.298756515917,3.01893625472974
"104792",84,43.4894523504544,45.1880649154218,1.69861256496742
"90813",77,54.5920071278949,20.7880576054031,36.5682824599295
"6155",337,283.09819470333,284.310077712185,1.21188300885464
"79074",302,302,302,0
"80308",211,172.737235357486,175.475482574355,2.73824721686897
"105363",90,89,89,0
"102089",153,87.1771136182016,89.4831971647508,2.3060835465492
"8241",256,168.308512177612,160.840220906962,7.46829127064923
"91272",316,316,316,0
"80175",123,83.464943606213,80.2481423601573,3.21680124605572
"78716",206,166.817505879789,162.581247108576,4.23625877121315
"74055",211,175.089399901561,173.0131209004,2.07627900116124
"74053",262,262,238.438521435911,23.5614785640887
"79028",398,361.355674795801,398,36.6443252041989
"78864",82,50.0518572844222,48.3494808520375,1.70237643238469
"90709",256,235.117227443328,235.989155816684,0.871928373355486
"90667",82,82,82,0
"90617",142,142,142,0
"74567",232,160.241630973419,154.229225369419,6.01240560400021
"96453",226,170.441606912574,174.199317470713,3.75771055813889
"91315",84,84,84,0
"102741",53,53,53,0
"105368",48,34.1788286577039,33.2013004956616,0.977528162042214
"74945",172,134.013883877208,128.721215464251,5.29266841295734
"97202",68,50.6898962109444,50.1972463631788,0.492649847765602
"78340",181,114.909784363428,112.639727932037,12.2720034362082
"97147",61,39.2044611925725,38.4156980387643,0.788763153808127
"73701",302,223.27920079256,223.192848137745,0.0863526548145303
"75162",127,60.647420788716,67.1351620775124,7.71779114064899
"96447",58,44.2162490889676,43.4553082438725,0.760940845095079
"8154",161,145.446057552575,143.165354172464,2.28070338011126
"7554",126,68.0853697511388,65.887926149973,2.19744360116586
"104933",156,89.8002745806728,92.1393919279817,2.33911734730892
"92577",204,144.437387858456,63.2673792203769,140.257229821617
"79072",522,522,522,0
"97550",102,94.2388244194721,93.7257155836058,0.513108835866276
"102718",278,273.411532182077,273.576257363471,0.164725181393588
"78351",134,134,118.530601319055,15.4693986809451
"105413",320,277.951456834177,282.023329780501,4.07187294632459
"79379",367,311.614788313253,314.998543579709,3.38375526645577
"103312",209,191.547994476146,192.209198467971,0.661203991825353
"79314",616,616,616,0
"75159",112,61.8360946251086,63.9292619426944,7.18321295555873
"103307",250,250,250,0
"74068",225,225,225,0
"92752",45,32.477224884667,32.2415631200559,0.235661764611041
"92570",161,114.736231243918,113.187562049544,1.54866919437452
"73899",122,55.2853559791539,54.3872389296198,0.927593718072923
"74385",80,80,80,0
"79209",121,114.024714789519,115.386347420377,1.3616326308577
"103199",146,146,146,0
"74305",317,282.310604030351,284.27527271493,1.96466868457885
"74388",225,225,225,0
"78333",125,105.940120426276,108.126857968106,2.18673754182978
"90798",335,55.4230920328171,49.150837275624,6.27225475719313
"78301",143,76.7142973905579,63.6855580205449,107.511041893507
"97145",107,90.6926988965341,89.5688541404033,1.1238447561308
"79317",528,528,528,0
"92502",82,66.7709917793575,65.5077819073347,1.26320987202277
"74390",166,166,166,0
"78118",295,295,295,0
"73883",121,106.271142145917,104.136131929559,2.13501021635807
"7651",260,238.99626132742,260,21.00373867258
"90697",241,240,240,0
"7561",277,218.618590402797,220.58539683655,1.96680643375392
"7572",58,40.0613987557875,39.2108893962388,0.850509359548708
"78115",175,136.649860358112,137.724666497723,1.07480613961141
"79376",147,101.393150360268,97.2067594761631,4.18639088410491
"7633",440,440,440,0
"90793",123,123,123,0
"7474",72,72,72,0
"104896",252,138.350006019576,132.616009569506,5.73399645007018
"92498",138,63.8418933904054,63.8521263352846,0.0102329448791993
"90616",120,74.4411584461843,73.8102501882754,0.630908257908939
"79217",375,375,375,0
"104906",301,301,301,0
"97203",114,96.7071883667379,92.3071279148424,7.21761644284578
"90609",100,75.9089953235955,76.640762570496,0.731767246900537
"8189",240,144.503041986751,151.77731064834,7.27426866158989
"92625",185,99.8388533833932,72.0188560762252,28.5447305875275
"6154",202,202,202,0
"90607",76,73.2781481775952,72.9668296802064,0.311318497388825
"92518",216,116.255051259034,119.142133260926,2.88708200189213
"80173",168,151.272279947573,152.812338810374,1.54005886280055
"97492",57,30.6321284167184,31.3140783781313,0.681949961412908
"79405",176,176,176,0
"97164",147,107.001907353011,107.284085270416,0.282177917404724
"92581",220,220,220,0
"73755",146,117.480649028279,118.032014296178,0.551365267898688
"103197",193,193,193,0
"90704",172,172,172,0
"7558",84,70.4329713589052,69.9654784829636,0.467492875941586
"78357",144,66.592553114599,66.501770729745,0.0907823848540755
"74307",270,270,270,0
"7635",318,230.337744607809,237.27771186496,6.93996725715121
"90606",171,171,171,0
"97556",95,75.3079010392721,74.7989311790395,0.508969860232698
"105366",244,56.9227051463247,53.4352516712076,3.48745347511712
"76611",289,267.097125277668,289,21.9028747223316
"102088",93,93,93,0
"97163",98,68.8673471888913,68.4979939858572,0.369353203034085
"90651",125,115.741933703395,114.347075308523,1.39485839487223
"73872",301,268.240566355628,267.013548852725,24.713870358397
"78300",120,94.7836880819795,96.1813887030141,1.39770062103466
"97553",101,90.4699886616013,89.8313735630982,0.638615098503022
"80311",172,156.049533396705,28.850100002845,132.26633654935
"93888",252,128.035212422365,132.361141687428,163.030839090175
"102710",150,94.5996242303386,96.9905583908941,2.39093416055552
"92574",267,236.777690005078,230.049277780205,6.72841222487331
"7704",71,64.7085825775166,64.25406755442,0.454515023096643
"76605",646,598.598688664189,646,47.4013113358108
"76504",72,33.2305343014845,32.375776420595,0.854757880889429
"102090",137,94.327733586017,92.4576550430908,1.87007854292627
"79367",244,180.117052299313,183.200716396541,3.08366409722815
"105239",83,40.3706042467075,41.8019841226327,1.43137987592521
"102740",126,95.0501535147024,93.4787678269437,1.5713856877588
"74570",142,79.9611733578335,75.5229164164624,4.43825694137101
"97143",61,48.3232084142547,47.4132993483093,0.90990906594539
"103230",408,338.177362877813,345.687663413092,7.5103005352791
"74076",108,36.2764998089454,39.0190659022106,2.74256609326523
"92272",199,193.420795204476,52.0246827608138,142.745180730866
"92263",332,313.398756737882,315.85702785208,2.45827111419766
"78349",154,102.159703068581,103.332798076882,1.1730950083008
"79370",209,180.341219431293,183.088715164387,2.74749573309365
"92260",146,48.7751202587109,146,97.2248797412891
"102730",158,158,158,0
"7551",131,82.3965060299702,83.2207679810408,0.824261951070614
"103299",62,18.7390404820144,21.1696416810714,2.43060119905704
"97554",37,37,37,0
"97489",97,72.6030354820336,68.4703635427751,16.4568638201675
"79386",151,125.305375285474,119.000127054661,6.30524823081309
"90805",144,144,144,0
"97132",107,73.0132414176688,71.6493675510692,1.36387386659955
"90676",186,181.383748009756,181.392511842844,0.00876383308861294
"90652",162,147.082075624132,147.704119911207,0.622044287075584
"97555",75,62.4961804806785,61.9727131657428,0.523467314935689
"105005",487,406.460367491062,409.381812064377,2.92144457331462
"97552",56,43.2700699349008,43.2757082781501,0.00563834324930876
"97135",135,94.9802853229682,97.0017051800534,2.02141985708519
"92583",209,188.388008655137,189.512840078934,1.12483142379667
"79210",184,184,184,0
"74943",222,213.945133032987,213.911710449948,0.0334225830383128
"79380",360,246.600610050333,237.956828177786,8.6437818725466
"92501",189,119.007048019879,114.635797199364,4.37125082051459
"76621",308,253.252901884108,252.275682796561,0.977219087546791
"75175",228,228,228,0
"92751",283,261.048193305578,261.9457053351,5.03694571586729
"74931",350,315.806872987715,312.791244751995,3.01562823572013
"74582",170,170,170,0
"97196",93,78.053293040338,83.2054341113502,10.3404085726855
"96445",70,55.6639253694639,58.3110217051129,10.8067679431739
"92503",300,259.562103976326,255.123893751083,4.43821022524343
"97549",66,50.6926685270407,50.3173718564128,0.375296670627906
"93882",242,225.620811794998,242,16.379188205002
"74934",337,306.883827304935,304.685696345792,2.19813095914263
"97130",101,63.5991284796193,62.3556835148281,1.24344496479124
"97628",52,35.5408619175788,35.1918468127288,0.349015104850038
"78869",289,242.008459396134,274.231065822052,43.4005131835313
"74073",263,181.824874565687,187.69018138721,5.86530682152334
"92572",79,51.1147054670452,52.1077257248406,0.993020257795344
"90786",349,349,349,0
"97165",87,62.5821406015453,62.3730907224829,0.209049879062372
"80303",65,29.8535127136232,31.2701762589368,1.41666354531352
"79395",338,297.829274139797,295.230506891898,2.59876724789903
"78355",216,185.629671020642,184.262035753006,1.36763526763668
"92499",128,119.126798743143,128,8.87320125685664
"97125",104,96.0006590350339,95.827379008535,0.173280026498913
"79319",227,227,227,0
"102329",204,89.2006813789585,83.8714899420861,5.32919143687236
"96455",169,146.19386776784,147.009431397761,0.815563629921284
"78353",59,32.4457658738031,32.9603772971495,0.514611423346411
"97491",274,222.25035460768,215.195702801976,7.05465180570401
"102094",165,113.728836301866,111.328867204251,2.39996909761475
"92514",86,11.646223919075,75.1848997279359,66.367371347143
"6117",203,190.577443830583,190.251243734269,0.326200096314199
"90615",121,73.7151707924867,79.7836551219186,6.06848432943185
"103255",537,537,537,0
"92497",203,170.284139577945,165.955855482151,4.32828409579474
"92576",149,148,141.692801023187,6.30719897681301
"76554",449,394.23589267191,399.641060527535,5.40516785562502
"79372",61,44.634142974493,43.655945055352,0.97819791914103
"74386",25,20.5353157361905,20.0905136534781,0.444802082712367
"74564",139,112.177033619303,118.714855258678,20.8934546958367
"105375",80,43.4940902157704,45.1615464835587,1.66745626778832
"7493",221,171.625053005434,165.194430365873,6.43062263956106
"74952",394,307.937623258184,311.732386042273,3.79476278408885
"80306",110,73.5420171566812,75.2544932220417,1.71247606536052
"78883",413,413,413,0
"92523",74,57.2072309845897,58.6615510194921,1.45432003490242
"74063",239,143.298193474094,146.186131583166,2.88793810907271
"74936",204,181.257576547705,179.230410376428,2.02716617127694
"79087",694,694,694,0
"105369",61,46.4301806508116,46.532195624789,0.102014973977347
"97166",52,32.1911424772694,32.0193026579695,0.171839819299853
"7472",45,45,45,0
"80302",291,202.745261099266,197.865509540573,4.87975155869273
"80300",130,76.3381606198442,75.4087388911733,0.929421728670874
"92510",204,155.173657994955,149.302465091685,5.87119290327002
"79036",398,343.906233197248,345.390833639643,1.48460044239423
"92500",108,86.8471007761647,86.9905900393248,0.143489263160105
"92258",130,113.174333829006,111.01850133343,2.15583249557579
"102093",113,113,113,0
"102092",101,87.0815289179594,101,13.9184710820406
"7431",345,321.09604835437,321.862683322968,0.766634968597238
"97566",58,43.8680443155332,42.7247669652449,1.14327735028834
"7464",115,115,115,0
"79211",307,307,307,0
"104880",175,156.286703634233,158.514263348336,2.22755971410312
"104785",272,239.128047200065,240.903677284425,1.77563008435971
"90800",214,178.707892296048,176.330008449391,2.37788384665792
"97563",58,45.2060034656803,44.2808557730143,0.925147692666032
"90648",234,234,234,0
"92972",412,382.90773560224,412,29.0922643977596
"7548",183,165.890286629463,168.244088456687,2.3538018272238
"76630",355,355,355,0
"102865",242,186.676202239264,188.023223615146,1.3470213758818
"97137",143,99.5575727085338,96.6855586931757,2.87201401535802
"92521",40,30.5556525663191,31.0210938994504,0.465441333131318
"78880",450,415.757970050991,450,34.2420299490086
"7566",186,186,169.986562546289,16.0134374537115
"104677",578,578,578,0
"105370",101,69.6526075559926,68.4436767521899,1.20893080380273
"73881",170,91.6876364310928,95.0156296588266,3.32799322773377
"78299",203,203,203,0
"79077",187,187,187,0
"103208",136,136,136,0
"90608",149,142.290300300065,142.643878160158,0.353577860093227
"92748",95,43.8559713390395,51.565730422876,60.8665514158966
"97149",80,73.9840213659762,73.7588400589881,0.225181306988095
"92768",402,347.923435230932,342.815788121961,5.10764710897026
"105422",169,102.042953149395,106.083728022077,4.04077487268271
"90605",196,196,196,0
"97141",141,87.9455513117616,88.0224475594055,0.0768962476439101
"74568",152,90.5768933299159,92.0473037078466,1.47041037793071
"74391",239,150.607411391549,153.580703989874,2.9732925983259
"79369",83,46.3767418992775,44.5345313491795,1.84221055009802
"97119",108,81.5568900688859,70.6715655501548,11.4381637544785
"105240",199,160.959935635465,161.618392111989,0.658456476523994
"96459",268,268,268,0
"76603",401,121.277899721741,282.530884802294,232.615176868321
"74059",186,157.195403745908,158.992942584854,1.79753883894671
"78348",122,90.1504302278022,88.8784848296459,1.27194539815631
"103214",478,478,478,0
"76552",483,404.607162679147,408.532908416672,3.92574573752572
"102331",115,30.6437137487651,30.754206664982,0.11049291621687
"96454",105,68.8156218153627,71.5426627532284,2.72704093786572
"92973",296,250.74194908496,255.229166120051,4.48721703509148
"79315",268,268,268,0
"103194",135,135,135,0
"92509",192,151.037997269484,151.921769132541,0.883771863056414
"105241",138,84.2751960040718,85.7378107948201,1.46261479074831
"75156",96,84.0899328847838,83.431265670562,0.658667214221857
"90664",253,240.115678046959,240.526353568339,0.410675521380024
"103308",172,172,172,0
"97624",102,89.5042934208981,88.8665396352699,0.637753785628162
"79206",147,51.2674528423114,49.4834531444816,1.78399969782984
"103236",607,549.194738857544,555.950633519521,6.75589466197721
"80309",266,188.018458235018,180.649053237779,7.36940499723898
"80301",175,130.715686239084,132.305436425654,1.58975018656986
"103217",316,288.992846240748,290.312320777266,1.31947453651812
"102328",137,114.99413881123,117.660254314003,2.66611550277327
"76616",429,429,429,0
"90610",42,42,41.2424282559288,0.757571744071226
"74947",342,247.955849630556,252.50572118475,4.54987155419354
"73914",420,420,420,0
"97558",35,32.4190820649892,32.3833747683298,0.0357072966593695
"78915",126,126,126,0
"93896",286,165.462577836087,172.402498731804,6.93992089571684
"92495",128,91.319379809881,94.8445084905715,3.52512868069047
"6121",91,51.1025282168973,52.4496671509389,1.3471389340416
"79383",154,135.392523730001,129.075714735928,6.31680899407251
"104787",86,71.0953142705638,69.8589349124709,1.23637935809286
"90790",273,273,273,0
"90710",190,190,190,0
"104788",144,105.864250009418,102.04908077698,3.81516923243792
"97493",75,33.7470788397218,33.5319895435115,0.264167466936077
"103314",288,254.633301358766,248.494558131038,6.13874322772836
"6153",308,308,308,0
"76506",146,81.6488610356925,77.0397382646802,4.6091227710123
"79365",184,134.050203794231,136.525801964154,2.47559816992307
"76545",272,272,272,0
"97618",40,27.8926533764742,28.0420018971437,0.149348520669437
"103303",129,126.720393331101,106.756257908663,23.0657097399181
"73694",339,175.796179489601,147.465351627179,28.3308278624222
"74077",281,227.454684793782,223.459487622743,3.99519717103855
"105365",147,86.8241381487548,61.7284235612864,76.7664178938562
"103201",156,156,156,0
"103306",87,56.6738783435698,53.5889050500105,3.08497329355932
"105431",364,364,364,0
"97564",58,53.4376446658584,53.1579686331603,0.279676032698067
"79070",234,234,234,0
"74580",138,87.4864518443373,83.1487627551541,4.33768908918319
"7555",194,103.950294177871,92.9510188254032,119.099200287127
"92494",195,72.9359573837582,139.489226137294,66.5532687535355
"78298",268,29.7563767153816,238.849053380065,214.19420509185
"92254",85,53.2627266489466,52.4816734432864,0.781053205660222
"90669",275,273,273,0
"92578",208,59.8531279838409,69.1235753040495,16.4566388906392
"78850",325,229.27920711765,236.825640523335,7.54643340568561
"92519",74,47.4525177087715,48.1806058137168,0.728088104945319
"103221",373,253.143351356012,258.90926736382,5.76591600780809
"97167",121,73.7898943276528,74.4814441382363,0.691549810583469
"73754",226,218.248117827688,226,7.75188217231225
"92253",164,163,163,0
"75150",109,79.6702881831814,77.0527622868663,2.61752589631509
"102326",117,96.432693351368,97.7331634018898,1.30047005052184
"97567",73,73,73,0
"92277",132,132,132,0
"74583",146,146,146,0
"93894",139,139,139,0
"102096",82,62.2052240541179,60.5613143474989,1.64390970661905
"78297",216,216,216,0
"97570",58,56.0826551717688,56.162219284334,0.0795641125651193
"104798",99,95.6500381642454,95.9154711444755,0.26543298023009
"79320",425,358.933774011083,362.999106560593,4.0653325495096
"79371",147,117.259740012215,112.470182426121,4.78955758609331
"78356",127,104.930573049848,105.781019328398,0.850446278550185
"97494",110,83.273570664696,83.2759661476988,0.00239548300280391
"97561",115,106.069912437998,106.000906673587,0.0690057644112774
"78927",121,111.312599304161,111.141012891785,0.171586412375358
"105437",317,193.052601412418,199.762693605681,6.71009219326307
"102333",114,112.373828411434,13.6964179062072,98.6774105052263
"97557",90,58.5557397168115,57.3290303815935,1.22670933521802
"90795",266,108.273178000152,122.025688636332,13.7525106361801
"90696",253,231.08443828901,231.940201508972,0.855763219962269
"79216",485,485,485,0
"97133",106,71.2804411034278,69.2440392727056,2.03640183072223
"102327",130,55.6949358387827,77.0914349255849,68.5874233759777
"79378",217,204.318942553401,201.243493037383,3.07544951601737
"97107",37,23.1772711414085,22.67830036639,0.498970775018472
"74039",131,64.2498800738968,67.2271729618871,2.97729288799025
"78928",577,410.88284281039,419.247053902532,8.36421109214161
"102332",128,124.106286962538,128,3.89371303746237
"90659",170,170,170,0
"90654",382,362.683434067991,363.671299571706,0.987865503714667
"74574",132,29.0857669909686,8.51145602011103,20.999459356043
"102732",141,141,141,0
"80304",235,146.937795906259,148.711385394913,1.77358948865404
"7430",190,171.932501700487,172.946058686708,1.01355698622051
"97560",45,27.8469690790775,28.4025681925275,0.555599113449968
"75148",77,69.3343032145685,68.7858690203242,0.54843419424437
"96451",145,75.1083231589716,73.5803133290892,1.5280098298824
"79069",650,650,650,0
"97169",102,93.0529406186764,93.0211963285895,0.0317442900869115
"79377",138,83.7284652798741,79.8459345522022,3.88253072767187
"92282",173,173,173,0
"78361",146,91.4572769846615,91.9446954609794,0.48741847631789
"79318",480,480,480,0
"75155",155,75.2532927665742,76.736571817483,1.48327905090884
"97148",53,35.6212073611043,35.1035376493915,0.517669711712802
"90684",323,309.787339662761,310.260845072033,0.473505409271287
"74382",330,329,329,0
"78886",261,107.392775802877,104.361106363725,3.03166943915137
"74906",417,255.285215806647,261.865983139161,6.58076733251458
"7636",340,253.725100155555,261.26072106664,7.53562091108468
"105367",60,42.7944383547675,43.8075157954406,1.01307744067308
"79366",198,101.516221824555,105.584004200567,4.06778237601161
"90668",106,104.432706721917,51.3004816675136,53.9580664430073
"78844",449,449,449,0
"74927",186,172.198404831838,171.382404260606,0.816000571232009
"79368",390,390,390,0
"97572",81,64.8326929276374,65.179462326756,0.346769399118552
"92569",213,88.0570984502875,91.9739076442842,3.91680919399675
"102744",164,164,164,0
"76546",120,120,120,0
"74056",167,102.609656558548,104.910824822096,2.30116826354868
"105446",416,291.222036141475,296.741595605212,5.51955946373695
"97022",57,34.3215753629517,34.3306832155128,0.00910785256109613
"90778",339,339,339,0
"92515",350,145.281372335177,147.309470956736,2.02809862155857
"90666",36,32.764138957184,32.6943922659003,0.0697466912836376
"79402",169,146.950867435307,147.772915151197,0.822047715890206
"73859",271,224.259194040696,228.331485623808,4.07229158311212
"97622",47,36.8720943124207,37.3468480750649,0.474753762644266
"104931",130,119.200797371755,130,10.7992026282448
"97170",130,97.837232439203,96.5202063937435,1.3170260454595
"74381",202,92.5083389110505,89.9674178337289,2.54092107732159
"79208",405,405,405,0
"74384",25,19.6129712488552,19.255522015068,0.357449233787237
"79088",297,297,297,0
"92571",233,223.456451350272,223.812956596189,0.356505245916894
"96461",194,94.9067687424955,97.8229357354371,2.91616699294149
"103296",466,315.535341983237,305.451385720259,10.0839562629787
"102095",125,116.14619341348,116.331022648202,0.18482923472193
"76507",169,83.7712748196979,87.6423740048055,3.87109918510765
"102728",117,106.279993661456,108.074878891796,1.79488523034037
"97024",104,89.6288723732445,89.7960221560611,0.16714978281662
"97023",56,56,56,0
"90799",202,202,202,0
"6118",191,185.022593342687,182.62402311929,4.99490503656343
"7481",110,106.861650854197,73.0530111888393,34.4323988033874
"90663",93,93,93,0
"102724",298,201.365936312264,204.102200696391,2.73626438412626
"90785",201,201,201,0
"102099",229,145.708225996793,152.101275355998,6.39304935920589
"93893",728,728,728,0
"92270",133,125.970846376626,128.426681261313,5.87761416858415
"97565",47,34.2163451617196,39.4245828360743,9.40595127884108
"73890",189,98.3414336048976,102.191417070217,3.8499834653197
"79212",106,106,106,0
"74380",164,91.7827572164898,94.1604947617747,2.37773754528496
"74052",261,235.928652513637,233.270713858722,2.6579386549142
"78863",197,119.388189894071,118.776624243057,0.611565651014241
"80297",283,283,283,0
"102712",364,259.961647810374,266.268373798438,6.30672598806446
"78354",149,88.2195792229799,86.2620587147527,1.95752050822716
"102324",87,49.5661661468503,46.981162138784,2.58500400806624
"97025",32,20.3436927244469,22.0394148155259,7.43893994437237
"74920",319,102.36723088967,107.129784560683,4.7625536710133
"103302",76,76,76,0
"78885",200,182.250117715429,183.736760271127,1.48664255569804
"97204",100,65.7102898333817,64.2814590028745,1.42883083050718
"92275",109,109,109,0
"80299",57,49.3281184350018,48.371174404279,0.956944030722789
"105371",124,64.6070729733996,60.8852392008833,3.72183377251638
"92496",341,261.51881955074,266.21367579149,4.69485624074983
"7550",82,46.4165325955937,48.0549949834406,1.63846238784692
"7553",72,65.5782807071389,66.6066420967351,1.02836138959621
"79306",1026,1024,1024,0
"97103",92,58.540686043727,57.3845027228133,1.15618332091374
"76610",136,136,136,0
"92777",341,341,317.420659082884,23.5793409171159
"7462",215,165.783644407737,171.612942055287,5.8292976475495
"78296",96,20.9254160978558,18.609381838171,2.3160342596848
"76626",627,627,627,0
"97573",128,104.22535375254,103.926489358516,0.298864394024355
"97559",98,75.0516852441422,74.5570670747847,0.494618169357534
"79387",252,208.532240914679,202.620263849696,5.91197706498337
"79363",90,79.7059273135623,78.5529699893634,1.15295732419895
"74558",154,53.4243912767912,97.9233467147444,117.267583236753
"74308",120,120,120,0
"97172",85,74.5895769266888,74.2138044728461,0.375772453842746
"6119",109,109,109,0
"80298",177,109.729839554134,108.275777040534,1.45406251360086
"79203",130,130,130,0
"75154",186,185,185,0
"105373",133,63.9952197511478,62.5133004437672,1.48191930738057
"73885",106,83.1434301102116,84.3264395163493,1.18300940613768
"7494",212,212,212,0
"79204",478,370.942326237668,372.662576722242,1.72025048457416
"76643",316,316,316,0
"92749",152,129.573483163797,129.823306142914,0.249822979116941
"74571",282,196.514854433353,211.490513267723,45.741168097415
"79091",85,85,85,0
"97026",66,49.8115945734554,49.198039711303,0.613554862152445
"92573",212,212,193.280188654796,18.7198113452043
"105376",45,32.9520237334238,32.3318703957158,0.620153337707934
"6365",233,232,232,0
"79374",201,164.114104328566,160.684527061371,3.42957726719524
"92493",178,136.538010122876,133.07924054563,3.45876957724548
"90708",365,356.020732076445,356.528070503752,0.507338427307261
"97174",125,74.8410291456202,52.7288158162202,73.6823194358004
"7498",103,83.1631463013186,84.5441056188456,1.38095931752705
"74383",185,114.563202657924,115.898661907368,1.33545924944364
"103210",461,461,461,0
"97569",102,51.1788513743085,51.527047633813,0.34819625950453
"96458",152,102.218075681329,104.712784559147,2.49470887781844
"92259",101,55.5436321712364,53.8396598847562,1.70397228648018
"97575",45,34.0597768025186,33.6550309486542,0.404745853864417
"7680",436,436,436,0
"97562",93,78.926211448803,78.3237413937418,0.602470055061236
"78917",82,82,82,0
"102098",207,197.056661472766,195.880100139391,1.17656133337488
"102097",135,132.424874190767,122.374578852828,12.268362840089
"97609",156,92.468686643373,90.9056039103966,1.5630827329764
"97027",77,72.2896093936036,72.1407042518748,0.148905141728779
"105242",412,411,411,0
"97168",101,82.0303292054929,82.8897511696491,0.859421964156227
"74306",238,211.961733303318,238,26.0382666966825
"7552",88,59.0142631157577,58.0623295028159,0.951933612941837
"97086",111,69.6803120695242,68.0547070349969,1.62560503452736
"104793",57,47.6463227773557,49.3679937796639,1.72167100230822
"90604",161,161,161,0
"102320",183,49.5399695274159,175.767521686699,129.535040783642
"90665",233,222.323387704123,222.721491365934,0.398103661810652
"90781",229,206.473622197696,207.379613616947,0.90599141925057
"78347",157,156,156,0
"79312",620,620,620,0
"103203",137,123.303683126914,124.252238284437,0.948555157522694
"76636",278,278,278,0
"80295",36,16.1162007564319,16.1837488829053,0.0675481264734304
"92567",232,232,232,0
"97171",72,58.5016675424596,57.9300376687405,0.571629873719111
"97631",53,47.5621839114184,47.9450291912708,0.382845279852381
"104794",266,235.832012051319,237.313141946031,1.48112989471124
"8249",412,343.854142932085,348.95818421389,5.10404128180531
"92492",228,101.001712008515,133.689322440948,100.063476446318
"75176",86,68.2936052045465,69.2628551467111,0.969249942164599
"104901",219,135.283776082669,138.52772728335,3.24395120068118
"78365",68,46.4068416523733,44.318549423902,2.08829222847128
"73842",188,188,188,0
"97030",97,87.1852946319886,86.5066378328369,0.678656799151665
"75161",162,146.397754977088,147.087648487986,0.68989351089855
"92286",137,136,136,0
"90788",311,97.0178505494069,88.3760644959464,8.64178605346057
"92290",120,108.160718979681,108.847395499069,0.686676519387458
"74057",151,50.8558353632244,53.6745968410376,2.81876147781315
"78350",171,83.1911657333961,79.9310008950013,3.26016483839476
"92491",243,203.02485806141,203.121386243731,0.0965281823209086
"92293",250,249,249,0
"7455",186,186,186,0
"92250",229,147.504326994962,149.582376937646,2.07804994268411
"74923",109,100.153977701035,100.48754948534,0.333571784304919
"102318",121,101.151963653433,104.410096926826,3.25813327339384
"79375",208,186.019660224797,183.316903461558,2.70275676323835
"104680",320,290.742405817319,318,27.2575941826807
"74064",202,169.977685816105,172.918514550104,2.94082873399926
"97574",131,101.599013027076,100.978746497527,0.620266529549792
"97031",171,143.039388328492,143.70409374339,0.664705414898343
"103218",312,56.2133750134164,49.401080314672,6.81229469874432
"76632",115,115,115,0
"79384",142,94.9036585619759,90.500017254176,4.40364130779993
"97173",113,53.0898592511691,66.5487903548543,13.6006279814785
"103313",314,306.425760526573,176.388893795045,132.256345216387
"76543",171,119.097046863814,122.514785060425,3.4177381966109
"78853",314,206.099155047996,172.834566304515,33.2645887434814
"92281",40,33.7497620162624,33.9584224811132,0.208660464850764
"102822",233,174.66027176401,177.071530075985,2.41125831197483
"7679",63,63,63,0
"6120",55,29.2041767944724,29.0566716601085,0.235118758832592
"78295",195,173.037979182797,176.435626849305,3.3976476665073
"76648",82,53.6939157174398,49.4696860988648,5.4851758757149
"105421",303,276.291235613214,280.460329488848,4.16909387563426
"104681",208,178.512990187188,183.113790974588,4.60080078740044
"97571",104,53.7031102090417,53.4763389472755,0.481818725437184
"79364",211,167.103526496954,169.213642648008,2.11011615105432
"96462",387,317.95237442362,324.263642694479,6.31126827085863
"6114",158,155.536720024825,150.49244037843,8.15762725408537
"76641",201,152.716698805735,156.55151540145,3.83481659571497
"74940",359,299.395852874605,294.080698334319,5.31515454028657
"97028",90,58.4584999682335,58.0170854230605,0.441414545172982
"104923",148,89.9747941878718,91.1550277328029,1.18023354493111
"97614",104,58.2586125926282,60.3673990107243,2.10878641809614
"97032",109,91.2657254771473,91.1937051047664,0.072020372380927
"79029",414,311.876454674981,319.749117072934,7.87266239795265
"76612",515,348.693130873537,345.959866708766,2.73326416477081
"97576",68,36.2264557795989,58.982472831195,26.3375242499094
"78359",53,43.3098695723914,42.8593373255386,0.450532246852811
"105244",130,130,130,0
"73918",110,63.4489714066953,62.8430313990143,0.605940007681065
"103305",285,230.333669034152,49.9020743296383,185.6817282573
"92268",94,38.9093836177259,40.087126897393,1.17774327966701
"74565",353,209.424913355165,203.054895187301,6.37001816786421
"79207",328,328,328,0
"90792",32,31.5649240105573,24.2800722447144,7.73037685970982
"104884",130,120.989666515617,13.6607856849486,109.676245076494
"105374",183,176.636295004531,177.22483371987,0.5885387153388
"90801",245,245,213.17965541381,31.8203445861898
"78294",100,97.6522805887019,97.7609673493447,0.108686760642819
"6151",210,122.559336311153,125.882530797182,3.32319448602817
"75157",150,94.9213813763161,93.3428405350693,1.57854084124685
"90660",185,124.018716194003,121.246703265218,2.77201292878482
"75169",61,61,61,0
"74579",118,91.8706986564262,89.1188781703461,2.75182048608012
"92274",48,38.5038107808997,39.1823723880782,0.67856160717853
"74581",119,77.6548015940622,75.6565245008479,1.99827709321433
"105428",279,259.340354842911,279,19.659645157089
"104789",138,91.5090199040359,89.6620319143536,1.84698798968231
"73851",178,114.129281032668,113.69909913541,0.430181897258237
"90797",197,180.300206421041,197,16.6997935789589
"78899",102,23.7157393862501,21.6106020846482,2.10513730160197
"78352",125,116.227003487169,117.293986142361,1.06698265519191
"79381",137,137,137,0
"74379",243,243,243,0
"97626",85,55.2042609591166,44.3547364011752,11.5676007308453
"92522",276,226.460679653525,227.571426728043,1.11074707451792
"92512",475,195.223660034571,188.511460209014,6.71219982555778
"97106",80,53.3732032185942,54.3456167067614,0.97241348816716
"97634",56,25.1403796582703,29.6806937620922,30.340487232051
"6152",100,78.1904255947932,76.5269353954866,1.66349019930661
"73869",130,85.3471494220163,83.118142573041,2.22900684897528
"97175",29,22.2846014598765,21.7354152316976,0.549186228178955
"97029",75,47.4704666460434,47.4047047880238,0.0657618580195609
"96457",330,202.27806928722,209.86000511238,7.5819358251599
"92511",337,125.601721441365,119.238115657229,6.36360578413577
"80296",73,73,73,0
"105246",329,180.525185007917,185.853975903691,5.32879089577377
"97568",74,48.0300328343735,47.0312817328157,0.998751101557808
"90672",244,233.242194257148,232.291223878429,0.950970378718987
"97033",55,55,52.7921822508979,2.20781774910212
"102316",55,43.4337351180154,42.8088336309682,0.62490148704724
"73876",240,240,240,0
"97034",115,66.4088923245845,50.6310684580285,70.5331570343332
"73880",83,42.6170293414969,42.5495019954242,0.510525090139627
"8164",170,170,170,0
"97109",121,83.9172107234408,85.0509749019992,1.13376417855839
"105245",68,39.1023130569545,37.3410921668527,1.7612208901018
"90789",186,182.527710128843,130.637479854382,55.1459258441639
"92489",237,206.619903635728,205.640202315954,0.979701319774348
"79361",329,306.593399878819,309.86533779843,3.27193791961133
"78882",111,64.6714367210659,66.4796668158858,1.8082300948199
"97177",77,42.9890307253944,42.9652280113538,0.0238027140406482
"105372",238,168.990453727347,173.308849953195,4.3183962258479
"92490",210,189.755716306549,189.578337361601,0.177378944947659
"79202",279,279,279,0
"102823",300,300,300,0
"97633",54,50.3254333639866,50.4450772815523,0.119643917565725
"78293",134,32.2283442692512,102.459052657931,88.4566649330963
"102071",120,120,120,0
"73860",150,84.9768796542447,82.3941838327657,2.5826958214791
"90656",154,154,154,0
"105425",211,211,211,0
"97035",68,57.7920994367035,56.9350598269678,0.857039609735706
"78358",229,164.524772924905,162.936791965294,1.58798095961097
"102319",101,91.0822540080774,92.8255247446906,1.7432707366132
"97580",118,81.4882576203871,82.3224144739363,0.834156853549333
"97098",134,94.4346690229062,93.0201102449748,1.41455877793138
"74577",87,45.2102322157933,47.3886860029729,2.17845378717963
"79200",329,238.221269084933,243.715287855,5.49401877006689
"80292",148,148,148,0
"74560",212,179.70065624074,174.221672818744,5.47898342199535
"93892",353,353,353,0
"79071",466,466,466,0
"79360",276,211.305256119701,213.267084295807,1.96182817610628
"103300",293,293,293,0
"75153",177,117.691085484297,112.470447784433,5.22063769986423
"92488",285,131.156015834944,171.212858487165,93.689259137995
"90657",257,253.343484325286,230.573317403,24.4569131791422
"90594",235,235,235,0
"102853",241,241,241,0
"97176",63,51.6621131845541,51.7376752130143,0.0755620284602429
"103228",159,121.537898682303,122.022581772209,0.484683089906725
"92517",242,217.32429569667,219.118814109138,1.79451841246761
"79316",463,463,463,0
"6150",314,57.5026660976839,55.3275393566927,2.17512674099117
"92508",209,111.238754607199,101.00538398327,134.10307053609
"97178",92,79.4548320894907,78.7382763679529,0.7165557215378
"75145",93,55.0343600136066,56.5544414027839,1.52008138917734
"102313",146,120.823005495937,25.236722929013,99.2361620853502
"79205",259,191.368822303497,187.002277472202,4.36654483129564
"92255",333,156.692990323439,147.048967781715,9.64402254172477
"75164",318,295.839472904087,318,22.1605270959124
"102323",315,44.0614459090501,43.9292468669741,0.132199042075959
"90695",506,492.088635186007,506,13.9113648139927
"78292",264,57.1730733469685,60.2192587922548,3.04618544528625
"97629",42,35.3167642202525,35.1958181408385,0.120946079414017
"92969",278,277,277,0
"103319",176,176,176,0
"102100",163,43.481377613804,41.2615650945484,2.21981251925564
"78912",209,208,208,0
"79078",355,326.96411198833,355,28.0358880116701
"92746",457,409.775534474772,411.136622142969,1.36108766819707
"102820",147,108.639592500414,110.469568276586,1.82997577617105
"6116",129,129,129,0
"73751",240,44.879880931362,164.128490940153,119.248610008791
"79358",108,87.1200386775186,88.9790599107322,1.85902123321361
"90780",203,186.926631661574,185.726825301157,1.19980636041708
"103297",193,192,192,0
"90771",295,41.3065767847264,35.8382625596812,5.46831422504517
"75179",122,109.054165263074,107.701946727812,1.35221853526214
"78369",171,170,170,0
"105243",210,170.640186197014,167.187675557618,3.45251063939623
"97036",73,68.1009678682731,68.1298497293809,0.0288818611078718
"92244",85,58.9878122744809,79.1727404944112,22.8552059637668
"97207",61,59.4713159106192,59.5360864045936,0.0647704939743956
"74916",200,179.949566377269,177.592561834562,2.35700454270734
"78373",171,130.43829572807,123.447840118988,6.9904556090827
"78878",293,293,293,0
"74576",279,121.981004638734,105.346426425127,16.6369790631428
"79392",310,265.341524198441,270.379789314293,5.03826511585225
"90687",303,303,303,0
"97600",171,129.865795969695,127.451059356223,2.41473661347211
"74378",56,38.2934160223048,38.7976769721418,0.504260949837021
"80294",131,84.1618219746232,86.355899179026,2.19407720440275
"92568",236,236,236,0
"97577",78,59.4028515631938,59.2692982697757,0.13355329341811
"76629",192,192,192,0
"103293",281,281,281,0
"76508",85,48.9586511834002,47.8359277360028,1.12272344739738
"105006",408,362.583945864653,365.748882412904,3.16493654825074
"97615",61,40.4708891136557,41.5611849360817,1.09029582242601
"73753",106,76.4004196891255,83.15328918389,21.6930874565851
"92237",296,267.506564159783,264.318279621812,3.18828453797079
"73893",87,65.214875859345,65.903070178066,0.688194318721044
"104790",119,77.9699472310093,74.456436353477,3.51351087753229
"92520",241,67.0909934619347,62.5284731799566,4.56252028197818
"78859",291,273.805718048689,291,17.1942819513114
"97037",44,39.8643536512472,39.8234974090022,0.0408562422450955
"90662",132,132,132,0
"97179",82,70.68776270142,70.3374929512286,0.350269750191443
"97038",26,20.1776573993915,20.1162783360144,0.0613790633770586
"90658",198,198,179.085637223561,18.9143627764392
"79362",290,290,290,0
"76615",280,225.389916193069,228.587747616023,3.19783142295366
"97589",38,30.5127909423367,30.3952346556255,0.117556286711213
"78364",378,378,378,0
"79304",170,170,170,0
"74575",176,113.778248852623,116.026459445364,2.24821059274066
"90775",298,290.268070044316,290.648356314061,0.380286269745056
"103232",296,296,296,0
"97181",85,77.6745035625466,77.0920599885866,0.582443573959927
"77829",434,434,434,0
"96460",208,136.615212355435,139.248886244871,2.63367388943645
"97582",140,140,140,0
"73910",98,50.7235913308571,48.5904365192942,2.13315481156289
"79388",138,102.971874929551,105.476085696642,2.50421076709095
"78378",207,146.229721007806,141.271437813435,4.95828319437142
"92292",88,82.6537533888725,82.9656205826468,0.311867193774351
"97180",38,18.3769729296522,18.0058287528906,0.371144176761645
"104899",228,140.420480552167,145.343414435207,4.92293388304043
"92246",205,161.191384341026,158.317971927184,2.87341241384223
"103289",147,143.668994046249,143.710220387721,0.284240862938961
"79397",190,154.588295870148,150.810350174744,3.77794569540456
"92288",34,20.0706989264874,19.866656570057,0.204042356430378
"7638",403,372.883728452978,403,30.1162715470221
"79309",118,118,118,0
"104920",123,77.0475538774033,75.5611274630738,1.48642641432956
"79299",444,375.009646574,444,68.9903534259997
"96456",314,242.389262597591,248.775010357499,6.38574775990802
"96415",230,192.839513587364,194.340511785168,1.50099819780386
"92278",210,157.277839071532,153.711526154067,3.56631291746462
"92485",308,307,307,0
"97101",62,53.5575550927916,53.1286055121759,0.428949580615712
"97113",70,52.5776772094339,51.6201876269166,0.957489582517246
"75170",110,110,110,0
"76651",100,86.5969886897296,84.377519672596,2.21946901713368
"90782",143,133.067330804089,131.649746918779,1.41758388530989
"97607",230,183.815860805526,186.308182345087,2.49232153956131
"79199",204,126.546897319689,132.529466958306,5.982569638617
"104799",221,25.9631736134859,23.1308930966346,2.83228051685132
"97598",98,98,98,0
"92273",100,57.6306775416949,58.8825809499698,1.25190340827489
"74038",465,465,465,0
"103216",265,265,265,0
"97045",90,73.8406215621807,72.9524366643552,0.888184897825502
"79311",516,515,515,0
"97042",80,72.5282727985009,72.3127758423813,0.215496956119591
"97039",41,15.2790801207598,15.2935329786969,0.0144528579371181
"92773",155,80.1863036414273,83.6055767202641,3.41927307883685
"97579",71,50.6481391545626,50.4660176221117,0.182121532450912
"78848",364,271.11285859301,263.792786908314,7.32007168469609
"93899",192,58.0718174249569,53.1356889168772,4.93612850807968
"92513",331,247.552748836364,246.752498499921,1.14201963325963
"102309",132,111.917371675722,113.766158285552,1.8487866098305
"78363",44,28.4453387655605,27.9447376470065,0.500601118553967
"97040",125,106.727563017896,106.209348214283,0.518214803613852
"74935",426,387.96467317445,384.453563861141,3.51110931330882
"97044",68,59.6427177258444,59.4546467897546,0.188070936089783
"76623",910,775.996738082014,782.254772236391,6.25803415437631
"75143",221,183.36027216741,177.985800033613,5.37447213379701
"102308",98,98,98,0
"92486",150,146.38519948503,143.990116717672,6.44018996752656
"74921",169,169,169,0
"8195",37,25.4658897358944,24.1697259483305,1.29616378756394
"90564",161,156.816561822058,156.692806365614,0.12375545644477
"74925",285,285,285,0
"92267",194,164.163168528557,166.694639038383,2.53147050982626
"102731",354,264.31264141549,267.643026872665,3.33038545717471
"79359",253,253,253,0
"90787",242,242,242,0
"76647",160,114.067099144659,109.096357124988,4.97074201967163
"97578",133,127.626428672349,133,5.37357132765054
"74058",244,181.008643347014,185.020558276445,4.01191492943146
"97632",104,103,103,0
"97043",100,92.5338747223445,92.538079343157,0.00420462081248768
"90661",193,190.128197155303,193,2.87180284469702
"102307",59,19.2569192783517,17.9318985239083,1.32502075444335
"73852",90,75.5111560127509,75.8210796546189,0.309923641868048
"76642",167,91.0544535590497,81.731388571407,9.32306498764275
"97630",70,32.2129784531735,32.6585545261359,0.445576072962411
"7457",384,375.968433926207,375.352701004157,0.615732922049374
"92487",288,229.451945371195,222.855752175,6.59619319619483
"103245",307,307,307,0
"102306",112,112,104.713921135731,7.28607886426949
"78845",213,146.530013854831,148.99460644067,2.46459258583891
"97208",63,46.4877870320838,46.0676078512387,0.420179180845062
"77832",628,628,628,0
"97182",109,95.1348815147954,94.8440545958523,0.290826918943178
"92256",81,51.0986408128534,53.4700412304095,2.37140041755604
"104683",359,359,359,0
"97047",140,100.781006300426,99.8277644756355,0.953241824790684
"97596",70,39.8086429750403,40.2962497073825,0.487606732342171
"97041",106,77.5490180585298,77.1718298834947,0.377188175035118
"74377",80,71.1716512298983,70.6541166933824,0.517534536515905
"92484",515,57.6357373397001,58.8623827583734,1.22664541867328
"104786",202,150.58010040712,151.396730977849,0.816630570728464
"75141",87,79.4667659496319,78.8308579556988,0.635907993933173
"74060",147,67.002445270979,72.5859605097695,5.58351523879044
"103213",270,252.632897643311,253.490479029682,0.857581386370421
"74065",378,156.692257533176,165.232748383761,26.1094280827039
"76637",325,248.879635627063,252.264707903122,3.38507227605965
"103224",264,252.50694216403,253.273777541675,0.766835377645116
"73836",109,59.0710636864998,51.6746043081271,8.1340323575926
"76619",395,114.186493228615,286.624722801719,240.267770255402
"6115",191,131.109131493997,128.20957444597,2.89955704802676
"75147",124,70.3020109248454,71.8036369636724,1.501626038827
"92266",91,52.7136776378586,51.4501052090586,1.26357242879993
"76622",580,194.37455093174,191.101181626154,3.27336930558615
"6320",337,296.415590541038,293.006077794587,3.40951274645187
"97046",68,68,68,0
"97104",54,35.887383020595,35.1026734702921,0.784709550302892
"90766",404,82.0072350511517,77.2040038276452,4.80323122350664
"105383",182,42.7727829533699,38.1332029082532,4.6395800451167
"79403",328,328,328,0
"104885",346,264.404845308585,258.347004264429,6.05784104415574
"90783",212,206.324417326632,206.850931845544,0.526514518912525
"80293",206,105.540373862552,102.154735752623,3.38563810992841
"105380",334,264.969684583115,265.883816851259,0.914132268144752
"97613",84,69.7590853924051,69.6128348393334,0.146250553071603
"102628",111,102.534173349704,101.635486753322,0.898686596382333
"6113",291,291,291,0
"73915",30,21.581348135264,21.125461598552,0.455886536712049
"97592",167,113.802426260582,113.348387906873,0.454038353709399
"73854",42,25.3302209581378,24.5767196215195,0.75350133661827
"105377",172,152.146988600672,149.430758107213,2.71623049345954
"97209",100,73.3266551162593,73.2650977223824,0.0615573938767965
"74048",178,104.143106654057,112.738336298149,8.59522964409192
"104912",138,80.5851906642499,80.5187743557417,0.066416308508238
"92245",55,33.6457108044687,32.8445615134858,0.801149290982828
"74548",197,111.643580382081,105.766225141838,5.87735524024334
"103316",177,174.551729431053,103.864393324354,72.3541886045898
"96414",228,17.0060532823416,228,210.993946717658
"92240",241,213.844617145363,218.770403246751,4.92578610138839
"97587",364,325.64952655839,325.304124543747,0.345402014642887
"90570",129,129,129,0
"80291",253,210.006978381578,205.642550983215,4.36442739836233
"76604",116,59.8905248394105,61.9202988416483,2.02977400223783
"76653",150,115.411043488086,112.599679981881,2.81136350620493
"92747",153,91.7928331284792,93.9192129613709,2.1263798328917
"97184",72,63.3826718423543,62.1668274189435,5.12674412754704
"92776",173,145.27216812919,143.700569835468,1.57159829372134
"79307",575,575,575,0
"78862",78,70.1436936497137,70.7274042292701,0.583710579556438
"7549",209,209,209,0
"8188",155,99.4424556275268,97.8575612694361,12.0518252229897
"104875",58,58,58,0
"73887",98,60.2364615657451,57.2731519810768,2.96330958466829
"74376",206,205,205,0
"97048",112,100.366762802546,100.108275676366,0.258487126179875
"103235",543,523.068703574656,543,19.9312964253445
"90595",54,52.7417660336516,52.7490814691196,0.00731543546797525
"97602",172,147.418105247406,145.56821558526,1.849889662146
"105412",311,279.417974593026,311,31.5820254069744
"97585",204,141.419448174318,141.785294382087,0.365846207768723
"102627",173,117.267679665379,120.423888158455,3.15620849307562
"79201",559,489.440908205497,493.209765035799,3.76885683030179
"105424",260,170.570465064945,173.217489323423,2.6470242584782
"92284",121,41.5116355444221,43.8233631680283,2.44799177156489
"73879",127,76.9748250228246,73.7538397603521,3.22098526247257
"90673",345,345,345,0
"76555",331,302.033202279787,307.138122957296,5.1049206775086
"104796",345,136.28244879234,129.093926592615,7.18852219972547
"74559",219,173.331603462094,165.528333199861,7.8032702622332
"103295",218,218,218,0
"103317",164,164,164,0
"102626",105,86.2725870503442,15.8702852802336,72.621864790863
"75151",168,121.639061816028,119.578092734714,11.740407971663
"103219",365,365,365,0
"97620",29,15.358181577215,15.1148661760964,0.243315401118583
"104889",222,142.215253449264,147.398388592778,5.18313514351356
"79198",234,197.060206357438,192.690896826298,4.36930953113948
"105072",267,204.811915273615,211.053493862856,6.24157858924113
"79305",126,126,126,0
"77833",378,377,377,0
"6149",234,81.5821341961083,80.8398266126055,0.742307583502777
"90561",166,161.900249985514,44.814159038954,117.394747835219
"76549",104,88.2275361240154,88.2890171675388,0.0614810435234382
"76541",44,26.5199486847742,27.1118753284755,0.591926643701275
"6147",277,220.37115958931,222.744753655938,2.37359406662885
"80290",324,266.253828859642,267.362782035764,1.10895317612252
"97581",152,121.672001890714,122.171393859388,0.499391968673818
"92262",87,34.3792362402766,33.8165539677519,0.582214175186978
"102858",203,203,203,0
"97584",114,100.900396017602,100.620659054117,0.279736963484671
"73877",81,30.627884299022,30.6858406267701,0.0579563277480841
"92516",142,73.962667158687,73.4523716451969,0.510295513490069
"103310",281,281,281,0
"78360",82,82,82,0
"102818",247,129.387539105608,145.627362424822,24.8588256563368
"97183",70,60.2124098301053,60.2649010196054,0.0524911895000267
"79389",297,264.074486748213,267.572672917578,3.49818616936523
"78291",372,289.830875267762,283.687065162353,6.1438101054094
"79357",373,329.538904543404,335.297452808987,5.75854826558333
"92247",224,126.589421001372,102.522350217176,100.813413151279
"73862",146,130.34280307431,144,13.6571969256897
"97186",94,62.0999780564182,61.3894651327487,0.710512923669555
"79424",207,121.314163046839,119.687815820887,1.62634722595223
"102812",270,248.694754282036,245.030667658203,10.616400144988
"103237",334,334,334,0
"80285",360,150.894889719545,147.776992114711,3.11789760483343
"7637",250,119.287884425088,115.182094000204,4.10579042488451
"73838",97,30.4217542047533,32.9568611451157,2.5351069403624
"104791",199,188.331762249734,199,10.6682377502656
"74551",205,63.1510323264494,60.6144426679068,2.53658965854256
"92249",159,102.54267465336,100.117753147548,2.42492150581132
"97097",207,170.756399384342,164.00597130823,16.8290914738298
"97625",137,98.628402137092,100.012010385075,1.38360824798328
"79195",106,73.4736811482261,74.3130096575188,0.839328509292595
"97099",122,88.6604565562042,88.2760524019459,0.384404154258341
"78366",97,82.80971426866,82.6743348159492,0.135379452710777
"97583",43,37.4045063236523,37.3684044497353,0.0361018739170385
"97627",73,60.2935410599218,60.0954725361091,0.198068523812697
"73750",169,169,169,0
"90772",318,318,318,0
"73868",56,42.4180181723673,40.5045766493616,10.9091280373395
"73917",60,43.2701757462395,42.8288808055991,0.4412949406404
"76634",393,324.862595708286,330.99524999388,6.13265428559399
"76542",155,155,155,0
"79300",364,364,364,0
"73846",174,164.210660935478,164.34297315462,0.132312219141672
"79394",154,122.992277886222,44.7102098173709,93.7741229029706
"79356",369,266.414756855742,267.714277333611,1.29952047786905
"75180",62,53.3193088048969,53.757611735791,0.438302930894088
"92507",359,274.770255326874,278.434170248959,3.66391492208483
"74375",186,186,186,0
"78893",436,436,436,0
"76639",137,115.541997717481,111.318307999998,4.22368971748339
"7429",363,363,363,0
"74908",207,161.543815458328,157.769072855288,3.77474260304023
"97049",39,29.5745973769258,29.3931241001774,0.181473276748446
"97604",85,71.4517491117448,70.8685259567449,0.583223154999891
"74563",305,245.59773208813,251.159666902991,5.56193481486154
"90773",125,125,125,0
"90693",207,70.5978811957197,78.4724782966659,7.87459710094621
"6321",316,316,316,0
"75158",263,263,263,0
"97050",217,129.279095600806,129.782983323836,0.503887723030362
"76631",426,247.740519685332,242.56156935332,5.17895033201207
"79313",149,129.165775431928,149,19.8342245680722
"78855",347,347,347,0
"97612",65,46.0913103074057,45.0289272274738,1.06238307993189
"102630",372,332.106269493597,327.802657869018,4.30361162457931
"104678",235,198.909591001598,202.030924875856,3.12133387425789
"105378",115,97.2993076162638,95.2604361594666,2.03887145679715
"74374",240,136.23156386944,132.66251151412,3.56905235531981
"6148",350,199.240108978272,192.750080371212,6.49002860705958
"74949",337,224.672242617807,213.246309369038,11.4259332487696
"102302",126,126,126,0
"97185",124,84.7160363778056,84.4247848715016,0.291251506304064
"76547",99,82.8888449008176,85.3881589058238,2.49931400500618
"92289",174,146.064874191398,146.174432222203,0.10955803080487
"7416",458,134.120162984075,323.486723301416,345.047710490251
"7417",226,226,226,0
"7414",412,320.911214060725,314.161736083325,6.74947797739944
"105386",172,136.390483853629,139.762198533953,3.37171468032388
"74929",246,233.405694554038,233.692859801503,0.287165247464755
"78377",109,69.2648531941477,66.9862692792139,2.27858391493382
"74370",179,161.809038819945,160.973638961605,0.835399858339667
"97116",115,64.4956774900491,66.5424093050299,2.04673181498085
"97590",77,65.7149155282626,65.5163785972276,0.198536931034917
"92294",177,172.848033749995,90.2448132650634,82.8754663840611
"102300",91,78.2981447382862,10.7415241411514,68.3967696164966
"79303",105,105,105,0
"104684",292,271.299255155262,271.362965791366,0.0637106361045522
"103291",432,432,432,0
"102297",154,135.460186695186,137.011296181422,1.5511094862356
"90686",264,264,264,0
"97548",112,92.7408948653351,89.0717133102068,3.66918155512834
"79197",276,238.801790218697,234.363201171199,4.43858904749779
"97054",103,89.1917182959145,88.3546447580553,0.837073537859244
"90591",120,120,120,0
"97591",100,55.7529249433986,55.8930143461382,0.140089402739664
"103220",98,92.9466579083391,93.4846076548446,0.537949746505423
"78836",382,382,382,0
"73853",107,64.7343964119215,63.1909961286029,1.54340028331862
"97053",132,80.6832864718287,81.2906572394409,0.60737076761219
"104876",197,82.1161865575917,78.7647170707134,3.35146948687831
"8218",343,343,343,0
"75137",196,141.837336961187,138.287680360309,3.54965660087821
"97187",143,78.0799408355746,77.687699977188,0.392240858386666
"92234",81,81,81,0
"97051",112,67.7564310202268,67.7191257082067,0.0373053120200683
"104902",160,124.674932872418,126.287380347658,1.61244747523999
"90578",185,167.296507019478,168.212062202677,0.915555183198332
"76617",193,161.243672321053,157.831964743845,3.41170757720806
"78362",95,75.5682491190035,77.5619506697132,1.99370155070969
"78371",49,20.9593987909405,21.2988482096316,0.339449418691141
"104679",278,250.587390796467,251.313876277385,0.726485480918593
"79391",450,450,450,0
"97619",44,36.1450779303554,36.3644682552601,0.21939032490465
"93897",112,83.9806380795753,85.4816644662142,1.50102638663884
"90777",271,271,271,0
"73829",40,35.5266790759889,35.8149436694322,0.288264593443291
"105071",203,168.531020737288,171.855219436052,3.3241986987648
"74948",205,204,204,0
"76652",281,247.835225061631,244.535818256862,3.29940680476877
"74918",133,133,133,0
"103231",274,177.584545470188,172.336043337949,5.24850213223939
"73897",228,228,228,0
"7079",329,151.503858816112,154.132379290545,2.62852047443285
"73752",91,65.4814563197113,67.8374758765432,2.35601955683191
"90763",154,154,154,0
"79194",165,145.158000598272,146.196299261501,1.03829866322925
"78290",403,365.941675169161,362.181990924675,3.75968424448533
"97052",124,58.6026546105489,59.0670619081033,0.464407297554464
"76536",71,27.5197380775857,31.9867920335617,4.46705395597606
"75178",54,43.3312425036952,42.7670764311989,0.564166072496347
"75140",153,122.491746454181,120.792645159578,1.69910129460338
"75144",72,51.4711988335348,50.3283175009157,1.14288133261908
"97189",207,175.030174159239,174.494578811236,0.535595348002497
"74372",297,179.379740853389,182.220938401121,2.84119754773201
"75160",294,257.883464288435,263.128495673461,5.24503138502622
"78289",174,153.627860088669,151.164620241194,2.4632398474749
"97188",301,300,300,0
"104682",276,253.411011800173,256.655944665498,3.24493286532498
"97586",68,40.7417288802039,40.575498447301,0.166230432902879
"90784",499,396.328664940416,378.235192831325,18.0934721090912
"92252",192,129.486925822197,127.515609852865,1.97131596933167
"102629",54,20.0477076140045,18.6926257764203,1.35508183758425
"97597",139,87.4178587840577,88.2693003343612,0.851441550303469
"76614",227,227,227,0
"74561",127,61.5869874764734,60.5796368829434,1.00735059352993
"97083",205,204,204,0
"73905",248,121.386876553342,127.941214181601,6.55433762825948
"97055",219,183.370277504644,181.480598290315,1.88967921432877
"77826",330,330,330,0
"90592",179,153.330420454668,128.134974907622,25.195445547046
"97606",99,85.4918684559778,84.2589115881505,1.23295686782721
"102294",99,99,92.5539255236356,6.44607447636433
"79355",119,71.0184256303428,68.209986864751,2.80843876559184
"92242",200,161.154136923237,158.221232660934,2.93290426230306
"73873",124,105.732874800391,106.590757510632,0.85788271024123
"102714",333,309.330197020318,309.522377509083,0.192180488765606
"90574",154,135.622783771592,136.200809517148,0.578025745555941
"102292",143,38.4866440976197,35.656951898914,2.82969219870566
"92744",352,267.728566140213,265.154091045447,2.57447509476638
"76609",138,138,138,0
"78868",270,270,270,0
"102293",152,138.894965911074,140.549920199566,1.65495428849205
"80281",111,86.2173861918726,87.0151736198793,0.797787428006678
"6319",499,439.901470382573,498,58.0985296174266
"92229",346,298.785271986543,294.839520779733,3.94575120681017
"79297",372,345.878963234459,372,26.121036765541
"90593",280,280,269.961676114443,10.0383238855568
"92238",246,246,241.837783256602,4.16221674339834
"97543",48,27.1359718071808,27.4091342459543,0.273162438773554
"90779",363,354.218826939039,353.909147952596,0.309678986443166
"104542",294,199.051429906246,202.040969978357,2.98954007211088
"75171",92,72.3460388974331,71.2919764634013,1.05406243403186
"7268",543,543,543,0
"6111",47,32.7088321628726,33.5278955866941,0.819063423821464
"105379",229,179.940011582953,182.711011031549,2.7709994485961
"97621",23,12.3619749403828,12.2530109288739,0.10896401150886
"7073",427,326.813698132721,324.970664523781,1.84303360893951
"97593",59,49.3043103645199,49.315171343156,0.0108609786360641
"97056",244,244,244,0
"74572",296,256.19397207391,260.841935611635,36.1510022631592
"78370",44,5.7597396267907,6.03622829231747,0.276488665526771
"105443",425,425,425,0
"102062",349,299.464403281135,303.672627401436,4.20822412030061
"90565",147,147,147,0
"6112",107,56.3628219274261,55.0623971037291,1.30042482369699
"90568",55,50.3265418005966,55,4.67345819940335
"78288",118,118,118,0
"79433",84,70.5282427250206,69.9359593721279,0.592283352892737
"102809",171,154.434071785114,155.738348497824,1.30427671271039
"90774",36,32.4007464375319,32.4593909681765,0.0586445306445859
"77830",323,323,323,0
"73849",59,33.675877886528,33.4094287281899,0.266449158338091
"97610",236,191.285808685788,190.520497261467,0.765311424321311
"103227",325,258.048488107293,260.023916494812,1.97542838751834
"79308",533,532,532,0
"102632",236,165.014128677491,169.110521424226,4.09639274673458
"90703",356,286.222730329132,274.916991161724,11.3057391674083
"76538",143,75.4942640428795,77.0061734166434,1.51190937376394
"103311",107,104.001517326345,104.522938075981,0.521420749635766
"97594",34,31.7786162133446,31.6462966036228,0.132319609721727
"74549",95,95,95,0
"77714",151,98.3832303474366,99.4902192818335,1.10698893439692
"74373",92,82.1879212455555,81.6496426355764,0.538278609979099
"90655",375,353.74780209719,354.794764878168,1.04696278097814
"7262",280,170.375465586159,170.989657148682,0.614191562523509
"90713",109,106.670882414091,106.714201201556,0.043318787465479
"78895",261,261,261,0
"79353",142,142,142,0
"104891",281,83.6662814057153,170.89936980443,90.1191354792811
"97205",104,94.2994418781881,94.3961840857876,0.0967422075994984
"7081",490,114.812554295607,112.308381605704,2.61408589415131
"104925",113,88.7094920761509,86.1542938030258,2.55519827312512
"78834",242,242,242,0
"79351",103,86.1343129019119,87.1667979445383,1.0324850426264
"78877",127,91.3919757092038,88.235503370368,3.15647233883577
"92745",102,102,102,0
"74944",265,169.471999084086,159.389418617289,10.0825804667974
"8206",183,166.445030625152,179.638919140601,16.4642575372976
"104919",53,38.2773030792734,37.3671070521591,0.910196027114288
"73856",65,40.4827575423767,39.891414903238,0.591342639138733
"102289",122,91.5851950546552,89.2318084321756,2.35338662247962
"103239",222,222,222,0
"74536",197,87.1757453503161,80.7930473813656,6.38269796895048
"92271",99,55.0664744136164,66.294761113339,11.2282866997226
"73837",70,39.3108541366286,39.3613403502287,0.0504862136000277
"73845",65,55.2224182625101,55.6026048789567,0.380186616446602
"74046",70,35.5440021027318,36.3706799053115,39.5637086392464
"75168",82,63.6023721863072,64.4396125569189,0.837240370611749
"105384",91,71.149994165962,68.5208932948922,2.62910087106983
"90767",76,51.4482802173489,46.8477738930964,4.6005063242525
"104898",123,120.45983749699,120.53547737625,0.0756398792608432
"79190",320,320,320,0
"77831",298,298,298,0
"78375",223,136.266173238139,135.254138570498,1.01203466764104
"6187",140,101.68158398579,98.5956741071521,3.08590987863763
"78841",99,59.3682021789025,58.3591918488347,1.00901033006779
"96925",117,95.9721651339311,93.7811095984819,2.19105553544915
"102303",230,148.773629582812,155.844446866105,7.07081728329355
"92257",302,258.921851722146,257.857418332598,1.06443338954805
"78368",37,27.8343609312699,27.4064125265474,0.427948404722476
"104883",237,191.538538625852,192.790403038675,1.25186441282264
"79418",161,107.520012112848,108.490414215169,0.970402102321304
"97498",111,69.4078194743581,68.777705744579,0.630113729779175
"103315",418,387.553756413286,386.786209146037,0.767547267248445
"73911",50,50,50,0
"102821",145,88.5145670922657,89.7474888280959,1.23292173583009
"102631",184,140.49487420161,136.700781993395,3.79409220821425
"97058",116,70.3126647241883,70.2179364686126,0.0947282555757213
"76544",258,234.717707704428,238.262494866745,3.54478716231623
"97190",80,61.6077084003173,61.4882344224491,0.119473977868242
"6110",32,16.4440352323867,14.8902763779958,22.7102828310989
"96920",91,70.559857449605,69.5881249947383,0.971732454866706
"78838",492,491,491,0
"78842",755,400.173914763318,404.047902586821,3.87398782350327
"96927",147,101.546870502387,102.204142971794,0.657272469406938
"79193",164,125.327676632228,129.278548468985,3.95087183675674
"102069",306,306,306,0
"96924",40,28.1406661147508,28.0916054327812,0.0490606819695174
"103294",407,407,407,0
"73861",147,80.2171892736868,78.9898538029542,1.22733547073264
"76650",195,138.672515700485,141.662437096249,2.98992139576371
"103292",242,218.058876444791,210.364814011521,9.21721456709245
"105082",125,71.1852095289416,68.7775354863358,2.40767404260584
"73867",60,40.3771340430019,39.0248709694597,1.35226307354223
"104795",162,130.290463081962,134.906475333187,4.61601225122571
"73889",127,63.4498321368729,65.204778693477,1.75494655660417
"76640",189,105.680554357237,112.359954215425,6.67939985818751
"78367",49,24.2969406630943,23.4507343794175,0.846206283676756
"74062",172,94.5507238635291,91.0097359674601,3.54098789606901
"79301",397,397,397,0
"80287",112,48.6418867710326,51.0200775856742,2.37819081464154
"104905",163,135.594113367537,132.841685861456,2.75242750608051
"97057",71,51.824998871436,51.4814839582297,0.34351491320641
"104914",130,95.3092582423554,96.1127951631247,0.803536920769339
"75152",249,230.767051339689,249,18.2329486603106
"76533",102,76.5028733588539,75.3512458656826,1.15162749317135
"97105",53,23.6226425854581,30.5491344462288,27.3355055810904
"97193",117,52.4593952360488,52.6926979990594,0.233302763010549
"76551",157,142.933785139562,143.095111142389,0.161326002826211
"96923",265,252.606465419801,252.556720159473,0.0497452603275675
"6195",132,80.3782876737554,84.1120311828357,3.73374350908024
"76627",231,147.573331267285,142.394729180292,5.17860208699342
"103304",196,90.4972270240831,89.3401229107387,1.15710411334437
"97089",152,132.727024834194,134.707376670137,1.98035183594208
"74051",243,203.848379429946,200.213300867977,3.63507856196891
"97191",66,53.8965767158475,53.7185666915453,0.178010024302234
"79191",161,161,161,0
"80282",80,50.3159115489151,47.7552257615458,2.56068578736938
"90765",268,246.412675319167,247.380206370517,0.967531051350772
"7088",185,182.122251838813,152.176776954044,33.5926649427533
"97062",108,95.3062170654427,94.7972301953342,0.508986870108542
"77828",592,592,592,0
"77827",182,173.532262079705,175.013060474524,1.48079839481968
"76618",160,160,160,0
"74553",252,252,252,0
"74042",106,106,106,0
"74907",46,16.5269628877478,16.4414526510437,0.0855102367041468
"103439",228,208.411444778514,209.386274680517,0.97482990200229
"80286",205,132.016276238493,127.005945848131,5.01033039036275
"97194",189,131.970501481245,131.944288930623,0.0262125506214209
"105077",268,162.659226482566,157.1167888151,5.5424376674659
"7070",520,520,520,0
"78858",301,294.510215596924,301,6.48978440307601
"105382",65,65,65,0
"79431",68,41.8947120178889,40.9175863567452,0.977125661143743
"8174",150,73.4112916963283,70.7237330536271,2.68755864270117
"73878",67,67,67,0
"103222",189,189,189,0
"74050",464,381.485488990145,374.780790633675,6.70469835646968
"97206",39,30.3466989915037,29.3784915160469,0.96820747545683
"97499",169,169,169,0
"73904",40,28.9344943976532,28.0481797567408,0.886314640912402
"97603",114,77.3994409120766,76.7358821658927,0.663558746183961
"79293",168,139.790180324621,141.633046955416,1.84286663079562
"7090",502,468.579414664733,468.385088382906,0.194326281826531
"92269",109,90.0742740474565,91.2483675240337,1.17409347657723
"92251",195,137.354434713813,143.687922550271,6.33348783645799
"79196",450,204.712376775975,199.161436934341,5.55093984163415
"90756",207,201.20610560253,201.700432315482,0.494326712951856
"97599",173,85.2966160150974,92.2915548497723,109.692160544452
"79302",452,452,452,0
"97608",106,69.4057693388836,67.5864058624085,1.81936347647508
"90758",126,6.91387480233062,5.90777975946848,1.00609504286214
"105381",209,163.230402600283,166.397089937173,3.16668733689049
"102287",91,91,91,0
"90769",191,191,191,0
"90738",228,228,215.238567454774,12.7614325452264
"76548",93,78.6217431574755,79.4867199034769,0.864976746001397
"79354",122,68.8739058847787,69.9321347444599,1.05822885968124
"92291",136,90.9482115255975,47.1313195927664,97.6078783108247
"97061",76,58.15093320859,58.0037770593063,0.147156149283672
"75146",538,480.402599845184,482.675620297071,2.27302045188777
"73908",145,117.92469194237,115.341981226594,2.58271071577604
"73850",74,42.2889268463603,41.8480383190351,0.644046259091579
"96417",282,202.765792067525,207.423229589544,4.6574375220185
"97059",55,30.8996268354942,30.9663237300254,0.0666968945311885
"74452",146,117.1498737537,110.554475352097,9.714527686177
"74913",24,19.0614855894565,19.4227537286488,0.361268139192349
"6107",66,40.7287172499564,40.620285391351,0.108431858605347
"7428",303,303,303,0
"90272",287,287,287,0
"97617",106,79.8831880578533,78.7311957343881,1.15199232346525
"75138",163,146.506964460892,149.960593711757,3.45362925086467
"77825",343,343,343,0
"97192",27,21.3842697550967,21.2675693673178,0.116700387778903
"76522",81,57.520258322586,58.9022284999952,1.38197017740913
"102635",262,52.0119016050554,48.0490507911943,3.96285081386106
"80288",66,54.0776024582557,54.8270374449443,0.749434986688627
"96922",114,104.899797667143,105.591556415856,0.691758748712619
"76524",161,86.5829400927332,86.732873405342,0.149933312608865
"97060",102,76.4581266988324,76.1412871013111,0.316839597521287
"80289",144,122.200572256721,124.491005835187,2.29043357846586
"78287",332,129.175908249898,124.306998549466,4.8689097004322
"105396",229,180.903234545127,185.099904081361,4.19666953623356
"78372",189,164.553924362015,160.033899744663,4.52002461735229
"96921",80,70.005317225667,70.5747951583137,0.569477932646702
"77713",57,31.6409963457145,32.0635601043856,0.422563758671092
"7640",249,249,249,0
"78286",135,103.620130402616,104.356060940618,8.32924410458884
"90572",59,47.7203158200561,48.216588941849,0.496273121792831
"97063",61,50.1401944963562,49.7218675407119,0.418326955644263
"73875",59,47.6661006490582,48.2391945282121,0.573093879153833
"90692",282,272.821170660109,282,9.17882933989075
"75177",88,64.4054722003297,62.9503329476186,1.45513925271112
"92261",155,138.346589525674,155,16.6534104743265
"92239",192,182.34911772162,185.314275876197,6.92735158604701
"102859",173,169.355233496534,169.530402274943,0.175168778408254
"7075",256,86.7497714151747,90.6543394543285,3.90456803915376
"103246",370,369,369,0
"102275",87,87,87,0
"96418",179,179,179,0
"103226",217,217,217,0
"92283",113,90.4276732077273,89.0679794360001,1.35969377172714
"73830",183,131.322975246849,133.131148118758,1.80817287190826
"90776",337,337,337,0
"78894",540,540,540,0
"92236",63,36.5066867583433,36.3105805980757,0.196106160267556
"104685",159,127.682816888861,129.380530907885,1.69771401902388
"92231",273,273,273,0
"90588",110,105.907108865958,105.031966531048,1.03341569843169
"105389",157,113.793167324812,110.784908291517,3.0082590332947
"73530",131,84.3974407205728,88.7542300105594,4.35678928998657
"97541",98,73.6654427114381,72.1290823436633,1.53636036777478
"104496",249,142.507847565012,136.752363320389,5.75548424462223
"104927",172,107.700974852729,105.311182493453,2.38979235927516
"77822",406,405,405,0
"103281",462,86.6206056781705,75.409369256502,11.2112364216685
"96926",87,77.7451364377014,77.3928295049563,0.352306932745057
"79347",215,184.155554546869,180.616827522531,3.53872702433868
"97611",132,112.680508573917,110.957465384478,1.72304318943931
"73912",63,35.1127693341553,36.4780846280212,1.36531529386594
"105423",512,512,512,0
"90569",124,124,124,0
"79295",492,420.207294851801,424.614915042685,4.40762019088318
"102834",200,130.425950266473,132.039776862261,1.61382659578788
"75139",291,161.439341266172,171.706435989395,10.2670947232233
"105388",135,108.059371126844,107.871361395515,0.188009731329282
"80283",270,269,269,0
"93900",152,20.9895307753189,18.719250747728,2.27028002759082
"102636",231,212.976386590301,215.801162445973,2.82477585567161
"96420",167,105.402712162593,107.755064924886,2.35235276229324
"76530",60,38.6282714869049,37.4650515278445,1.16321995906041
"77627",410,410,410,0
"74543",356,356,356,0
"102277",136,109.540785642785,106.706900301009,2.83388534177623
"79346",109,63.0013088362689,59.2045635158863,3.79674532038252
"90577",251,251,251,0
"102633",96,67.4061516189296,68.5551553055528,1.14900368662321
"7266",468,207.907499579425,218.932770114259,11.0252705348343
"90764",44,33.8038456389245,34.2830856452977,0.479240006373147
"97094",54,35.2642319795215,35.3640489461227,0.0998169666011217
"102831",257,168.008330415244,170.955226431456,2.94689601621193
"90563",324,261.881746920676,280.209451665233,19.1924306621351
"75022",207,207,24.233216400837,182.766783599163
"74995",95,95,95,0
"7487",454,431.104935775475,432.29683106659,1.19189529111416
"104897",118,87.0940503635193,89.3126428414872,2.21859247796793
"79348",158,31.4081181646261,129.019879286152,105.830411965032
"97605",103,73.0424808023946,71.5340582778402,1.5084225245544
"92287",174,143.477085319631,143.464559536322,0.0125257833086324
"93898",358,358,358,0
"6564",339,274.920192886883,282.72019205764,7.79999917075721
"79465",133,132,132,0
"97504",108,70.7080065559988,69.5368591488691,1.17114740712969
"92742",89,73.9269249238291,72.3784946044849,1.54843031934416
"103285",179,179,179,0
"92279",189,137.81219046999,138.437888890493,0.625698420503186
"102824",260,260,260,0
"74933",293,223.38434923875,226.225474168735,2.84112492998514
"103325",290,290,290,0
"97064",85,85,85,0
"90589",213,213,213,0
"75135",50,35.3454024753524,34.2023215526932,1.14308092265918
"79192",103,63.6407846759191,59.8282819645939,3.81250271132513
"104804",169,150.493363452993,152.735086499512,2.24172304651915
"97501",112,89.7839627937593,91.3333775351029,1.54941474134363
"73855",91,72.3164126287295,70.6770577666073,1.63935486212214
"76633",430,342.47863598707,351.057030027134,8.57839404006314
"102283",103,103,103,0
"96979",273,224.626819414755,239.141033494017,36.7540198963355
"6214",141,136.02572354286,131.556361329976,7.41767014304444
"6109",90,54.4151332978311,55.2785409210916,0.863407623260557
"7479",329,308.216026218839,309.516660572484,1.30063435364532
"92241",279,268.037623466829,269.045682286058,1.0080588192293
"7085",511,487.641366277045,485.928991064538,1.71237521250771
"76550",60,37.7006025643246,38.3237246410737,0.623122076749094
"80276",140,84.9606318656787,83.6295715640784,1.33106030160032
"76624",367,52.4029774762603,53.02589030873,0.622912832469733
"104900",155,135.767023555122,137.459869773267,1.69284621814458
"102854",150,150,150,0
"74369",97,51.9069611648727,53.1213786065955,1.21441744172277
"103233",333,279.406689650302,281.040443955527,1.63375430522523
"104916",40,24.9887082459523,25.2365941178328,0.247885871880512
"96935",40,15.2578488442298,15.1405767544305,0.133459241845918
"105073",352,250.921107281952,258.903030621659,7.98192333970777
"73533",124,19.2766770859745,17.301415285469,1.97526180050553
"7068",408,42.6984558638762,38.7055478080202,3.99290805585611
"97084",134,90.7904083300926,88.682177377056,2.10823095303664
"79422",48,41.2355549693094,41.3716996984281,0.136144729118718
"79221",212,166.246897471936,163.358080442466,2.88881702946974
"74554",218,218,218,0
"105074",186,134.868958634471,129.968424273367,4.90053436110425
"6102",240,185.892162876721,176.69234869596,9.19981418076124
"92743",103,62.4521902015124,62.0709254178423,0.519397612212409
"96980",136,100.424276331857,100.914337408717,0.490061076859278
"7100",107,85.9500055680979,86.4578886072848,0.507883039186971
"104910",281,152.197061701881,150.458282944134,1.73877875774638
"96982",170,130.236441944075,130.056512937281,0.179929006794205
"73863",113,87.8809666156459,84.8404055386131,3.04056107703278
"79296",707,707,707,0
"92248",304,167.137289759924,158.813912391313,8.32337736861113
"74547",195,194,194,0
"102279",175,142.109236669953,145.139077437451,3.02984076749802
"78376",48,33.2227882275677,32.9262615092631,0.296526718304504
"7083",390,241.842574387094,243.796197618639,1.95362323154552
"105394",215,129.214840596421,134.468974266326,5.25413366990487
"73848",48,29.4859284439404,29.1419305302308,0.343997913709683
"73832",59,39.7392223741519,37.7585215752747,1.98070079887714
"73844",94,82.1138960832761,79.8458883784702,2.26800770480591
"96930",96,84.7470733703883,84.7020931918444,0.0449801785438656
"76535",169,141.993824115591,141.873893774276,0.119930341314387
"96978",161,102.055972572775,103.934898295114,1.87892572233968
"79432",26,14.2899030768091,14.4991986174548,0.209295540645707
"90768",207,155.215929738366,151.636912081038,3.57901765732746
"80280",337,337,337,0
"92243",189,121.060055768722,122.873718255485,1.81366248676245
"7077",209,209,191.548112061651,17.4518879383488
"105385",84,84,84,0
"7261",305,166.461108668733,152.100575262415,14.3605334063181
"75136",172,149.466882945203,147.846240340627,1.62064260457542
"96772",31,19.5538121713891,19.6768906498404,0.1230784784513
"79345",210,110.095492753834,112.247739161048,2.15224640721332
"74535",210,210,210,0
"73532",142,58.8169950174593,60.4862826710114,1.6692876535521
"90590",360,331.770551161457,332.309556407572,0.539005246114271
"6215",380,310.366276624673,315.617728568347,5.25145194367457
"78872",225,166.685283809242,164.294613833653,2.39066997558941
"79292",329,299.527945042754,301.659543763326,2.1315987205719
"78285",295,220.824467042765,223.52713748201,2.70267043924522
"104801",181,163.705438328426,52.4916222868725,121.137937819479
"103298",102,97.4058690866617,102,4.59413091333828
"97108",174,127.382523409964,128.507290039293,1.12476662932938
"102269",171,166.372347134551,166.440543354933,0.0681962203811807
"92280",98,76.0827736091349,75.3077471404247,0.775026468710215
"74371",127,77.2204370721601,80.500486441322,5.30429555371037
"79352",141,59.2166639714991,57.2438674072403,1.97279656425878
"79188",156,101.638916027885,98.79830998735,2.84060604053501
"92772",124,48.1228647348272,46.0927095143837,2.03015522044345
"104811",325,325,325,0
"90749",164,157.103079521233,156.49469196714,0.608387554093612
"104886",254,222.849190383563,223.155840540868,0.306650157304404
"96773",62,60.2306173203504,60.3468289203339,0.116211599983462
"96775",147,132.899500961923,133.014942220505,0.115441258581896
"90752",69,46.5607999396332,12.5268540085476,34.0339459310857
"97496",148,92.9707103239638,94.1719293684382,1.20121904447444
"102634",297,201.707086144469,208.923091818662,7.21600567419205
"79294",496,480.754217904573,496,15.2457820954271
"90757",105,105,7.13601778785046,97.8639822121495
"96774",35,32.8072574447626,32.8365201319033,0.0292626871407407
"7639",461,461,461,0
"75032",396,282.213365107512,285.406112243039,3.192747135527
"74049",154,154,154,0
"75002",356,356,356,0
"105387",126,72.5030183192442,74.0724973462012,6.87800826379502
"78835",253,208.547052791796,211.512119393165,2.96506660136872
"104890",232,66.2003173072227,64.8992173312165,1.3010999760062
"74526",251,124.337764035416,121.13826606911,3.19949796630575
"102274",147,47.4258681124056,44.1789189632346,3.24694914917108
"77711",296,296,296,0
"104503",157,102.350720791843,105.992034322862,3.6413135310196
"97066",122,77.715054419252,78.5170890820044,0.802034662752489
"96932",46,38.7511297414349,38.4353974347938,0.315732306641128
"96929",80,80,80,0
"7096",86,27.8419381595013,27.4400045776118,0.401933581889454
"73888",77,42.2570286660938,43.1667301917797,0.909701525685905
"6213",188,171.003669843309,168.676168108402,2.32750173490684
"78851",542,471.062646976618,474.064954819225,3.0023078426068
"97601",91,50.152519023858,50.9493305744793,0.796811550621276
"74550",57,55.5494060797809,55.5647196566563,0.0153135768753793
"77821",244,244,244,0
"76527",83,70.8704112984758,69.9737152579402,0.896696040535597
"74456",207,169.118356980515,166.927728521873,2.19062845864108
"6105",138,102.74309635954,102.434081404918,0.309014954621491
"76519",72,62.9966182880754,62.1956606075745,0.80095768050087
"102296",101,101,101,0
"7072",580,579,579,0
"96776",89,88,88,0
"79350",355,355,355,0
"97114",180,114.368683959504,112.51356098181,1.85512297769394
"74557",352,299.579428969816,297.79597056212,1.78345840769657
"92233",314,287.641687259978,287.792388862598,0.150701602619728
"73898",158,158,158,0
"7269",386,380.143235863779,380.1166845505,0.0265513132793856
"76655",227,227,227,0
"97595",326,164.801599467663,166.823320212126,211.798556340991
"103229",170,170,170,0
"90261",280,265.961881611503,264.017378968874,1.94450264262885
"76539",123,98.2443953173532,98.7013164833713,0.456921166018025
"90600",270,259.499890575318,260.28403581308,0.78414523776279
"77823",356,355,355,0
"79349",194,194,194,0
"97497",85,46.4882067272766,45.7528817783141,0.735324948962481
"74457",375,314.774806208399,310.726472120349,4.04833408804948
"78284",160,148.059136520165,160,11.9408634798346
"96936",121,77.42897709686,60.4670435803029,17.8429657044022
"77707",111,111,111,0
"79446",43,18.8002092734069,19.2260913589724,0.425882085565492
"76514",93,66.9537288857032,68.9170598383295,1.96333095262633
"78374",60,43.8334792077975,43.2676014372807,0.565877770516758
"104903",234,234,234,0
"96928",203,163.435579884173,159.784000506815,3.6515793773579
"74555",259,234.584977074317,234.703207106612,0.118230032295707
"76620",79,79,79,0
"74997",124,114.396745782698,124,9.60325421730187
"104506",144,71.1235495592878,75.0816016020897,3.95805204280193
"92235",165,156.587167612705,156.1345968896,0.452570723104603
"78881",345,344,344,0
"103241",183,102.716685684067,107.139622997712,4.42293731364469
"75026",249,223.099678338015,226.812117540643,3.71243920262871
"96938",133,118.107829672063,117.168577859124,0.939251812939018
"90587",251,251,251,0
"90754",78,51.1704958139456,52.4687889050806,1.29829309113503
"103301",188,161.735138820088,162.435484666378,0.700345846290489
"92285",84,55.9810884729803,55.4768726648424,0.504215808137932
"103287",481,465.667396282107,480,14.3326037178924
"105392",255,72.1507269388503,185.765377775071,159.386221536938
"74540",108,108,108,0
"7078",290,290,266.438554448615,23.5614455513849
"105435",333,311.126019122608,333,21.8739808773916
"79439",124,93.6077685303374,88.7187323595344,4.889036170803
"6318",285,285,285,0
"96981",106,93.8202084613848,93.0712326628165,0.748975798568234
"6108",170,55.3072672418697,52.8487650099638,2.45850223190591
"78852",266,181.116664298355,183.32743672197,2.21077242361512
"103322",154,154,154,0
"79342",164,130.871294668238,121.540916241865,9.33037842637336
"74040",202,124.34885874501,120.056132979227,4.29272576578379
"96933",51,29.5365054836538,29.3532250712607,0.183280412393055
"104494",170,112.582361927042,53.6776921639442,110.319767138824
"102638",187,166.271428575517,168.573989380688,2.30256080517108
"102264",91,76.9079764843033,75.5707555525659,1.33722093173733
"96983",84,59.6106113615763,59.2535483646699,0.357062996906394
"104521",216,173.690432605982,169.029706467782,4.66072613820004
"90573",151,136.625672036289,137.331820389371,0.706148353082138
"79437",48,40.2451575082003,40.615358423642,0.370200915441691
"80284",203,186.623532014284,187.517331917496,0.893799903211971
"104797",147,83.4392088034845,86.4354673422418,2.99625853875735
"102268",187,60.7794570467379,54.1464813608826,6.63297568585535
"105391",190,151.966205143908,168.574446501224,16.6082413573158
"78879",83,32.8406739279302,31.3542750250316,1.48639890289856
"96422",173,117.173136423938,121.085397904363,3.91226148042431
"103240",199,164.494930928178,161.19687038173,3.29806054644886
"77841",347,347,347,0
"105393",79,72.4703438463156,70.3052103022713,2.16513354404425
"96985",69,54.0303680392715,53.2608025593286,0.769565479942932
"104543",335,289.536785583231,292.541443473719,3.00465789048823
"79189",493,282.71655683828,281.353910561991,1.3626462762891
"90759",173,173,167.145871939056,5.8541280609439
"102278",427,231.271229211288,236.810136925275,5.53890771398669
"102288",268,225.212484828092,231.362107197402,6.14962236931021
"74459",189,167.484765887653,165.446524285911,2.03824160174208
"102816",276,177.397833943936,183.734558769436,6.3367248254999
"80278",190,127.113948592789,127.940681802909,0.826733210119966
"74451",309,283.457858056243,284.479645891588,1.02178783534463
"104806",212,186.501240806301,188.098371410759,1.59713060445842
"73987",19,10.709584897234,11.225828812095,0.516243914861025
"90761",141,129.521662509936,129.992153733637,0.470491223700734
"105417",405,351.087102767134,356.712612739495,5.62550997236036
"96939",90,63.2925794678783,61.6683594412898,1.62422002658847
"78283",316,316,316,0
"96777",104,104,104,0
"102863",409,138.351916261694,275.01806170582,201.593085435848
"102056",386,386,386,0
"76529",171,146.730548600602,142.639279851788,4.0912687488135
"103434",226,215.763172601585,216.335325530864,0.572152929278833
"7093",239,211.70210816654,212.83626171984,1.13415355330058
"97508",93,63.1302254329826,62.2069577274232,0.92326770555943
"7260",393,173.426591390874,232.131621608314,233.274181916061
"78861",176,160.845924409706,176,15.1540755902936
"76644",298,298,298,0
"104913",89,40.3026018927448,38.1309375279654,2.17166436477941
"103438",309,309,309,0
"96416",525,524,524,0
"90567",136,136,136,0
"73870",78,67.0305054953237,65.8926154537935,1.13789004153021
"7642",179,153.002273485117,157.621467029566,4.61919354444849
"90266",161,140.945159947336,138.523098713876,2.42206123346017
"92741",229,189.725980462706,190.502921100954,0.776940638247895
"79310",529,529,529,0
"76625",156,97.0871824797016,94.5655652893611,2.52161719034042
"96988",42,28.8940954535969,29.0411445376725,0.147049084075582
"90770",377,186.873074189224,194.601919349995,32.7370786000368
"76762",61,61,61,0
"74917",439,439,439,0
"79426",133,66.0597582043729,67.0031227210597,95.8910785675625
"102637",64,57.8364335251789,58.829248839706,0.992815314527072
"79444",65,34.6546932320788,29.1677955198839,43.6336696332829
"73847",136,89.1830510851068,86.5201293211173,11.3527978553396
"79344",203,203,180.985579104888,22.0144208951122
"7427",359,359,359,0
"74941",283,231.939674556877,222.430001990423,9.50967256645412
"96419",204,109.291983133952,115.008171854801,5.71618872084847
"105390",47,38.4248327602213,38.7434127150248,0.318579954803515
"80277",84,69.9257365824252,71.0512986509473,1.12556206852206
"96779",89,78.7849164100601,78.1955080928256,0.589408317234482
"104549",248,169.665551043115,164.90982873221,4.75572231090477
"77670",368,368,368,0
"78839",459,368.286018212759,373.446683251073,5.16066503831436
"96987",45,35.5109945597154,34.655018305791,0.855976253924342
"79186",179,75.119983429233,107.451481456686,88.2414712041673
"73864",86,55.7272770608762,55.4610601519279,0.266216908948374
"73901",111,90.3559038222095,91.2568821627549,0.900978340545414
"8247",132,106.809779134292,110.043674910587,3.23389577629498
"7095",179,179,179,0
"7069",257,257,257,0
"80279",82,44.7023056009526,38.7571477194521,51.4729111804053
"79179",168,148.243828938475,150.308958587116,2.06512964864112
"90748",184,184,184,0
"90584",298,282.273520890941,283.133905393774,0.860384502833383
"79185",94,59.4439020073274,60.0139820290839,0.570080021756498
"6314",205,161.372505443271,158.870013176867,2.50249226640479
"79343",183,151.674502110873,148.032948312645,3.64155379822763
"90566",105,49.568797808813,49.4461421983683,0.122655610444598
"92295",78,33.6794716249091,30.0641327028752,3.61533892203384
"74044",88,48.205984680479,47.799448318515,0.451679525495022
"105079",122,107.075436017781,106.052766531896,1.02266948588589
"6211",89,44.5451034034208,41.9589912064273,2.58611219699346
"77824",197,197,197,0
"96780",45,30.0905245528279,33.7581067010518,5.05374299574332
"102265",197,105.71591423009,94.91914631373,58.4320960242226
"77702",73,73,73,0
"74939",176,132.06392621459,130.69823045477,1.36569575981961
"102855",86,54.0084812145006,53.665161180897,0.343320033603544
"93901",204,204,204,0
"97067",67,44.0882904951083,42.7763036495303,1.31198684557805
"73909",63,46.9591207676084,47.3055101452909,0.346389377682407
"73857",131,78.503914689383,79.6834220356235,1.1795073462404
"97096",74,60.6288353521656,60.4301758343775,0.198659517788055
"7074",437,396.725637360082,394.924064253297,1.80157310678455
"7102",125,111.475844929398,110.463114344999,1.01273058439937
"104908",151,151,151,0
"6104",68,32.4336850097779,31.9325340183391,0.501150991438727
"7087",456,456,456,0
"74041",110,89.5353155380231,90.3033392691604,0.768023731137353
"97068",114,114,114,0
"75173",130,108.290660345585,109.349336227178,1.05867588159334
"80271",162,103.969400638345,102.010421660007,1.9589789783377
"97509",153,124.856478935128,122.570123998264,2.28635493686393
"78282",257,237.575481426121,257,19.4245185738787
"103288",162,162,162,0
"96984",108,99.4873566192427,99.1775197266846,0.309836892558044
"90256",498,217.157362229956,248.791685521476,31.6343232915189
"96778",76,39.0088370425357,38.5796691394395,0.429167903096212
"90576",133,114.706224009313,115.328367744177,0.62214373486465
"79180",175,106.209985274428,106.460693656492,0.250708382063594
"104921",190,164.192977053207,161.92977627526,2.26320077794741
"73895",70,70,70,0
"79298",703,703,703,0
"105395",184,163.048792447247,163.256136683834,0.207344236586812
"7265",211,211,211,0
"96464",252,252,252,0
"92230",94,88.2157931964076,88.2005488102422,0.0152443861653614
"103280",327,327,327,0
"105083",296,173.732397853539,165.651343589894,8.08105426364496
"7099",96,82.2920191714441,83.7563260812382,1.46430690979413
"76516",75,54.768332312973,55.1793446058148,0.411012292841755
"6591",380,281.941176698525,283.818657441561,1.8774807430353
"96940",90,70.1976720931558,70.5778492475298,0.380177154374001
"74527",208,208,208,0
"102639",102,83.5259270273801,82.250724742229,1.27520228515104
"92771",141,141,141,0
"77638",254,254,254,0
"74034",309,209.473929802117,217.893716855329,8.41978705321188
"102266",168,125.502576219504,126.526753808753,1.02417758924942
"7413",107,84.2627753710916,85.1802083032441,0.917432932152485
"76532",60,45.1712263150314,44.4993196002895,0.671906714741957
"96990",30,25.1312642782803,25.1012182071713,0.0300460711090735
"96986",111,89.3303491043087,88.8785421800924,0.451806924216336
"7091",281,264.162199672105,265.545844309251,1.38364463714616
"97506",92,77.6036308871371,77.0487258467989,0.554905040338149
"73986",26,19.4189595713641,19.8403865838417,0.42142701247754
"78889",123,123,123,0
"102856",117,82.0132798068578,82.9591759302001,0.945896123342322
"97088",66,56.260459523543,55.227978913204,1.03248061033901
"78843",231,214.127861203889,212.179197630551,1.94866357333818
"79464",86,64.6736542491205,65.0962471532578,0.422592904137366
"96992",85,69.4479964407665,69.0110086155467,0.436987825219868
"96941",181,171.202765208382,170.198467442762,1.0042977656197
"104686",456,390.747783702161,396.136824477545,5.38904077538437
"75034",212,173.700806657996,170.522646919769,3.17815973822675
"74447",365,303.208210698222,298.87499672504,4.33321397318143
"96934",73,43.9345198267022,30.0379511495586,29.4846515591792
"90750",230,230,230,0
"7086",120,112.794219898447,113.401186928608,0.606967030160871
"74529",256,224.195846618658,213.450962000506,10.7448846181518
"104904",171,171,171,0
"96989",42,23.33258195859,23.5311651776592,0.198583219069205
"77712",152,152,152,0
"76520",102,95.9773191334535,95.6958841033365,0.281435030116943
"103238",534,384.283402465399,390.197057254262,5.91365478886299
"96465",222,222,222,0
"73834",104,104,90.8863384617002,13.1136615382998
"102861",148,130.812134131722,129.626086336939,1.18604779478361
"97069",148,97.9964793454928,97.4718650052472,0.524614340245676
"76537",108,71.7453234599101,71.0569152264516,14.5252804934366
"104539",128,87.0149843582109,83.544987880984,3.46999647722689
"104936",204,42.6021983838213,35.275835181314,7.3263632025073
"76553",96,50.9510956853601,49.813397589669,1.1376980956911
"90271",411,411,411,0
"102291",140,114.919719490091,112.361820322083,2.55789916800827
"79429",108,70.3575926185482,72.5453835007434,2.18779088219515
"6212",239,239,221.112378434785,17.8876215652151
"103234",430,367.241587907283,86.6763274970973,280.565260410186
"75142",471,341.669553677753,354.492251184197,12.8226975064441
"78847",326,325,325,0
"96931",174,137.444064690675,128.962091585888,18.0395332339958
"90586",128,128,124.135446987942,3.86455301205839
"7484",317,292.826855526848,293.411547413601,0.584691886752843
"105076",137,93.5102635564105,93.4754895904113,0.0347739659991008
"74544",218,218,218,0
"96943",67,53.4801075444664,52.9913856908257,0.488721853640738
"7244",246,70.4031426059919,166.189340369705,102.747485435024
"102258",194,111.999252981799,106.521825199304,5.4774277824952
"78904",347,347,347,0
"90602",63,38.815704284897,40.6928937627945,1.87718947789759
"75134",91,57.4120140442184,54.8696015444107,9.49875830541717
"77819",122,122,122,0
"97115",162,97.2359859735399,95.3171708328927,1.91881514064714
"73913",282,206.017337730021,212.713151233978,6.6958135039564
"78281",88,76.3921043314607,88,11.6078956685393
"90562",149,117.540405043882,115.248814358526,2.29159068535614
"79340",115,89.9145639115627,86.181791231164,3.73277268039863
"76764",55,35.9209397816502,41.3821085780642,5.60864680819663
"7076",220,169.115217841819,165.343161986265,3.77205585555419
"78856",288,288,288,0
"103458",116,48.0992149511023,43.1874110396176,4.91180391148468
"97500",139,117.380959532667,118.373748092859,0.992788560192379
"79281",543,541,541,0
"78876",125,125,125,0
"104531",133,126.722890111509,126.729316487816,0.00642637630743917
"78866",109,82.3183770736263,83.9769145603736,1.65853748674728
"76638",234,234,234,0
"103462",319,318,318,0
"90585",139,74.1439610380508,80.2002369990073,6.05627596095654
"78840",268,268,268,0
"96781",99,81.9046221759085,84.5727047565542,11.1607840577069
"97542",37,27.8015471811791,27.1902329784388,0.611314202740368
"73542",104,60.9712917061583,59.8284514518061,1.14284025435217
"92778",56,36.5534516765936,35.1457985776402,1.40765309895342
"7253",180,180,180,0
"7098",202,155.432987684525,153.331598392346,2.10138929217892
"73886",70,46.8813539611122,47.5198558355242,0.63850187441196
"74556",373,356.217294265983,353.284628139148,2.93266612683416
"7097",134,134,134,0
"105080",231,231,231,0
"80275",144,75.5446896416976,77.2294364608236,1.68474681912595
"92740",94,94,94,0
"90751",126,119.360073524444,119.829182322684,0.469108798240129
"104926",243,202.861812136114,204.243533922299,1.3817217861845
"7641",556,556,556,0
"92232",131,119.534023257927,123.056541478309,8.25485341630177
"79187",158,125.569190174742,148.901265602827,28.2236811900853
"74047",104,83.362878093688,84.2589222314392,0.896044137751164
"105400",139,103.281669135777,105.248700956415,1.96703182063779
"79339",160,128.646560712259,125.282954148259,3.36360656399965
"96944",60,53.534383644793,53.1451924466926,0.389191198100366
"105407",201,201,201,0
"102839",220,220,220,0
"74932",67,51.893380000185,49.4360621956201,2.45731780456496
"78837",452,406.654882151391,452,45.3451178486091
"77817",519,517,517,0
"77820",329,329,329,0
"103290",420,196.897594232975,191.043824781747,5.85376945122746
"7270",187,187,187,0
"8167",440,236.656402069195,230.943160683923,5.71324138527202
"74542",176,155.777637284075,149.865629778954,5.91200750512026
"74045",131,120.4263242327,119.966054830905,0.4602694017952
"7267",280,269.010423075796,269.591871515585,0.581448439789124
"102256",112,87.5326471191507,85.4133227670823,2.11932435206835
"74989",162,131.635531604106,134.30605568537,2.67052408126465
"96991",74,61.0058593615067,60.2280531708305,0.777806190676283
"73981",23,14.5445653552782,14.9917206803665,0.447155325088314
"104512",130,107.429150173088,105.375580839361,2.05356933372648
"6103",134,128.125905304357,128.017019761029,0.108885543328571
"103441",261,238.745860334572,239.735000960281,0.989140625709141
"96423",103,103,103,0
"7259",124,89.3670247729213,91.4550806676775,2.08805589475623
"90599",329,329,288.492391613933,40.5076083860673
"7456",238,229.40372238288,84.5778286349501,148.205569617564
"104526",294,167.365170175088,164.738613247897,2.62655692719174
"73982",390,390,390,0
"79341",334,125.072244522148,126.553456860968,1.48121233882076
"105397",238,200.426923359922,204.905889890607,4.47896653068457
"104930",219,219,219,0
"76531",95,94,94,0
"103242",136,95.1777374942458,92.1018276628849,3.07590983136096
"104495",166,40.6815718678989,41.2538127696476,1.07891048357571
"7071",466,448.974265028465,449.468565750596,0.494300722130724
"97070",86,86,86,0
"6309",107,62.8254233761967,59.6884884467824,3.13693492941426
"102860",75,75,75,0
"104911",254,254,254,0
"96421",181,181,181,0
"73866",103,81.561953946392,81.378072693153,0.183881253239095
"77818",519,519,519,0
"90264",72,72,72,0
"74533",95,82.8911047018223,80.8049615044006,2.08614319742171
"7255",272,272,272,0
"74968",200,121.758113938602,124.210126829799,2.4520128911963
"78280",294,294,294,0
"73529",232,232,232,0
"79182",144,90.2305940057169,91.0590980174521,0.828504011735274
"96947",18,13.1922129740523,13.0791918421616,0.113021131890706
"76757",89,69.068983254381,68.2226541266545,0.846329127726487
"79289",456,456,456,0
"7245",250,157.829814037861,159.403832062761,1.57401802489973
"90760",389,377.757989270106,378.449778474676,0.691789204570149
"74928",123,80.8883684130821,82.8113595315761,1.92299111849397
"77842",87,87,87,0
"79338",33,33,33,0
"7080",149,102.507090564156,103.364441203058,0.857350638902506
"76540",50,35.9355464007137,32.7776282645403,4.27321804187533
"7264",334,334,334,0
"76512",119,81.5418068027335,88.2417231072574,6.69991630452389
"73839",83,78.4114356914218,78.3284344330114,0.0830012584103494
"80270",331,201.012787063876,208.355852456492,7.34306539261643
"75025",305,204.820080556901,212.50407855948,7.68399800257895
"102068",446,446,446,0
"77834",126,126,126,0
"7263",454,204.65367269976,385.552901392334,180.899228692574
"73543",65,50.0550378341821,50.7407976080574,0.685759773875285
"6315",82,44.4008004033119,42.9063956735593,1.49440472975265
"7106",128,55.7733504318499,49.1371322738752,12.4839343476913
"77700",161,90.9866974965873,88.3279273097526,2.65877018683469
"103321",309,309,309,0
"96782",119,79.631972393639,78.6036923692888,1.02828002435024
"90250",356,356,356,0
"76525",78,22.4812163067299,23.3255549200932,0.844338613363223
"6210",431,142.45108965306,136.586922584006,5.8641670690546
"7082",173,118.657831345875,123.4129909484,4.75515960252467
"96942",96,96,96,0
"73835",42,42,39.5164520603718,2.48354793962816
"90762",185,151.235417349464,154.066894722337,2.83147737287273
"96995",58,46.5661108514146,45.9441136379575,0.621997213457138
"96314",304,304,304,0
"90253",305,305,305,0
"103432",331,331,331,0
"96993",105,104,104,0
"90571",228,182.24457448575,186.064990689301,3.82041620355069
"97100",72,52.0929149954126,51.3888345046559,0.704080490756745
"79181",151,60.626429858719,56.3727606135442,4.25366924517476
"97513",80,48.9406058179095,47.6562415657568,1.28436425215271
"97091",89,73.9260514228996,73.9542883930057,0.0282369701061495
"97502",377,349.778463127315,377,27.2215368726854
"79280",473,473,473,0
"74546",286,276.099172717528,275.304059786656,0.795112930871288
"105398",187,114.354640515548,116.108439078811,1.75379856326311
"96996",73,55.3581107909249,54.156071415517,1.2020393754079
"102267",255,125.97619456171,121.536919235314,4.43927532639578
"105401",179,179,179,0
"75133",186,101.694813820385,103.864623556327,2.1698097359423
"79449",144,143,143,0
"103431",42,38.2293071887402,38.5625601022397,0.333252913499481
"73541",111,58.7629952631503,57.3816773412328,1.38131792191755
"74458",449,174.193396540079,180.285994044863,6.09259750478371
"73824",252,204.195265168,198.798922892377,5.39634227562307
"79337",131,94.9457931147611,98.0589297718099,3.11313665704889
"96945",160,78.9781519714168,80.2225403618397,1.24438839042285
"104938",321,271.200250988281,274.273755099542,3.07350411126108
"76628",87,51.3655019487884,53.0015486819553,1.63604673316688
"75113",121,89.3002003940092,90.4114520745037,1.11125168049449
"79172",108,60.5427741077252,62.9275661608156,2.38479205309035
"6101",254,254,254,0
"73871",60,44.6677136568532,44.5980491137908,0.0696645430624123
"96937",102,48.8410333367567,50.2636231094284,1.42258977267172
"97516",70,56.5396548911232,55.9053354299891,0.634319461134098
"102640",172,135.469639848727,131.859389051872,3.61025079685542
"7241",110,77.2157749170219,76.8839219322311,0.331852984790852
"79177",93,43.1013855807133,44.9812487727599,1.8798631920466
"102641",278,251.517583920388,247.631865922074,3.88571799831386
"97071",102,87.0577286807853,102,14.9422713192147
"74562",119,72.058579948007,67.1982471568917,4.86033279111533
"104535",86,72.4193560483372,69.7468748791234,2.67248116921386
"96950",82,68.7980373953959,68.5183962885911,0.279641106804787
"75132",172,89.9873237716379,92.6858474714987,2.6985236998608
"102259",152,137.290559264922,138.839158671927,1.54859940700522
"103435",57,51.3323217718248,57,5.66767822817525
"102251",240,240,240,0
"6209",316,289.694242011523,316,26.3057579884766
"76534",126,126,126,0
"7109",383,285.733793426547,281.81633592373,3.91745750281687
"102852",46,32.4862493480201,32.9824596248909,0.496210276870808
"96946",137,97.5721961099261,95.6483154923887,1.9238806175374
"97073",66,43.7947667799867,42.9364497285949,0.858317051391862
"104946",116,115,115,0
"97544",121,102.786519609358,98.8858617125803,3.90065789677744
"103273",402,380.254822952731,380.943239445123,0.68841649239151
"7101",187,100.744050362279,104.148903635527,3.40485327324858
"77844",257,234.221215535385,242.098072252005,7.87685671662055
"96948",88,76.9018428125899,76.0533014956001,0.848541316989781
"74531",354,340.092767751681,340.922992833839,0.830225082158144
"102644",160,157.073943739752,142.517356117236,16.3960061379298
"97515",55,52.2077947328496,52.1620930781226,0.0457016547269649
"76657",320,320,320,0
"104958",162,61.6840712944611,60.4880937430421,1.19597755141897
"75016",151,106.888239239192,104.909470679179,1.97876856001294
"103443",305,283.876029093449,284.56708647118,0.691057377731099
"96784",116,90.5459646622878,90.9144158781636,0.368451215875783
"75005",325,206.422793332262,203.453266481581,2.96952685068118
"90581",108,104.992184989173,105.032285043572,0.0401000543992014
"6097",540,540,497.163431439796,42.836568560204
"7643",135,71.424124770243,69.9184430355114,1.50568173473157
"77692",107,107,107,0
"90248",290,290,290,0
"92739",177,177,177,0
"77636",227,227,227,0
"90753",191,191,191,0
"90603",158,139.935380308581,139.511071900802,0.424308407778909
"79174",110,55.3334036101197,56.4007402648058,1.0673366546861
"79184",196,160.104972479196,162.850392349288,2.74541987009153
"7257",173,173,173,0
"78900",457,456,456,0
"6317",81,81,81,0
"92767",136,116.756108216973,114.921563325759,1.83454489121422
"96994",127,107.986830419529,106.234053814403,1.75277660512603
"96783",74,41.1317590858931,39.4497025986097,1.68205648728339
"76528",31,29.7622293461302,29.7910051913308,0.0287758452005594
"105410",170,170,170,0
"92766",41,23.2909550961297,24.6332719180488,1.34231682191906
"76510",81,58.4229101267079,58.1833007537982,0.239609372909675
"76758",76,36.9232561744675,37.6227340096119,0.69947783514438
"79335",154,139.477022220642,137.801273120328,1.67574910031401
"103283",329,53.5844628731345,45.8541475594889,7.7303153136456
"7248",229,229,229,0
"75108",77,49.2333866484573,49.8860826526665,0.652696004209165
"92782",136,103.199645454758,105.895518560392,8.38974315562178
"74987",440,440,440,0
"76749",129,114.557070929903,113.398940139836,1.15813079006672
"104544",608,607,607,0
"7113",369,285.605861086011,280.823172372812,4.78268871319858
"105414",226,226,226,0
"90579",437,352.86379830085,349.530257209907,3.33354109094208
"102840",213,129.036490653143,173.973404468699,47.0789550451518
"79436",98,87.3497639801277,88.5100654988388,1.16030151871117
"80268",163,102.479491779389,100.670688444631,1.80880333475724
"104511",165,119.190773955111,115.322844586761,3.86792936834905
"96997",57,51.4347751220516,50.9797253420026,0.455049780049062
"74036",189,91.348245838441,85.5928199873983,5.75542585104271
"73980",140,126.523195901111,127.639154699851,1.11595879873972
"97505",257,144.98775374404,150.96546391456,5.97771017051991
"97510",153,84.4994871268968,82.2561320645721,2.24335506232467
"97072",57,37.9954940634181,36.8415779465589,1.15391611685915
"104815",201,178.38194111799,181.184471489496,2.80253037150643
"90747",338,337,337,0
"73843",69,46.3588276851511,45.7961479505899,0.562679734561197
"73900",148,84.8826452034026,81.9853571331121,2.89728807029049
"97000",18,12.5279346437707,12.3584046815603,0.169529962210422
"74534",214,167.616744346749,167.246378993876,0.370365352872778
"76635",184,184,184,0
"7104",104,89.4736388828103,90.3966412557328,0.923002372922432
"96424",227,117.350200561559,123.855308553612,6.50510799205314
"90575",92,52.6523131109815,55.3363934040971,2.68408029311565
"104826",353,309.662654014366,316.139827205018,6.47717319065219
"105406",117,117,117,0
"96786",71,54.1316481509639,54.5149666936574,0.383318542693463
"96785",39,29.3617318052728,29.0521203359831,0.309611469289735
"74367",280,208.670376146915,211.533798391968,2.86342224505228
"74521",113,86.0026662227367,86.8351157521673,0.832449529430654
"104924",312,312,312,0
"7089",438,438,438,0
"78857",459,207.664948137632,203.780107970511,3.88484016712123
"77630",237,154.807635488151,156.542700469299,1.73506498114718
"79333",253,180.543811211678,185.088497765998,4.54468655432003
"76518",159,159,159,0
"87471",153,80.4285640895892,73.290508719843,7.13805536974616
"103243",118,78.130179594419,81.7597074657223,3.62952787130326
"73841",88,56.5119721274857,54.101716727877,2.41025539960869
"87828",307,307,307,0
"80273",86,86,86,0
"102825",241,212.618602625895,218.322260328639,5.70365770274419
"96949",113,94.4217023486968,93.3231251621425,1.09857718655421
"74043",117,90.783298444843,86.7397941750817,4.0435042697613
"78870",427,417.429771066904,416.903158652043,0.526612414860785
"97517",89,45.2003017958133,44.5227422178138,63.2804021367724
"6313",103,103,103,0
"102250",253,218.494804887392,215.922781790634,2.57202309675782
"7252",119,119,114.361062803991,4.63893719600896
"102282",212,192.079988835534,195.67481671054,3.59482787500623
"76755",56,41.6233111867063,41.9311532948329,0.307842108126548
"104800",306,306,306,0
"79183",194,87.0204977303658,63.5280227726373,23.4924749577285
"7425",360,359,359,0
"7084",515,431.710945133441,427.05924665898,4.65169847446143
"74974",71,71,71,0
"104805",366,366,366,0
"77715",275,275,275,0
"105404",182,59.2927220107774,56.3539396217814,2.938782388996
"97001",53,38.2798018249777,37.7883288032829,0.491473021694795
"102642",147,117.192300489038,117.004036103821,0.188264385216967
"90583",155,94.1903831918945,92.5499166256342,1.64046656626041
"73894",107,73.2657347272435,75.9130569736426,2.64732224639912
"6310",61,41.3915236653606,41.8282763867646,0.43675272140397
"103286",331,321.07170913411,321.749499314525,0.677790180414856
"105081",209,168.73614884907,173.061715875793,4.32556702672341
"77646",158,158,158,0
"90257",161,161,161,0
"79178",202,104.496655926836,100.037509353208,4.45914657362798
"102247",157,128.299371968035,126.848794941274,1.45057702676086
"96951",69,61.6866842620878,61.3970161815794,5.8378328677777
"104548",128,98.0761797717913,95.8280443863343,2.2481353854569
"80272",221,221,221,0
"76526",68,38.3812135722704,38.114096869288,5.24483919146364
"79440",163,141.56771362181,139.762410208272,1.80530341353712
"97074",55,35.3961852228286,35.8406732660173,0.444488043188769
"74541",123,123,123,0
"74446",156,50.287696130428,49.0243360517526,1.26336007867539
"79482",247,247,247,0
"87848",339,305.94688061248,304.962199224945,0.984681387534805
"74368",510,510,510,0
"77689",150,137.408375932822,138.063771888357,0.655395955535386
"77835",247,247,247,0
"97087",30,17.1072227788308,16.6162881271221,0.490934651708694
"80274",132,75.7244880739323,77.8592550814011,2.13476700746875
"74519",429,429,429,0
"73865",171,127.222000887184,139.619923190061,17.5608525424388
"76649",83,83,83,0
"96998",110,91.5872617569401,90.6261043355423,0.96115742139784
"80269",58,40.9246236857178,41.609035852633,0.684412166915169
"103471",93,28.2397469264758,31.1932838293523,2.95353690287651
"7682",279,270.144133011592,279,8.85586698840835
"7258",303,294.477727359794,293.372943273291,1.26754985627435
"79279",679,678,678,0
"90597",216,96.8526333112359,56.8240783693073,40.9209745964652
"104537",322,264.331379325308,268.046625482085,3.71524615677743
"74552",355,355,355,0
"89220",263,208.723311951521,207.797378600395,0.925933351126008
"79176",191,177.168578303156,176.234179810149,0.934398493007516
"7092",302,302,302,0
"79330",63,51.4931014668395,52.4125301442853,0.919428677445874
"102857",177,177,177,0
"78846",350,174.164686692549,171.34830551054,2.81638118200835
"75028",83,25.8613239106027,24.0702908704332,1.79103304016951
"104939",290,290,290,0
"104569",457,177.087112582657,174.120189392901,2.96692318975517
"104945",184,184,184,0
"76645",136,75.5515038622577,76.6327706187884,1.08126675653067
"97092",88,76.0981081878813,75.5337536265437,0.564354561337537
"96999",95,50.2032462857171,49.5874511624243,0.615795123292747
"104493",122,92.5372860947585,94.7394773742771,2.20219127951855
"103461",228,208.873666279033,209.772860623269,0.899194344236032
"76760",74,70.3642953812716,70.4757368784198,0.111441497148142
"74525",203,196.200116477262,196.859951677919,0.659835200657173
"90755",270,261.181117100996,261.722145030671,0.541027929674708
"79285",513,468.388358833615,512,43.611641166385
"79171",114,83.0081755987899,81.2308559352114,1.77731966357848
"79334",150,103.765015828217,99.8254212572094,3.93959457100761
"77708",201,105.978835988682,108.95191386199,2.97307787330794
"75001",136,136,136,0
"104948",206,206,206,0
"97085",32,20.9832101794806,21.3194764921884,0.33626631270779
"6099",239,195.440328812128,192.861365877409,2.57896293471926
"96952",70,61.9631702455878,61.0444914002946,0.918678845293256
"6560",258,258,258,0
"92738",392,391,360.18705072185,30.8129492781495
"104501",505,284.213628070664,275.378605936865,8.83502213379876
"79332",207,183.177074944674,51.2289829344812,136.846130499688
"7242",76,76,69.0922427285916,6.90775727140839
"80266",503,503,503,0
"102643",36,33.3310959280299,36,2.6689040719701
"6304",247,174.075563514951,178.268152860657,4.19258934570558
"77642",112,59.5036264659229,53.6822901203582,83.9089759812844
"103456",143,129.064209809974,129.692806027966,0.628596217991823
"79445",98,67.2320597938708,67.7510169542437,0.518957160372812
"77659",135,52.9412017727298,52.8968025091512,0.0443992635786248
"103440",476,476,405.131824500502,70.868175499498
"87823",172,132.627443313858,132.300371399835,0.327071914022738
"89216",346,172.30676410076,163.219202680802,9.08756141995796
"6316",83,51.0573992782677,53.27844857155,2.22104929328226
"96787",69,53.6957572839888,54.2414311943711,0.545673910382223
"7249",150,150,150,0
"8326",144,115.530138677138,110.725262022338,4.80487665479995
"89221",129,81.3333884617405,71.2911328119513,10.0422556497892
"79336",416,416,368.485157767977,47.5148422320231
"80267",268,268,268,0
"96315",271,217.852816379764,222.024197988584,4.17138160882023
"104523",72,72,72,0
"105419",288,239.594172710591,248.232872932004,8.63870022141311
"105078",283,258.676759798582,201.280441300836,72.410043690737
"104935",93,93,93,0
"102649",404,209.527779951674,204.424423449295,5.10335650237918
"7121",95,74.2822888998125,72.2954635605529,1.98682533925959
"74976",82,62.3558566122442,63.1220958570043,0.76623924476012
"76763",110,89.3137688736792,88.1596199749925,1.15414889868676
"76521",81,72.6837525790163,72.8846687752154,0.200916196199077
"104941",225,202.793639804769,225,22.2063601952312
"96953",151,136.605283633258,135.150405780897,1.45487785236065
"6142",159,159,159,0
"104808",223,144.506974253254,148.881624555004,4.37465030174979
"103275",329,321.964600549162,322.625322899664,0.660722350502958
"103433",370,352.208902856519,353.317675281419,1.10877242490072
"75116",206,159.700589054998,154.167731927935,5.53285712706299
"75021",79,75.1693484687411,74.3350736430506,0.834274825690505
"90242",239,180.402624072006,191.616434783406,11.2138107114003
"6100",117,78.785944396662,74.5716493100639,4.21429508659808
"97075",67,37.081406082348,37.520012821103,0.438606738754913
"102263",316,285.895219593295,281.375169177893,4.52005041540256
"7475",240,240,240,0
"73833",100,70.1109012166771,65.9600356851417,7.0840125174598
"75103",131,82.0106405939588,83.5153326132723,1.50469201931357
"96788",149,104.279066226733,118.644969546666,30.410102251604
"74512",142,33.8383040315957,139.386593197419,106.461169225391
"105438",498,498,498,0
"97110",334,230.245125430377,224.813673712613,5.43145171776441
"102065",253,183.908965423718,178.949408796315,4.95955662740241
"77815",544,543,543,0
"7094",620,184.357134494411,167.385995523404,16.9711389710066
"74538",144,136.207899394729,136.782064353388,0.574164958658556
"76746",160,38.1617391357162,42.0205096072353,3.88061002644086
"7412",24,18.2182534553895,18.867607679631,0.649354224241526
"104545",230,230,230,0
"102647",174,136.946622159961,133.143480847215,3.8031413127466
"6305",126,98.8877499865987,97.693567311602,1.19418267499673
"96789",68,55.0069805774901,54.6516441548117,0.35533642267841
"97095",130,76.6399115551722,78.2405053747409,1.60059381956862
"87472",358,278.570244036304,278.234962143145,0.335281893159314
"102845",217,217,217,0
"104951",307,250.785579560618,253.024685364824,2.23910580420591
"79329",117,92.5198124209088,89.7853953569575,2.73441706395131
"97076",109,86.2554311713692,85.1978232008657,1.05760797050354
"73528",47,9.33690536902516,14.5949879497222,5.25808258069704
"97545",103,92.0844290107557,90.8490476483716,1.23538136238408
"7645",157,141.968449016196,144.749959451292,2.78151043509649
"102254",240,240,240,0
"75131",100,78.4045524774778,68.5136645704334,11.7922041880469
"74922",158,120.258087730144,115.997078633765,4.26100909637867
"103436",245,245,245,0
"7105",156,156,156,0
"87847",243,73.2222281144505,73.4964754008405,0.274247286389973
"74938",305,154.172039460153,149.670708537516,4.50133092263713
"102243",143,100.990207495461,100.688613615149,0.301593880312319
"79291",189,189,189,0
"7254",204,204,204,0
"73531",93,86.2113822346424,86.4486324361969,0.237250201554464
"76523",74,62.4654855334211,62.6002809062743,0.134795372853134
"75035",107,96.9738928003363,92.7661691416567,4.20772365867961
"75011",140,100.735216763558,98.2693044705729,2.46591229298544
"75015",370,180.107881645817,178.323527487801,1.78435415801608
"79483",553,553,553,0
"104957",142,50.63207583604,48.1975409203593,2.43453491568071
"102055",295,241.827861359861,247.889649686534,6.06178832667286
"74444",273,125.455472196214,122.585680166521,2.86979202969264
"7237",140,113.865816496926,112.14521187386,1.72060462306606
"7116",151,122.738935360114,124.43310358077,1.69416822065594
"103326",281,276.009227335208,276.091409732691,0.0821823974827807
"97006",83,73.4318426577675,73.9058978577668,0.474055199999264
"97004",39,34.4138381754775,34.4485907680083,0.0347525925308253
"97511",158,144.619843274224,145.644467427692,1.02462415346834
"105402",218,218,218,0
"104331",468,449.270134291232,414.255348225209,42.0103066273633
"79455",154,89.7829166179739,92.4636255628408,2.68070894486691
"103425",279,279,273.312544781466,5.68745521853406
"7103",125,111.678116721448,112.109863500823,0.431746779374539
"97002",67,63.4832311381512,63.4416327336143,0.0415984045368605
"102645",85,45.9419142621949,46.8989518008208,0.95703753862582
"77704",79,42.3750113253879,41.5227421581362,0.852269167251653
"73539",31,25.9984214517458,26.2340536938818,0.235632242136036
"79327",26,26,26,0
"74033",138,58.421610165081,130.638901503898,75.0814875796575
"90252",287,287,287,0
"75124",61,38.3330309582178,38.9878874198665,0.654856461648718
"90244",236,226.734026953398,227.275950914637,0.54192396123969
"96790",82,76.228326894866,75.9105602398883,0.31776665497769
"74959",177,177,177,0
"104517",250,210.207684761269,212.307563801241,2.09987903997246
"89347",177,106.408274641653,106.034417870348,0.373856771305025
"81296",177,102.328800308673,106.899322447651,4.57052213897757
"77625",107,77.0982747618597,75.9482307075659,1.15004405429381
"79331",125,121.995755373849,121.433092816857,0.562662556992025
"78860",472,334.413131494425,329.985219919092,4.42791157533342
"103244",167,94.7334388274516,87.0205565773228,7.71288225012879
"7124",112,93.6667628088362,94.0919458027197,6.33552868508049
"102244",140,140,140,0
"6301",46,40.40143241464,40.9297350217,0.528302607060026
"87844",146,44.9342556517169,47.888953616656,2.95469796493902
"6311",98,79.5526908803955,81.9287339229226,23.3574692623216
"90580",135,37.1488340658895,39.6660315386732,2.57164188092744
"76754",38,33.1654581331786,32.7995091736378,0.365948959540805
"105399",283,79.5198893785006,74.977607608371,4.54228177012953
"103477",95,92.7927822387464,92.9747436560515,0.181961417305098
"96958",40,29.7656037467251,29.7058543859117,0.0597493608134251
"77813",745,745,745,0
"102064",140,95.508536155881,96.0631199910812,0.554583835200133
"74978",32,21.722282858931,23.0771447470968,1.35486188816584
"77701",181,137.439946029106,141.369882614495,3.92993658538912
"104320",163,41.4067124928643,38.5924459503029,2.81426654256144
"87334",355,305.207527889157,303.222850812702,1.9846770764548
"97081",83,83,83,0
"74530",177,177,177,0
"7415",236,200.240925966795,197.714795040719,2.5261309260759
"6298",66,58.6877138671302,58.7431564636612,0.0554425965309873
"87802",341,211.020755898229,196.72501907107,14.2957368271589
"97003",90,76.3073428235646,75.4003943281271,0.906948495437501
"76752",106,79.6326431430229,79.103335861056,0.529307281966937
"74965",92,64.2454412080864,63.2601802785869,0.985260929499437
"104522",123,107.540982297319,107.973431741005,0.43244944368636
"74449",280,172.676065678527,180.833770579969,63.6404300326195
"105075",531,488.086208552242,490.25786846802,2.17165991577894
"75003",58,48.0919328328085,48.0316792039041,0.0602536289043426
"79328",235,194.245453522855,196.449149507443,2.20369598458745
"74509",195,116.749427916345,128.39118602677,11.641758110425
"90269",256,229.985928489017,153.219370242458,92.8414454378525
"90243",202,99.8341828621373,99.9892721219664,0.155089259829127
"96956",33,30.5445870677734,30.577231052826,0.0326439850525482
"73977",107,92.7376145436373,92.8105683466,0.0729538029626823
"7235",95,71.1765297038994,72.0177529124929,0.841223208593553
"87816",447,203.667246197794,190.156452700803,247.018383799928
"7256",149,149,149,0
"102646",117,98.9244738711177,99.0186682065804,0.0941943354627933
"77690",238,238,238,0
"74992",156,151.636319806935,96.0307756740173,55.8852415542093
"77816",739,739,739,0
"96426",369,318.037670935926,324.915775896352,6.87810496042602
"79282",256,256,256,0
"90263",264,264,264,0
"97520",66,58.8957188662443,59.3975715686534,0.501852702409118
"7114",197,197,197,0
"75013",159,144.581777730719,142.684993977919,1.89678375279949
"102028",67,45.2946775741879,46.4670818677594,1.17240429357151
"104510",158,153.097694776704,153.265297826332,0.167603049628094
"6208",375,375,375,0
"80265",153,104.170173724398,105.868853574115,1.69867984971725
"79173",171,171,171,0
"105445",236,199.667783533886,203.493152173846,3.82536863995947
"76759",91,76.9807057975176,76.256672520404,0.724033277113653
"102070",522,458.361162055735,465.649144128293,7.28798207255848
"78849",500,302.117856761174,296.050978310179,6.06687845099532
"79447",60,41.574295783742,41.4767138972796,0.097581886462397
"76511",76,52.1692860816421,50.6153368727942,1.5539492088479
"73985",239,103.408389391792,110.821538946822,7.41314955503024
"7122",93,53.689662815946,52.7743373420165,0.915325473929534
"78891",308,308,308,0
"102648",112,73.2001089529862,69.3028222676525,3.89728668533365
"89349",175,81.3675773702058,83.5974485979454,2.22987122773956
"105085",190,190,190,0
"96955",103,90.078274930884,89.4693943723207,0.608880558563359
"97521",214,140.513220536128,135.592470211973,4.9207503241551
"7644",230,230,230,0
"77652",96,82.8573414262656,82.207264745009,0.650076681256527
"74958",214,214,214,0
"102246",301,268.690778484817,271.698239230174,3.00746074535695
"104940",167,148.645060767489,148.791159615917,0.146098848427325
"74522",157,101.560341744921,103.231401139204,1.6710593942833
"77836",241,241,241,0
"74460",158,65.5958949232511,65.0629029062164,1.36242558490595
"104934",168,124.926243882122,126.768259454831,1.84201557270907
"104498",175,61.9381297205871,66.7555413198351,4.81741159924811
"104507",180,149.437100830401,146.419072681027,3.01802814937481
"77814",849,849,849,0
"105447",420,311.085723912091,317.364532523351,6.27880861125962
"97005",84,84,84,0
"96791",119,105.817825917862,105.539050868057,0.27877504980508
"90596",179,75.962688050861,84.4792370374081,8.51654898654703
"79481",353,353,353,0
"87460",115,115,115,0
"90582",625,625,625,0
"78916",579,579,579,0
"103276",163,163,163,0
"96428",230,157.257280327921,159.111847635762,1.85456730784179
"90236",399,382.403808736376,383.121613122892,0.717804386516071
"73827",273,224.155509044332,218.350846074275,5.80466297005658
"75014",178,177,177,0
"96957",105,78.1782960047928,56.4083462989963,21.7731140097761
"6312",113,65.3220595143628,66.5072322206124,1.18517270624953
"105411",286,286,286,0
"74979",71,35.4596648363908,32.8622145637811,2.59745027260973
"104949",152,135.699654562427,135.61081118938,0.0888433730471533
"104568",197,167.537888211893,167.709982484525,0.172094272632314
"77719",214,117.506919404923,119.020168937908,1.51324953298449
"77683",99,99,99,0
"80263",290,246.163436617921,248.525432582769,2.36199596484825
"103473",90,6.66647874561235,5.38640158104657,1.28007716456578
"96318",69,69,69,0
"7240",119,60.0619348139211,58.3465941950805,1.71534061884065
"6044",261,73.8056525336527,77.042575254126,3.23692272047332
"7246",89,82.6334174775948,82.3899924455596,0.243425032035171
"76656",106,106,106,0
"75130",158,111.284015835246,114.412641779434,3.12862594418845
"79168",300,248.406194758149,252.406888055492,4.00069329734273
"92736",344,310.113193020616,306.431211582186,3.68198143843021
"73874",237,150.247123193448,153.399559832756,3.15243663930779
"96322",260,259,259,0
"96442",391,47.4783741596552,43.0026206945794,4.47575346507578
"104929",156,82.0795083402422,83.7070290894455,1.62752074920336
"75106",77,68.7263040871937,68.6066728575231,0.119631229670648
"103482",361,361,361,0
"76646",93,52.6419405081493,53.449909580407,0.807969072257728
"96793",91,91,91,0
"103279",227,227,227,0
"79326",93,56.5116472826687,54.5011820963243,2.01046518634434
"77634",92,47.2381381503811,46.2660622472827,0.972075903098369
"104819",112,112,112,0
"90246",535,535,535,0
"7238",46,42.085802795598,41.9353808287329,0.150421966865152
"79450",89,88,88,0
"74996",81,54.8785568088886,52.776007204322,2.10254960456659
"75101",134,112.437470856674,113.347966583123,0.910495726449777
"74985",121,91.8614106164794,90.5870764068787,1.27433420960068
"6306",117,114.259846410844,114.381108537274,0.121262126430245
"79290",328,328,328,0
"97112",67,36.255987187126,35.0151285489141,1.24085863821191
"97090",144,84.067803640461,85.495046136328,1.42724249586688
"77669",122,79.548495192609,79.466834457161,0.0816607354479703
"8151",291,241.563357372697,236.215940083769,5.34741728892806
"104942",199,162.313631760761,160.734137908081,1.57949385267999
"77640",108,90.2626572126747,87.9035327169353,2.3591244957394
"74037",700,543.488400126618,550.558636110288,7.07023598366997
"7110",235,235,235,0
"74539",389,389,389,0
"105408",194,60.5297852236372,60.1799141213222,0.349871102314952
"104937",217,217,217,0
"96954",140,103.698351487284,102.299825745244,1.39852574204026
"97007",116,110.437490625348,110.02569861185,0.411792013498404
"7424",200,141.083651034721,139.985547150174,1.09810388454722
"75020",115,82.9746906742386,78.8635651842257,4.11112549001284
"79323",102,102,94.0467710617513,7.95322893824873
"7112",211,205.551328613356,205.909093813164,0.357765199808395
"102255",147,89.0270311757049,85.9192178236885,3.10781335201632
"73983",381,218.711226123182,207.747680744963,10.963545378219
"102651",143,143,130.518254507578,12.4817454924217
"104565",135,135,135,0
"77673",213,213,213,0
"74998",49,22.504640861271,20.7330249267958,1.77161593447527
"81308",296,222.691490805936,224.743277310638,2.05178650470161
"6563",283,283,283,0
"102652",152,112.831866118045,109.123694844362,3.70817127368306
"87829",447,263.532295061718,269.476951011255,5.94465594953715
"96792",51,38.482784260075,38.2066598929998,0.27612436707517
"90601",129,123.069073689132,122.775193614661,0.293880074471365
"102249",138,133.075341141865,133.231433621703,0.374896530814582
"73536",63,63,63,0
"103460",248,121.776075286525,132.885853334011,11.1097780474859
"76742",189,88.3838541386379,108.948193944247,20.5643398056096
"79325",82,69.1964063660864,68.0712821203798,1.12512424570665
"6207",406,406,406,0
"102811",161,108.810103552146,72.6279073859285,36.1821961662174
"74919",430,214.065000382431,301.966944612141,95.4963649529261
"96794",77,69.2912067924104,68.9679306259939,0.323276166416423
"79453",91,61.8097667181525,62.7738796837933,0.96411296564082
"73525",120,65.2024294438663,65.831529745343,4.95494280776827
"96959",67,48.3236973854192,47.7573064136459,0.566390971773336
"77657",295,189.182326624844,188.474820279075,26.9235252848711
"105415",93,72.9696193776972,72.2454738083599,6.16273165455913
"77632",155,154,154,0
"74455",248,196.04537399964,202.01491495105,5.96954095141002
"89219",167,75.4140953364237,68.8011893695492,6.61290596687444
"97527",165,135.703582896926,133.562326848859,2.14125604806661
"7250",263,263,263,0
"73978",213,159.002422461035,163.235000165281,4.23257770424533
"102850",105,51.037768002744,52.8357136794581,1.79794567671404
"7243",68,55.8093619540757,55.8755712078106,0.0662092537348541
"92737",122,121,121,0
"75010",170,53.5137884688915,119.980379538414,97.4413555027987
"97546",70,62.1480193483187,61.6374357294004,0.510583618918298
"7125",77,70.0736068434934,68.7804630131811,1.29314383031231
"102827",111,98.1275601613522,98.9599548293284,0.832394667976171
"103282",120,110.164682481383,120,9.83531751861751
"103418",360,200.4961568192,189.261251751437,11.2349050677633
"79322",116,90.9480916282034,86.6327413933202,4.31535023488321
"7423",223,219.51922018272,219.332199490352,0.187020692368229
"7120",121,104.682029501386,105.150644561662,0.468615060275645
"73540",61,56.5223241531296,55.5161148636999,1.00620928942967
"97077",138,132.379941349294,132.408501938993,0.0285605896998206
"76515",95,65.6898385282965,64.6039376267599,1.08590090153659
"76753",103,58.8295253708618,59.5490309356533,0.719505564791468
"104112",191,107.15465699357,106.914634117101,0.240022876469408
"87335",112,89.262928881096,89.9520889561393,0.689160075043309
"79480",302,254.432017385005,302,47.5679826149948
"73825",102,84.0989718708379,88.5525202382873,9.8259198221229
"76750",52,47.0898613416454,46.8941273142959,0.195734027349528
"75096",354,217.426664515181,225.614302360996,8.18763784581491
"74453",184,184,184,0
"78854",341,341,341,0
"74969",129,72.7018344620803,68.9054830696315,3.79635139244871
"76517",152,92.5269157198889,91.1962844201205,1.33063129976835
"102057",210,179.311995191615,198.111484598088,29.1999002157955
"76761",82,53.1869954304703,51.9894450384105,1.1975503920598
"97524",220,201.383812126694,202.247900071,0.864087944305425
"79286",378,378,378,0
"103428",203,203,203,0
"75004",86,50.3816109278958,55.4724097509316,5.09079882303578
"79169",180,158.332646396828,180,21.6673536031719
"6300",103,88.8806327995423,89.8081391108941,0.927506311351772
"74364",310,186.14723937538,187.17741230625,1.03017293086959
"74035",304,304,304,0
"7108",222,198.185282605106,197.327250385135,0.858032219970745
"104516",170,73.2755853216837,68.7902327241602,4.48535259752345
"97528",71,33.2035885318702,34.4174043674563,2.75760341674234
"103437",306,263.15140868992,259.956176855959,3.19523183396065
"73892",468,362.345179629979,369.126789841077,6.78161021109751
"97008",67,62.8994063465246,62.9678239518763,0.0684176053517461
"7471",262,262,262,0
"79324",147,113.323237189092,115.435742224969,2.11250503587665
"105429",680,615.110830544864,680,64.8891694551358
"97514",178,128.976774126829,132.550162926838,3.57338880000885
"97523",128,109.914674351532,108.411647512903,1.50302683862914
"104947",378,291.704635911211,291.879459697355,0.174823786143714
"102846",270,146.728796161985,151.890881606606,5.16208544462121
"102650",111,66.5626219499625,64.9094891519799,1.65313279798263
"96463",348,322.319165336256,346,23.6808346637442
"6297",80,66.0969361856755,65.7429680736769,0.353968111998567
"78909",787,786,786,0
"96961",208,134.34131064089,161.816352904988,28.8171034480098
"90234",205,205,205,0
"87470",243,145.604990145462,145.605931791705,0.000941646242575755
"7107",101,78.3411404222063,77.2886728757284,1.05246754647794
"77709",179,157.907512247429,158.732290574866,0.82477832743693
"103481",135,96.2719787987708,92.6788214294939,3.59315736927685
"102241",189,116.34663789722,99.9301918788616,19.1788040386159
"6303",112,70.2788017576133,68.2960410208863,1.982760736727
"103422",181,147.645574170063,152.098488577283,4.45291440722009
"102272",239,72.4871758836539,67.6490969349533,4.83807894870068
"97009",72,59.4638852885808,59.1061351309341,0.357750157646756
"80264",200,123.086440783838,125.557240198634,2.4707994147954
"75114",31,23.7291970355375,24.1938591002036,0.464662064666044
"104803",170,48.6194701997804,44.7277282573984,3.891741942382
"7422",352,340.366845225301,341.093230771834,0.726385546533351
"103442",286,124.826530143592,125.429512541003,0.602982397410945
"77672",31,26.5805600208475,26.4462568861344,0.134303134713032
"78892",275,221.691124344587,224.07783357519,2.38670923060275
"77837",159,159,159,0
"77649",100,99,81.8448030806281,17.155196919372
"80831",81,37.9968910904075,33.2901016742235,4.70678941618405
"74516",393,380.806614507651,385.996634465886,10.4005683920158
"77838",84,84,84,0
"97012",41,32.9972381752134,32.520282692702,0.47695548251144
"104334",182,155.288508702794,155.724960048664,0.436451345870464
"102034",159,111.683145770988,115.005834923148,3.32268915215944
"103284",272,125.299430527351,125.277988078344,0.021442449007072
"97079",95,81.6556892181721,81.2082668238121,0.447422394360015
"74982",83,73.732021169169,72.0863935943589,1.64562757481019
"103464",94,84.9489084849326,85.3081303004772,0.35922181554466
"75110",20,13.0267108780336,12.9784220553218,0.0482888227118217
"104529",200,200,200,0
"76654",179,179,179,0
"73828",171,144.1914249148,140.29264203466,3.89878288014005
"105090",421,376.906557662341,380.649805617525,3.74324795518396
"74545",304,304,304,0
"78865",223,129.889879919837,136.447777805654,6.55789788581708
"73984",180,156.603864039491,157.951191886183,1.34732784669162
"102240",310,264.765098311105,260.184148125051,4.5809501860541
"74993",72,48.6203569661255,50.5727948258807,1.95243785975523
"77671",93,92,92,0
"104313",97,36.2634222254998,32.5476901282314,3.71573209726843
"87459",450,372.195159757759,377.253507073233,5.05834731547321
"96425",173,24.8761897766719,22.2259993962409,2.65019038043102
"104492",410,410,410,0
"76739",106,65.1824325685401,66.2819562414298,1.09952367288974
"81292",97,56.6577462725969,57.6208811490996,0.963134876502722
"89331",619,597.173741896937,588.214472525751,12.4827934153697
"76744",105,44.9913995214682,43.5398391112928,1.68831494093439
"77653",85,61.5528793371174,60.8513000466714,0.701579290445993
"90262",864,864,864,0
"7023",182,144.437716891355,142.035852663619,2.40186422773626
"75099",120,120,120,0
"102027",220,136.166571290063,140.958780531953,4.79220924188994
"90251",154,22.233923678157,24.7797664422146,2.54584276405759
"97011",24,22.0562789485396,21.9643268666117,0.091952081927849
"75112",70,52.0154485857397,51.2002085213002,0.815240064439478
"96321",174,174,174,0
"73534",178,124.019397604457,123.613831688066,0.405565916390736
"7247",193,172.337627918316,172.958562730343,0.620934812027391
"104110",123,25.7953388599364,25.9744021804804,0.179063320543936
"96430",142,128.47280106773,131.36399155186,2.89119048412989
"7111",118,99.1186360934337,99.6525600447383,10.4818802801897
"74363",267,198.879021230705,136.80184413085,62.0771770998548
"7118",39,25.8852119193118,26.0607469060522,0.175534986740438
"103468",207,146.794626044407,147.23026611817,0.435640073762578
"79166",181,140.3877589731,142.258760160956,1.87100118785564
"74443",172,103.525116172274,99.8780458302409,3.64707034203301
"102653",182,116.005848019465,115.354443368458,0.651404651006838
"79283",19,16.7522791210232,16.7927241117606,0.0404449907374075
"97111",228,124.974668040594,121.914960012712,3.05970802788211
"8246",282,262.854595659126,259.271378901538,3.58321675758751
"74523",416,396.252938084167,397.066925012786,0.813986928619001
"6307",70,36.636006104551,35.5164606096066,1.11954549494442
"105403",295,218.376839817948,207.000913539108,11.3759262788399
"104952",322,322,322,0
"79321",82,53.6201972200308,60.7120757625675,7.09187854253668
"79175",685,685,685,0
"97522",274,273,273,0
"80832",129,105.900429444929,101.189760390047,4.71066905488215
"104571",265,265,265,0
"75023",91,74.9962242841401,73.7592192990149,1.23700498512524
"104318",197,197,197,0
"96966",119,89.7398992523852,88.1315279367998,1.6083713155854
"73538",88,76.6371084399508,74.3922772378452,2.24483120210551
"90233",110,109,109,0
"77699",180,180,180,0
"79167",231,99.2886907384912,95.9401550433869,3.34853569510435
"74963",122,65.1774920041874,66.3328442393116,1.15535223512411
"74528",349,344.110556824142,343.498353707911,0.612203116230928
"96795",36,21.2592978039555,20.8424489810633,0.416848822892168
"77631",75,43.914664703048,45.507700558473,1.5930358554251
"74994",183,174.854938719444,174.073130766196,0.78180795324776
"104566",89,89,89,0
"7021",119,103.296675759649,101.677860571292,1.61881518835724
"103277",83,79.2443791967342,79.3245271474158,0.0801479506816366
"7251",539,539,539,0
"79479",261,261,261,0
"97078",95,49.1125756685556,50.0330810105838,0.920505342028204
"97010",100,82.2211034726537,81.3318643854106,0.889239087243169
"74505",245,245,245,0
"104827",200,64.106272875713,66.7975016072219,2.69122873150892
"96320",326,326,326,0
"75019",107,45.9111422860243,50.7994574725925,10.0283043694052
"77839",77,77,77,0
"6206",263,263,263,0
"80262",277,277,277,0
"76747",57,41.3672040994266,40.6833643114116,0.683839788014996
"75121",109,56.3521660282486,55.2781039156615,1.07406211258706
"73527",34,19.9581233767784,18.0910128414407,1.8671105353377
"77718",180,149.480890638237,151.729710061787,2.24881942354906
"87846",239,154.462647538272,134.842539990373,57.4944245485308
"7236",154,105.73654581667,106.818986142892,1.08244032622213
"96468",206,172.599053787126,176.650076531906,4.05102274477975
"97082",76,52.1721576599934,50.8169348759362,1.35522278405714
"74975",134,108.196036646637,104.685257754263,3.51077889237356
"75000",165,134.460126750023,137.165780322364,2.70565357234046
"75029",248,174.595768384811,167.301525474447,7.2942429103645
"96796",63,63,52.6230509032729,10.3769490967271
"90239",462,462,462,0
"97014",47,40.2349531776324,39.8445159699882,0.390437207644157
"87843",145,95.3082601345683,95.3004341593914,36.1667441386618
"104540",189,189,189,0
"103278",154,134.219843985958,136.025987094354,1.80614310839545
"102810",174,112.052222646186,106.646257393236,5.40596525295068
"80260",530,492.250525220628,530,37.7494747793719
"76741",128,72.2158956793446,71.013499700402,1.2023959789425
"104954",292,291,291,0
"104301",186,186,186,0
"73535",139,74.8005936207731,71.3693354417458,3.43125817902729
"104323",173,119.834569790926,123.110478255318,3.27590846439201
"102066",138,138,138,0
"74437",123,87.9787744445861,89.3656267642316,1.38685231964547
"102655",328,225.054324999839,220.556393739194,4.49793126064584
"87469",257,116.976242347582,117.999249012813,1.02300666523018
"76751",93,79.9269224670588,80.2910676012809,4.76533148988946
"103457",206,206,206,0
"97013",125,114.27478920511,113.381204383767,0.89358482134263
"7123",139,98.6042042767539,99.448477574694,0.844273297940042
"8318",201,126.81194688636,131.564222107206,4.75227522084569
"78867",703,703,703,0
"104956",465,465,465,0
"104818",427,312.667857023863,305.159325022331,7.50853200153163
"105409",284,284,284,0
"102060",33,17.3379847141478,18.2704453959281,0.932460681780315
"104950",372,317.208327464225,317.666198849667,0.457871385442068
"97512",342,342,342,0
"79159",99,50.2957928783718,49.2796893946251,1.01610348374674
"74517",337,337,337,0
"73858",289,243.710884057153,234.459664186869,9.25121987028452
"105084",297,199.947460752728,202.382644435978,2.43518368325056
"96964",125,88.5474604869671,87.5535041163,0.993956370667105
"97518",228,160.971991233096,162.921617087702,1.9496258546058
"103415",181,13.7713559187219,11.2024484363379,2.56890748238403
"78905",327,238.369721091051,241.429690672232,3.05996958118037
"87834",134,60.0583056536866,60.9077000170221,0.849394363335428
"80830",140,34.1639737976344,31.3758500793728,2.78812371826154
"7233",206,162.323035921322,164.027900700898,1.70486477957604
"74537",183,151.588209536381,26.6155076418993,127.413934015713
"78884",322,236.079702448206,235.957226790977,0.122475657229006
"104575",129,108.721509914372,109.158267405018,0.436757490646085
"104289",218,106.827970787599,101.832157686604,4.99581310099469
"102253",287,191.247236535019,187.519758398949,3.72747813607
"81304",253,176.920642101456,183.418730196162,6.49808809470582
"74984",163,96.4999490691943,100.513420063339,4.01347099414463
"87331",311,106.778081304216,107.954628409014,1.17654710479734
"102656",435,402.307629791884,397.00295071526,5.30467907662385
"77666",120,103.919435814131,103.542895138985,0.376540675146222
"73975",175,163.867612948111,175,11.1323870518888
"6294",74,51.6156348362034,50.9209192942921,0.694715541911294
"77678",166,148.763819482169,149.601626365299,0.837806883129588
"104944",95,29.0809082667982,26.2234309589386,2.85747730785966
"75127",100,61.3836233342885,62.6235470852323,1.23992375094384
"74350",236,153.00698241198,155.48374713158,2.47676471960034
"104816",204,166.683340266376,162.443238474509,4.24010179186621
"79275",232,201.327704973969,202.20456520597,0.876860232000544
"80828",178,135.887051533757,133.572644338429,2.31440719532851
"78903",33,33,33,0
"75007",136,106.637825774509,107.163125652542,0.525299878032469
"77628",183,144.161220544696,141.327502701666,2.83371784303001
"7117",93,52.1790908791616,52.4101229101141,0.231032030952475
"78897",99,52.7969675568691,49.2791455938203,3.51782196304882
"104508",355,189.044069047693,174.29211663469,14.7519524130027
"77624",81,81,81,0
"96960",96,78.168112487467,77.4225282528108,0.745584234656213
"97080",33,27.4454885238558,22.4259752682501,8.05912471289519
"97016",80,63.0063418886893,63.3573113536329,0.350969464943558
"78220",40,26.2056750862914,25.3478135385897,0.857861547701689
"97532",112,70.4159597742222,72.98225377717,2.5662940029478
"104968",181,148.83701252872,151.53393461604,2.69692208732033
"96963",73,62.9382391333624,62.2872619680752,0.650977165287128
"6302",135,96.88505507671,95.2586619452309,1.62639313147905
"5859",135,107.21175970091,103.142335128048,4.06942457286156
"7239",223,187.560745328187,189.119298274558,1.5585529463703
"96325",234,234,234,0
"103430",83,83,83,0
"79457",121,95.7568704573678,94.8569625000855,0.899907957282269
"76756",105,63.2313354371895,64.4488367414174,1.21750130422783
"97531",118,104.089086042704,104.661632794156,0.572546751452283
"73974",191,175.965187470869,176.070860048177,0.105672577307968
"89338",173,173,173,0
"104525",172,150.287581245305,151.040540144667,0.752958899361231
"80826",159,91.7076129592524,86.4167276422247,5.29088531702772
"90237",281,280,280,0
"103475",227,227,227,0
"87333",269,146.234243779748,147.111264141628,0.877020361880034
"103426",130,129,129,0
"78874",173,173,173,0
"97018",80,60.362452414852,58.8766917178293,1.48576069702273
"102245",133,100.433364326296,97.5846051904251,2.84875913587049
"104502",233,208.723081490918,210.679663117772,1.95658162685322
"103444",176,176,176,0
"89218",79,27.3753238179459,23.9070251463526,3.46829867159326
"79287",20,17.2271520072154,17.2544465347648,0.027294527549424
"96327",128,87.7368760298714,90.1405388179503,2.40366278807888
"104514",207,207,207,0
"87825",296,120.7625143305,108.544582195792,12.2179321347083
"97326",176,119.062690630184,120.881022648216,1.81833201803179
"103490",478,478,478,0
"103465",135,124.13537038458,124.33444691156,0.199076526979359
"87468",361,165.803103143101,158.315209696767,7.48789344633413
"97529",142,88.3268696152818,90.2799498856421,1.95308027036032
"104814",196,137.893293414236,140.648773455502,2.75548004126595
"6204",405,405,405,0
"105405",196,60.5423916386979,57.6447192636291,2.89767237506883
"77643",256,200.373191292444,196.370432669037,4.00275862340734
"6296",113,69.4800088919697,74.0931368123773,4.61312792040769
"78227",91,44.5856141158643,45.5244892928564,0.938875176992135
"105444",285,239.879992653064,245.339068327616,5.45907567455276
"102049",177,99.6213740192504,97.5551090124912,2.06626500675927
"80829",98,81.3031572691486,72.5992822955036,18.5138908235497
"103274",184,169.323919982423,170.190008603225,0.866088620801368
"105086",191,123.454814684898,125.762887992512,2.3080733076144
"104802",208,97.169227740317,92.9607069968222,4.2085207434949
"96433",171,68.8094868902953,74.761826895357,5.95234000506169
"105088",160,135.590604769888,132.945814485904,2.64479028398377
"97526",103,57.7163377670477,59.8195659162775,2.10322814922981
"80824",80,66.4030454068747,64.7654212467447,1.63762416013004
"90232",263,263,263,0
"80825",369,313.28014735043,313.009535325398,0.270612025031814
"104943",499,206.484730826316,201.603097977287,4.88163284902838
"102067",257,210.643276414815,207.263987124849,3.37928928996665
"102029",63,48.2269588028471,46.4650324037607,1.76192639908643
"80827",38,31.5657951350002,31.6615872043998,0.09579206939961
"77811",133,133,133,0
"7460",256,256,256,0
"90268",248,187.634631848678,184.205616608672,3.42901524000556
"75117",138,90.6176484289344,87.3850357997912,3.23261262914323
"74972",149,127.225420016159,123.280517821624,3.9449021945343
"75104",283,232.284594446559,234.03947486979,1.75488042323158
"77661",95,78.5744155886839,77.1540380880223,1.42037750066162
"103445",110,79.1105007557782,74.0691900254862,20.1293328709853
"96798",81,60.4596407305717,59.0696443496426,1.38999638092911
"80820",89,63.6253512940069,60.2935705413718,3.33178075263514
"96962",66,55.1674114503664,54.6846796936121,0.48273175675423
"89348",200,112.934447582861,110.157460825705,2.7769867571556
"75097",200,83.6009613584535,93.7699226312444,10.1689612727909
"103424",110,110,110,0
"105416",273,151.66049428496,157.319766586078,5.65927230111748
"90258",400,336.984280925913,331.815379611208,5.16890131470466
"105440",210,210,210,0
"6299",54,40.4119342968798,39.2109997795114,1.20093451736844
"102654",159,90.0263501463582,89.3665646791538,0.659785467204413
"102040",186,92.5292184486065,93.7639039172075,1.23468546860098
"77658",112,57.2728225391517,58.193543181583,0.920720642431293
"80259",240,119.354723506067,111.478128994392,7.87659451167474
"104300",173,145.496377744294,145.79792066317,0.301542918875443
"80823",89,86.2311640884892,86.4573915730608,0.22622748457158
"74511",150,139.987696712757,140.666175006206,0.678478293449533
"104538",123,118.782719495467,123,4.21728050453293
"102242",349,177.594458494049,173.688514820458,3.90594367359129
"6291",141,99.9369678814857,98.4641464641164,1.47282141736938
"75024",97,52.1875488261269,48.2418688279341,3.94567999819279
"96970",149,136.293065569325,135.37702700068,0.916038568645156
"78219",79,79,79,0
"7020",234,233,233,0
"104284",151,151,151,0
"7030",77,53.0068977829406,52.511364275308,0.495533507632576
"103484",424,410.497081402413,411.303460092729,0.806378690315645
"74366",185,171.436728287914,185,13.5632717120857
"79478",473,473,473,0
"7027",201,89.0925455190331,85.4175740680544,3.67497145097868
"104546",309,218.193428533945,221.707797548788,3.51436901484385
"7119",78,64.6681560217476,64.9877312366827,0.319575214935085
"73537",78,52.6640744575666,49.9226047340816,2.741469723485
"89341",95,95,95,0
"96431",178,178,178,0
"102058",83,50.2291189179164,53.3319462004141,3.10282728249768
"89217",32,14.5708469617706,12.7941938821189,1.77665307965165
"96969",91,70.2513758822164,70.2757385604942,0.0243626782777682
"74960",148,76.6258473578609,73.7261458603843,2.89970149747655
"87801",289,193.174276735102,192.934380780979,0.239895954123593
"77812",156,121.960085492933,138.646686887816,16.6866013948827
"102829",195,100.157395928942,96.1274802838067,4.02991564513532
"77840",401,401,401,0
"77696",120,103.522638241716,102.062224195775,1.46041404594093
"7231",187,101.876163896442,104.601417581361,2.72525368491891
"104121",192,111.872508755504,113.109860923539,1.23735216803446
"77665",75,43.7635463710911,43.1434562393238,0.620090131767298
"73826",188,162.588473261349,158.85951006829,3.72896319305886
"90270",236,186.643310028382,44.8883036265433,144.339365915206
"97015",71,47.1430810876269,46.3122749009042,0.830806186722774
"79164",293,221.710626955716,226.201408206297,4.49078125058075
"102286",314,173.012895431098,167.47359987916,5.53929555193875
"102053",173,151.699399005659,153.984388862302,2.28498985664292
"96429",364,364,364,0
"73979",226,97.1796037551364,90.7648304091525,6.41477334598385
"88651",88,53.9616286624274,55.1795591521091,1.21793048968163
"6292",67,40.062282777868,39.2496564548429,0.812626323025158
"90247",168,168,168,0
"74440",126,91.2537166939094,88.9242527813955,2.32946391251385
"79162",182,22.1123581800536,160.427217589811,141.441848279466
"97519",77,70.3668081737048,71.1721168786094,0.805308704904593
"74991",148,148,148,0
"79278",324,324,324,0
"74498",422,422,422,0
"104807",162,22.6957375234578,22.3194767999454,0.376260723512318
"87332",267,248.111395517094,248.339992886518,0.228597369423968
"80821",73,48.7673212834155,36.5586974737797,18.7941526348696
"104312",369,339.684604130056,338.926586064402,0.758018065653812
"104497",309,309,309,0
"96467",256,256,256,0
"104107",267,196.13498100948,190.894638160318,5.24034284916222
"104530",137,118.978999141684,119.166414810987,0.187415669302907
"89215",445,337.378543006649,340.511766032189,85.5897953936097
"103419",456,441.053159477157,441.769524989794,0.716365512637364
"104176",249,249,249,0
"104117",147,147,147,0
"78924",360,360,360,0
"77680",380,273.245487335909,278.310858566475,5.0653712305662
"90230",260,251.75061462192,260,8.2493853780803
"104279",133,28.9220445046986,26.5550666943098,2.36697781038883
"96324",138,138,138,0
"76743",98,80.4591342724851,78.6003978593264,1.85873641315868
"74450",370,329.132839769296,334.212742252133,5.07990248283774
"77651",126,108.883849347345,126,17.1161506526547
"104563",183,57.1363545145074,55.4193451953611,1.7170093191463
"75095",142,104.140302929277,101.441688937271,2.69861399200604
"76748",177,72.1349825694025,68.5224508012448,3.61253176815771
"75030",263,212.550491580853,215.947255006034,3.3967634251813
"96466",349,349,349,0
"79165",451,411.490454317641,413.862687822701,2.37223350506086
"97019",68,39.8698251895822,40.749652054514,0.879826864931835
"96797",33,21.789037875535,21.5430762750299,0.245961600505156
"81300",55,40.8098959680961,40.0706331801414,0.739262787954666
"81299",70,58.764704113473,57.799008253557,0.965695859915986
"74503",447,447,432.605846648882,14.3941533511183
"77685",184,184,184,0
"81307",288,238.506942418302,242.263800571764,3.75685815346216
"103320",70,70,70,0
"80598",162,162,162,0
"103324",288,279.835399876022,280.467984664838,0.632584788816431
"103429",199,191.509474506737,191.906079900582,0.396605393845699
"73972",389,356.5070876716,356.248451840411,0.258635831188945
"104959",519,519,519,0
"78228",155,132.708034705901,134.379451534114,1.67141682821329
"76740",180,125.245824881995,123.725167214482,1.5206576675137
"73952",105,75.2773359833235,72.4561779903851,2.82115799293837
"87362",150,125.664946695135,124.969980518638,8.66936503563607
"96965",70,70,70,0
"102666",292,252.772394886157,248.383470086283,4.38892479987428
"6205",503,503,503,0
"97021",49,30.031835443155,30.8126550993534,0.780819656198331
"105131",268,268,268,0
"77843",439,439,439,0
"6288",99,61.650341379748,61.637988234664,0.012353145083981
"97280",221,184.219620891695,185.95027060395,1.73064971225467
"6203",229,228,228,0
"77717",239,159.117172054312,155.674875927528,3.44229612678372
"87327",76,56.676190461918,57.3610085966611,0.684818134743047
"74967",273,217.956316021667,214.334646006782,3.6216700148854
"96799",129,119.338701021995,119.889084913299,0.55038389130388
"104499",174,174,174,0
"104282",157,62.1906546832761,58.9711965735183,3.21945810975778
"105102",143,92.0647693013683,89.6824371667427,2.38233213462568
"75100",413,309.482923362905,315.691771997408,6.20884863450262
"97017",111,88.183616874903,86.6757936898663,1.50782318503669
"75008",175,175,164.104297352509,10.8957026474913
"104953",295,295,295,0
"77664",78,41.9137702018977,35.6120703821542,62.7199658465183
"6285",62,42.5963931134651,41.9837123727522,0.612680740712936
"77633",74,61.8361859187271,63.9499602383417,2.11377431961458
"105142",414,414,414,0
"102817",51,45.398908005402,45.3195445711466,0.0793634342554086
"96967",53,37.7950814635038,37.6536542158238,0.141427247680003
"74520",295,295,295,0
"102844",232,144.353776481107,145.775132374431,1.42135589332352
"80258",407,407,407,0
"78907",368,304.864162889221,307.417650291311,2.55348740208986
"96427",320,133.188063877535,128.443373538201,4.74469033933381
"105427",327,216.505006751411,218.446093384757,1.94108663334557
"74981",163,163,163,0
"104570",274,219.000411527919,220.242390775909,1.24197924799077
"102813",127,100.039468478648,97.150421464686,2.88904701396234
"79163",194,99.5569472515604,95.7138180071876,3.84312924437281
"7032",51,28.1553208375298,29.3022910089661,1.14697017143622
"103421",101,85.5535921741058,86.4508670337282,0.897274859622398
"102061",127,62.5861472852061,65.3053064030411,2.71915911783493
"77626",135,85.2436016025899,87.0688042733423,1.82520267075233
"76745",117,73.0570797428358,72.0205465345215,1.03653320831426
"103459",212,39.4689074752388,33.5766791722232,5.89222830301562
"105441",135,119.95781678055,120.953090746509,0.995273965959503
"104821",131,98.7019804068326,100.553410262263,1.85142985543067
"87467",189,131.985876238274,138.526505759695,6.54062952142167
"103463",274,216.061825367873,208.011540342125,8.05028502574835
"75018",280,131.30690481521,128.518087963333,2.78881685187661
"96800",56,23.2177459942697,22.6659211968714,0.551824797398221
"89326",188,179.798994399453,179.912929756616,0.113935357163364
"74999",296,296,296,0
"79477",301,301,301,0
"78901",341,271.813510942446,267.364355248565,4.44915569388121
"81293",148,66.1349495534715,65.4501012478783,1.17156853249984
"79160",134,91.672521936898,88.3016780140668,3.37084392283125
"79158",89,45.5437579548875,44.6696736833857,0.874084271501806
"78214",96,96,96,0
"77655",122,111.684103453397,109.919430035738,1.76467341765885
"104116",181,117.971942841133,123.62747000593,5.65552716479735
"80059",299,299,299,0
"78919",438,344.149553668337,349.18723306908,5.03767940074351
"102841",275,207.458026667442,210.415436472923,2.95740980548117
"74441",138,112.735117309335,113.656962945992,0.9218456366573
"87365",73,73,73,0
"80822",35,35,35,0
"97533",207,207,207,0
"77693",189,143.141118307637,140.544472690976,2.59664561666092
"80817",128,104.752491388212,103.309262686997,1.44322870121518
"74970",86,72.6251033052956,71.1363836923582,1.48871961293739
"97281",401,256.400975180501,330.81041769829,74.4094425177891
"78208",121,118.470581370861,107.678124338141,13.8888270270919
"7025",205,86.995766408684,90.9492461967815,3.95347978809751
"80818",109,83.5950804156179,78.2640347835227,5.3310456320952
"102248",172,130.998386619454,132.443868587595,1.44548196814085
"76737",103,71.8790428957187,70.7753566435009,1.1036862522178
"7024",40,25.6653545493361,25.2449580247105,0.42039652462553
"102039",22,14.1023265983686,13.8729049172877,0.229421681080935
"73973",217,216,216,0
"6201",177,177,177,0
"75088",189,117.711322371631,110.270416281646,7.44090608998497
"97282",197,105.089244516931,110.287742220952,10.6519356896534
"104164",337,231.106643656516,224.502010356771,6.60463329974596
"97020",119,100.896174841824,99.2628784032905,1.63329643853342
"73521",136,59.839573843819,61.9257583116365,2.08618446781744
"90228",235,235,235,0
"103472",125,115.254420110535,115.166875917105,0.087544193430399
"81294",107,57.2797254245743,58.6799986647081,1.40027324013375
"97534",229,96.5562597183978,101.077437552539,4.52117783414163
"96432",178,40.6230698910267,37.6510147565301,2.97205513449657
"78887",360,360,360,0
"102025",309,199.091522103915,193.759489452093,5.33203265182203
"7421",516,516,516,0
"104817",129,108.519126221434,106.744112893581,1.77501332785323
"105093",174,174,174,0
"89330",367,367,367,0
"73976",243,144.925125479685,143.100360006376,1.82476547330876
"96971",67,41.8955372082391,41.0587747188176,0.836762489421512
"103478",90,90,90,0
"79274",60,43.3094929076554,43.1337230637057,0.175769843949698
"104172",230,204.268607683942,230,25.7313923160577
"102847",211,146.362848099233,147.908486434347,1.54563833511476
"103423",191,159.866469026376,156.754395946041,3.11207308033445
"96469",131,116.448446685731,119.511924474525,3.06347778879431
"79155",132,132,132,0
"75120",68,34.7183359901117,35.5668508836797,0.848514893567967
"73963",277,176.41744629085,179.883141691493,3.4656954006431
"96802",266,175.759435197603,172.707411820562,3.05202337704105
"74338",367,123.517016979751,246.677292852347,128.910370333088
"96801",98,79.306307218002,78.2903112860766,1.01599593192545
"74365",194,178.39911384245,179.922078463446,1.52296462099633
"6295",160,103.927932026377,102.589456517301,1.33847550907596
"105432",203,203,203,0
"102657",100,47.818181828784,50.0543493907008,2.23616756191679
"104964",177,97.8580877008592,91.0225502266073,6.83553747425194
"7230",171,73.0494691768143,71.0112016843074,2.11100920299351
"87458",171,139.099391343263,96.6992091161882,53.4012366730453
"88652",144,82.9145545310787,85.261279891514,2.34672536043524
"89323",385,345.430580689278,342.115329540669,3.31525114860994
"80261",569,568,568,0
"103412",263,36.9421494732818,216.4453218933,180.846861893882
"104520",187,187,187,0
"90235",151,136.117505055849,151,14.882494944151
"77706",254,183.322792097299,184.772201210008,1.44940911270864
"75122",89,74.6798258196236,74.1951622651107,0.484663554512878
"74462",219,209.180425608909,207.831653341877,1.34877226703097
"96968",42,29.8651959318879,29.2721135063014,0.593082425586526
"104187",374,373,373,0
"74326",112,65.3865554807443,67.8494041983625,2.46284871761817
"80816",129,129,129,0
"78223",96,53.1374850785113,54.4821400578274,1.34465497931613
"104181",204,162.890498426485,160.513019698606,2.37747872787835
"102281",208,208,208,0
"74436",177,177,177,0
"87330",161,81.2522363202429,86.7347125184008,5.48247619815788
"104820",240,240,240,0
"87794",447,318.112386898058,320.19878144524,2.08639454718172
"102050",37,27.2812226773468,27.8781777302696,0.596955052922847
"104536",232,232,232,0
"74532",643,613.270174739021,615.130360368708,1.86018562968688
"97283",265,243.196645725035,265,21.8033542749646
"5851",88,88,88,0
"96974",106,50.1171134993951,55.6269192734284,7.88074311581952
"80814",83,57.0250955023391,49.2170482747185,7.80804722762054
"103174",208,207,207,0
"97525",196,162.336323068926,164.035228635572,1.69890556664615
"74454",393,278.146498777882,288.120232426675,9.97373364879233
"87328",221,144.105552410619,202.337251956187,62.7525976670503
"79476",191,171.463768974941,173.711413817706,2.24764484276528
"8185",201,128.414266375515,123.677750930054,4.73651544546169
"90241",185,56.8375429343193,57.6208349079015,0.783291973582216
"6293",138,68.6715150081141,67.806455717032,0.865059291082078
"77648",191,172.641142644288,170.054942208905,2.5862004353823
"97537",138,76.5748107208273,78.4702583642407,1.89544764341343
"96328",148,148,148,0
"78211",85,70.1702170523897,70.071833948307,0.0983831040827008
"74977",56,37.1588199995182,38.8834619964982,1.72464199698007
"5853",81,81,81,0
"74510",322,316.410110256526,243.021642944212,74.5365002261584
"87457",324,238.329904309909,226.973573255517,11.3563310543914
"87826",380,307.394257643746,310.160517838265,2.7662601945191
"89336",372,326.506879088814,328.630864954687,2.12398586587288
"104527",82,79.6317223374885,79.7933437543952,0.161621416906667
"101745",136,88.8405921208312,90.3142805325404,1.47368841170921
"104274",155,118.142071092238,115.241910556585,2.90016053565281
"104809",143,125.617212853877,127.385502352049,1.76828949817208
"90249",116,75.1410454039846,79.7098415184264,4.5687961144418
"80819",81,57.1174345217433,55.0852602254444,2.03217429629898
"102063",249,225.271574231306,228.078243552321,2.80666932101457
"7022",158,150.255106275707,127.183180058989,26.4283344747337
"81306",41,2.09714064114118,33.6211745768614,32.0390025959138
"104509",249,222.39088702298,236.449429872173,26.8200115401782
"75126",116,80.6028680020589,78.8534417122756,1.74942628978338
"96319",333,330,330,0
"90245",517,517,517,0
"75118",137,77.9207623163004,76.0599935906701,1.86076872563027
"77663",173,88.8102438451591,87.011337029075,1.79890681608414
"80050",237,193.626052871924,196.056390850432,2.43033797850862
"96331",193,176.374433350455,179.266156308069,2.89172295761388
"105087",298,183.216452457372,176.219903137395,6.99654931997691
"77698",89,50.3005861776063,49.8094534132963,0.491132764309937
"80257",183,59.0342903749989,58.8626459611241,0.573637949797278
"75128",200,200,189.48346321817,10.5165367818304
"79273",17,15.5832434696908,15.5771145435476,0.00612892614314742
"5850",83,49.9393055816878,46.3912220736421,3.54808350804571
"77641",113,113,113,0
"87342",247,247,247,0
"96326",115,53.1031079367356,55.7861283664411,2.68302042970539
"104955",489,489,489,0
"78202",114,72.4382032796299,72.0006341914901,0.437569088139838
"74504",304,292.313861992477,290.899819715343,1.41404227713383
"87361",117,54.8387094083802,54.2055490449774,0.633160363402785
"104283",277,243.58241397814,242.420287903316,11.6233142988415
"104547",196,129.189912679622,132.071449979622,2.88153730000036
"80054",296,241.420231962306,245.043069666956,3.62283770464973
"104813",286,241.258857922867,246.476202098022,5.21734417515595
"7232",180,130.757336300118,125.885999485533,4.87133681458566
"74524",386,345.157309122729,345.588462978142,0.431153855413301
"74360",256,204.181802395793,209.088744058918,4.90694166312432
"75012",49,49,49,0
"102257",306,207.095227175556,212.727168610416,5.63194143485977
"78193",91,60.1077941504428,60.3742880129609,0.266493862518093
"7028",81,66.2244385531775,66.267847240692,0.0434086875144203
"96803",70,37.1352293018343,37.7608053761024,0.625576074268063
"81305",80,44.4954515148468,43.9799397094498,0.912197648358557
"81302",82,34.8563613673318,34.0155685234592,1.04554545078183
"104120",215,215,215,0
"87796",191,191,191,0
"104963",137,108.673352414607,105.987379705077,2.68597270952997
"73526",218,28.4658697701337,25.9520571635125,2.51381260662115
"104960",516,245.986369525379,244.661887050682,1.32448247469685
"105136",354,354,354,0
"75109",179,145.270017752718,142.42885342438,2.84116432833836
"103323",95,95,95,0
"6282",103,79.119144749376,79.7138255213851,0.594680772008983
"97328",87,55.1037183625177,53.873772169706,1.22994619281162
"104572",225,225,225,0
"87341",22,16.5184446374455,16.3747262942153,0.143718343230131
"87804",433,186.589899598719,170.296855729717,16.2930438690012
"103178",214,206.962253649578,207.391769757061,0.429516107483351
"97536",167,107.304860650747,109.19388769869,1.88902704794305
"5845",175,139.907081590442,141.426877702356,1.5197961119137
"79153",25,25,25,0
"96975",112,87.9469736939218,86.8943369949422,1.05263669897956
"8147",186,99.5138008667094,96.9545127503983,2.55928811631114
"104277",149,44.5281057595623,37.0883032663838,7.43980249317845
"87321",74,74,74,0
"79473",114,113,113,0
"6040",192,75.186541091365,119.910602239949,79.0372993057484
"79876",448,448,448,0
"74354",208,156.000297923033,160.513306216228,4.51300829319559
"96713",90,45.613967615962,45.0799236542208,0.534043961741196
"73961",46,32.9086274163638,31.8304675414926,1.07815987487114
"96977",101,59.6473431113567,59.7262307700459,0.0788876586891997
"102252",93,51.2369536398863,49.8195350675273,1.417418572359
"6289",129,117.490106691509,116.855652210943,0.634454480566787
"80949",304,273.064829790525,276.557087619032,3.49225782850651
"90238",247,238.096090639519,238.747325113747,0.651234474228487
"8376",123,83.9509013578649,84.9736059036371,1.02270454577221
"77637",105,54.3600783150191,55.2617655862082,0.901687271189104
"6286",95,95,85.6461767844869,9.35382321551312
"80944",345,345,345,0
"87364",241,168.176277113375,166.051381942822,2.12489517055292
"104310",184,171.013143677626,164.424423473824,6.5887202038026
"7031",128,128,128,0
"103405",485,446.562821571046,446.824414744711,0.261593173664952
"89214",201,92.6426177371392,88.8404440043603,3.80217373277894
"104500",123,82.7584626178201,79.7335406997151,3.02492191810503
"77629",169,119.628998329226,116.57505043005,3.05394789917638
"103480",264,256.649573325251,257.06774150684,0.418168181588961
"78898",691,691,691,0
"7033",101,78.6228019152378,77.7154713213779,0.907330593859856
"96715",155,52.7577966708488,52.2102267010129,0.638390613978526
"74431",173,134.454333474718,125.273270318467,12.0360327882622
"78213",80,69.6025197444571,68.5767752718621,1.02574447259491
"105130",156,100.900053072311,98.3263265342625,2.57372653804818
"102038",88,51.7006410499493,51.2119691227974,0.488671927151947
"104133",333,245.981015829427,253.968961120849,7.98794529142254
"88646",205,165.187915235399,164.557100905456,14.7236232102901
"7039",56,29.2718154764814,28.7115501652159,0.560265311265554
"6199",174,174,174,0
"75031",222,71.6005093480275,70.1643204471424,1.43618890088511
"104111",349,269.202891047979,273.256183358676,4.05329231069715
"105099",242,215.621244562115,211.499055360618,4.1221892014974
"81298",68,10.9153650456346,10.8332451778131,0.0821198678215296
"103486",194,85.3354715144548,87.3076698417288,1.97219832727401
"7035",104,59.9340325582717,59.8441751556837,0.0898574025880519
"103448",409,109.625334711269,104.665855218108,4.95947949316168
"105098",106,43.5395805432269,41.9502046464386,1.58937589678829
"103427",306,306,306,0
"87466",71,60.0734544835857,60.5454268424686,0.471972358882977
"78218",105,80.5933178884853,79.9175744323784,0.675743456106909
"103028",106,93.1952854013662,89.9936175881996,3.20166781316667
"79161",388,387,387,0
"104299",163,136.000965929931,137.545227486593,1.54426155666132
"78224",92,45.8644308201038,46.871010844274,1.00658002417025
"75027",117,103.272444263901,98.6509700955776,4.6214741683231
"74980",133,107.559613097844,107.932256658129,0.372643560285473
"105089",258,207.733836373153,201.666234589766,6.06760178338635
"74490",671,540.692838691997,539.139433679741,1.55340501225605
"104114",378,331.023425908642,334.312763361912,3.28933745326964
"96972",45,28.3467501493381,27.5521078442622,0.794642305075917
"76738",105,89.2445713727649,87.3226066678992,5.05210693546054
"102828",212,164.424520906894,165.634105052661,1.20958414576668
"104504",285,252.081498954543,256.619456992924,4.53795803838029
"96973",178,143.874155448015,141.144251248045,2.72990419996954
"104823",154,144.923446231991,146.032254728868,1.10880849687768
"103417",251,243.034078735026,243.564907097149,0.530828362123949
"77676",207,207,207,0
"87323",214,170.73223101593,168.367628369767,2.36460264616273
"74820",222,217.278957465008,217.620324172209,0.341366707201017
"79475",278,247.248868106369,255.367629516082,8.11876140971266
"74506",221,215.284984448077,215.907449608343,0.622465160265932
"97530",391,290.95759400941,293.163421233731,2.20582722432078
"7469",177,168.944880165932,168.21079570052,0.734084465412335
"102043",103,77.8962105472243,78.3383927729801,0.44218222575582
"97285",160,96.609239287864,98.07200742246,1.46276813459605
"75006",99,99,99,0
"80810",84,65.5695905943356,62.7375842897044,2.83200630463121
"74971",142,100.813162540606,97.6324671271883,3.18069541341804
"102826",173,105.469324438683,99.2473961673485,6.22192827133414
"74990",117,117,117,0
"78920",353,299.524558764205,302.854525447363,3.32996668315719
"81297",78,65.3102598682654,64.5247401242682,0.78551974399718
"7751",380,379,379,0
"79157",218,99.456247400852,94.5111151544368,4.94513224641531
"80815",127,87.5745833285569,88.9739719374896,1.3993886089326
"73962",88,57.1824401414307,54.9862389303087,2.19620121112207
"102047",185,139.327380540824,137.420528063394,1.90685247743
"96317",250,232.365774454908,250,17.6342255450917
"79877",166,62.823613299546,59.9955497612273,2.82806353831876
"8381",232,206.828667643917,210.432465491403,3.6037978474857
"103492",225,225,225,0
"80592",325,270.526265196119,270.390291088369,0.135974107749627
"74518",299,299,299,0
"103034",99,83.1277677125427,85.4963866298276,2.36861891728491
"74964",265,265,265,0
"77667",164,120.111540682792,115.455438822817,4.65610185997573
"81776",118,68.8080089575748,81.9684630727555,13.9595578905802
"73946",243,118.552491651176,109.415637962641,9.13685368853548
"7482",550,535.9566484815,550,14.0433515185004
"102658",194,172.905360742367,170.769433093257,2.13592764910972
"80812",121,86.3087604588485,83.4879551649597,2.82080529388893
"87339",180,85.6432540842064,96.4265654232599,72.0785644345236
"80811",474,422.49427329806,422.035401710577,0.458871587482557
"104201",328,328,328,0
"97540",41,24.987770307507,24.5127406421624,0.475029665344614
"102660",179,83.6613218431187,82.880926443952,0.780395399166624
"87344",50,30.0871062991843,35.7832552286762,5.69614892949191
"75017",142,142,142,0
"73971",434,434,434,0
"102031",105,54.1459283834479,55.4415714670263,1.29564308357846
"103182",397,382.732210375875,383.356340644383,0.624130268508047
"104264",227,128.267910398105,119.177288524023,9.09062187408284
"80813",117,108.262255025782,104.715817448251,3.54643757753149
"97284",168,133.656514867312,132.006941668931,1.64957319838092
"103470",118,117,117,0
"103455",74,42.5745019342949,40.7661100262062,1.8083919080887
"77635",111,71.1119322121495,74.43224853725,3.32031632510047
"75085",220,128.527240189097,94.3430747864286,116.966274123661
"79223",501,392.745863509619,419.231861419947,26.4859979103282
"77660",177,111.022450761774,107.716437916398,3.3060128453755
"104186",212,64.889717310821,64.044044836117,0.845672474704034
"103420",314,273.262022832179,275.139168156122,1.87714532394329
"90231",299,253.413170431464,252.909779009905,0.503391421558394
"74497",248,248,248,0
"73950",231,201.755085909708,196.788744849076,4.96634106063128
"103165",408,186.709294484754,200.27783951915,13.5685450343962
"97376",70,51.175957716238,50.2981086665829,0.877849049655049
"79154",204,180.432689924794,184.638637701379,4.20594777658462
"6290",201,132.079092844808,129.030153912289,3.04893893251915
"75009",65,64,64,0
"103476",235,214.942943738,214.803098778643,0.139844959357716
"74438",293,293,293,0
"78198",109,65.563551371606,66.8673928464894,1.30384147488339
"75107",190,190,190,0
"104541",242,193.776631067163,195.697126943011,1.92049587584825
"97327",188,117.562553038968,116.894094882568,0.668458156399747
"90229",225,200.777096560294,199.67322667382,1.10386988647405
"77656",169,80.904326779731,80.5287443726948,0.375582407036224
"104174",412,412,365.915204059703,46.0847959402971
"96435",248,248,248,0
"78221",46,37.638528935041,37.2067645426752,0.431764392365763
"104810",201,166.95351880501,170.372894973363,3.41937616835316
"77716",127,75.4279677683876,73.6126242542719,1.81534351411574
"104270",82,49.5946928493056,52.2224296505536,2.62773680124798
"77687",107,107,107,0
"87464",181,161.939616424042,162.783318019728,0.843701595686305
"6418",174,148.37048669487,147.188465513389,1.18202118148066
"97367",105,72.7107164434244,73.8247839509821,1.11406750755768
"104163",178,97.6253185968412,104.649567222207,7.02424862536574
"96717",193,174.613076905426,175.303406986433,0.690330081007655
"80809",140,118.546631864378,116.13677161564,2.40986024873859
"74956",181,109.378007174094,103.888055715943,5.48995145815113
"77809",394,394,394,0
"87842",201,149.209953288716,141.957906226043,7.25204706267288
"101740",174,110.225635443297,115.030908340551,14.8029577800474
"75123",68,35.7186559061806,36.6021491758319,0.883493269651308
"87318",128,120.440345819079,120.562730095814,0.122384276734891
"102659",263,140.32461483297,133.64030401657,6.68431081639953
"77705",50,42.4639329367561,42.8327327152716,0.368799778515524
"80807",93,64.8941786001508,64.4937733532115,0.400405246939314
"104518",250,188.734727296945,173.976406704492,14.7583205924532
"87329",131,131,131,0
"104148",213,177.242137396827,180.55949006071,3.31735266388337
"80808",92,84.5930275552222,82.4982225690614,2.0948049861608
"96712",91,32.038179081895,31.2122045276355,1.0553802294964
"77647",160,148.574397475802,160,11.4256025241978
"104825",311,237.175123168351,240.53538790554,3.36026473718879
"75092",165,165,165,0
"104197",298,298,298,0
"80596",131,69.7615588244487,60.0601329739861,94.3985845141958
"96329",78,78,78,0
"6202",231,187.341310259475,188.912385185666,1.57107492619053
"87326",53,23.1999639140071,26.0377065760428,31.8690204473689
"87813",265,193.407806935329,191.141513543582,2.26629339174722
"79152",85,72.6463899088641,74.3860377536047,1.73964784474062
"87324",222,188.833174187442,185.607288709049,3.22588547839339
"81301",91,71.0426592013047,69.7979389378533,1.24472026345137
"102819",240,162.049164171815,155.651700191542,6.39746398027256
"104550",392,253.29560729261,241.831395755583,11.4642115370266
"73516",319,307.00913381638,300.730379454293,12.3455311213015
"78910",444,327.304565833346,318.685821528045,8.61874430530071
"87366",32,16.1978470677625,16.4684716392315,0.270624571468928
"102280",193,85.7634487593233,84.9004092878664,0.863039471456921
"81772",93,79.3078173563588,79.2205644649352,0.0872528914235788
"96722",137,78.544895133277,75.4292969699153,3.11559816336168
"96804",104,53.1416627370852,52.8668613091109,69.2402806816129
"6284",86,54.9768600882014,54.0444737767961,0.932386311405338
"87455",483,237.924867790364,250.109893728721,12.1850259383566
"104324",146,134.161767524802,131.632166150321,2.52960137448101
"74442",251,250,250,0
"81312",58,41.2859108512347,39.5140795988773,1.77183125235744
"102832",248,149.798898566007,155.57181178191,5.77291321590279
"78207",46,20.0531592914883,20.9665825551434,0.913423263655134
"78206",136,136,136,0
"102054",127,71.7539199447962,76.2737173598563,4.51979741506012
"7040",154,96.7640656696159,95.8844076852197,0.879657984396242
"104962",169,144.555472717764,144.060775057689,0.494697660074516
"104822",137,124.421688182492,127.722530045941,13.2898511275589
"7420",533,406.269632912143,420.77344372899,14.503810816847
"96976",58,42.3989502580004,40.9645702224316,1.43438003556878
"73965",58,47.4502624491732,48.0395680386633,0.589305589490178
"105433",226,186.713522080132,190.956185721801,4.24266364166919
"89325",360,323.569626760092,318.502896924774,5.06672983531756
"89337",254,254,254,0
"73958",211,145.480414555492,137.840287778987,7.64012677650486
"102059",177,177,177,0
"104130",216,194.606834308329,191.522479233844,3.08435507448528
"101754",329,329,329,0
"88648",133,120.518352274879,95.6983118012171,29.9206113365062
"102298",79,36.7472445436773,43.2792815529873,57.685486103669
"104144",221,171.966536785783,178.961799498857,6.99526271307383
"87363",117,92.8272336103703,94.3051636472239,1.47793003685365
"80597",169,84.3340080871671,85.2414967039697,0.907488616802612
"78210",84,47.9866137764287,48.5776381501883,0.591024373759606
"7026",117,103.430914590704,101.976985149992,1.4539294407119
"104562",124,111.119723978703,110.317845745705,0.801878232998087
"74427",314,300.435711541325,297.899055511696,2.53665602962928
"103409",158,94.9686825488294,68.3503518965497,30.0637052763787
"74983",109,109,109,0
"75033",64,64,64,0
"80595",328,178.858654481279,176.479522290035,2.37913219124328
"87465",61,61,55.73169563534,5.26830436466
"97539",89,41.9761266052735,43.7357743775036,1.75964777223003
"81774",86,74.6465425785426,73.8998388028428,0.74670377569976
"73964",89,72.7346339897391,72.85996708778,0.125333098040871
"7042",153,112.860933158637,113.222620265868,0.361687107231522
"87820",257,177.074630702748,178.92519062991,1.85055992716202
"77710",270,270,270,0
"104265",198,64.462595052885,59.3759354381729,5.08665961471209
"5846",74,48.3517689985054,43.4881484652809,4.86362053322456
"105097",375,312.276579579517,316.487591875759,4.21101229624264
"77694",107,69.2460629999125,67.1125421813693,2.13352081854321
"97535",215,161.490259690591,163.865363382409,2.37510369181852
"79853",306,306,306,0
"103467",210,199.447365540539,70.5728330654909,131.523087023998
"6287",98,56.6498286964654,55.6993289175706,0.95049977889477
"78222",108,99.9360514569889,99.5596997001762,0.376351756812676
"74357",67,61.3495820129749,62.6026653813008,1.25308336832584
"104532",221,122.480878622179,120.739111137862,1.74176748431653
"74333",84,45.060676504036,46.186055225553,1.12537872151702
"77639",137,67.1399189714279,68.2517153957551,1.11179642432716
"103414",131,131,131,0
"6200",238,207.911403436047,207.206419101355,0.704984334692697
"104137",211,57.8010979695558,59.9032039936431,2.10210602408728
"105442",356,346.374247527549,356,9.62575247245111
"81313",140,67.4828062812644,70.6109095884571,3.12810330719273
"87841",263,185.510267579495,187.501851505655,1.99158392615983
"104515",257,191.001749408431,193.89721798179,2.89546857335884
"81310",101,72.5072066760005,65.1553585717396,20.5075525650243
"105092",147,59.4375965467685,59.1101870070751,0.327409539693438
"97286",115,87.767654840639,88.8473120132263,1.0796571725873
"79472",178,178,178,0
"77808",24,20.2824257388963,20.3060166114246,0.0235908725282777
"87359",98,60.0916299875873,60.1474374345495,0.0558074469622095
"102261",112,96.9800092930335,95.5652977785471,1.41471151448644
"96714",153,130.391489808437,131.701699235432,1.31020942699566
"74495",528,492.031132140697,490.138238561081,1.8928935796148
"97538",133,101.236515634471,102.571239324233,1.33472368976261
"74445",307,222.198310848137,230.713866840441,8.51555599230367
"74430",208,86.3147137640136,85.7186864667316,0.596027297281978
"97372",68,52.2398926007821,51.7676532447176,0.472239356064509
"79151",306,271.328675350064,266.853641674392,4.47503367567225
"87319",37,29.5990947287169,29.5803584954135,0.0187362333034979
"96438",209,152.26948051421,153.715642438434,1.44616192422416
"87831",189,140.35097380193,140.407601745349,0.0566279434181925
"74314",244,122.756028007927,126.679474552181,3.92344654425407
"73522",262,212.489398694719,210.169298485128,2.32010020959079
"104126",364,303.79894232626,308.924126101116,5.1251837748565
"104192",447,408.831528623033,406.324535535473,2.50699308756004
"79150",128,105.034199615867,105.962276433289,0.928076817421842
"96806",193,134.057133639764,130.834885882679,3.22224775708455
"96440",507,507,507,0
"96434",173,113.243141207817,116.839836270577,3.59669506276056
"102260",382,325.733903123749,321.544903340091,4.18899978365789
"96805",65,37.4068789567289,35.9219685887139,1.48491036801499
"87357",50,43.6851866840547,50,6.31481331594533
"80586",433,433,433,0
"77703",108,108,108,0
"103494",275,275,275,0
"6281",139,113.931338639853,112.879575618727,1.05176302112568
"80805",64,39.5935772425445,36.4368157842517,3.15676145829277
"79276",24,9.28427484979433,9.41656595206057,0.867725159067233
"77798",40,38.7542167784854,38.8217355205862,0.0675187421008226
"5852",157,65.4944664040041,95.6731075924873,65.8060017866823
"89333",211,211,211,0
"89340",351,312.637535223153,314.255186561024,1.61765133787108
"79875",212,208.556484534994,191.558450209283,22.4755241837064
"104271",275,231.905247520063,232.138737119446,0.233489599383736
"103407",178,178,178,0
"74327",147,103.387958302219,102.153565985905,1.23439231631413
"77801",38,26.83522430148,26.3651731085158,0.470051192964214
"105146",253,166.992352472607,168.792494948458,1.8001424758508
"104119",508,421.373354986785,421.260698288175,0.112656698610208
"77650",97,46.3937875577151,45.0143562918904,1.37943126582467
"97288",98,53.4495638715258,71.1736456280688,23.2658176259013
"103169",226,219.955461259676,219.129158543696,0.82630271597964
"75723",127,127,127,0
"76736",49,34.5471468390612,34.6210566565901,0.0739098175288715
"7029",199,179.071236042152,176.406944867201,2.66429117495057
"80806",97,42.0618779211617,39.742286911999,2.31959100916273
"104212",365,365,365,0
"104961",304,145.531327167143,141.794675799444,3.73665136769876
"87367",118,71.5162759181411,68.4452412694343,3.07103464870681
"8316",196,190.991433374499,196,5.00856662550111
"96728",46,30.8808554078264,30.269206740248,0.611648667578351
"104167",97,70.7725900258544,72.4098377181982,1.63724769234389
"5849",160,129.324400153232,124.825466694717,4.49893345851523
"96436",258,258,258,0
"81303",57,34.0380124258453,34.0589771930929,0.0209647672476683
"73520",136,121.469461010928,121.642557828499,0.173096817571669
"73524",201,152.837976506775,149.837351445808,3.00062506096759
"80040",150,150,150,0
"79277",30,26.1283544626629,26.1438041636593,0.0154497009963626
"79474",383,383,383,0
"104180",153,26.6040487427662,22.9473476679008,3.65670107486544
"105112",184,67.1714891901307,62.814624521276,4.35686466885475
"7037",111,83.7077037720592,84.0699351576872,0.36223138562794
"75736",111,111,111,0
"78216",96,86.1596321965119,85.6305156023004,0.529116594211526
"77686",205,205,205,0
"104108",247,181.155219377263,181.982916242597,0.827696865334727
"96330",334,313.955079894407,334,20.0449201055933
"74515",129,129,129,0
"7458",181,181,181,0
"74487",433,324.228617635492,322.007123740271,10.0546594925691
"97325",115,62.706610787896,65.9894459160713,3.28283512817523
"87369",169,82.3896354722002,81.4483604355695,0.941275036630588
"6198",85,25.3971866085199,60.8173717232367,44.21218888466
"7036",78,78,78,0
"96334",276,247.815462064053,251.720857143015,3.9053950789628
"74966",176,168.349587735176,166.736094345586,1.61349338959008
"105149",284,180.303730152415,184.653829216965,4.35009906455087
"104552",258,135.996950460238,124.973758400056,156.338039414755
"90267",285,285,285,0
"101722",134,82.6574412348655,84.239942497388,1.58250126252249
"74507",84,77.969303865567,77.7478226093421,0.221481256224855
"74502",390,313.421733967473,283.613843209271,29.8078907582025
"7034",77,66.8483470660266,66.583709357601,0.264637708425658
"105094",212,105.957318444309,102.884792203849,3.07252624045991
"75119",94,58.3617362041971,57.4193931265646,0.94234307763246
"80051",433,378.841505851764,376.651317915085,2.19018793667946
"104967",104,73.2772524271926,76.9816635497405,3.70441112254789
"78190",215,215,215,0
"74819",341,46.6336528666194,333.639782624874,287.215941486599
"103164",338,76.2939093703008,338,261.706090629699
"96724",235,205.486121202795,202.759049629484,2.72707157331031
"73970",384,301.513667234237,301.691478459342,0.177811225104073
"75746",156,156,156,0
"73831",228,183.288887120893,185.089077260425,1.8001901395317
"73523",330,245.999768854524,273.38317460114,28.0555845453508
"102044",141,65.5726355943121,67.6072110778836,2.03457548357153
"87322",186,111.505252138834,111.449303632799,0.0559485060351125
"74514",209,209,209,0
"76284",138,126.338869960373,138,11.6611300396271
"74988",108,26.1706971718395,105.567992077598,81.3972949057581
"74323",280,193.05354060131,187.129458392933,5.92408220837647
"104812",215,58.4731257664391,57.0204319008227,1.45269386561641
"73967",24,16.3048267637579,15.8064804684194,0.498346295338512
"105107",328,300.044637083703,296.425127447383,3.61950963632001
"80593",42,29.9111424661878,32.1758025016177,10.2594734247586
"103474",175,35.0930950452098,30.9623327047962,4.13076234041363
"78192",123,77.0676885714068,78.8175110955837,1.74982252417685
"104551",171,106.570436393984,106.948366482067,0.377930088082555
"77789",46,30.8220034026123,31.9731435154247,1.1511401128124
"96723",82,82,82,0
"80804",64,64,64,0
"73959",68,55.5056452126946,54.25955845704,1.24608675565458
"102262",222,187.739512271863,190.967428746227,3.22791647436397
"81775",142,130.34353141774,142,11.6564685822603
"87456",25,23.8742154125424,23.8921888227219,0.0179734101795005
"7744",337,308.204985216783,313.570730440587,5.36574522380329
"105133",80,55.1406635695023,52.5101907470855,2.63047282241678
"77721",152,96.3953243793639,92.5915186405305,3.80380573883343
"105137",196,105.681218612953,95.6307161306859,112.982717140262
"96332",182,111.724769410916,112.296343892633,0.571574481717404
"77662",39,29.4397435692309,29.3036153775019,0.136128191729078
"88642",168,128.076669090218,122.778164699639,5.29850439057938
"97353",238,192.665861757128,211.80319439472,29.0662937086243
"6278",158,121.325255978214,123.581429373121,2.256173394907
"102238",141,88.9351091844062,87.0393953668989,1.89571381750724
"75094",177,115.23117254126,111.037285873757,4.19388666750325
"104297",135,64.3994099911818,61.7706857792717,2.62872421191012
"74973",215,156.004298078764,160.902394315132,4.89809623636782
"102052",105,76.2901500214385,74.3992218563428,1.89092816509574
"78923",352,315.927404739641,311.472745733574,4.45465900606617
"88643",365,235.538760198737,258.879689007545,91.0926550838987
"104260",33,25.8474335290235,6.66354414675647,20.9995237637798
"74986",37,37,37,0
"104966",46,46,46,0
"74962",107,58.2443577790992,56.2428201915907,2.00153758750852
"103447",198,172.993029711227,172.9615767992,0.0314529120272426
"80801",88,70.136066041534,68.6173563239306,1.51870971760345
"77790",40,40,40,0
"74474",176,99.3006761352564,102.261069587856,2.96039345259939
"97289",132,84.2918027897644,81.8794847827315,2.41231800703288
"77726",95,36.8728665085471,34.7311593316189,2.14170717692825
"79149",109,102.985942989395,101.392517611079,1.59342537831562
"104209",401,401,401,0
"86608",66,58.8326254133248,59.0547365364609,0.222111123135994
"104828",242,242,224.565781232692,17.4342187673081
"73966",60,46.7341638223721,48.1180755445181,1.383911722146
"74655",82,82,82,0
"103487",160,142.570450493746,142.481029241464,0.0894212522826461
"80058",479,478,478,0
"80802",141,99.3706359722374,95.8782305411995,3.49240543103793
"80587",40,21.2297619549688,21.2797873984152,0.0500254434463683
"90240",317,237.343272350504,234.352882132286,2.99039021821754
"79851",373,307.236407975435,317.758002638556,10.5215946631205
"81316",125,97.1399717770263,100.007877252394,2.867905475368
"75115",212,148.732734575955,145.280310833994,3.45242374196122
"7049",90,60.8130125895549,60.1679471530847,0.64506543647018
"96727",95,86.3454425227179,86.9296150948776,0.584172572159724
"74957",214,169.90127101207,171.123418765212,1.22214775314177
"103416",202,199,199,0
"78179",66,8.04352928775844,6.75775937363213,1.28576991412631
"77674",298,297,297,0
"87463",170,170,156.506115495257,13.4938845047431
"102036",168,143.410807175393,141.724869691285,1.68593748410792
"97287",133,94.051350696783,95.0316661913823,0.980315494599259
"77583",18,9.10366139229183,9.18329203521457,0.0796306429227422
"80940",270,270,270,0
"78911",334,249.481412304211,251.881055301429,2.3996429972181
"103411",292,292,292,0
"104185",58,50.5966990938952,50.9771867929058,0.380487699010619
"78199",47,32.3975473042028,31.8563340866132,0.541213217589583
"97292",185,118.627310714619,120.132903610209,1.50559289559015
"90259",315,278.74971654051,277.611335818169,1.13838072234099
"104203",211,211,211,0
"7489",300,222.511739928048,227.727412504768,5.21567257671922
"81309",59,53.9663076340323,53.7759800058048,0.190327628227556
"103176",210,200.877624868731,203.731608639942,6.85941448808962
"104564",198,72.0697097648474,69.0045913518468,3.06511841300056
"6283",87,56.9249886675683,55.8535261946215,1.07146247294682
"78203",99,70.3696593921645,69.2896495508464,1.08000984131807
"89329",281,255.872626969913,254.01971146191,1.85291550800361
"80594",204,188.377101737215,204,15.6228982627846
"80799",299,278.696647221852,299,20.303352778148
"75742",70,70,70,0
"104166",295,252.423510416219,247.745422096027,4.67808832019157
"96729",121,74.5818713316395,73.0373565229114,1.5445148087281
"75125",71,61.9841279270923,62.4904357107204,0.506307783628044
"104258",222,147.861073274963,142.97290706454,4.88816621042238
"78212",189,154.121619946758,152.215362685504,1.90625726125428
"103029",203,203,203,0
"75129",44,24.63486774665,25.2358886984174,0.601020951767393
"104505",249,155.511171381393,160.036455565838,4.52528418444462
"6419",114,74.4345997734157,72.7460602612706,1.68853951214513
"87356",80,80,80,0
"87838",138,112.2948143042,107.101216413682,5.19359789051809
"103170",197,178.96601228863,180.148486339731,1.18247405110016
"96721",30,26.0002462943931,25.8892989178602,0.110947376532858
"81311",45,35.7131767602326,34.9935904199261,0.719586340306498
"102046",164,163,163,0
"6415",120,86.8585915221982,86.9954572492213,0.136865727023137
"87368",34,30.276092750896,30.3524152335874,0.0763224826914122
"104178",170,134.857217490413,132.105122592169,2.75209489824338
"80585",92,60.9718499005757,59.9773196102927,0.994530290282976
"87453",338,196.552785065435,193.224962703631,3.37892261189866
"74359",200,166.530642932718,169.651378211266,3.12073527854762
"79847",719,555.454291805951,564.035948101858,8.58165629590677
"74461",334,334,334,0
"101741",134,134,134,0
"8149",135,110.64313773772,122.638724372227,16.3170307734733
"5854",240,178.566302343319,170.683235136447,9.91491488593136
"73968",152,68.2169129519392,67.0320610008301,1.18485195110907
"97290",158,82.9617736562561,79.1068044959326,94.3245302064051
"97338",123,57.6780632553736,59.8309769179388,2.15291366256517
"5839",155,115.475649584164,113.461372632804,2.01427695135951
"104528",134,106.035497222484,107.054863246021,1.01936602353657
"104573",119,117.167096298565,98.4996501097729,21.6914033510761
"78226",90,84.7627312802073,84.8145397773225,0.0518084971151225
"77645",105,104,104,0
"76297",251,232.957971862482,251,18.0420281375176
"77644",44,44,44,0
"97329",172,91.4288561691769,89.6193603488191,1.80949582035786
"96730",49,37.407552553155,37.4614973877255,0.0539448345705335
"96718",111,67.216348033895,64.6916131361063,2.52473489778872
"86607",249,242.309798177388,241.695025586427,1.00817882337117
"80803",70,48.1852779830066,17.8301562179618,31.8311140316606
"81739",120,108.001774360498,105.593127460909,2.40864689958963
"102528",353,183.791381974703,189.868537623972,6.07715564926863
"79156",500,500,500,0
"78195",54,27.2345794072805,27.9123201487264,0.677740741445889
"87320",186,168.63076157117,165.668750519991,2.96201105117962
"96725",85,61.6009519812351,60.6694345139981,0.931517467236965
"96807",122,110.626113657816,110.848313923835,0.222200266019659
"74418",126,126,126,0
"80800",118,90.1454882144277,87.5299670004325,2.61552121399521
"78217",71,56.8092204163777,56.2832009014153,0.526019514962404
"77695",181,181,181,0
"87462",78,78,78,0
"103483",138,125.817874033795,125.724805291177,0.0930687426183167
"102295",97,66.9320987276273,68.2114295567321,1.27933082910483
"80956",339,339,339,0
"87811",221,214.479675167755,63.8944819354639,152.251138165065
"105100",193,107.366443286778,99.4426339607035,7.92380932607489
"87337",94,72.6245067630314,73.4295735351299,0.805066772098524
"87797",257,222.316223162041,222.616728632172,0.300505470131108
"80942",175,175,175,0
"77681",174,174,174,0
"87317",141,66.1661052832956,70.149943869533,3.98383858623739
"81773",103,69.0958533560441,71.4546914407817,2.35883808473764
"79855",106,101.45169861791,106,4.54830138208999
"104129",308,308,308,0
"104109",127,99.8615573524166,99.844595028114,0.0169623243026439
"79872",309,309,309,0
"97377",131,96.837574548458,95.1805141690175,1.65706037944045
"7041",96,96,96,0
"102661",126,44.5037112067031,43.5939787381499,0.976096981242451
"89212",340,245.105952544264,242.159613439992,2.94633910427149
"104218",268,268,268,0
"104188",406,406,406,0
"87360",198,175.080474222442,198,22.9195257775577
"7038",63,60.0339831130753,59.6421846508755,0.391798462199824
"104553",314,191.737049800407,198.768937552346,7.03188775193925
"7045",159,123.728955716652,124.082050345591,0.353094628938892
"80571",61,56.0779217741652,55.5892410040592,0.488680770106077
"5841",142,112.482016206059,112.456906602682,6.46447444897142
"104135",388,332.424302540632,333.470015743187,1.04571320255451
"74961",172,146.400962045232,143.372334426946,3.02862761828599
"103048",133,94.183480243247,91.3033253141,2.88015492914704
"96335",258,145.068063225987,150.873987324505,5.90745407598336
"77654",73,39.5119588311362,40.4970766527201,0.985117821583885
"104115",113,69.6437582039967,68.1449101115061,1.49884809249058
"104533",88,58.4187785673167,57.5704799682892,0.848298599027537
"79471",220,220,220,0
"104261",131,84.9202387681106,82.6707738705864,2.24946489752415
"104524",141,115.972814714973,118.019016780894,2.0462020659218
"87448",416,319.233720190532,327.73784908972,8.50412889918818
"102271",105,59.8071247008603,57.8941325039262,1.91299219693413
"89346",427,427,427,0
"86489",67,49.3683204867411,47.9994971017419,1.36882338499917
"79143",142,32.4905416807898,29.8573713738179,2.63317030697188
"105436",350,294.646715305016,299.296828440868,4.65011313585264
"77724",187,116.86901528067,113.267599151843,3.60141612882789
"101724",104,74.3368071978644,72.1835732795927,2.15323391827176
"78204",38,26.5978719335511,26.4776946285938,0.120177304957244
"105108",327,126.85988615186,207.072436840312,95.7624238714697
"5843",155,47.0750087818639,47.4443000446595,0.369291262795632
"79147",64,57.0182756448877,55.7331337003332,1.28514194455452
"105134",85,48.1135146825013,49.7254406461141,1.61192596361278
"6279",141,141,141,0
"75698",73,41.0346076701831,42.1971896438952,1.16258197371215
"104555",244,176.148389111159,181.476517885831,5.32812877467139
"75712",130,127.138164361471,126.368765450158,0.769398911313083
"79145",148,42.9653516955841,41.0120086606695,1.95334303491461
"74435",247,58.5609953058278,58.4646980017255,1.00093896119373
"103179",405,405,405,0
"104259",155,112.536353306756,115.744782756797,3.20842945004054
"6197",265,265,265,0
"102305",92,54.2983832409042,52.7256427101228,1.57274053078138
"80584",297,207.073669355252,209.536334955955,2.46266560070253
"79146",77,69.7907586251779,68.8988061211825,0.891952503995415
"97291",83,62.8995656816551,64.0401008258244,1.14053514416926
"104513",143,98.3274758208456,94.7946682658317,3.53280755501395
"96808",45,37.1389824015846,37.3503581276919,0.211375726107359
"96720",109,60.5134744272624,59.8083261846967,0.705148242565698
"75732",102,102,102,0
"104200",321,321,321,0
"105096",178,93.3735465650529,90.1601345933721,3.21341197168079
"86482",60,9.31858875130199,52.678449425724,43.359860674422
"104965",254,232.813090366789,238.547671329006,15.0582361150187
"75086",191,191,191,0
"78175",98,64.8166505527026,63.839072595319,0.977577957383606
"81315",112,87.8363487470245,87.0518533661542,0.784495380870337
"102662",279,173.026037047127,175.180041747508,2.15400470038083
"74329",188,188,188,0
"87819",96,74.1925744934973,74.181723860926,0.0108506325712549
"103491",282,269.89346505772,270.677193312574,0.783728254854731
"74493",301,301,284.042742345691,16.9572576543091
"80577",163,112.681302362197,113.854530881181,1.1732285189836
"102236",130,72.181296503653,70.3983347138974,1.78296178975562
"73957",115,115,115,0
"96323",431,429,429,0
"89334",344,344,344,0
"74501",551,551,551,0
"75718",135,135,135,0
"104152",108,92.3263123418785,93.8272056766854,1.50089333480697
"73960",121,121,108.747812073874,12.2521879261262
"89213",29,18.9558261508398,18.8671134136685,0.0887127371713491
"87325",209,52.4638330373784,69.4322058831917,54.5980588672268
"87450",121,96.8547512077015,95.566020046055,1.28873116164651
"77802",11,7.82555560187166,7.83834171145552,0.0127861095838619
"87830",100,29.1953055838346,26.4168380842075,2.77846749962712
"6421",21,9.80350978953041,10.2443853031689,0.440875513638457
"77781",56,44.4507244701876,44.2504380602586,0.200286409928973
"87340",250,233.337821598797,232.327437770136,1.01038382866094
"105448",292,246.922511276964,243.836127774827,3.08638350213682
"78181",45,28.9306382486003,29.2610976952764,0.330459446676062
"75735",43,43,43,0
"103466",143,137.622685511382,137.418230208625,0.20445530275732
"76288",183,183,183,0
"104829",539,512.061798506797,505.206381477286,6.85541702951154
"75105",157,99.6542766270923,102.896624521285,3.24234789419262
"87800",318,318,318,0
"74489",219,219,219,0
"87351",266,218.311004977229,213.803565210349,4.50743976687996
"5844",372,127.495754209375,126.816727535363,0.679026674012221
"80588",57,45.5135310938647,55.2959696058492,10.7516110092415
"96733",147,120.452375431632,118.009325960704,2.44304947092846
"103161",86,83.4176907006752,83.1808815130009,0.236809187674297
"74805",316,316,316,0
"88647",166,48.14823353871,49.9054354978259,1.75720195911597
"96437",158,158,158,0
"80795",192,192,192,0
"103469",271,271,271,0
"103402",181,145.436331039405,139.966816160954,5.46951487845159
"74481",196,163.751518228835,157.361616719421,6.67747391328135
"86604",189,189,189,0
"80578",52,30.6139660390372,31.333720693592,0.719754654554806
"81752",233,185.091393858946,187.480352086501,2.38895822755477
"87451",81,43.1645390616983,44.2247168054017,1.06017774370333
"97370",232,134.581695724088,138.066750803879,3.48505507979096
"81745",112,96.595084686178,93.6848206457551,2.9102640404229
"103160",161,161,161,0
"105118",386,189.702189225159,186.964973796849,2.73721542831036
"76295",64,64,64,0
"104266",320,132.78055712367,131.156701418436,1.62385570523351
"77806",16,6.26187970426868,6.12758669207602,0.134293012192656
"74508",210,202.52714316622,57.0743264695923,146.77307487894
"88645",318,144.862341943156,155.858425393897,10.9960834507411
"77791",14,11.8001245564569,11.7370222460417,0.0631023104152587
"78196",100,100,100,0
"74818",388,388,388,0
"103410",65,65,65,0
"75745",128,128,128,0
"77596",81,74.6275614841831,64.7063194092588,14.6306331531821
"87809",319,122.630861316375,136.413994727323,13.7831334109483
"90254",111,70.6942638789223,67.0777699192138,3.61649395970849
"78215",88,85.627158477782,85.5961262284866,0.0310322492954523
"102270",206,178.021213505212,174.965108648786,3.05610485642585
"75220",156,143.407937455495,144.394293399798,0.986355944302466
"79148",344,283.2701591765,287.968437713311,4.69827853681077
"80046",215,186.789375456993,186.769635290239,0.019740166754268
"105106",256,256,256,0
"79222",462,332.764246338431,334.899908108572,2.13566177014182
"97297",101,65.1459090404854,64.0330824885036,1.11282655198189
"73955",161,121.111434966326,118.787765754471,2.32366921185473
"104113",131,69.1975578623241,72.0088081570962,2.81125029477215
"105151",254,209.725503635204,212.671995639489,2.94649200428502
"77720",173,103.875394317067,71.7470001280702,105.406062673753
"78200",57,57,57,0
"7048",99,89.8717111567236,99,9.12828884327638
"104136",324,324,324,0
"80798",202,159.44905687939,155.630505365682,3.81855151370718
"75740",49,49,49,0
"80797",191,169.540643596126,171.800703891187,2.26006029506094
"77728",158,158,158,0
"77668",95,82.7050431382345,82.1722360934116,0.532807044822916
"96734",86,76.3764526943085,75.8852939778234,0.491158716485088
"86597",269,256.435449513827,257.7526126695,1.74826500151535
"104168",114,52.0438005975389,48.7527094565331,3.29109114100574
"5847",349,280.808296374015,280.301207336932,0.507089037082661
"78186",131,95.8148412875295,94.9096617321881,0.905179555341511
"75093",141,134.054690985968,141,6.94530901403155
"104175",355,261.33126377143,259.688313622945,1.64295014848446
"80796",106,106,106,0
"8203",183,183,183,0
"73938",293,140.655858597264,133.255936784102,7.39992181316194
"105103",205,180.328715161301,183.789950861758,3.46123570045718
"87824",166,141.958358730972,143.731637278818,1.77327854784589
"75702",172,126.016756570429,127.994401808119,1.97764523769017
"75693",208,182.009302101146,176.531533472799,5.47776862834767
"80936",27,21.1712898663287,20.879754679842,0.291535186486639
"104125",283,283,253.359821478876,29.6401785211243
"103451",134,98.6595921552715,93.6720940156982,13.6405350818143
"80032",279,31.2096973441083,32.3094614779388,1.09976413383052
"79860",361,232.19737233277,217.982537494233,14.2148348385369
"96732",72,51.7792095965441,50.8300671421028,0.949142454441235
"103406",236,82.000389747274,75.327610656719,6.67277909055501
"7052",153,96.3659673841576,97.0196757340651,0.653708349907377
"104206",119,119,119,0
"80952",433,403.579131309127,433,29.4208686908728
"105138",97,40.9424603563046,40.8309024393779,0.111557916926713
"73517",104,84.2357243161127,83.981845710019,0.253878606093718
"104519",167,160.188117948081,157.986802546408,2.20131540167366
"74810",190,190,190,0
"96726",133,89.3780102736064,87.235647558822,2.14236271478438
"75715",36,22.5049931983049,21.6164732791894,0.888519919115496
"77585",51,51,51,0
"104150",390,242.216656548794,250.362913909329,8.1462573605353
"74324",63,51.1092192157821,51.8064893772326,0.697270161450547
"80384",127,72.1279683617179,74.286272032066,2.15830367034809
"97336",133,82.0584153150227,83.8539129178904,1.79549760286773
"74814",160,160,160,0
"75064",80,53.8597808577904,52.8655950493717,0.994185808418671
"96316",281,279,279,0
"87837",108,108,108,0
"78201",33,17.1888247777592,17.2177954854741,0.0289707077149358
"74425",176,176,176,0
"81742",78,42.6467973205812,41.80896301368,0.837834306901268
"74651",212,195.139179126131,197.34048262559,2.20130349945963
"102663",134,76.0223046842837,73.7834113470952,2.23889333718854
"102045",167,141.959155782659,139.645974750007,2.3131810326514
"81771",127,82.0408051250738,80.4146272279058,1.80356587276489
"6576",117,70.5507898255771,71.912017571505,1.36122774592796
"102051",246,194.681325300076,195.190532076514,21.8394810564995
"81314",19,13.2225017282298,13.1193047667293,0.103196961500506
"102830",321,270.872465485647,262.456057400521,8.41640808512605
"79859",266,265,265,0
"80794",44,44,44,0
"97294",90,90,90,0
"75061",71,41.6598652784889,30.7943446486508,48.3638623467368
"104534",226,166.287273627171,170.953253214838,4.66597958766771
"74513",298,298,298,0
"77675",230,230,207.975175008047,22.0248249919535
"87355",214,185.753837580877,183.6764490807,2.07738850017728
"102220",266,218.579203481075,223.902576111518,5.32337263044358
"78209",143,116.259195930444,122.920637557435,23.4852729747533
"97296",78,54.7531557438015,56.3545278955571,1.60137215175569
"104561",101,101,101,0
"96741",90,61.9408462427334,60.5322573459859,1.40858889674754
"104824",179,179,179,0
"97300",124,80.4219493249689,78.5921071877259,1.82984213724307
"74334",299,119.369746565616,130.561890817533,11.192144251917
"5837",364,354.063602411056,353.419821348608,0.643781062448112
"81738",89,79.0056246669648,77.195220610891,8.70208077248853
"75711",84,69.9919031754853,69.458832796147,0.533070379338328
"97298",50,25.0709689598097,22.6944956293589,5.15842466419966
"79856",290,240.959786697863,243.111490219259,2.15170352139599
"104196",225,225,225,0
"101742",184,129.587865827239,131.2892935016,1.70142767436118
"103485",84,84,84,0
"75719",39,39,39,0
"102514",358,168.467509175466,179.693433894186,11.2259247187198
"104131",99,81.6544753980261,82.3117782785237,0.657302880497509
"81777",217,217,217,0
"104216",239,239,239,0
"6196",152,62.6377394841655,55.0622320484079,7.57550743575762
"97299",92,52.0554210500651,50.3819942238387,1.67342682622646
"5855",238,118.284030889743,120.231914500863,1.94788361112038
"81740",89,52.3280328346939,49.504716601796,2.82331623289789
"86503",121,79.9101158618631,78.1915745400967,1.71854132176642
"87835",80,73.72127009228,73.7158143462838,0.00545574599617678
"102033",148,129.525923383263,127.832943084123,1.69298029914036
"104256",350,219.119950482865,210.549974311558,8.56997617130622
"86606",231,133.058939233216,137.206361919377,4.14742268616177
"105104",88,71.9575549337387,72.9155621629204,0.958007229181728
"73969",137,137,137,0
"7467",591,591,591,0
"77697",143,143,143,0
"80381",239,239,239,0
"102838",261,234.090106226093,261,26.9098937739071
"86603",128,47.5532519722163,49.93668682327,2.38343485105373
"8214",284,277.861619661315,277.549149642942,0.312470018373049
"86496",85,39.6682741430743,40.3215365438943,0.653262400819947
"97295",110,70.7228219873426,72.5672107116141,1.84438872427148
"104237",318,284.151453172975,280.526785704719,3.62466746825535
"74325",173,173,173,0
"79863",404,323.155954286741,325.148499476434,1.99254518969315
"78187",61,37.4562015073125,38.5433158440032,1.08711433669075
"77805",36,33.4259672959377,33.4684039021058,0.0424366061681027
"80576",77,58.1742173485286,57.0023729014536,1.17184444707501
"96809",74,48.1476920996525,47.3178420082208,0.829850091431645
"75111",62,21.2181474817962,22.244066422689,1.02591894089284
"5834",393,380.313751151105,380.949873217743,0.636122066637884
"105032",220,168.473980649225,173.902348036983,5.42836738775825
"80589",39,33.8880231192054,33.5601078049067,0.327915314298794
"77729",126,88.8342400823619,69.7593759642394,19.5987568034146
"80793",90,87.591371740115,87.638735629593,0.0473638894780549
"74420",446,446,446,0
"79144",215,177.437687039775,174.33250261572,3.10518442405561
"104142",171,153.181137187,151.603239130554,1.57789805644625
"102276",143,79.8342970119245,81.1384480983945,1.30415108647008
"86594",242,224.209234278957,241,16.7907657210435
"102284",105,57.3708133393501,56.0306977997786,1.34011553957149
"87840",83,62.7389136807626,62.4814211961332,0.257492484629368
"77688",31,19.14164200354,20.2299840887246,1.0883420851845
"103446",157,140.906628721917,140.983139741244,0.0765110193275639
"7044",127,106.288824884315,104.707596362556,1.58122852175857
"87812",437,437,437,0
"96740",33,33,33,0
"6420",143,106.104184629647,104.685757582822,1.41842704682538
"101757",325,324,324,0
"102273",86,45.7504482889025,44.7205164060783,1.02993188282419
"104560",493,493,484.206648608219,8.79335139178104
"77682",165,90.0566492906922,86.281124185368,13.9647057367679
"74429",294,211.272061881548,213.396730672743,2.12466879119483
"97346",319,225.237040874165,226.871429483097,1.63438860893164
"101719",39,26.1848265691684,28.9510684810452,2.76624191187688
"102304",130,59.9585750323881,65.5176878053621,5.55911277297399
"74653",197,197,197,0
"74802",126,21.7988746615763,18.6742672527068,3.12460740886955
"75102",386,357.898697886036,353.694080997671,31.0011946999822
"104154",159,36.8253452745171,34.2971327700509,2.52821250446626
"6416",92,70.673560867065,71.6571151867073,0.98355431964226
"80568",90,68.2549302047535,69.1095484454252,0.854618240671678
"104170",53,53,53,0
"103057",25,22.9143561177093,23.0327491462871,0.118393028577766
"104223",175,175,175,0
"97293",381,261.583216920657,263.852742024466,2.26952510380881
"90265",82,63.1360147124149,63.8528470019608,0.716832289545861
"104194",328,328,328,0
"86483",90,56.565016596441,59.9264351642616,3.36141856782062
"104255",208,155.774264892517,150.614098307592,5.16016658492506
"87338",239,221.977530733413,219.564221234356,2.41330949905725
"80939",82,47.0643316930432,47.7955810104466,0.73124931740338
"7453",380,371.815562780623,372.447098057422,0.631535276799171
"103147",244,244,244,0
"75725",53,53,53,0
"103408",164,157.54671043366,158.09997727222,0.553266838560756
"80049",155,155,155,0
"80789",167,145.339385734057,144.94567001503,0.393715719026799
"105116",352,306.698538595403,304.72060815307,1.97793044233321
"105139",153,79.4059735441323,76.4151904356132,89.6541204864842
"75738",96,96,96,0
"105091",132,80.241321122905,78.2499020715682,1.99141905133679
"103032",61,47.360047493062,46.0481104015557,1.31193709150632
"103489",208,185.710466022805,186.580808455817,0.870342433011492
"80590",68,36.9818175854968,37.5963273403968,0.614509754900029
"96810",109,71.5621296714961,70.4348905276283,1.12723914386779
"76296",97,87.8525853829444,89.1771114685684,1.32452608562401
"78194",70,51.9453991480384,52.1586087681842,0.213209620145753
"78173",25,15.2183837569561,15.7796589475843,0.561275190628109
"7419",97,81.2958673354,80.9055084340695,0.390358901330523
"107690",696,548.005076352424,560.74313657423,12.7380602218065
"77783",15,13.8143846677971,13.7315324591817,0.082852208615352
"74361",134,117.401328325966,119.199005387901,1.79767706193541
"75223",537,482.093537635008,537,54.9064623649922
"7047",105,74.948613866154,74.6610578970176,0.287555969136411
"8184",100,72.2806821883391,71.9081284214694,0.372553766869746
"105020",188,103.106575346696,105.693084109746,2.58650876305011
"74353",95,95,95,0
"101737",162,89.7763857266997,91.2838593666737,1.5074736399741
"103413",236,236,236,0
"105126",122,109.930594641906,108.089379612333,1.84121502957214
"77691",123,123,123,0
"6413",137,122.206824573877,124.606625898043,2.39980132416669
"5856",85,43.88421895045,44.2984876395793,0.414268689129319
"80044",202,104.705991624133,98.9979280679601,5.70806355617307
"79850",383,329.125763886921,332.290868784545,3.16510489762419
"6412",64,52.7960815638101,51.9633478024292,0.832733761380886
"73949",211,39.9656536601951,155.664909934469,164.924818642251
"80937",52,34.4550404927197,34.1678172547568,0.287223237962915
"80016",419,418,418,0
"103479",344,344,344,0
"80792",90,76.5342091670443,78.7336841100537,2.19947494300946
"76291",81,81,81,0
"87348",158,136.498627930194,137.497086848726,0.998458918531776
"6193",147,142.797256074891,143.019232671116,0.221976596224918
"80790",248,248,248,0
"104155",172,144.941713586741,148.68554294374,3.74382935699849
"104221",306,305,305,0
"105101",235,141.311053364274,132.691896243281,8.61915712099296
"81737",58,48.0361335049481,48.397884317657,0.361750812708927
"96742",99,68.6135586222299,69.2598303553079,0.64627173307793
"104321",218,209.213001346274,208.049247076262,1.16375427001193
"96719",152,84.5365324434013,85.9676772657604,1.43114482235911
"77588",47,37.3097686169665,36.6127692186959,0.696999398270586
"96812",88,69.0614140129974,67.671612337706,1.38980167529137
"102301",301,254.357912400056,246.819221435777,7.53869096427865
"77679",184,184,184,0
"75076",93,83.0130195943323,83.4201482691918,0.407128674859521
"74478",285,142.474356280541,143.353864324348,0.879508043806665
"86600",46,46,46,0
"105124",98,40.8517634045017,38.8753957922211,1.97636761228055
"96811",150,120.55608407917,121.513789403294,0.957705324123686
"86510",154,51.3902882801999,53.782344081932,2.39205580173204
"104184",416,415,415,0
"86596",270,251.817948348318,252.512976555277,0.695028206958946
"96737",158,109.841783698093,107.963707737305,1.8780759607889
"74469",168,65.2736681379707,61.6620763535525,3.61159178441818
"105016",215,129.03237954172,124.892646997262,4.13973254445806
"81317",98,85.9068900213989,85.4726951881465,0.434194833252365
"75067",39,30.9887409701935,31.0784974993933,0.0897565291998483
"104554",167,130.507399716079,135.943251276234,5.43585156015522
"96731",56,44.5176727564056,45.0746389985021,0.556966242096508
"73518",95,92.203079729913,92.184448075028,0.0186316548850309
"81757",59,43.6167625637788,42.8605362446737,0.756226319105078
"75699",163,163,163,0
"103162",202,202,202,0
"87798",193,168.724020446628,169.533805684021,0.809785237392901
"105025",393,343.246485769086,350.219453005596,6.97296723650949
"87354",37,35.4993793770625,35.4634796777442,0.0358996993182453
"96356",111,78.6096837454691,76.7615942291874,1.84808951628174
"81747",29,16.0164211581532,16.0491670442205,0.0327458860672998
"75713",129,53.0688271443145,51.5084324940089,1.56039465030555
"89332",424,424,424,0
"104556",93,79.3866083361304,76.9680379146858,2.41857042144458
"80581",79,33.1964916199647,31.4931811108051,1.70331050915958
"74485",356,349.582984781752,98.1527754381497,252.835420393845
"77803",68,40.6704491002677,37.5646455340933,10.0051907802796
"103167",183,183,183,0
"101728",149,105.069245050914,107.457998261723,2.38875321080882
"7055",105,54.9086016868367,54.8067439069192,0.101857779917464
"6417",107,91.4792775404054,92.1422315285767,0.662953988171275
"103155",213,170.57933449893,37.5024372460205,136.540207644813
"97301",125,76.2855444022207,75.7629854095796,0.52255899264114
"74812",95,91.0608869531078,91.068307648988,0.00742069588022343
"77589",116,90.0928369222636,88.4791897710471,1.61364715121646
"78191",187,187,168.759801059104,18.2401989408963
"97303",70,49.4648782235794,48.4694179371019,0.995460286477496
"89343",201,153.664794395505,149.937765724075,3.72702867142951
"103035",98,86.164467630069,85.2670487225351,0.897418907533933
"75098",433,358.502388643975,362.593565628526,4.09117698455146
"105095",146,81.993721539927,85.1903109873739,3.19658944744682
"78176",90,59.0885244977516,58.4638679432333,0.624656554518408
"104308",221,84.8261187459718,84.0253597725071,0.800758973464694
"88644",165,154.806632863241,155.618390946612,0.811758083371409
"78205",119,56.4562172556591,56.9382280576318,0.482010801972727
"81753",30,27.0688163586508,26.4466951089405,0.622121249710361
"96739",93,55.9667563386976,56.821515952089,0.854759613391409
"75747",93,93,93,0
"75089",89,62.706803947828,64.3922258990126,1.68542195118468
"104162",122,97.4115616170973,99.4620756940886,2.05051407699139
"80938",57,57,57,0
"97302",49,36.0983863416882,35.5387057693326,0.559680572355574
"80574",63,38.8821599703111,37.8179695303597,1.06419043995147
"74492",449,449,449,0
"104123",132,25.7083932347789,22.9598174820279,2.748575752751
"102285",124,73.7325453036721,75.46620298089,1.73365767721794
"7057",127,94.3316989009525,87.300785510389,7.31936652696968
"104208",392,392,392,0
"103066",326,109.130492903505,218.562472346262,218.063123940885
"77792",53,50.3287829411473,50.6040259898833,0.275243048736022
"73956",222,144.666359114736,141.834075944012,2.83228317072458
"74496",401,401,401,0
"80562",99,99,99,0
"90260",231,230,230,0
"79848",317,315,315,0
"87461",146,68.27069235269,70.6057007211602,2.33500836847015
"103524",419,419,419,0
"86490",63,54.538216998955,54.522245085932,0.0159719130230279
"104138",280,280,280,0
"96439",295,295,295,0
"103152",388,388,388,0
"80392",248,66.1874253177944,64.0912656540306,2.09615966376388
"87444",328,307.028082745223,304.674025917202,2.3540568280218
"74340",135,106.617840631011,49.0119883734148,57.6058522575961
"6408",119,92.162117563945,91.448465473461,0.713652090483875
"104140",448,376.12156343713,379.053151232827,2.93158779569766
"87358",206,144.052253802346,143.980521073046,0.0717327293003189
"5838",263,263,263,0
"79470",322,299.456628980157,300.597895344525,1.14126636436783
"80388",56,51.4511503326859,56,4.54884966731409
"77725",183,114.258942452472,114.540631080743,0.28168862827086
"104122",299,261.022353700946,246.326311774231,14.6960419267152
"105045",91,51.7920955778574,54.6804964803015,2.88840090244418
"89210",197,112.985219450458,110.354394046638,2.63082540382006
"104263",240,204.471936354019,206.409088665096,1.93715231107639
"75727",240,122.972404851278,122.091972148452,0.880432702826343
"73515",104,94.7774027898709,99.6999907970208,8.22037977603443
"79271",37,29.9602552413977,30.801286090963,0.841030849565251
"87347",215,152.863496515939,151.510959596371,1.35253691956731
"103177",243,243,243,0
"80580",30,22.7445673972287,22.7838738461201,0.0393064488913823
"103495",171,171,171,0
"78197",99,85.3849686177285,84.4412160229,0.943752594828618
"105023",307,197.794695753533,193.279375764798,4.51531998873534
"5842",244,244,244,0
"78174",46,38.7886008321121,39.1283851761211,0.339784344009074
"87443",292,209.007742110217,205.15579519315,3.85194691706681
"97385",453,262.004523803664,266.927894952603,4.92337114893975
"75084",150,96.9497512339752,92.3629201946546,4.5868310393206
"8373",475,219.289317416727,228.331805311349,9.04248789462142
"104191",231,231,231,0
"96443",168,89.049211204524,81.2490582109942,106.92532233102
"104134",334,281.837941934888,283.948953110047,2.1110111751593
"90255",124,107.306543481871,105.329319236391,10.5438089822437
"73953",98,62.6711823658916,63.8452156194381,1.17403325354653
"77608",82,69.4933791588008,68.880307302095,0.613071856705808
"104127",323,269.876644548448,266.203982898184,3.67266165026393
"96354",142,84.4015195165505,87.2132724594203,2.81175294286986
"96748",62,53.048499604179,52.1554745093606,0.893025094818413
"79858",230,194.331890436341,190.109383815591,4.22250662074959
"96745",42,28.3884512484565,29.1703086040364,0.781857355579847
"87807",222,222,222,0
"105114",392,348.297803981896,352.030597187103,3.73279320520767
"80572",78,48.5020682827319,49.5742800422952,1.07221175956327
"76293",56,56,56,0
"107697",211,130.625956344148,125.874626510268,4.75132983388004
"87827",143,122.506097437739,118.564751357585,3.94134608015417
"73519",57,14.218216444735,11.6827692400941,2.53544720464091
"7050",113,103.865710902987,103.194093664481,0.67161723850572
"75708",225,213.207465905753,212.198804102522,1.0086618032315
"5840",125,86.0267102116145,85.3861360878994,0.640574123715146
"80582",51,36.0646636321645,35.3306446454034,0.734018986761163
"80565",115,60.1007157844644,62.091855194498,1.99113941003358
"7043",143,118.609494589538,119.937954664566,1.32846007502787
"6194",265,200.840501977932,205.284718340016,4.44421636208431
"96833",93,56.5085701222644,57.7095164786502,1.20094635638578
"81762",114,71.2402852099526,69.5720264739563,1.66825873599624
"77730",140,71.56719519306,80.6152273071617,9.0480321141017
"104145",169,154.479053747056,152.557239286221,1.92181446083518
"102042",89,71.6391890860576,72.5442310718473,0.905041985789701
"105135",260,173.92099397177,178.513367244095,4.59237327232498
"104558",160,157.127257753716,134.009032232645,25.9346767460361
"69617",223,20.2162467462455,223,202.783753253755
"103060",132,125.104988569635,124.051637668693,1.0533509009418
"86605",167,60.4711489343755,110.271736255309,85.0414915752171
"96738",70,55.1980103977833,54.556277578811,0.641732818972327
"75691",276,215.477100136549,221.886185318016,6.40908518146727
"104559",245,198.316491366959,195.040527642854,3.27596372410483
"96749",30,15.7988693485088,15.9866495351154,0.187780186606641
"89211",226,188.022343018578,188.286011197304,0.263668178725759
"88650",355,186.024891428895,177.840948584082,8.18394284481309
"103062",192,156.156479472631,152.835462713014,3.32101675961733
"73954",132,85.7912637237824,86.2986097184263,0.507345994643978
"75060",111,51.688422464356,53.4035191286424,1.71509666428637
"74488",407,407,407,0
"81754",67,51.5344950660045,37.831900492754,26.9158507713379
"77804",497,497,497,0
"104171",309,309,309,0
"74642",186,186,186,0
"80406",252,252,252,0
"87350",180,155.070477472315,155.981042167822,0.910564695506979
"87817",204,204,204,0
"86593",350,350,350,0
"101721",89,73.0840019088523,71.2048134564898,1.8791884523625
"77735",176,175,175,0
"105125",240,133.88223275741,125.52662894309,8.35560381431962
"104179",242,68.1613951736731,177.091163115937,148.128653522241
"69613",214,214,214,0
"80570",104,43.0077760233927,42.3558520063325,0.694225490633666
"89345",284,249.44176304374,250.604827719781,1.16306467604084
"80791",107,62.8283568887756,60.879983931657,1.94837295711862
"87447",183,119.260277982677,122.216973838838,2.95669585616103
"81748",113,92.3967149587921,91.4764199249267,0.920295033865422
"74348",126,58.5373198773008,60.20077714205,1.66345726474917
"97305",68,49.0735207033054,49.9193583534559,0.84583765015047
"89335",316,283.410728269585,284.723637312652,1.31290904306725
"6192",122,112.191872974766,111.162201849272,1.02967112549456
"103450",97,62.7272811227176,62.0157697385842,0.711511384133448
"87822",230,212.993134924241,230,17.0068650757586
"104118",476,362.361594880256,368.827056113278,6.46546123302284
"102035",87,73.9257719916352,73.5292032155034,0.396568776131902
"105113",383,382,382,0
"105043",92,65.1403422994826,61.7822251082331,3.35811719124957
"74824",132,132,132,0
"87345",204,129.018134571279,124.897581652517,4.12055291876166
"86590",237,237,237,0
"78180",148,89.631906290474,89.7797055456927,0.147799255218725
"80026",223,216.204678509986,216.403911951046,0.199233441060343
"79854",303,268.31840959791,268.499404416674,0.180994818763825
"77607",108,73.4351906900455,71.5227438257216,1.91244686432384
"105015",173,91.5359011335065,84.1821007834666,109.966031124236
"80787",64,37.5289204037678,38.1622910501311,0.633370646363213
"103454",31,18.3868181398358,18.2706880306564,0.116130109179358
"81741",82,82,82,0
"79467",219,219,219,0
"80788",193,193,193,0
"96359",241,241,241,0
"75722",169,102.643417617466,97.0387006431702,5.6047169742958
"73922",121,80.9687092689164,83.2265919734538,2.25788270453745
"75049",133,64.6653712477093,66.6470152867608,1.98164403905149
"74432",74,59.7574583620512,60.2038137070479,0.446355344996666
"75714",117,79.0031661260382,76.5071107115711,2.49605541446706
"104257",485,204.489206360709,192.207697930315,12.2815084303943
"87445",82,82,82,0
"104273",388,297.648422262826,296.898250878909,0.750171383916983
"96746",77,53.6860332930005,54.1903227202946,0.504289427294035
"103493",101,101,101,0
"75739",126,52.85492987841,50.2410332677351,2.61389661067498
"104557",257,205.994918935429,200.423102379098,5.57181655633137
"102048",242,129.480374034572,130.146822384951,0.666448350379322
"87833",73,43.8412723100437,44.7014052749343,0.860132964890555
"102209",464,388.265512029784,397.830992970884,9.56548094110021
"81760",72,52.915720965966,52.5465946918102,0.369126274155816
"74322",158,83.9045069814452,79.9468581430515,3.9576488383937
"74815",204,78.799338741022,73.2519262387286,5.54741250229336
"105105",344,165.8772351198,159.092565179481,6.78466994031953
"101714",72,55.4792767388589,54.3311659665708,1.14811077228807
"77684",104,65.8756241726309,66.7196704926985,0.844046320067572
"97308",200,158.655837768277,163.382858062016,4.72702029373928
"87353",106,103.52446190815,103.578331272661,0.0538693645111623
"97307",165,121.369392598923,119.96593038827,1.40346221065246
"79468",245,209.825259988358,212.439345116654,2.61408512829604
"103171",235,235,235,0
"80039",254,187.862957254843,191.393590127506,3.53063287266328
"5858",277,277,277,0
"75052",108,59.8828386692855,58.7691562913947,1.11368237789083
"97306",59,38.59180385578,37.5558651258818,1.03593872989817
"79469",113,112,112,0
"104228",273,238.535757820364,273,34.4642421796362
"74448",383,279.375907112355,283.784682260531,4.40877514817625
"7745",213,213,213,0
"87839",83,46.2371161413662,44.834518908173,1.40259723319322
"80591",91,58.7995199022296,57.9231764955237,0.876343406705812
"96750",89,68.2191478645361,66.7658855822979,1.45326228223822
"86598",159,131.906162427959,130.070652128296,1.83551029966303
"102527",531,158.085778557336,164.075120212272,5.98934165493563
"77796",268,246.699259897244,246.146732443702,0.55252745354269
"80781",57,15.7937916634318,12.5137991846013,3.27999247883048
"74468",200,175.248772815911,171.092820611875,4.15595220403543
"80946",175,150.430499764231,152.695607314371,2.26510755013934
"82277",101,36.7353213301948,66.2499956459641,67.4088264067581
"74797",200,200,200,0
"74358",99,99,99,0
"96813",115,60.0241264422899,57.8539431871461,2.17018325514373
"5830",50,22.3515301856604,30.8617091854084,13.1373074102983
"103488",200,95.4189833349367,97.9864510972879,2.5674677623512
"74342",33,30.3969299855831,30.460520484627,0.0635904990438785
"87446",157,141.946340189685,139.515980009542,2.43036018014299
"5857",108,72.9600837493175,71.7832040045016,1.17687974481588
"103828",99,59.4901639996097,61.7689519703724,2.27878797076269
"80569",67,44.6639413378591,44.9984201403401,0.334478802480963
"88639",322,225.477547634677,229.538499733699,4.06095209902202
"104046",251,197.407952418877,195.040702399929,2.3672500189473
"104240",298,193.848908254801,187.580726636267,6.26818161853365
"102510",172,49.4197950044826,82.5625978043756,33.2393614938787
"75091",87,87,87,0
"97304",141,101.688763754255,102.182205046521,0.493441292265577
"74414",215,215,215,0
"80943",76,58.35748598288,57.4949418695193,0.862544113360705
"74643",152,152,152,0
"74652",395,395,319.446069585773,75.553930414227
"6191",236,173.609587724829,167.895489607266,5.7140981175632
"75081",62,47.2790910082469,46.6986350548788,0.580455953368132
"80945",99,61.2537166783,63.6154589141503,2.36174223585027
"78188",76,58.9809812195567,57.5776933317884,1.40328788776824
"105449",275,240.562209972389,234.94608656534,17.1831643541913
"6577",94,66.4899281497247,65.7437778952459,0.746150254478795
"97333",172,97.1555556320767,101.704571396911,4.54901576483388
"74433",99,79.9021503974767,80.6854167656642,0.783266368187435
"80785",120,106.722679003709,108.589508919078,1.86682991536907
"80430",297,105.483517204828,102.266634084838,3.21688311999007
"97310",108,71.3602483543039,70.337574088577,1.02267426572702
"80783",104,104,104,0
"102290",81,50.8594797130595,51.9710945464486,1.11161483338912
"103403",95,14.7602715993921,12.6364546055162,2.12381699387585
"103181",176,176,176,0
"103154",81,81,81,0
"96752",128,88.989596962779,87.565399768292,1.42419719448706
"88641",246,202.572183011149,201.611418878902,0.960764132247204
"103140",201,185.75881885089,186.598495390955,0.83967654006477
"80784",116,116,108.861454897002,7.13854510299779
"80057",376,286.138326824782,285.924324353041,0.214002471741707
"74499",604,603,603,0
"89209",185,118.201677028235,130.666128427523,30.6869526382947
"69618",265,256.737884537871,257.245085696671,0.50720115879993
"6414",139,118.825543233143,117.865316266911,0.960226966232034
"73930",212,166.183840628289,157.096086195214,9.08775443307583
"69610",111,111,111,0
"77723",177,131.53904792972,134.714565069359,3.17551713963915
"74480",192,192,192,0
"74500",255,255,255,0
"104222",161,161,161,0
"78184",136,104.035449273202,60.6016690115196,43.4337802616827
"6190",123,105.996978097493,102.6942631878,3.30271490969348
"102835",90,62.0321723811617,62.0340833147977,0.00191093363605892
"79270",117,117,117,0
"80573",50,32.4449494634403,32.9874830765693,0.542533613129103
"77780",75,75,75,0
"73951",24,21.0390294374052,21.1546022358573,0.115572798452102
"75066",56,36.1471860549651,38.149173515391,2.00198746042598
"80583",98,98,98,0
"103531",440,402.710630599351,403.734120982904,1.02349038355347
"87352",261,228.335579179081,230.794188272934,2.45860909385275
"74483",338,91.1323305857245,102.889254821994,11.7569242362691
"75214",287,136.533994270661,147.356633631102,10.8226393604418
"77593",136,98.8169896995318,96.2954184107151,2.52157128881668
"6402",128,72.6805656739027,71.3988493617215,1.28171631218114
"80780",147,112.128002406292,106.198642771663,5.92935963462909
"80055",259,30.4699843188419,227.025232456268,201.787509737318
"77677",126,108.988968586817,110.973048202845,1.98407961602811
"80782",127,75.2236863244616,69.7333105018651,5.49037582259647
"80786",59,40.0442901077971,39.6210658871902,0.423224220606893
"96338",281,142.02512774776,139.951525130765,2.07360261699523
"80399",182,120.440683417842,115.663436307119,4.77724711072364
"8190",171,99.3348704011369,101.156261851884,1.82139145074757
"102026",248,234.344127877149,248,13.6558721228507
"76299",111,53.8534753228799,50.4060329137477,3.44744240913226
"103526",222,208.785327431332,207.331985701169,1.45334173016317
"87810",264,264,264,0
"81759",62,49.7533682067778,50.1806364072718,0.427268200493991
"76287",117,94.9888926693645,94.6726466536657,0.316246015698843
"80778",26,17.0613915727365,17.4196706196018,5.84722767776338
"105047",80,80,80,0
"74806",332,332,332,0
"76294",125,125,125,0
"102321",377,79.2873542600068,74.9656379857939,4.32171627421296
"105035",58,50.4650638457746,48.0339782666711,2.43108557910355
"102664",157,136.89775186237,137.422187053383,0.524435191012582
"96816",52,33.9587743439658,33.8355540399885,0.123220303977336
"74464",112,84.0921637400404,80.3236294709791,3.76853426906138
"80575",28,19.0558408113145,18.6517521656607,0.404088645653758
"96735",200,97.1304752008211,105.092197500954,142.382509264948
"7053",59,47.7139004314037,47.8509461569095,0.137045725505827
"74800",344,153.740746591038,338.08351074319,185.433546221387
"77602",143,77.43857595385,76.4263502429602,1.01222571088983
"96744",136,91.6265595393829,90.3299493301285,1.29661020925437
"87806",104,104,101.224725761194,2.77527423880581
"103039",40,34.6692838928651,34.5259667661575,0.143317126707606
"96751",113,96.5309054890599,95.7293592158935,0.801546273166374
"87343",195,106.662108277509,108.92081621469,2.25870793718082
"96753",99,62.6544226805428,61.4278537101796,1.22656897036324
"104298",367,308.418077520694,309.244310216489,0.826232695795021
"102299",99,99,99,0
"79864",410,366.778413698724,367.680607460439,0.902193761714943
"86601",95,67.5598633177818,66.6493772446365,0.910486073145311
"6410",37,17.3684393297185,17.0183862291652,0.350053100553287
"6406",113,97.4909641557373,96.6862923017697,0.804671853967621
"81756",99,99,87.4519644373485,11.5480355626515
"87836",208,208,208,0
"105052",151,114.131521344207,111.212655670346,2.91886567386145
"80013",122,116.163380151284,116.701355011815,0.537974860530532
"74352",31,29.0699347250255,28.8730729548108,0.196861770214718
"103404",182,156.468699001696,155.880464569963,0.588234431733157
"79265",182,182,182,0
"102032",53,42.7632264238496,43.9424089812826,1.17918255743296
"86492",238,215.933489629715,217.091560408594,1.15807077887868
"79871",205,125.813002113158,122.673871873894,3.13913023926441
"74476",60,27.0436129029341,27.5877726383576,0.544159735423505
"7051",170,151.115061854338,153.122283007824,2.00722115348627
"75078",131,75.5697816098167,78.3135243839291,2.74374277411247
"97356",384,279.057410869614,281.893436921026,2.83602605141211
"81750",33,30.0702429627209,30.3328787403193,0.26263577759843
"97309",100,100,100,0
"104146",200,182.118007555175,176.150634032011,5.96737352316439
"5848",184,184,184,0
"77614",103,86.6035802563306,87.2421336464603,0.638553390129647
"104204",326,326,326,0
"7046",159,94.9843078622429,96.3197914838594,1.33548362161653
"80941",72,22.2020030527672,22.0056144432541,0.401556127849565
"87442",100,100,100,0
"74417",125,103.826070946813,84.3585671818755,31.9748001116963
"75228",331,250.623715458858,264.672618586322,22.8292973987897
"101743",319,234.16711942874,236.753046689826,2.58592726108523
"104241",551,210.39968919359,204.555480536893,5.8442086566971
"74646",280,272.79473446477,272.402156901144,0.392577563625754
"87439",248,248,248,0
"104198",371,371,371,0
"103163",160,160,160,0
"5833",126,123.864231399668,45.7281080337864,78.4490979799684
"104183",185,148.83806780571,150.942245485429,2.10417767971924
"82276",105,89.3455520783822,90.371935579978,1.02638350159586
"87799",437,422.142458510169,422.556721585787,0.414263075617804
"96814",147,119.488926586352,121.801609825009,2.31268323865665
"81743",97,70.5484282475695,69.2021821360759,1.34624611149358
"105127",384,279.991041982286,104.797818758574,190.766030195516
"80420",540,445.61898162447,449.16370626156,3.5447246370897
"87683",227,184.827015374363,185.251527003145,0.424511628782633
"103156",252,229.079393438769,229.538508706637,0.459115267867796
"97366",221,154.723154919479,156.284399450159,1.56124453067951
"80779",108,91.3261142746221,92.058376927074,0.732262652451796
"86589",269,269,269,0
"79141",212,212,212,0
"80018",129,94.9880381451188,97.4837527785093,2.49571463339043
"82287",152,129.284574886023,127.9690384172,1.31553646882313
"104574",175,143.90554905461,144.31878198095,0.413232926340031
"79873",345,345,345,0
"105150",130,118.427647770987,119.11697938066,0.689331609672885
"103449",177,172.717765337694,173.082538177958,0.364772840264259
"75717",189,174.380960525566,171.972820592731,2.40813993283468
"104214",294,256.66253437846,260.268922521482,3.60638814302132
"103838",236,198.711783942953,199.546542322926,0.834758379973303
"89327",200,116.327945005469,113.145838320095,3.1821066853739
"7748",112,112,112,0
"105143",136,81.4063256443487,78.339389646068,3.06693599828067
"77737",108,73.7900415532181,73.1986855556946,0.591355997523492
"74823",145,110.116099266265,95.2212959363128,41.3342138283639
"81767",117,90.1129640653227,91.2588449821497,1.14588091682709
"107699",215,215,215,0
"86602",94,73.7395335357825,68.0484207189825,7.97764530591734
"8156",218,125.767233644012,127.712882131574,1.94564848756259
"6189",118,101.34505441152,99.3868091892079,1.95824522231184
"102037",66,66,66,0
"105031",172,172,172,0
"105156",497,407.008131221187,410.719467616717,3.71133639553004
"75692",106,97.4905593429207,97.0710183337379,0.419541009182813
"96815",29,24.6550978299513,24.6462936058188,0.00880422413252598
"5831",148,43.9329266907259,53.7774878113363,9.8445611206104
"104193",242,242,242,0
"80560",131,96.340791896095,98.2772038098926,1.93641191379757
"103142",253,253,253,0
"87795",250,250,243.12734783387,6.87265216612964
"79466",245,204.366541077082,206.695274760301,2.32873368321818
"80567",49,38.2102703127545,37.8361724193072,0.374097893447308
"104238",244,244,244,0
"81763",68,55.4064193317803,54.8666564055637,0.539762926216582
"104124",79,26.5574171202308,22.2940092704562,4.26340784977457
"80036",159,60.8525309177512,100.072356854345,88.7165295656657
"79866",180,180,180,0
"105042",183,147.433094116485,146.760804011759,0.672290104726063
"75729",86,56.8014403260043,52.7722374094594,4.0292029165449
"97311",179,83.5921900699998,80.4888081793164,3.10338189068347
"96355",107,88.5586811354952,90.632004730326,2.07332359483073
"104143",441,440,440,0
"105019",315,149.445202450957,156.379319055375,6.93411660441805
"86599",162,93.8477733145455,89.5303208283517,4.31745248619378
"105120",133,118.454599710248,115.834415302105,2.62018440814353
"77731",126,90.6488593070737,89.6827620571618,0.966097249911834
"75068",30,13.7790930913439,16.6711309879146,22.4736099588969
"75053",29,20.3765659980046,20.7998129639226,0.423246965918015
"86513",199,138.458114766744,148.089902702601,37.2748986747156
"75743",176,77.9133263089401,73.7444884353179,4.16883787362217
"104189",249,228.491715154834,227.670485130731,0.821230024102531
"102833",137,103.983134254547,99.6773515056324,4.30578274891484
"87441",257,233.918324237309,234.321173662438,0.402849425129423
"104567",112,81.1169153065742,82.0102843536694,0.893369047095128
"103173",201,201,201,0
"87815",123,123,123,0
"74491",212,57.0482456268966,50.9211073840462,6.12713824285033
"80556",97,50.8273735446469,48.6814741335237,2.14589941112325
"104269",330,299.160327809157,301.611230054192,2.45090224503516
"7060",108,53.8068957938458,53.955753458649,0.148857664803195
"7058",94,75.6911632105871,75.4047819244327,0.286381286154432
"102511",67,33.523551432855,39.0666859049495,11.3841589555085
"105109",187,66.1123506996689,62.595839081213,3.51651161845592
"89342",249,227.825725467463,228.464256354326,0.638530886862732
"5828",241,228.874886921762,230.290911423533,1.41602450177022
"104052",249,152.369970140111,151.012087412392,1.35788272771959
"96754",152,98.6305505951985,100.669698123891,2.03914752869247
"6399",98,85.0505513575149,84.3905525373884,0.659998820126434
"7418",211,102.161033859406,109.134552625091,6.97351876568485
"74808",234,218.466338734303,216.831392697781,1.63494603652122
"97314",120,109.185329308699,109.707016795346,0.521687486646567
"79998",228,138.2060015899,134.674484950631,3.53151663926916
"105059",217,217,192.689687680921,24.310312319079
"75083",165,130.65632098899,127.490001545877,3.16631944311288
"87336",146,131.792941465879,131.102227690565,0.690713775314774
"87818",49,46.897363083439,20.8584546358291,26.5118683667318
"80566",62,46.7157512449148,45.8505949738536,0.865156271061306
"6403",30,20.7340961488324,20.4941203826129,0.239975766219541
"104041",77,51.6766300007934,50.0304044641654,1.64622553662801
"87438",319,318,318,0
"69609",120,120,120,0
"103523",336,118.168554720402,122.511849220911,4.34329450050887
"79857",258,113.509905185219,119.499252728463,5.98934754324475
"80947",32,21.7527000865728,21.8435045948194,0.0908045082465866
"79849",460,365.872142369896,370.947744947376,5.07560257747887
"75087",157,135.807025299296,135.715545676524,0.091479622772678
"104156",250,126.209459965846,121.006008793932,5.20345117191425
"103833",151,89.8299368138628,91.3970643290771,1.56712751521431
"104328",136,136,136,0
"73943",184,172.981873554367,24.8981736069066,150.505468482716
"87832",157,156,156,0
"77777",329,329,329,0
"80056",213,192.249891523322,195.35900910517,3.10911758184858
"104139",319,244.462074652329,243.383296669919,1.07877798241048
"69612",274,196.484447622956,196.821466538048,0.337018915091605
"97316",101,101,101,0
"82281",77,54.1641733676628,53.3202245170142,0.843948850648589
"89321",234,129.639494510332,135.470694361891,5.83119985155829
"74434",429,201.03344377015,189.309115754506,11.7243280156447
"96743",198,121.479927231092,117.030007675427,4.44991955566496
"87436",418,418,418,0
"80387",277,277,277,0
"74335",293,261.345806549074,259.093981348473,2.25182520060091
"6404",89,62.5869291567083,64.2056504425511,1.61872128584276
"105111",385,330.377347010936,334.081682957177,3.70433594624154
"103150",209,209,209,0
"97312",126,93.1438589596831,90.2796378086972,2.86422115098585
"102842",130,112.627161751484,112.236032889511,0.39112886197228
"88640",261,261,261,0
"87808",254,254,254,0
"5835",319,319,319,0
"6188",201,148.436124374908,151.346510192323,2.9103858174145
"5836",273,273,261.805120995968,11.1948790040317
"105037",234,164.538703157712,160.494128780866,4.04457437684593
"104169",315,315,315,0
"105026",123,84.2548979508591,81.6710473558404,2.58385059501863
"80004",155,137.940845795678,139.743601557759,1.80275576208087
"104165",196,152.904475788723,149.499423938912,3.40505184981055
"79269",402,363.241127762749,363.325860377057,0.084732614307935
"96747",116,72.2495474766557,70.5493611988857,1.70018627776999
"7747",160,160,160,0
"86500",129,76.9213538053938,76.1778427481481,0.743511057245675
"79524",68,62.450898808716,62.0397155803734,0.411183228342523
"73928",59,32.7334562442012,34.5998372797712,1.86638103556992
"87821",175,175,175,0
"97313",53,32.5622951833128,33.342860423778,0.78056524046515
"77611",123,87.8949078268064,87.1571130041921,0.737794822614348
"102311",375,139.199263511132,133.109942326868,6.0893211842642
"78183",71,56.2012050903373,60.1410589341668,15.6456742508301
"74494",262,262,262,0
"104243",173,84.0041107057834,78.2916195818049,5.71249112397849
"69616",213,213,213,0
"80407",237,80.2712987650612,77.1144814725879,3.15681729247327
"77722",184,138.96723777585,140.638668082835,1.67143030698465
"78189",83,63.1646040527562,64.6591956693587,1.49459161660249
"74795",157,156,156,0
"86584",23,20.0299556912996,19.9541858489788,0.0757698423208006
"86507",83,64.2356910080191,64.2720038443167,0.0363128362976541
"87682",148,101.210722285637,102.613679067035,1.40295678139771
"81751",93,51.465773121065,52.9235783117431,1.45780519067812
"74343",136,133.401759832563,125.764707451746,10.735409539059
"86587",150,137.096584135456,137.691810872749,0.595226737293197
"74355",147,147,139.612123462394,7.38787653760616
"102223",131,118.163170048919,115.898876749621,2.26429329929803
"102665",296,217.416007889889,220.149001225334,2.7329933354447
"103063",284,284,258.474053091738,25.5259469082617
"6041",139,121.856463697962,116.583567748878,5.27289594908339
"97318",149,129.021563879301,132.634647195883,3.61308331658208
"77779",411,411,411,0
"87440",309,309,309,0
"80052",227,26.0669347016861,26.4770006854204,0.410065983734294
"105011",253,71.321794237635,74.3296828921541,3.89687745934383
"103054",192,157.439568219711,160.507408783422,3.06784056371007
"96817",22,22,22,0
"73944",116,77.1886797176696,71.3953025446458,5.7933771730238
"78524",187,169.856674475682,172.18524873266,2.32857425697783
"103535",163,148.12305134609,148.814135215909,0.691083869818374
"7491",67,47.3264699683893,45.809166291427,1.51730367696228
"75704",242,194.351094524727,199.128970239094,4.77787571436687
"73948",196,137.624296884399,136.559449677876,30.2342817775831
"75697",85,22.8988432475708,21.176136806968,1.72270644060284
"81758",118,82.9313726566286,81.7779622157679,1.15341044086067
"73947",156,91.6484858341673,89.4041094564832,2.2443763776842
"103037",151,151,151,0
"103534",168,168,168,0
"74463",67,67,67,0
"78177",108,60.1670590907304,59.2705638614147,0.896495229315677
"80777",92,72.041143230014,70.9372823051708,1.10386092484314
"80029",300,179.279970404706,183.300211579925,4.02024117521828
"102314",172,101.611103778548,104.041482920717,2.43037914216957
"74318",207,69.8510344068063,127.720264495227,139.081391495497
"77281",184,179.2463547346,179.164000634404,0.0823541001956651
"104227",357,339.540130345888,357,17.4598696541114
"102195",191,95.2110750411213,102.546705869293,7.33563082817146
"102312",204,98.7971038333818,94.3485875176333,4.44851631574841
"102836",21,18.889642174563,18.8777687309316,0.0118734436314117
"75062",141,89.9207529891584,93.2730447036102,3.35229171445178
"80948",46,40.3055702820236,39.1870723642448,1.1184979177789
"74648",268,211.743691009481,214.830378340371,5.0339364524166
"86583",97,80.4518208260815,80.6714611396691,0.219640313587649
"80014",203,28.683550867812,30.1188924655421,1.4353415977301
"80042",127,91.5244897933843,88.6625807042221,2.86190908916226
"104219",115,99.5709989393283,99.0038841193379,0.567114819990413
"77600",116,100.119689506875,97.8863463648062,2.23334314206851
"80557",120,120,120,0
"74423",127,45.4928093699622,45.5319434584451,0.190630925905231
"105117",214,214,214,0
"80579",45,24.7121341260821,20.7847875824992,31.6431527348494
"104141",318,285.734123166147,290.346184066901,4.61206090075361
"104128",248,191.696666743102,196.955194207106,5.2585274640033
"89208",276,241.183960192831,242.812442767115,1.62848257428377
"78185",100,77.4450710949967,74.6026715127109,6.94656933968984
"80561",81,43.7733327240842,43.1159437497003,0.657388974383877
"79522",125,111.594415386026,109.68126270662,1.913152679406
"81746",22,12.9276825100291,13.0402005294333,0.11251801940424
"102210",117,68.7083336797912,68.828087384739,0.119753704947746
"96756",166,138.635160570016,139.80236979572,1.1672092257038
"7054",171,121.707398888237,116.464793067607,5.24260582063009
"82288",152,124.585085441268,123.133561871964,1.45152356930447
"75734",236,85.5969066976729,82.9599770594871,2.63692963818583
"79264",33,25.8488674426664,25.8999461719147,0.0510787292483271
"87437",134,134,134,0
"74349",149,149,149,0
"104281",139,120.434271895972,120.745403383723,0.311131487751379
"105036",120,93.9203159627671,89.1935087645525,4.72680719821458
"103134",122,118.354455533162,118.427051086281,0.0725955531185028
"73931",183,136.097412024363,129.877653931729,6.21975809263412
"105030",93,82.9563157520599,81.1853217102719,1.77099404178802
"96333",452,452,452,0
"88637",214,130.096848501814,131.692216179726,12.5848863475433
"97334",166,141.032333402056,141.892235494841,0.859902092785377
"89339",381,374.877396365328,369.262246184149,11.7608744674239
"82280",35,25.9332256519653,25.7887819168875,0.144443735077828
"97315",42,30.7995178387086,30.2662125294076,0.533305309300983
"75508",150,80.850054854154,81.8216194397309,0.97156458557684
"104262",497,175.354911761613,218.613863090217,47.4146471022394
"69614",283,268.0303308709,268.804743164691,0.774412293790924
"77732",76,76,76,0
"104335",141,141,126.074938389661,14.9250616103393
"5773",198,188.847408583511,189.231694744667,0.384286161156311
"103496",161,149.293626758763,149.880896584734,0.58726982597086
"81765",117,104.810458256659,103.94077675007,0.869681506588603
"86588",83,64.6919021296513,60.1374246285855,4.55447750106582
"73921",150,91.1106522337844,94.3111151390497,3.2004629052653
"79861",529,528,484.26711654535,43.7328834546496
"80693",123,99.9498832691103,98.4233471663475,1.52653610276276
"102041",158,130.823173124162,126.817382934364,4.00579018979784
"82226",92,72.4143630827268,73.9715488900611,1.55718580733431
"104211",319,319,319,0
"74809",458,447.225347067729,94.8687654567223,352.536010258121
"81744",139,72.4503371664861,74.5182572018825,2.06792003539642
"101727",225,161.583673218869,163.931150263514,2.34747704464531
"74639",371,361.476910431994,362.123079300826,0.64616886883197
"77776",391,359.870236991168,362.235326292503,2.36508930133531
"80953",95,26.2593188478629,28.5700959604538,2.31077711259088
"74477",217,202.243658748028,18.4780297382784,184.034142625298
"80009",191,126.060007285968,122.283551053075,3.77645623289333
"79525",116,110.59959769032,111.141798824474,0.542201134153772
"103045",65,46.661547846052,45.4520364050814,1.20951144097058
"87432",244,228.229098760862,228.593551665124,0.364452904261433
"102030",144,144,144,0
"80559",100,48.7223810205147,48.2665618306932,0.455819189821469
"102310",107,64.5193550579302,61.9185671548555,2.60078790307471
"6139",131,131,122.866150340074,8.13384965992554
"77587",102,67.2838591168306,63.9376893008055,3.34616981602512
"86582",129,58.5096485752303,68.4686087577701,11.3012065855296
"75701",216,54.5592829911474,50.6544775248044,3.90480546634308
"80692",48,40.4481423381771,39.712915794286,0.735226543891056
"103529",144,78.4489544241245,78.4208918320248,0.0280625920997183
"79137",159,159,159,0
"102233",147,85.4184557515786,84.1661017336817,1.25235401789696
"77257",69,51.408755032137,49.7613594189937,4.55021693590267
"105121",324,200.055170493327,193.565511018935,6.48965947439218
"80398",125,110.656107149098,109.01136290105,1.64474424804792
"103030",77,70.2939242628779,69.7280609856701,0.565863277207793
"74791",165,155.223962910784,154.575353670542,0.648609240242611
"75046",168,127.75306383392,129.376286052622,1.62322221870248
"102849",232,99.4493743055858,95.8585279545286,3.5908463510572
"105049",211,62.2419314464104,150.993741641726,127.757044260168
"80035",171,133.858195699043,128.656075145593,5.20212055344978
"104049",141,89.9981153249162,89.1824526790426,0.815662645873629
"103401",46,13.3471768617028,34.4449752943422,21.2365113511766
"73935",146,133.150518596185,134.016818975382,0.866300379197783
"105054",270,214.402133096983,246.501525723712,40.796497988187
"104157",311,282.62773952864,278.050270409243,4.57746911939723
"69604",167,167,167,0
"96342",393,392,392,0
"80043",172,144.45304689428,141.236515392122,3.21653150215768
"75687",72,59.5947899607813,58.8838981734274,0.710891787353865
"102524",243,208.76276312967,206.418576627698,2.3441865019714
"75055",72,44.6806767889614,44.1063588053536,0.574317983607866
"5774",236,227.837550847398,228.596646757453,0.759095910055139
"103830",151,125.295317439798,43.6049700997387,90.5105479628228
"76290",262,202.551716031463,203.6515137958,1.09979776433714
"75077",76,65.2613589808505,64.2812471796066,0.980111801243939
"75090",107,91.2449739804863,90.1389256677821,1.10604831270412
"87805",205,205,205,0
"75070",109,109,109,0
"101749",352,352,352,0
"87814",181,155.443292615132,156.377713465876,0.934420850744463
"6185",117,92.6810168319009,89.4679883813153,3.21302845058562
"74411",104,85.7063204642751,84.4621319486764,1.24418851559869
"80434",118,118,118,0
"7492",87,44.9826741774568,47.8946497982183,2.91197562076154
"96441",342,342,342,0
"79862",290,254.850376171809,255.417585679616,0.567209507807549
"77590",146,114.254101030532,116.421543517617,2.16744248708504
"87349",232,207.008126482214,205.911157861376,1.0969686208385
"104267",207,163.501212711911,159.554858338798,3.94635437311229
"81749",70,58.9118326199934,57.8277005145313,1.08413210546212
"103145",343,343,343,0
"86595",189,189,189,0
"103453",113,113,113,0
"87670",137,46.3285559239157,46.5467965317646,0.218240607848907
"79852",280,238.933435783258,234.400204346746,4.53323143651234
"105132",319,284.157867014239,285.592071812805,1.43420479856519
"96837",65,34.5513309087245,33.8521509267147,0.699179982009718
"80396",208,136.69662303068,140.543646863159,3.8470238324795
"102317",56,32.4631229175147,32.1917483516266,0.271374565888084
"105014",260,235.011706993779,236.442397644253,1.43069065047343
"79267",142,142,142,0
"80563",107,67.4253920307549,66.6531635880351,0.772228442719755
"103180",119,108.09742958009,108.454464863478,0.357035283388632
"87435",125,125,125,0
"96761",171,101.40242400335,103.49433415948,2.09191015613036
"97319",89,78.6420458359238,79.1765299206352,0.534484084711403
"75995",79,25.9500294281761,27.1122674148294,1.16223798665321
"82279",95,95,95,0
"88653",111,92.3866413160563,88.6462191742979,3.74042214175834
"74482",461,460,460,0
"74817",542,542,542,0
"6407",173,86.2818768990386,86.2163368773363,0.0655400217021682
"104294",136,123.836185147395,125.243759098145,1.40757395075012
"75731",132,100.310852286841,97.5103749668572,2.80047731998355
"80554",32,23.5906704735302,23.2108159530252,0.379854520504964
"79135",445,445,445,0
"69603",209,200.838637473065,201.391500330188,0.552862857123409
"87434",208,208,208,0
"75721",113,81.64561650622,83.9338167107938,2.28820020457384
"104205",213,180.375802917914,182.809802478446,12.1070974067492
"96336",331,278.873922261258,280.861553725516,1.98763146425782
"69615",172,157.138270493494,157.833555652219,0.695285158725295
"104182",214,186.289972360535,183.666795054423,2.6231773061114
"6400",41,22.6661727630207,22.9616470548435,0.295474291822748
"103527",142,126.555964052032,126.387279784858,0.168684267173926
"80564",132,98.2532773446819,99.3952705390888,1.14199319440691
"79259",122,122,122,0
"96760",166,78.6263844407105,89.3925185813699,114.813086414725
"6405",178,160.417315881633,159.517336178514,0.89997970311934
"77621",67,47.2740710237069,46.6546641493838,0.61940687432313
"75071",31,27.2677375792926,27.032932357272,0.234805222020565
"96759",78,49.4568459377277,50.5657820970474,1.10893615931967
"80691",169,169,157.131876570105,11.8681234298953
"87433",285,285,274.641386838167,10.3586131618327
"80950",74,57.8458639792122,57.6610072338728,0.184856745339353
"105110",247,199.454967347037,195.758339174188,3.69662817284927
"75205",242,138.609073382243,131.282875105904,7.32619827633893
"96758",53,32.9216477931428,33.8414671558781,0.919819362735331
"79523",72,63.2195652139469,62.256175821089,0.963389392857888
"74471",536,503.244402672193,502.147919246677,1.09648342551615
"80966",365,365,365,0
"80404",13,13,13,0
"6183",78,65.1628146025098,63.8907990975676,1.27201550494229
"104199",250,250,250,0
"80962",37,37,37,0
"103061",87,87,87,0
"79521",134,81.3819349761073,83.7054228413789,2.32348786527157
"74465",196,169.160726021082,170.530479311553,1.36975329047063
"101713",204,177.836852565485,179.402301643943,1.56544907845838
"6409",142,89.63075030774,89.6157601617289,0.0149901460110418
"80690",244,244,244,0
"104160",257,196.188004744622,200.525878471932,4.33787372731036
"96357",113,113,113,0
"79999",188,136.70370017208,132.135337242547,4.56836292953298
"88638",262,215.172064369067,221.82201659749,6.64995222842332
"7746",197,197,197,0
"103522",165,153.639119743688,27.8362677966919,126.316276640874
"78178",102,102,102,0
"104315",335,262.38181415987,263.424826363158,1.04301220328732
"104202",196,57.0426539283931,145.245522648914,118.244060690701
"102507",339,273.149179225768,275.264281215124,2.11510198935617
"75222",181,121.95559605926,124.41667557675,2.46107951749002
"80957",140,116.160587614394,116.092879363515,0.0677082508781938
"80380",106,60.5899673366012,61.3271673407343,0.737200004133119
"97317",42,22.7267200924538,22.7315647465305,7.60200314742744
"88633",160,95.2630767734646,95.6996373409487,0.436560567484089
"87346",457,457,457,0
"80408",23,21.0553449030183,21.0261913666404,0.0291535363779564
"79520",129,129,129,0
"80017",416,332.51886490886,326.768144503893,5.75072040496671
"89324",124,107.910838332654,109.757199236005,1.84636090335136
"80549",57,46.4925940265816,45.6638618255463,0.828732201035333
"97360",178,138.890473240676,136.360689272894,2.52978396778213
"80558",42,29.9645852544851,30.158508907959,0.193923653473914
"86577",243,225.71338163832,226.178218709978,0.464837071658201
"80045",246,202.164026128963,198.118841609336,4.04518451962678
"74789",174,174,174,0
"97324",282,154.054227613935,161.537668139621,7.48344052568603
"74640",429,429,429,0
"96362",216,207.902067898,208.314253982004,0.412186084004449
"81761",54,28.9346189132968,27.7753635937568,1.15925531953994
"87665",312,312,312,0
"104268",122,107.603207903311,108.191450538559,0.588242635248117
"104339",188,87.3157165882514,83.5761394423713,3.73957714588013
"104276",122,88.2931192317252,85.7212419484176,2.57187728330758
"74339",132,132,132,0
"103532",309,309,292.367196899805,16.6328031001952
"97386",691,600.487338503385,608.505986359684,8.01864785629867
"96838",68,53.0786616294274,52.5075787572018,0.571082872225583
"96757",119,67.4320025760545,69.9280890592437,2.4960864831892
"75082",136,136,136,0
"73933",84,36.2432340266196,33.9965227504107,2.24671127620893
"88606",140,140,140,0
"105044",148,120.321436264724,122.585562096157,2.26412583143367
"102909",90,47.7821899807487,49.1205077111153,1.33831773036666
"96840",58,37.9096949379471,37.1629470357538,0.746747902193296
"79517",60,24.8446269174364,24.1049400809527,0.7396868364837
"6186",177,119.433473202421,114.466276063419,4.96719713900161
"104195",353,353,353,0
"105058",142,98.6968976213647,100.649831131071,1.95293350970659
"105057",165,144.139184006735,146.913555799709,2.77437179297404
"87659",120,72.4347863202087,73.8096622874186,1.37487596720997
"78182",125,65.5598067975851,66.5139778096303,0.954171012045261
"86591",119,90.403752619365,91.7522271420405,1.34847452267539
"103135",221,221,221,0
"74413",222,170.470113206757,172.592226138297,2.1221129315398
"77612",56,51.8367613632094,52.1251267914529,0.288365428243513
"75511",87,46.4680622420706,40.4095902805524,6.05847196151814
"102928",103,96.1833545293926,9.3989317166444,86.7844228127482
"75073",64,44.398227677558,43.6027234495463,0.795504228011778
"96818",136,77.6537010411889,75.8991405213917,1.75456051979723
"74486",670,650.180690014242,648.622505899176,9.15265536520991
"80964",168,112.983949271684,116.686647105151,3.70269783346641
"104132",180,180,180,0
"80419",69,56.1449942915825,63.5330678576846,8.34886539544415
"103175",332,332,332,0
"103128",273,273,273,0
"74782",99,55.8923693573976,52.4101320162837,3.48223734111393
"104225",230,230,230,0
"103157",371,371,357.44495570931,13.5550442906899
"77736",101,87.4424127394659,88.624739462489,1.18232672302308
"105070",241,180.183602867366,175.844327047805,4.33927581956107
"97322",176,176,176,0
"5832",241,241,241,0
"79870",178,87.8082872395938,90.8178533089868,3.00956606939298
"74627",265,265,265,0
"73940",29,6.43868784284616,5.92688271315913,0.511805129687038
"77601",87,68.9426134313764,66.435003534376,2.50760989700049
"97323",52,29.8209411910025,28.6195632639191,1.2013779270833
"80411",70,50.5899194009323,48.2426250487196,2.34729435221272
"74344",117,117,117,0
"7056",105,58.5539849780095,57.0643727237035,1.489612254306
"103452",61,52.2942552534873,52.4568084327775,0.162553179290199
"97364",64,64,64,0
"97369",213,213,213,0
"74351",184,184,184,0
"79519",49,49,49,0
"88597",307,306,306,0
"80689",250,215.57785623873,211.787048558385,3.79080768034526
"97320",77,37.6312059517268,37.6699862381684,52.1273332637754
"82291",116,98.8545091503898,103.71266276321,13.0969801624271
"80007",200,126.577693789206,131.69312935303,5.11543556382424
"82284",66,63.7877651449803,59.713063741369,5.97114407574336
"80053",254,35.404873417672,221.446625842466,193.363043133273
"73925",57,57,57,0
"105154",197,180.583281285601,189.268223578232,17.0407244065871
"80951",98,76.2426237765909,75.4842591105798,0.758364666011168
"104177",275,149.857060496308,145.126552528839,4.73050796746888
"96839",152,111.810599938923,109.368796266575,2.44180367234858
"81372",84,39.8596386507381,43.5495199369618,3.68988128622371
"79136",558,558,558,0
"5829",153,146.800603159373,147.23402401455,0.433420855176767
"86498",220,102.961664967273,114.167468728319,11.2058037610457
"87430",353,352,352,0
"88616",148,119.020816291881,120.660690381536,1.6398740896549
"74479",201,47.1011857358634,149.028052160145,105.99520139387
"88632",124,113.709300397791,124,10.2906996022094
"7059",160,93.1394781176701,94.3769635392294,1.23748542155934
"79518",16,10.8663229281823,10.784662626678,0.0816603015043372
"74484",224,201.453458854769,202.084877717493,0.631418862724523
"75503",108,95.0909249296916,95.037452556392,0.0534723732996093
"82294",66,20.5545683357566,43.79892971871,40.1588226170492
"104051",225,225,225,0
"75744",147,147,136.930277469897,10.0697225301031
"80687",89,56.0842123429125,58.7698389583277,2.68562661541525
"74654",267,266,266,0
"96358",264,264,264,0
"80551",78,48.3125854674075,49.2904572877728,0.977871820365368
"77727",214,174.457776594181,171.951969582212,2.50580701196822
"82289",55,24.9736731602224,25.4320190171526,0.45834585693026
"88631",61,21.672502882848,21.5145283711669,0.157974511681141
"104242",431,345.936920801298,351.129635805806,5.19271500450794
"104088",355,144.083833106376,138.326115902673,5.7577172037036
"104190",472,342.40209616435,345.939776266071,3.53768010172099
"102521",222,89.456107709467,91.7347154532141,2.27860774374705
"103521",51,44.7368962489801,44.3846918602457,0.352204388734352
"79260",101,100,100,0
"80027",149,112.831288293486,108.326408792923,4.50487950056302
"75696",78,65.7339352329238,65.5472051194309,0.186730113492913
"76282",344,312.855851253698,308.728137769098,4.12771348460019
"74798",347,347,347,0
"79268",333,333,333,0
"104288",243,107.700260207157,101.423189804704,6.27707040245281
"102509",145,98.6605860522708,96.6411069097224,2.01947914254845
"102837",153,120.202201790892,131.84420705814,31.0506994957834
"79131",108,96.1095033739653,95.8651571957298,0.244346178235484
"103166",308,308,308,0
"105024",180,104.966905620127,108.39953375802,3.43262813789276
"103539",150,145.055313712002,144.984687974057,0.0706257379453322
"96365",90,45.7288916698863,44.1376297411175,1.59126192876876
"80429",399,327.642614891858,314.412197917582,23.9599078350774
"77606",81,57.9631056213621,58.7295942873657,0.766488666003619
"75079",61,33.045282374846,32.2684950635802,0.776787311265807
"103847",324,277.53017408393,272.506954232118,5.02321985181174
"80971",472,472,472,0
"104071",898,330.082147669361,331.255532264746,1.17338459538508
"79805",386,128.472827790084,122.897444285611,5.57538350447245
"81755",82,52.1539027008564,51.5674384394427,0.586464261413614
"5771",120,120,120,0
"103842",211,144.738876787467,148.595008878627,3.85613209116029
"6184",90,72.9219903235369,70.4209914860102,2.50099883752671
"81365",78,46.5204621161662,45.6241602743013,0.896301841864956
"69611",143,143,143,0
"104149",366,366,366,0
"79799",556,500.796121827196,504.912141204787,4.11601937759126
"97337",118,77.9861031440047,76.6253846699384,1.36071847406634
"102315",173,68.4215494854465,67.1367269614349,1.28905855357829
"5826",216,216,216,0
"74803",351,66.9690925527084,60.0734106233801,6.89568192932831
"5824",309,302.982165702181,302.935107695619,0.0470580065620879
"87803",218,218,195.756564498755,22.2434355012447
"74321",205,168.428559127592,161.82867657236,18.9269745043994
"75193",328,328,328,0
"86580",392,392,392,0
"7064",158,135.075254504024,135.553623978405,0.478369474381167
"88595",186,186,186,0
"77280",85,54.9539448682112,55.7397087670544,0.785763898843184
"86541",163,92.077272975951,94.5510696604306,2.4737966844797
"86493",163,163,163,0
"75036",292,201.067056930231,205.430758100869,4.36370117063792
"74822",119,119,119,0
"103827",131,131,131,0
"80552",33,16.9721528830942,17.1950468603683,0.222893977274127
"7749",172,154.546421153275,156.663288841735,2.11686768846021
"69606",262,199.602915692116,199.771965264662,0.16904957254618
"80037",80,68.1200617848351,65.2230141216709,2.89704766316421
"73926",77,44.3735474669386,45.6032388262054,1.22969135926679
"73945",79,44.3674935108851,42.6887910585273,1.67870245235776
"76289",104,104,97.3382886348429,6.66171136515709
"75706",196,196,196,0
"104173",177,158.676764860256,155.788847661336,2.88791719891977
"73942",97,60.1140129982231,55.5808583198457,4.53315467837738
"81769",80,46.2667736427127,45.0846311684408,1.18214247427187
"105161",197,142.766638913208,146.308201475794,3.54156256258657
"82278",59,53.8746163519287,53.6353430279747,0.239273323954037
"86576",252,244.919628166283,243.858412985114,4.12426427757633
"86578",201,189.346156990417,192.155543792252,6.15440692031623
"79140",311,311,311,0
"7228",317,287.62958052615,287.103702671762,0.525877854388675
"79997",131,113.519041341361,110.839297672688,2.679743668673
"80402",103,74.1495436176106,71.5466434514082,2.6029001662023
"77586",99,80.4564506606129,81.7052056184102,1.24875495779735
"80383",96,62.2913796715924,64.7684895133051,2.47710984171264
"103065",50,23.4135350997548,24.1895299760763,0.775994876321503
"87429",332,332,332,0
"79257",177,177,177,0
"80688",187,90.8184435081539,100.017181908937,95.2034368638994
"105119",174,174,158.271840874396,15.7281591256035
"8317",319,40.6980621456176,36.5981719537354,4.09989019188219
"80548",117,37.4622945175632,39.6228986124178,2.16060409485465
"80033",344,275.806575583497,276.094756806989,0.288181223491549
"89344",286,101.051328118696,101.607907507799,0.556579389102447
"5821",327,327,327,0
"103172",34,32.8109701366277,32.8403651347216,0.029394998093881
"80022",218,101.607201481502,104.593497407989,2.98629592648716
"86501",176,159.135172782461,159.816703541315,0.681530758854473
"102216",146,146,146,0
"74792",212,89.6767142299705,93.8760278851111,4.19931365514057
"87667",89,47.2484669748346,46.8227697578481,0.425697216986581
"75991",58,45.3607430714229,45.4658133174877,0.105070246064801
"105128",182,131.365553746599,127.511747552427,3.85380619417266
"80686",41,15.3462374535365,14.5159069469474,0.830330506589126
"69601",304,126.400173632478,167.45147496137,51.4312510523012
"74811",257,257,257,0
"77733",79,73.003996674602,73.8173864240793,0.813389749477324
"75057",148,109.906539571159,111.004961306586,1.09842173542702
"74784",156,151.019248991125,151.177386685235,0.15813769410967
"75987",87,87,82.6504057400198,4.34959425998021
"69607",226,226,226,0
"107696",319,278.9688620023,281.183470813015,2.21460881071547
"78512",356,356,356,0
"87666",139,114.659083101759,115.082184756728,0.423101654969779
"79992",184,110.981723989501,114.834561870703,3.85283788120125
"87431",134,87.3060667182968,99.8975124267171,12.5914457084203
"96841",68,53.0837755891509,52.5364162812834,0.547359307867441
"74362",83,83,83,0
"74331",436,417.881684565976,414.532626559537,3.34905800643924
"77598",86,86,86,0
"105056",274,209.552026288587,208.44373098679,1.1082953017979
"104330",248,210.97215708562,204.494033634752,6.47812345086802
"6396",153,153,153,0
"75688",88,62.3747142471157,61.4694180982173,0.905296148898444
"82282",106,80.210983517531,78.6581959561203,1.5527875614107
"86585",174,120.26122676401,122.842732881048,2.58150611703749
"105123",347,114.335233068624,109.537240144667,4.79799292395735
"87428",221,214.413986188875,214.967126746834,0.553140557958847
"74416",57,38.3371700798553,37.3349901833009,1.00217989655441
"102843",162,98.1346422528796,95.47655461734,2.65808763553969
"105039",191,162.563034253961,160.695407893706,1.86762636025505
"102196",185,133.927000451244,136.827072264183,2.90007181293842
"87427",265,257.84259473193,258.638600725634,0.796005993704308
"6182",190,153.2651427225,151.473438438628,1.79170428387205
"75993",223,191.261034536989,188.815623625769,2.44541091121993
"102024",213,164.951092644255,161.096648085644,3.85444455861138
"75200",147,59.5689535280993,71.7374523893473,86.8926483364358
"76298",37,20.8078930319453,19.7646658490276,1.04322718291772
"103183",157,141.560360013798,140.205712150767,1.35464786303054
"77623",121,84.8849046373834,83.7630996901567,1.12180494722675
"102910",81,63.2323852361669,62.3566193462276,0.875765889939327
"75726",108,86.4439235920476,87.8223071664115,1.37838357436391
"89395",129,95.7194956085532,92.5279868200516,3.19150878850156
"74421",116,29.6830005114936,30.5010481703206,0.983618571367368
"104229",218,194.43260264463,194.606266825012,0.173664180382505
"79142",186,133.925861530206,137.549902872527,3.62404134232119
"103144",129,129,129,0
"105018",379,60.9502514322556,326.883140937854,277.21648297236
"80555",79,41.7481638039909,41.478820601542,0.26934320244886
"86547",190,26.930571774773,23.8349108988107,3.09566087596232
"80955",87,79.9876091218295,87,7.01239087817056
"102523",265,264,264,0
"75494",174,155.037359668513,148.308058830355,6.72930083815784
"80412",68,59.8483179873255,58.5799601474742,1.26835783985127
"8209",130,107.655507278391,108.720022462885,1.06451518449478
"104161",214,63.4522154058545,60.9555445922284,2.49667081362607
"96770",69,47.77002821878,47.9256343177023,0.155606098922239
"103041",68,41.8595781028148,36.5432175108232,12.1772238560604
"105053",328,298.261600082633,299.360046999153,1.09844691652029
"5772",348,348,348,0
"75224",81,45.9629152354153,46.9686932205111,1.00577798509582
"104217",263,234.046011870117,237.370847289565,3.32483541944801
"105027",321,285.379764478899,282.019316738757,3.36044774014227
"102512",261,142.960429140559,147.194930976234,4.23450183567543
"101731",153,100.498291711729,97.8238756057548,2.67441610597404
"105033",311,283.47048932904,279.423624811762,4.04686451727817
"87426",320,189.313635711246,177.607638988658,11.7059967225873
"82219",117,59.8958812748451,59.1098479933447,0.786033281500365
"80685",81,45.9900578958867,48.6935358138902,2.70347791800344
"104272",180,141.05344043288,144.807775859769,3.75433542688942
"97387",259,259,259,0
"7065",172,172,172,0
"86573",133,122.492344555229,125.519650164629,6.26828725380302
"74316",327,289.163677805301,290.169981513371,1.00630370807054
"80553",68,54.6747417122303,54.2497307883616,0.425010923868699
"89392",102,82.1158786575087,82.9161780041541,0.800299346645453
"79134",438,438,438,0
"77739",82,56.1071772795264,54.8360171369699,1.27116014255654
"89393",90,90,90,0
"96771",94,66.3481125044428,65.3156165284919,1.03249597595092
"75504",169,147.528769526876,147.34261823508,0.186151291795651
"75212",160,51.8849095050912,53.066838668092,1.18192916300079
"96473",187,187,187,0
"74346",77,77,77,0
"103530",118,79.5276556711852,81.6295894040416,18.7241977758767
"89328",388,349.981211416691,351.786768971024,1.80555755433243
"8191",342,341,341,0
"80006",256,192.973157249695,175.088011572434,17.8851456772615
"79867",108,78.9927138282386,77.6570080805102,1.33570574772846
"75733",167,17.2861236565517,15.2659429924364,2.0201806641153
"80394",120,100.762664342827,28.6112564882926,82.5953541897475
"75700",72,50.8396963255964,50.0047478529629,0.834948472633503
"6401",81,57.1652422421641,56.300538519431,0.864703722733025
"86521",260,206.757680977071,202.893667417537,3.86401355953402
"75492",143,127.851901741069,128.136430372143,0.284528631074594
"80954",65,59.2519900739876,59.20332311558,0.0486669584076207
"5769",165,165,165,0
"86487",148,117.164655372515,118.206830200628,1.04217482811319
"77617",135,70.7007151750671,69.3189975247529,1.3817176503142
"80012",129,97.3423158071069,93.7809470330276,3.56136877407933
"74475",89,89,89,0
"80047",193,152.846052318309,156.060488563444,3.21443624513438
"79252",106,93.4331730351173,97.006273481629,3.57310044651173
"96344",166,155.480815857647,166,10.5191841423533
"96470",180,79.9230321628306,80.4395914516769,0.516559288846221
"80048",133,116.846496053939,24.4140869193153,92.8318162682267
"104309",111,92.1309632874063,104.935581369353,14.9306970621871
"96478",116,73.5761521254765,72.1077043123612,1.46844781311532
"103852",141,117.578119186774,119.0529821589,1.47486297212663
"80541",74,36.5163154265756,38.1396768005936,1.62336137401799
"96767",87,79.1934115515164,78.7040344624998,0.489377089016599
"107694",375,375,375,0
"79868",256,234.338565901168,234.547679345143,0.209113443974458
"103826",84,65.5234834155417,73.5282660196083,9.67289986150555
"74336",82,82,82,0
"75056",17,10.4546400096351,10.5759609446482,0.12132093501311
"7066",116,85.3951748814278,82.6464265591725,2.74874832225528
"102322",409,278.831773169751,285.630627215237,6.79885404548637
"96472",68,41.9689251478703,43.0425115345318,1.0735863866615
"79263",72,72,67.5117799468571,4.48822005314291
"104158",270,182.250186822728,176.518471961038,5.73171486168987
"101744",222,131.052515762044,132.765548610957,1.71303284891352
"79261",28,24.5819979925374,24.5872857848876,0.00528779235018349
"73936",124,86.7445964682964,86.7202952071689,0.024301261127483
"69635",339,323.095552193238,323.578986031377,0.483433838139364
"80684",44,9.48937032121609,35.1087568531789,29.0352297767228
"104247",168,131.583565257587,133.975334536222,2.39176927863445
"104280",191,109.274347279379,114.34461854336,5.07027126398088
"79266",240,240,240,0
"103137",197,197,197,0
"80409",93,87.090956504472,86.0126959262802,1.07826057819179
"102230",119,74.4444511468974,73.2192062325735,1.22524491432385
"105046",124,94.1322629169518,95.1331092001917,1.00084628323988
"104207",254,200.185400979692,197.171830207368,3.01357077232343
"74641",502,502,502,0
"88593",213,177.691281296966,175.441552644018,2.24972865294856
"103038",58,58,58,0
"96764",78,68.2037501911776,67.2578252978494,0.945924893328269
"76283",25,19.4128365606282,18.8751428174992,0.537693743129038
"87654",108,108,108,0
"104296",117,117,107.460124063486,9.53987593651403
"103075",311,143.452937253336,154.056276776411,10.6033395230757
"107701",514,368.2956201752,375.875550102076,7.57992992687543
"79515",56,35.1510040349634,34.3523724497157,0.798631585247732
"6181",173,159.898270304261,156.123446046979,3.77482425728154
"96768",80,59.6098393545389,58.6938115644387,0.916027790100152
"89207",356,158.922976715001,146.835171423768,12.0878052912335
"104275",155,96.4853426015546,92.4578725987181,4.02747000283648
"80390",44,12.1624532089013,11.0254039656827,1.13704924321865
"103538",265,159.776833323734,162.551713311608,2.7748799878738
"102526",489,138.27915848573,140.194006426549,1.91484794081954
"73920",39,25.8940255995835,25.1673021694986,0.726723430084895
"79513",228,228,228,0
"96471",97,62.6370004577341,62.2982841886146,0.338716269119585
"6180",151,137.234923978341,134.210815821919,3.02410815642218
"75509",122,93.2104124133022,91.9034069399395,5.68186576139992
"81770",89,89,89,0
"6397",99,99,99,0
"78518",132,92.8975548144519,94.9157853144193,2.01823049996736
"73932",124,86.3811002225576,87.3014551200989,0.920354897541296
"81370",152,133.401686612608,133.65461567168,0.252929059071875
"77282",110,82.7640887557175,80.9412738685029,1.82281488721457
"88582",81,73.1952774233748,73.2446233394744,0.0493459160996051
"102905",167,114.125055465501,110.392202511234,3.73285295426728
"80008",114,64.9044541626108,62.2584417720505,2.64601239056031
"96769",72,44.962429980076,45.9809669001207,1.01853692004462
"104235",237,122.223117151454,115.429423686064,6.79369346539037
"104278",241,150.229955999574,147.391155160962,2.83880083861189
"86579",236,236,236,0
"5770",313,313,313,0
"104044",339,339,339,0
"104338",214,194.006465766656,191.04346969097,2.96299607568624
"79516",40,29.9990319927303,29.1953330138328,0.803698978897552
"6390",144,114.243794686784,113.393977406912,0.849817279872255
"69641",283,283,283,0
"79993",176,124.029990341818,120.211883042054,3.81810729976434
"80546",91,91,91,0
"103528",200,126.043421130455,125.237517883869,0.805903246585558
"80038",218,159.773660798592,157.176673459303,2.59698733928936
"86586",104,89.3405854873598,89.0420539392072,0.298531548152677
"87647",204,179.624762849967,174.761056841809,4.86370600815843
"80543",69,54.1287246992863,54.1880060424133,0.0592813431270184
"96474",17,17,17,0
"75705",51,29.352393368878,29.3401533383692,0.012240030508816
"101750",120,61.7388531323574,62.1205415071764,0.381688374819045
"104226",127,110.987656736183,113.654941484367,2.66728474818379
"104246",80,80,80,0
"69608",225,212.008252277089,212.940741712587,0.932489435497916
"76285",93,93,93,0
"101755",242,136.868230358498,130.329170856985,6.5390595015136
"96762",109,91.2669044955946,94.2951251585205,3.02822066292588
"74626",222,222,222,0
"104244",235,198.376338336684,194.833884339063,3.54245399762141
"74341",99,96.6182982681849,96.6494007149825,0.0311024467975938
"79512",100,62.443723482414,60.4972464795123,1.94647700290168
"82292",73,61.8111796214701,60.9889833951657,0.822196226304387
"80959",63,36.5423990402651,37.8916052683983,1.34920622813313
"79127",140,140,140,0
"102325",376,376,376,0
"82301",126,48.5841414565089,51.159304918957,2.57516346244816
"105050",122,114.664312412977,113.430308453012,1.23400395996451
"104287",207,180.134035038331,176.469256217312,3.66477882101886
"87425",500,476.197456640724,476.405269930938,0.207813290214067
"80000",119,90.2165198113728,87.9853291291779,2.2311906821949
"74804",280,219.8300937127,228.592228589558,8.76213487685768
"103064",183,61.6029828067751,63.274623802289,1.67164099551385
"74312",180,107.251531265989,110.38689623221,3.13536496622075
"79996",104,96.8201476661573,95.0735769593339,1.74657070682342
"74793",299,299,299,0
"87657",30,30,30,0
"81323",129,115.739557017004,129,13.2604429829962
"104151",241,235.056256976214,234.049599477169,1.00665749904443
"96361",291,291,291,0
"74785",59,57.6485304265293,57.5322173438493,0.116313082679947
"75219",155,137.532093091469,131.793529551671,13.3324830199653
"81766",122,66.4590834727919,65.1515623785302,1.30752109426164
"8059",112,52.6610048778133,51.8108615138871,0.850143363926149
"77266",199,128.175496740131,126.41882747646,1.75666926367119
"74821",155,106.485101635032,103.452734225933,3.03236740909944
"105129",237,237,237,0
"103829",96,89.839953083023,88.4150540186019,1.42489906442112
"103068",125,101.840458548793,98.9153779016768,2.92508064711613
"75074",98,64.7358953094252,65.6840036076301,0.948108298204959
"96477",185,185,185,0
"80545",94,93,93,0
"81768",124,98.3959832003516,97.5825322163136,0.813450984037956
"79845",344,254.236499649307,255.084193858052,0.847694208745461
"101720",112,73.6832770545573,73.3180185611022,0.365258493455138
"88584",77,62.6008788008437,61.3313967825167,1.269482018327
"6393",72,55.5030373935654,54.9452640466178,0.557773346947602
"88636",155,111.552683388249,114.893365560763,3.34068217251394
"102335",116,66.7015027392866,61.9025521725215,4.79895056676506
"79253",179,179,179,0
"86569",292,276.26613564292,277.387324989903,1.12118934698286
"80416",178,138.39886342127,134.959364218811,3.43949920245859
"76292",135,115.080831010118,111.869146190559,3.21168481955854
"104210",474,147.986693159519,140.732456837234,7.25423632228519
"97343",294,159.984725272039,166.940162051727,6.95543677968847
"75051",116,52.7112769433265,53.8567033372094,1.14542639388288
"88630",86,44.8292751771893,44.6572039038171,0.172071273372262
"103036",146,119.888762669227,118.530586955787,1.3581757134404
"73923",100,81.882302821592,81.8962816692402,0.013978847648178
"74356",257,238.031990170775,235.750801635789,2.28118853498556
"80967",186,186,186,0
"105115",205,173.15522132027,46.8704081468688,137.417715663402
"75709",49,31.0952452484636,30.6797774861104,0.415467762353242
"74422",75,55.4137976397171,52.9814008090272,2.43239683068993
"77738",87,87,87,0
"75047",400,347.991586618461,354.008209833706,6.01662321524468
"89320",165,128.441185095595,130.930864267471,2.48967917187673
"75982",112,107.480251286715,107.701196890135,0.220945603420741
"105153",96,62.0791217657321,60.935304399852,1.14381736588016
"103126",294,294,294,0
"73939",44,21.4148249507003,19.0298490869087,2.38497586379159
"74347",158,145.419915572302,158,12.580084427698
"86499",49,44.9852166286017,44.985102219915,0.00011440868665645
"79986",133,101.542751029691,99.2956368936682,2.24711413602279
"75063",90,73.5695664123129,74.1783347877427,0.608768375429825
"77622",56,34.3951045429479,35.1958353127177,0.800730769769787
"80379",150,150,150,0
"88575",137,122.320934108861,123.030660554739,0.709726445878107
"74466",206,206,206,0
"89390",90,90,83.4743926929142,6.52560730708585
"82300",65,51.6029666597124,50.914596390048,0.688370269664454
"77599",37,33.4572746755597,33.7918335622843,0.334558886724594
"79807",212,113.525693723962,108.153920419952,5.37177330401
"104056",516,448.470939233473,457.630517668154,9.15957843468152
"80683",103,98.7672098409116,99.020962353822,0.253752512910424
"104304",38,38,38,0
"79250",79,79,79,0
"96834",87,43.6904693789438,45.2085967799964,1.51812740105266
"103536",138,72.8921281145343,73.5196452793179,0.627517164783592
"103846",387,231.966518676406,239.325460833,7.35894215659361
"79258",34,18.4807010443411,17.3524924885896,1.12820855575146
"104233",383,157.825854970865,154.785557867298,3.04029710356643
"96476",130,79.3501693499118,76.5570900088318,2.79307934108003
"96339",448,244.535827909028,232.052876243854,12.482951665174
"74470",105,101.937538694981,101.474074821197,0.463463873783878
"87648",466,422.016496935804,422.186251201598,0.169754265793284
"88580",62,60.050144939995,60.0349147358316,0.0152302041633365
"88577",217,198.768506395313,199.244323688697,0.475817293384029
"103193",114,108.521773219658,57.372791477983,52.6592141577207
"80002",123,72.6526695793363,69.4273643460818,3.22530523325443
"103525",75,59.7651413709657,59.227027478859,0.538113892106667
"96763",204,138.047087626096,139.425143039112,1.37805541301585
"75207",192,156.542834249809,154.322218734341,2.22061551546774
"75728",83,79.2096780418018,79.3667563432393,0.157078301437404
"79511",71,33.3889666204923,34.4542173205806,1.06525070008829
"80386",45,32.3847161881376,33.5989555807942,1.21423939265655
"105067",89,66.6130848134231,64.5881181818536,2.02496663156943
"75510",214,191.522928016655,189.173734754467,2.34919326218844
"89322",118,91.3744435019906,91.6119460443561,0.237502542365479
"80041",166,134.369316811526,133.509372778458,0.859944033068099
"97362",229,153.329078613488,150.263835272013,3.06524334147444
"75720",61,36.2984920428297,36.9570526512586,0.658560608428854
"75038",332,239.797068196419,242.60963735137,2.81256915495125
"103848",83,72.4922932796865,20.5038688805018,54.9080183305548
"103168",112,102.485990079179,103.056005002636,0.570014923457525
"82285",173,173,173,0
"80544",64,47.6850085426299,47.1968416637458,0.488166878884089
"96353",166,141.515707564712,142.62072281007,1.10501524535823
"88635",176,118.714884615244,117.786539641604,38.8371926686533
"82295",101,74.853972089449,73.8269058751925,1.02706621425646
"75694",110,86.9548499931709,85.5925120240455,1.36233796912544
"74473",256,241.569504349727,140.415301092601,106.98461414313
"87658",262,231.697832177173,233.24490735234,1.54707517516676
"82307",53,32.3668117228471,32.0098794298198,0.356932293027313
"80682",140,116.753253899528,116.556164471125,0.19708942840342
"79846",209,153.997058709513,158.806491741248,4.80943303173446
"79129",554,515.082297343644,515.880202319583,0.797904975939323
"79514",63,61,61,0
"103845",126,82.2415377587483,79.3080588124692,2.93347894627906
"103151",349,257.848998670324,247.127197699879,10.7218009704445
"96766",82,47.2186219880222,48.2546542395315,1.03603225150926
"103089",288,270.789213137476,288,17.2107868625241
"79988",89,74.6012245129083,75.7579682736448,1.15674376073647
"80547",121,96.6258838895512,96.0611725733727,0.564711316178402
"74629",180,180,180,0
"88612",36,26.046455370287,26.2148679341216,0.168412563834616
"103187",51,42.8134117894751,41.8549732689472,0.958438520527981
"75979",322,322,322,0
"79138",282,173.87931058565,173.806910660029,0.0723999256203434
"5825",335,335,335,0
"77591",77,64.8437958547765,64.11419467098,0.729601183796497
"102215",69,44.1366240043443,44.8045317043711,0.667907700026761
"82227",121,115.551044391223,107.554861108072,8.5996567573789
"103133",177,177,177,0
"101715",87,67.7527282003305,72.4208158852175,19.6726068759972
"73937",14,7.82975990159209,12.0590517569715,6.18052206466705
"79255",187,186,186,0
"97214",118,85.3970210165489,86.3635029022775,0.966481885728519
"5827",293,280.627133942107,280.125496399765,0.501637542342145
"69638",233,40.5323697019584,34.3851724886688,6.14719721328966
"87424",311,311,311,0
"97210",22,19.5449863958417,19.7032690355828,0.158282639741109
"75690",65,48.5706329834451,47.7455410008724,0.825091982572654
"80400",87,16.2783438087575,14.7261131269716,1.55223068178589
"86502",90,70.7456834614501,71.3568936099704,0.611210148520301
"74816",233,233,233,0
"96360",195,195,195,0
"73941",123,81.6854781042132,84.4147182470132,2.72924014279992
"81764",82,52.1126422033216,52.7825555831163,0.669913379794693
"103184",80,58.733742731502,25.454698433179,34.3849759054936
"102503",191,166.264755418975,166.883111975916,0.618356556940714
"102520",201,185.231847013281,183.75085180268,1.4809952106018
"104159",86,55.1085226450856,51.2050883410363,3.90343430404926
"104245",183,104.790801783494,108.782724048868,3.99192226537318
"96480",106,64.5400342218465,62.7772566561132,1.76277756573335
"74439",493,413.220014352634,418.253255375569,5.03324102293573
"75710",97,97,97,0
"82310",114,108.085449928262,108.400222882882,0.314772954619501
"80025",233,233,215.039434253337,17.9605657466627
"102907",162,81.6723147087584,67.9845117293378,90.6807422695611
"75080",95,83.6970328154469,84.2849328434707,0.587900028023868
"75493",263,262,262,0
"97388",160,138.929968377317,139.748422393201,0.818454015883962
"6042",459,427.319503742448,425.119634633282,2.19986910916674
"80410",53,47.2450484899887,46.5606922342269,0.684356255761738
"74412",215,50.9157853314081,44.9830690851259,5.93271624628218
"77584",76,55.4791793509304,54.5791517699151,0.900027581015185
"80435",324,324,324,0
"103855",231,231,231,0
"96820",79,38.7022148325291,37.5920690277623,1.20847705196792
"87423",301,301,288.091890433215,12.9081095667845
"74813",190,190,190,0
"80426",123,66.0233382780258,62.4798764795134,3.5434617985124
"79978",341,289.247987699122,290.513573203935,1.26558550481335
"103084",143,127.888796804037,129.860560130568,1.97176332653085
"74620",270,255.940137963279,249.399977110617,6.54016085266166
"86295",223,166.689004781729,162.319959728172,4.36904505355775
"89389",100,86.8931648591907,85.4883070567239,1.40485780246677
"80681",246,228.280801609328,39.4163502630862,192.515349835656
"104098",222,184.359144672067,180.328042044531,4.03110262753585
"77609",186,104.168487312649,100.992975341628,3.1755119710208
"96475",151,97.2287577119633,96.5063028357247,0.722454876238598
"104153",268,98.3856378022401,94.5934366204108,3.79220118182934
"104091",275,275,275,0
"103834",303,176.067576518239,169.00096689109,7.06660962714865
"75737",126,85.0663183423906,87.647479846229,2.58116150383836
"75501",157,156,156,0
"86488",172,172,172,0
"5822",231,225.619110806312,225.662164530353,0.0430537240405881
"104213",135,112.683358179409,108.903909287631,5.59231971351424
"96765",331,249.658658592411,252.377385019291,2.71872642688048
"79865",208,152.310907407207,153.971756511429,1.66084910422172
"6178",103,88.263418496113,86.5371518072739,1.72626668883911
"104325",296,256.10637438727,249.805590863658,6.30078352361197
"77279",57,51.5818501482622,51.2689075966174,0.31294255164479
"86566",123,123,123,0
"80550",106,67.173677373757,68.4440944666689,1.27041709291188
"96819",58,40.4570800768713,39.4608242769774,0.996255799893933
"80537",58,39.0253309481751,39.2213782101121,0.196047261936981
"79507",101,65.9043183270999,67.1174625624195,1.21314423531961
"79802",250,250,250,0
"87652",84,78.2074419885573,84,5.79255801144267
"78509",126,126,126,0
"78502",363,307.69486532922,311.586342410662,3.89147708144227
"82323",110,80.8196105020761,78.9870328257973,1.8325776762788
"7692",238,238,238,0
"69602",191,182.666347237604,175.130327624303,7.53601961330075
"104285",158,112.689574013243,109.13187391901,3.55770009423303
"87638",82,72.4221215395467,73.3629806859941,0.940859146447444
"74328",290,290,290,0
"74337",130,130,130,0
"6179",193,193,193,0
"96483",81,53.7797810896671,54.5824898081497,0.802708718482583
"74779",170,159.399563881549,159.250334811489,0.149229070059945
"104456",226,123.176473633007,118.704273986993,4.47219964601365
"6391",96,48.744741738129,49.5017496165804,0.757007878451426
"79130",439,439,439,0
"104336",152,127.007315323912,124.176690018253,2.83062530565873
"89206",237,185.61313008045,180.428510242957,5.18461983749228
"79994",77,76,76,0
"6398",87,63.5846659721487,63.8796100147836,0.294944042634812
"75203",68,60.2524733176531,59.3998367330047,0.852636584648362
"103138",132,16.8391253120427,22.3464434756388,6.72117162009144
"80020",271,257.657474665004,257.06877433691,0.588700328094178
"70023",235,223.242623212118,222.639786782859,0.602836429258434
"104084",223,183.603273318195,180.857631529058,2.7456417891376
"103046",45,43.8307384266396,43.8574588384759,0.02672041183625
"75201",97,86.0794698859299,97,10.9205301140701
"80031",188,134.278202932292,131.928763232474,2.34943969981782
"105069",118,103.364330145013,104.953607930802,1.58927778578826
"74634",257,234.238048226171,234.034329261387,0.203718964784401
"74320",253,253,253,0
"77597",110,67.3579191881891,64.7710498630663,2.5868693251228
"80960",65,53.4936805936911,52.165518541046,1.32816205264509
"103540",198,181.425237617241,182.14262353014,0.717385912898883
"87422",370,361.58999116608,361.97359978625,0.383608620169997
"74781",215,215,202.007737037719,12.9922629622808
"86575",305,305,305,0
"79262",444,444,444,0
"86565",115,106.109334426299,106.736090471412,0.626756045113281
"86497",120,107.123266108429,105.370793876634,1.75247223179463
"79510",28,18.7144017442154,18.4883121477448,0.226089596470556
"103153",183,183,183,0
"8065",89,86.357613960842,86.275034680087,0.0825792807550746
"101752",47,36.1971532325844,35.5038741285696,0.69327910401483
"105122",177,141.916152713752,144.500038355617,2.58388564186507
"104234",357,328.226281814729,323.644316658777,4.58196515595253
"104224",255,228.194659578612,231.744573373287,3.54991379467455
"86571",269,269,269,0
"79983",175,161.470903315931,159.495929677218,1.97497363871327
"77259",146,76.5569727179321,77.7193552519202,1.16238253398811
"79987",87,36.7968881616604,34.5929031934945,2.20398496816594
"105064",235,176.151027408734,171.478981482507,4.67204592622701
"102517",200,174.188291450626,175.808170261279,1.6198788106528
"73927",185,142.688481659606,143.108648162333,0.420166502726922
"80958",97,87.4355764133664,85.6027770668468,1.83279934651961
"82224",79,79,79,0
"79124",353,353,353,0
"89388",53,29.4242894431802,28.3517634697184,1.07252597346187
"96479",165,93.3772829314412,95.4583419309557,2.08105899951449
"87641",135,100.84587254092,99.552792486623,3.49958387407545
"103158",173,35.523013199664,30.9938357428012,4.52917745686281
"86567",230,229,229,0
"102235",165,104.948909592799,89.4988398411622,18.3032328772615
"86568",119,113.67239243662,114.473300278028,0.893334115095135
"81373",95,85.3914213493108,84.7991790767635,0.59224227254731
"74807",215,215,208.276935739995,6.72306426000467
"103188",92,85.6446341389466,85.2706334482391,0.374000690707526
"79247",160,98.477436394268,100.043228721731,1.56579232746323
"75988",125,112.096955257743,111.379192725633,8.92682941031276
"79991",110,110,110,0
"96364",241,216.136146955664,219.866618518253,3.73047156258914
"107705",263,104.16811610886,113.436695140097,9.26857903123714
"105055",52,42.7470124975492,43.3238540448154,2.10271114874215
"86581",171,123.701692210661,118.915340381693,21.717359475967
"81367",126,106.811550433696,105.123828986762,1.68772144693429
"70026",215,166.761094043045,162.039574970102,4.7215190729434
"6395",147,125.962458552544,127.637043325358,1.67458477281414
"77619",239,239,239,0
"69640",78,78,78,0
"79813",214,214,214,0
"101725",88,77.9528534093563,77.1907640851304,0.762089324225877
"104286",93,83.8672236208639,82.4876149734576,1.37960864740639
"104303",211,122.279180939363,118.752390775009,3.52679016435481
"103832",106,102.549366265107,78.7972987084173,25.608543138546
"75703",144,112.321675681801,110.171974825823,2.1497008559775
"77605",195,120.46345806643,117.130613469329,3.33284459710142
"86570",426,419.457822083024,419.990525263704,0.532703180680134
"74424",80,61.0231991511469,59.3271486462779,1.69605050486904
"78514",80,55.9014189532674,56.541683172568,0.640264219300617
"75216",156,156,156,0
"74647",763,677.421438068612,662.521426391286,16.8116317691443
"6177",164,117.144617068199,119.725768862809,2.58115179461003
"102920",140,56.7860780465938,67.0746757183384,13.6406477268486
"103533",138,91.0473562625544,92.6383085387685,1.59095227621406
"75981",317,311.797805335113,211.510030535383,103.605830387473
"88608",189,175.945337526776,176.504748140258,0.559410613481782
"81320",64,48.1236728472228,47.4962719352401,0.627400911982656
"6562",230,32.8406552446919,29.8925163607577,2.94813888393424
"104317",71,49.2257504685922,47.4131435872323,1.81260688135986
"97213",145,145,145,0
"5767",180,155.450297494878,158.251247658569,2.80095016369107
"81327",58,43.4803620182384,43.155386348289,0.324975669949337
"104311",136,97.5281924613188,100.456641324151,2.92844886283227
"79509",89,89,89,0
"74428",183,157.227480846603,158.586537473464,1.35905662686152
"80005",74,74,74,0
"76286",198,192.684024851185,192.884786231118,0.200761379933338
"74345",104,104,104,0
"80679",126,69.4642881824149,55.9142235353786,93.4842115916333
"88694",127,88.3085052582786,85.1557261315354,3.15277912674322
"103980",215,181.909348946883,185.769383405714,3.86003445883032
"82290",80,69.3787250553403,69.1764919771935,0.202233078146709
"104147",246,246,246,0
"104293",64,48.0082556204905,47.0761853199371,0.932070300553343
"7067",156,53.6036933311696,52.0121413483826,1.59155198278699
"82302",32,29.9577524650085,29.9090761902356,0.0486762747728806
"101746",88,70.6577220154896,71.7639205816955,1.10619856620585
"79139",435,288.161381029888,282.281770703435,5.87961032645263
"104043",187,187,187,0
"104343",166,26.1035550416645,23.6630722140171,2.44048282764743
"86574",274,274,274,0
"82222",46,34.3146207996648,34.2276245753992,0.0869962242656176
"79251",144,122.422037998371,120.154741559717,2.26729643865352
"73934",61,56.378452124403,47.7041226263769,10.3426842620433
"104302",130,39.8988969770777,39.543423457897,0.355473519180664
"105022",307,307,307,0
"5819",316,316,309.226206943523,6.77379305647747
"88565",93,80.4984765588642,79.2333973959218,1.26507916294241
"80010",237,235,235,0
"80415",162,119.038860340225,114.963931132955,4.07492920726967
"104230",302,302,267.979726943094,34.0202730569057
"96481",221,172.376479912308,168.348122765566,4.02835714674129
"75724",87,53.7332001760187,55.8833846035996,2.15018442758081
"74315",159,134.859158954021,132.803000118179,2.05615883584219
"88563",127,127,127,0
"80538",159,107.965924577773,104.697751496913,3.26817308085963
"80034",158,158,135.758663149263,22.2413368507372
"75966",149,143.729497593778,143.202720128553,0.526777465225091
"88688",157,157,157,0
"87420",399,390.594996893903,389.538919893491,1.05607700041147
"103139",86,70.2919209366186,71.4445396496949,1.15261871307626
"5768",226,190.462806392389,190.57040764362,0.107601251231044
"78517",204,161.485314259829,157.164190057661,4.3211242021679
"96371",50,50,50,0
"86546",133,90.9484284146092,92.8121304893098,1.86370207470058
"80535",82,49.4348425236228,50.2866657642842,0.851823240661378
"77277",96,60.0949117756921,61.1629421141904,1.06803033849825
"5813",401,122.11796709517,111.564477650337,10.5534894448325
"96349",247,150.84842638131,152.633538531255,1.7851121499445
"87421",98,57.6259884480056,57.2725926822552,0.353395765750373
"104326",160,122.093539131898,120.165641030343,1.92789810155454
"86527",192,168.655029191336,168.210251606897,0.444777584439066
"79508",57,30.1302326331711,29.3915037797843,0.73872885338685
"82304",98,78.8902463627584,79.7573107710598,0.867064408301439
"104291",177,153.974944803692,152.197121560814,1.77782324287726
"75054",71,38.1691456915215,37.8081633409196,0.360982350601849
"74415",183,81.5386745726326,78.4559188854921,3.08275568714045
"104290",213,168.51522421017,173.190608330966,4.67538412079611
"80542",45,27.0241979694555,27.5493620450824,0.525164075626895
"86509",160,132.473554853464,132.859928622224,0.386373768760334
"89385",95,95,95,0
"103129",61,61,61,0
"75730",123,88.5201925216803,84.1461058600212,4.37408666165911
"104295",197,138.554222632696,58.2760241156458,133.895970302745
"75513",145,134.180925830976,134.32959103243,0.148665201453991
"80023",94,92.4178516507262,92.4428338778187,0.0249822270923887
"101732",205,150.436591541251,151.511798855272,1.07520731402114
"96370",77,44.1996496221599,41.3250994875105,2.87455013464931
"8042",116,46.8062949385582,45.9931340079807,0.936647573757272
"102218",122,70.1801104923343,71.0355635952336,0.855453102899326
"75969",155,148.311382690883,148.765817901278,0.454435210395452
"80397",194,173.670362031738,176.247712259357,2.57735022761885
"69605",202,161.840194014612,157.698037676293,4.14215633831875
"70024",449,433.632042130088,434.348140711481,0.716098581393109
"7061",525,525,525,0
"97215",60,30.9202480243303,31.5587952977344,0.638547273404103
"75689",29,20.0512628849705,19.5525527708922,0.498710114078304
"75487",454,454,454,0
"103058",239,161.305503524897,153.243083065984,8.06242045891261
"88703",335,230.9551337279,237.196546358398,11.0537162419022
"74467",180,180,180,0
"78515",138,80.3181165054036,82.25096020567,1.93284370026637
"75974",127,122.518745072186,121.530391622192,0.988353449993879
"8165",304,191.926905687875,195.23937708961,3.31247140173512
"77592",98,44.6548505791588,45.4979587237685,0.84310814460979
"80680",145,89.2953543486651,85.6870826761635,3.60827167250153
"103051",23,9.62148911800774,10.177484308381,0.555995190373219
"82297",115,115,115,0
"69630",265,265,265,0
"75191",103,91.7210458686749,92.1518880027121,0.430842134037128
"105028",238,173.501751213056,177.470511529522,3.96876031646666
"104239",632,632,632,0
"80965",207,106.158456875036,99.0803532871667,7.0781035878692
"69627",233,213.667471535952,92.7768740158462,128.303022916032
"104408",152,138.687355814359,137.851962908416,0.83539290594289
"79981",82,61.5763466484919,59.9341576408183,1.64218900767358
"75507",103,35.79233884153,38.5374115476829,2.74507270615291
"75741",77,43.881836462208,44.2321398130757,0.350303350867649
"102513",363,277.706895717902,280.026653046956,2.3197573290546
"104232",414,255.608330679373,309.717102883944,55.2900562371944
"103143",167,150.35390823184,151.10659129786,0.752683066020253
"74790",273,273,273,0
"75998",184,149.042531366317,149.996458542013,0.953927175696346
"78503",317,317,317,0
"5766",343,249.976488889676,249.39015068939,1.87023389157042
"80678",115,68.1676887946179,69.2121894594452,1.04450066482728
"80001",57,57,57,0
"105063",186,169.789900412085,170.453318979141,0.663418567055718
"79990",92,92,92,0
"82315",105,47.4984620418255,46.4734143409031,1.02504770092242
"102508",352,201.108958786794,208.407634125341,7.35165244406969
"103190",40,22.0681972216522,38.3291111627933,17.8290407423941
"104319",48,48,48,0
"79869",197,197,197,0
"75716",115,70.5327523369599,68.0187227101433,2.51402962681654
"104057",424,124.191669856079,125.689556627973,1.49788677189409
"74771",176,124.193693810116,127.220862195755,3.02716838563948
"104079",278,174.524142280219,177.637964470936,3.11382219071637
"102504",165,104.328820694594,100.136424232635,4.19239646195939
"75072",100,70.0257234237874,68.5546670134935,1.47105641029393
"80539",71,64.1921304255463,63.4174038736383,0.774726551907987
"105013",330,214.633226457043,218.262253868304,3.62902741126139
"97371",225,174.1610764081,174.66692322313,0.505846815029474
"79984",129,97.033083247651,100.057248978945,3.02416573129387
"97389",96,52.6951450319852,55.4473753626931,2.75223033070796
"96482",172,172,172,0
"79128",323,323,323,0
"86484",214,204.591736847766,196.375566113376,11.2920998885904
"8370",705,705,705,0
"97211",82,64.5697172350191,65.6495700712478,1.07985283622872
"74796",237,227.013423439899,226.760098539971,0.253324899927623
"74330",220,220,220,0
"102211",120,82.8830454697564,81.250396992585,1.63264847717144
"88634",131,96.1771423423128,89.8111451306441,6.36599721166877
"101751",173,173,173,0
"6388",127,89.3782154269127,88.2510942486625,1.12712117825029
"87644",83,23.3367618423273,23.782276490937,0.44551464860977
"103185",86,86,86,0
"103859",303,255.627508120791,248.22103949672,7.4064686240712
"86294",159,47.421155185573,50.5001488849795,3.07899369940645
"75500",252,94.3604187080007,118.24808665469,27.5251852694283
"80422",182,139.479549858515,131.212193565151,8.26735629336441
"105051",146,137.244729897929,136.1517542837,1.09297561422867
"102330",235,161.611328078788,163.515428557682,1.90410047889385
"104080",107,86.62647908974,84.6537778877047,1.97270120203533
"101735",245,181.551401788018,183.079076903402,1.52767511538421
"103849",338,188.866457904856,181.575005382207,7.29145252264884
"81368",68,37.3931382912961,35.3936187750953,1.99951951620078
"102519",138,138,138,0
"80677",64,47.6649096039537,49.5323719730248,1.86746236907102
"102525",201,173.779599349285,172.361221064807,1.4183782844776
"101718",89,76.3590020048409,75.2056611024961,1.15334090234488
"75185",314,265.682169350161,282.663874266962,22.9844537075747
"5814",371,287.832359463261,297.150308303539,9.31794884027722
"96337",264,264,264,0
"74799",196,196,196,0
"89386",52,40.5881337569722,39.8995534711911,0.688580285781075
"102200",173,66.488029690272,72.2982154539062,5.81018576363414
"75483",312,47.7128106194788,42.7056700059496,5.00714061352925
"88695",122,59.8606744722388,62.0333311293751,72.2930256768559
"103835",565,165.208482403831,160.570654857353,4.63782754647761
"86539",294,152.983291792105,154.313007652077,1.32971585997243
"82228",40,33.8793772005336,40,6.12062279946635
"80378",111,78.1711122446006,78.9120914138692,0.740979169268554
"82283",92,58.7564766133608,57.798313460992,0.958163152368769
"103192",162,162,162,0
"96484",259,144.031862053689,141.271717518657,2.76014453503153
"103096",249,218.709169077238,218.580563423618,0.128605653620368
"79132",139,134.585155174189,133.118440387147,1.46671478704271
"87651",178,110.67824619311,110.485886552094,0.192359641015585
"75707",101,63.698747547458,62.3945820023989,1.30416554505911
"79995",125,125,125,0
"88671",194,113.001011087463,109.50707995232,3.49393113514245
"80405",111,96.8117142415315,98.7601863403355,1.94847209880405
"80003",161,161,161,0
"79246",403,213.240754091127,211.604156517208,1.63659757391878
"104096",108,86.7078275321741,89.259284923437,2.55145739126283
"102137",270,170.576482136778,175.370442194617,4.79396005783877
"104231",237,237,206.055416654138,30.9445833458621
"80534",54,38.8990394161669,38.9293676668344,0.03032825066751
"97217",105,63.3809015746985,64.0171512821767,0.636249707478128
"87418",316,316,316,0
"6394",106,96.3833862309543,95.5808913128006,0.802494918153731
"74766",115,55.6374112856696,62.5457348352931,45.4095345613904
"80961",88,64.2989432856802,69.1705726419579,15.1894293252668
"82286",257,137.3580209278,130.096992222899,27.7537210102262
"75225",231,150.505523817262,153.794012007489,3.28848819022661
"89387",163,139.610173127331,139.613940955989,0.00376782865740954
"105017",386,266.164306532918,274.789337055021,8.62503052210336
"97390",166,147.938088433738,149.10964238728,1.17155395354134
"69639",337,337,337,0
"96531",325,296.662049121411,325,28.3379508785892
"103044",156,156,156,0
"81371",54,46.2943489145693,45.7727737861217,0.521575128447641
"102522",131,114.38469835984,113.761758783026,0.622939576813369
"78500",394,154.90947025751,153.287946887259,1.62152337025099
"87419",65,65,62.9713274469017,2.02867255309834
"6384",40,32.08187538479,31.7411526342137,0.340722750576338
"105148",232,202.332193099301,203.988676833581,1.65648373428005
"75059",77,55.4497729205768,54.530320943699,0.919451976877873
"80389",206,121.450103071383,124.693307259944,3.24320418856083
"88571",267,217.264144663947,219.931577558819,29.8114138833729
"105140",247,150.627457757734,157.16110098473,6.5336432269953
"74786",215,204.554325448262,207.072106477786,5.75293189451549
"6389",70,56.530787358354,55.5313494991799,0.999437859174111
"105040",619,437.679050177847,449.796236495125,12.117186317278
"79506",72,48.5754834105498,47.8368625296113,0.738620880938527
"79502",149,104.968797006775,106.072851674204,1.10405466742874
"75213",117,22.4036995802243,117,94.5963004197757
"5765",240,230.199703700949,230.165283591928,0.0344201090212088
"79243",87,87,87,0
"88604",220,220,220,0
"89168",248,179.416709422284,176.29633423281,3.12037518947424
"96487",68,34.8569085618331,35.5896717069575,0.732763145124427
"82308",91,70.3811064793521,69.6074126273742,0.77369385197784
"80987",116,101.124832791359,100.504726453458,0.620106337900167
"78513",225,206.92495268687,208.877948111731,1.95299542486079
"87417",351,325.527724584927,322.20661858041,3.32110600451643
"88560",317,139.795824778014,145.257734823872,5.46191004585833
"80536",58,42.106303873968,41.4669202714067,0.639383602561295
"96822",89,78.1287321072959,89,10.8712678927041
"79503",77,43.3666235908917,43.990472122667,0.623848531775248
"80021",94,94,94,0
"88615",65,31.9493953168335,31.7359466240784,0.21344869275516
"102142",184,112.890886152703,114.95300048555,2.06211433284725
"87625",170,119.753764805465,115.678139780187,4.07562502527835
"82296",98,80.6932700679167,79.2198894183878,1.47338064952893
"74319",224,224,224,0
"74794",368,344.708884406649,345.861850050972,1.15296564432291
"96489",52,45.9532329592752,45.6175859726035,0.33564698667169
"96821",143,143,143,0
"74638",278,278,278,0
"96490",147,85.7664520148192,86.7687743408936,1.00232232607445
"86558",129,129,129,0
"74472",308,308,308,0
"79123",300,300,300,0
"80969",282,282,282,0
"80024",130,72.8486355393344,71.1919039244499,1.65673161488446
"74332",237,237,237,0
"79505",33,30.0081499429751,29.5908143168422,0.417335626132968
"103537",165,108.387655508666,102.155503919335,6.23215158933168
"102901",211,102.651609452858,111.432163598245,117.879987505652
"79809",215,185.111585395991,186.897465757985,1.78588036199464
"5823",133,132,132,0
"81332",48,29.1947599877437,28.8621645463397,0.332595441403956
"87416",338,298.160720780254,294.246627230351,3.91409354990232
"89391",262,93.9056283143224,92.8066767428053,1.18043217562306
"75990",112,78.0611243848609,80.0938718478533,2.0327474629924
"79504",46,29.9922425186695,31.2320428502956,1.23980033162614
"105155",366,338.786899503819,342.612789817949,3.82589031412972
"103050",131,131,131,0
"103851",283,209.975624652638,221.573112032548,48.175288346719
"75962",117,117,117,0
"96347",80,79,73.6202767178343,5.37972328216573
"97218",61,42.9577167509998,43.6290239161007,0.671307165100852
"97350",322,162.906365474712,158.729147386774,4.1772180879382
"74776",328,328,328,0
"75208",256,256,256,0
"88579",320,320,320,0
"102922",141,102.771945327971,100.339043529237,2.43290179873433
"97266",41,23.8760869350517,24.3792980809917,0.503211145940063
"81364",102,82.799312420555,81.8274980510978,0.971814369457165
"75506",70,70,70,0
"104305",168,118.302629253649,120.821264373699,2.51863512005014
"102501",90,79.5778380987317,80.9623927786048,1.38455467987314
"82225",147,83.652279898897,82.300296225068,1.35198367382893
"78508",157,135.581173987462,133.898481806475,1.68269218098698
"75204",342,329.630009498395,330.237509121724,0.607499623329004
"80540",122,71.7023445592918,69.3363850710589,2.36595948823296
"6145",152,131.740936490332,133.29363422926,1.5526977389277
"74625",420,420,420,0
"74617",237,149.739105995834,161.177086645039,11.4379806492049
"70025",220,214.766756006345,214.690606669123,0.0761493372220011
"102124",188,151.967122089142,148.817426897337,3.14969519180491
"79830",201,201,201,0
"96377",90,82.5792891357808,90,7.42071086421918
"104092",119,81.7786326008837,84.2359533533594,2.45732075247576
"70022",269,219.152448868385,219.404476164902,0.252027296517916
"86563",187,187,187,0
"79979",199,129.082762040946,125.733073798759,3.3496882421865
"86572",214,214,214,0
"96485",148,71.2395735582293,78.3911278602205,100.781549573753
"96367",254,253,253,0
"75040",137,86.2097294697932,86.7935874787846,0.58385800899139
"102131",228,139.900312151397,137.59240005054,2.30791210085646
"82320",81,80,80,0
"80028",235,169.817489577107,167.436633521143,2.38085605596496
"8043",134,74.0529911108901,71.4521216148841,2.60086949600606
"86556",238,238,238,0
"101747",199,199,199,0
"86564",173,173,173,0
"103149",214,196.846683133746,197.780824274585,0.934141140839046
"104063",235,188.639095591456,187.701761343505,0.937334247950413
"74600",185,185,185,0
"8071",485,437.319639449501,433.914788008178,3.40485144132342
"8057",351,351,351,0
"102848",240,239,239,0
"75194",229,216.238527485024,208.068526021226,8.91507526960524
"5820",191,180.919746565205,181.752901331206,0.83315476600153
"86548",417,416,416,0
"77274",118,95.3506629811082,93.7515696906602,1.59909329044795
"87630",516,451.568189605833,446.724597865982,7.66243804242156
"96352",226,106.931023470774,104.383108741553,2.54791472922104
"86542",155,114.217472842292,79.7074996778353,44.9987636935316
"103127",146,109.981730116054,110.197071187812,0.215341071757622
"79972",175,64.3853068481924,63.7506128206697,0.634694027522616
"77594",87,76.3819298397424,77.0329576627204,0.651027822978022
"107700",360,326.069980207167,330.591362929085,4.52138272191764
"79133",240,172.683494336534,167.73767090407,4.9458234324638
"73924",305,305,305,0
"80675",62,34.7815724792466,28.5238377749214,37.1825289415189
"96363",249,249,249,0
"104409",128,84.5180325889655,85.8447943352472,1.32676174628171
"86523",261,244.215155940331,244.859949339998,0.644793399667042
"80676",73,18.0943938095461,54.4164798245416,47.5418954691478
"75972",386,386,386,0
"103091",209,85.7502950637722,129.903539232955,88.5602752989478
"102334",434,434,434,0
"79254",468,431.65259941085,432.038124301081,0.385524890231244
"104047",238,214.745022712682,238,23.2549772873184
"81374",90,57.2399803044841,56.0701922347784,1.16978806970564
"75043",166,160.771880654836,161.07144976477,0.299569109934069
"69619",321,165.875195106681,164.122700218625,1.7524948880561
"80994",86,73.5268284073461,72.9727115551173,0.554116852228865
"74605",224,224,224,0
"103086",220,163.847312550659,166.163601703514,2.31628915285439
"80963",147,147,131.55473318578,15.4452668142196
"102228",70,58.228969594405,51.6634804597883,9.06254454555491
"103831",601,164.72138472286,441.215920194798,324.417076338002
"75048",105,67.2261744685882,68.589389749834,1.36321528124578
"86528",292,277.355818045292,280.964510372363,8.13705519175031
"77613",87,56.3592460116821,55.4716006906581,0.887645321024042
"80674",74,41.238958213496,39.8805978488103,1.35836036468564
"104327",195,166.379924195555,25.7611643624633,142.008416858264
"82309",74,74,74,0
"102518",234,208.286587963623,209.917287469425,1.63069950580243
"75490",402,391.183320201911,391.863073053215,0.679752851304252
"76400",67,26.695205125561,24.6515425023301,2.04366262323088
"104220",219,175.768795565832,180.046036628555,4.27724106272301
"103159",299,270.773610031787,271.787837730885,1.01422769909802
"104410",105,105,105,0
"103077",233,163.016133049907,165.744454925155,2.72832187524842
"78488",135,65.2955591961798,61.1204227410339,4.1751364551459
"104345",194,169.046015747833,171.910613252497,2.86459750466323
"70027",318,310.922461739877,311.532013334444,0.609551594567614
"103071",407,407,51.6519167992766,355.348083200723
"104306",275,109.912054763676,104.870830588111,5.04122417556517
"97267",83,49.4254246057599,48.079419955168,1.34600465059196
"75198",136,136,132.9889490738,3.0110509261998
"5818",133,65.4710202230989,74.7538208438375,9.28280062073847
"96486",225,146.523298062584,143.160924995479,3.36237306710533
"105021",168,110.963262382327,107.963771072546,2.99949130978099
"97265",146,53.760895776874,56.9206896578199,3.15979388094587
"104307",207,102.948923158388,101.241401484441,1.70752167394736
"80532",107,68.3940303923695,69.2746396327096,0.880609240340044
"88690",59,59,59,0
"81335",107,86.3716883615901,86.9103917584371,0.538703396847017
"6392",111,74.2251742364736,100.938572566875,31.3368228434913
"81369",78,58.3612996575524,57.7552719746391,0.606027682913326
"80968",175,160.249594421922,175,14.7504055780783
"80427",146,146,136.106060103759,9.89393989624092
"74801",317,304.796175355987,305.548759920782,0.752584564794839
"86508",39,37.9157903039021,37.9314453759871,0.0156550720849022
"89382",96,79.1228083701574,81.3494770237646,2.22666865360717
"80030",113,52.9271886134553,57.8344212298719,4.90723261641667
"76411",183,87.1048480394937,86.6853417456656,0.419506293828166
"105062",222,221,221,0
"102217",65,56.2433829066364,56.0774301482266,0.165952758409858
"77271",209,177.743862802409,174.575376283296,3.16848651911295
"75965",255,45.3839741381891,39.3211199806584,6.06285415753065
"104344",166,125.572432592585,122.167652080743,3.40478051184193
"75961",206,202.904433422991,163.124694359221,40.8956988123466
"81326",206,188.808328189189,186.929389561168,1.87893862802061
"6175",131,112.734896206633,114.068227528291,1.33333132165829
"79248",420,324.280413613721,324.831158714536,0.550745100814909
"96348",64,64,64,0
"77262",251,204.798099309675,200.913493606965,3.88460570270979
"88551",155,127.552415373537,125.899339504478,1.65307586905841
"97216",466,388.75858881374,392.384460064002,3.62587125026184
"88550",178,178,178,0
"77603",132,105.611629813802,103.700655679253,1.91097413454857
"104332",198,136.378691257057,133.362158048754,3.01653320830262
"79501",57,50.6265450084901,50.0056433544182,0.620901654071939
"86505",223,186.59634235746,185.447161696628,1.14918066083133
"80382",77,67.3585965496276,67.8818966893311,0.523300139703475
"101756",247,119.768062143147,123.461106418062,126.686070335752
"6382",143,97.4738603697744,93.7392025445413,3.73465782523299
"82306",103,88.5231214499854,87.917828481528,0.605292968457318
"88716",168,133.24863304425,109.600829899961,58.8346497868847
"77620",58,39.9120776860561,40.5193976811879,0.607319995131785
"86495",131,96.355549064409,93.0553964177694,3.30015264663958
"104078",44,22.9728762234569,22.8807651383792,0.0921110850776527
"75514",215,201.664602786577,200.956405300644,0.708197485933276
"86285",200,200,178.938749288729,21.0612507112708
"88682",222,222,222,0
"80417",120,112.209246678017,110.868320522217,1.34092615580061
"97212",197,108.648777538101,111.067693253931,2.41891571582966
"87415",327,310.955127815277,310.188364993757,0.766762821519958
"96345",236,149.273101865913,144.835888565464,4.43721330044882
"103841",258,148.27566490065,154.290398641205,6.01473374055499
"77258",152,78.6234478474324,86.1126950209163,9.68806769244396
"75498",37,25.6642427603843,25.2975517882118,0.366690972172506
"79241",285,169.317701743911,124.230385304048,86.8170449181625
"101726",170,103.661938737592,103.636129119366,0.0258096182268897
"86512",28,20.1960481995345,6.83676548084323,14.7028911255085
"75695",100,71.5867607230262,69.102235563153,2.48452515987314
"102892",169,157.858795354038,155.415942878956,5.89903660585631
"89384",89,60.8595164597795,61.6738312520447,0.814314792265252
"104322",97,93.1449030295228,92.7236654403972,0.421237589125576
"79874",204,178.880078126122,177.972102449274,0.907975676847526
"8358",247,183.05525552091,176.726595757778,22.2653794541246
"75958",142,23.0536457865388,139.619457053493,116.565811266954
"79982",235,213.472391764008,218.473129465518,5.00073770150987
"103981",292,292,292,0
"77610",97,64.2415719359065,65.7305147029649,1.48894276705838
"102214",107,68.9098429298519,67.21496825473,1.69487467512185
"87621",81,64.2806804313672,62.5029647183437,1.77771571302354
